geografia_sk,address_id,city,line1,postal_code,provincia_nombre,provincia_code
-1,-1,N/A,,,,
1,1,Buenos Aires,Sucursal Buenos Aires - Av. Principal 101,1001.0,Buenos Aires,BA
2,2,Córdoba,Sucursal Córdoba - Av. Principal 102,1002.0,Córdoba,CBA
3,3,Santa Fe,Sucursal Santa Fe - Av. Principal 103,1003.0,Santa Fe,SF
4,4,Mendoza,Sucursal Mendoza - Av. Principal 104,1004.0,Mendoza,MZA
5,1001,Córdoba,Calle 5545,4934.0,Córdoba,CBA
6,1002,Rafaela,Calle 2808,2071.0,Santa Fe,SF
7,1003,CABA,Calle 3108,7131.0,Buenos Aires,BA
8,1004,Río Cuarto,Calle 4007,9773.0,Córdoba,CBA
9,1005,Santa Fe,Calle 4050,3071.0,Santa Fe,SF
10,1006,Godoy Cruz,Calle 3429,2062.0,Mendoza,MZA
11,1007,Mar del Plata,Calle 8343,3932.0,Buenos Aires,BA
12,1008,Río Cuarto,Calle 7919,5396.0,Córdoba,CBA
13,1009,Río Cuarto,Calle 600,8406.0,Córdoba,CBA
14,1010,La Plata,Calle 6964,7129.0,Buenos Aires,BA
15,1011,Córdoba,Calle 1377,4771.0,Córdoba,CBA
16,1012,Mar del Plata,Calle 5512,8086.0,Buenos Aires,BA
17,1013,La Plata,Calle 5195,3942.0,Buenos Aires,BA
18,1014,Mar del Plata,Calle 1244,9220.0,Buenos Aires,BA
19,1015,CABA,Calle 4529,2168.0,Buenos Aires,BA
20,1016,CABA,Calle 5469,5096.0,Buenos Aires,BA
21,1017,Río Cuarto,Calle 4497,9898.0,Córdoba,CBA
22,1018,La Plata,Calle 4618,1194.0,Buenos Aires,BA
23,1019,Córdoba,Calle 6513,8773.0,Córdoba,CBA
24,1020,Mar del Plata,Calle 7680,2406.0,Buenos Aires,BA
25,1021,Santa Fe,Calle 6844,1493.0,Santa Fe,SF
26,1022,CABA,Calle 5007,6810.0,Buenos Aires,BA
27,1023,La Plata,Calle 6609,6342.0,Buenos Aires,BA
28,1024,Córdoba,Calle 2280,7247.0,Córdoba,CBA
29,1025,Mendoza,Calle 8758,2779.0,Mendoza,MZA
30,1026,Villa Carlos Paz,Calle 4992,3910.0,Córdoba,CBA
31,1027,Rafaela,Calle 8006,2138.0,Santa Fe,SF
32,1028,CABA,Calle 4770,8449.0,Buenos Aires,BA
33,1029,CABA,Calle 2816,3572.0,Buenos Aires,BA
34,1030,La Plata,Calle 7836,4382.0,Buenos Aires,BA
35,1031,Santa Fe,Calle 7082,3601.0,Santa Fe,SF
36,1032,Río Cuarto,Calle 7520,3337.0,Córdoba,CBA
37,1033,La Plata,Calle 9910,9043.0,Buenos Aires,BA
38,1034,CABA,Calle 1493,6681.0,Buenos Aires,BA
39,1035,CABA,Calle 6801,8501.0,Buenos Aires,BA
40,1036,Mendoza,Calle 9317,4927.0,Mendoza,MZA
41,1037,Mar del Plata,Calle 8811,4559.0,Buenos Aires,BA
42,1038,Mar del Plata,Calle 1987,9264.0,Buenos Aires,BA
43,1039,CABA,Calle 4142,8572.0,Buenos Aires,BA
44,1040,Mar del Plata,Calle 7568,4185.0,Buenos Aires,BA
45,1041,La Plata,Calle 1879,8606.0,Buenos Aires,BA
46,1042,CABA,Calle 8986,3297.0,Buenos Aires,BA
47,1043,Rosario,Calle 2795,3903.0,Santa Fe,SF
48,1044,Mar del Plata,Calle 6404,5476.0,Buenos Aires,BA
49,1045,CABA,Calle 3550,8242.0,Buenos Aires,BA
50,1046,Rafaela,Calle 1685,8274.0,Santa Fe,SF
51,1047,Córdoba,Calle 6184,4908.0,Córdoba,CBA
52,1048,La Plata,Calle 458,2035.0,Buenos Aires,BA
53,1049,Mendoza,Calle 2751,7810.0,Mendoza,MZA
54,1050,La Plata,Calle 5287,4393.0,Buenos Aires,BA
55,1051,La Plata,Calle 1980,6842.0,Buenos Aires,BA
56,1052,La Plata,Calle 5182,8516.0,Buenos Aires,BA
57,1053,La Plata,Calle 6046,7735.0,Buenos Aires,BA
58,1054,Santa Fe,Calle 1669,5127.0,Santa Fe,SF
59,1055,Río Cuarto,Calle 6367,6440.0,Córdoba,CBA
60,1056,Río Cuarto,Calle 5210,6490.0,Córdoba,CBA
61,1057,Río Cuarto,Calle 7355,9248.0,Córdoba,CBA
62,1058,Mar del Plata,Calle 2033,4990.0,Buenos Aires,BA
63,1059,La Plata,Calle 8172,7156.0,Buenos Aires,BA
64,1060,Córdoba,Calle 9799,3199.0,Córdoba,CBA
65,1061,CABA,Calle 8534,1388.0,Buenos Aires,BA
66,1062,Santa Fe,Calle 5616,5068.0,Santa Fe,SF
67,1063,Villa Carlos Paz,Calle 8544,1099.0,Córdoba,CBA
68,1064,Rosario,Calle 3154,4345.0,Santa Fe,SF
69,1065,Mar del Plata,Calle 8993,7983.0,Buenos Aires,BA
70,1066,Mar del Plata,Calle 3237,5079.0,Buenos Aires,BA
71,1067,La Plata,Calle 3300,6891.0,Buenos Aires,BA
72,1068,La Plata,Calle 7232,3553.0,Buenos Aires,BA
73,1069,La Plata,Calle 7003,3878.0,Buenos Aires,BA
74,1070,La Plata,Calle 7432,2178.0,Buenos Aires,BA
75,1071,La Plata,Calle 3207,1210.0,Buenos Aires,BA
76,1072,Villa Carlos Paz,Calle 8052,7113.0,Córdoba,CBA
77,1073,Mar del Plata,Calle 9639,3039.0,Buenos Aires,BA
78,1074,Mendoza,Calle 3183,9349.0,Mendoza,MZA
79,1075,Villa Carlos Paz,Calle 946,5043.0,Córdoba,CBA
80,1076,La Plata,Calle 463,5281.0,Buenos Aires,BA
81,1077,Mendoza,Calle 4167,1202.0,Mendoza,MZA
82,1078,Rafaela,Calle 6298,9495.0,Santa Fe,SF
83,1079,Rosario,Calle 6994,9202.0,Santa Fe,SF
84,1080,Villa Carlos Paz,Calle 9603,2456.0,Córdoba,CBA
85,1081,Villa Carlos Paz,Calle 2339,7520.0,Córdoba,CBA
86,1082,CABA,Calle 8057,7845.0,Buenos Aires,BA
87,1083,La Plata,Calle 7061,4053.0,Buenos Aires,BA
88,1084,CABA,Calle 8235,4041.0,Buenos Aires,BA
89,1085,CABA,Calle 3144,2789.0,Buenos Aires,BA
90,1086,CABA,Calle 6189,6605.0,Buenos Aires,BA
91,1087,Villa Carlos Paz,Calle 7950,2000.0,Córdoba,CBA
92,1088,Rosario,Calle 9543,9557.0,Santa Fe,SF
93,1089,Mar del Plata,Calle 4356,8036.0,Buenos Aires,BA
94,1090,La Plata,Calle 5165,7200.0,Buenos Aires,BA
95,1091,Godoy Cruz,Calle 1642,3275.0,Mendoza,MZA
96,1092,Río Cuarto,Calle 4579,8404.0,Córdoba,CBA
97,1093,Mar del Plata,Calle 3080,1272.0,Buenos Aires,BA
98,1094,Rafaela,Calle 5334,8938.0,Santa Fe,SF
99,1095,Córdoba,Calle 5708,7305.0,Córdoba,CBA
100,1096,Río Cuarto,Calle 2346,3094.0,Córdoba,CBA
101,1097,Santa Fe,Calle 8991,2895.0,Santa Fe,SF
102,1098,Córdoba,Calle 3988,2728.0,Córdoba,CBA
103,1099,Mendoza,Calle 2626,4610.0,Mendoza,MZA
104,1100,Río Cuarto,Calle 2017,2481.0,Córdoba,CBA
105,1101,Rafaela,Calle 9842,7176.0,Santa Fe,SF
106,1102,Río Cuarto,Calle 7160,2895.0,Córdoba,CBA
107,1103,CABA,Calle 5575,2902.0,Buenos Aires,BA
108,1104,La Plata,Calle 6230,6092.0,Buenos Aires,BA
109,1105,Córdoba,Calle 6360,3069.0,Córdoba,CBA
110,1106,Río Cuarto,Calle 3640,9819.0,Córdoba,CBA
111,1107,La Plata,Calle 3587,3415.0,Buenos Aires,BA
112,1108,Mar del Plata,Calle 563,9230.0,Buenos Aires,BA
113,1109,Mar del Plata,Calle 9404,9110.0,Buenos Aires,BA
114,1110,Villa Carlos Paz,Calle 964,4687.0,Córdoba,CBA
115,1111,Mendoza,Calle 7988,3608.0,Mendoza,MZA
116,1112,La Plata,Calle 6922,7412.0,Buenos Aires,BA
117,1113,Mar del Plata,Calle 4638,9978.0,Buenos Aires,BA
118,1114,La Plata,Calle 9510,8496.0,Buenos Aires,BA
119,1115,Villa Carlos Paz,Calle 7905,4573.0,Córdoba,CBA
120,1116,Córdoba,Calle 5935,3418.0,Córdoba,CBA
121,1117,Godoy Cruz,Calle 2757,8763.0,Mendoza,MZA
122,1118,Mendoza,Calle 8445,3434.0,Mendoza,MZA
123,1119,CABA,Calle 3947,3826.0,Buenos Aires,BA
124,1120,Rafaela,Calle 1469,5509.0,Santa Fe,SF
125,1121,CABA,Calle 1911,9351.0,Buenos Aires,BA
126,1122,Mar del Plata,Calle 9382,3967.0,Buenos Aires,BA
127,1123,Mar del Plata,Calle 7106,2629.0,Buenos Aires,BA
128,1124,Mar del Plata,Calle 3030,7451.0,Buenos Aires,BA
129,1125,Rafaela,Calle 8005,4399.0,Santa Fe,SF
130,1126,Mar del Plata,Calle 2949,6149.0,Buenos Aires,BA
131,1127,Mar del Plata,Calle 3379,5206.0,Buenos Aires,BA
132,1128,CABA,Calle 8293,7931.0,Buenos Aires,BA
133,1129,CABA,Calle 8511,3291.0,Buenos Aires,BA
134,1130,Río Cuarto,Calle 5770,2622.0,Córdoba,CBA
135,1131,CABA,Calle 2322,4539.0,Buenos Aires,BA
136,1132,Mar del Plata,Calle 6915,5270.0,Buenos Aires,BA
137,1133,Córdoba,Calle 6555,7968.0,Córdoba,CBA
138,1134,CABA,Calle 4414,7097.0,Buenos Aires,BA
139,1135,Río Cuarto,Calle 9912,6183.0,Córdoba,CBA
140,1136,Mar del Plata,Calle 4056,9707.0,Buenos Aires,BA
141,1137,Villa Carlos Paz,Calle 1081,6944.0,Córdoba,CBA
142,1138,Rosario,Calle 3699,7179.0,Santa Fe,SF
143,1139,CABA,Calle 2024,9021.0,Buenos Aires,BA
144,1140,Mar del Plata,Calle 9375,2623.0,Buenos Aires,BA
145,1141,La Plata,Calle 2961,8812.0,Buenos Aires,BA
146,1142,Mar del Plata,Calle 8415,3337.0,Buenos Aires,BA
147,1143,Villa Carlos Paz,Calle 867,5081.0,Córdoba,CBA
148,1144,Córdoba,Calle 7192,5519.0,Córdoba,CBA
149,1145,Mar del Plata,Calle 3749,6007.0,Buenos Aires,BA
150,1146,Rosario,Calle 1303,2534.0,Santa Fe,SF
151,1147,Córdoba,Calle 4684,7946.0,Córdoba,CBA
152,1148,Mendoza,Calle 7859,7643.0,Mendoza,MZA
153,1149,Río Cuarto,Calle 120,5001.0,Córdoba,CBA
154,1150,Córdoba,Calle 9952,3864.0,Córdoba,CBA
155,1151,CABA,Calle 8417,9118.0,Buenos Aires,BA
156,1152,CABA,Calle 5538,5752.0,Buenos Aires,BA
157,1153,La Plata,Calle 3491,4562.0,Buenos Aires,BA
158,1154,San Rafael,Calle 8447,1942.0,Mendoza,MZA
159,1155,La Plata,Calle 5383,1084.0,Buenos Aires,BA
160,1156,Rosario,Calle 6588,8058.0,Santa Fe,SF
161,1157,Mar del Plata,Calle 8427,8985.0,Buenos Aires,BA
162,1158,Mar del Plata,Calle 4099,7132.0,Buenos Aires,BA
163,1159,CABA,Calle 8789,8198.0,Buenos Aires,BA
164,1160,Mar del Plata,Calle 7111,2813.0,Buenos Aires,BA
165,1161,CABA,Calle 6465,1517.0,Buenos Aires,BA
166,1162,Villa Carlos Paz,Calle 4355,9119.0,Córdoba,CBA
167,1163,La Plata,Calle 8223,3153.0,Buenos Aires,BA
168,1164,Mendoza,Calle 2067,4874.0,Mendoza,MZA
169,1165,Villa Carlos Paz,Calle 7040,8116.0,Córdoba,CBA
170,1166,La Plata,Calle 1354,9376.0,Buenos Aires,BA
171,1167,CABA,Calle 4318,4250.0,Buenos Aires,BA
172,1168,Córdoba,Calle 8231,3436.0,Córdoba,CBA
173,1169,La Plata,Calle 629,7984.0,Buenos Aires,BA
174,1170,Córdoba,Calle 835,4791.0,Córdoba,CBA
175,1171,La Plata,Calle 1006,5985.0,Buenos Aires,BA
176,1172,La Plata,Calle 5752,6240.0,Buenos Aires,BA
177,1173,CABA,Calle 855,4473.0,Buenos Aires,BA
178,1174,Mar del Plata,Calle 1651,9049.0,Buenos Aires,BA
179,1175,CABA,Calle 1588,6426.0,Buenos Aires,BA
180,1176,Villa Carlos Paz,Calle 9649,4903.0,Córdoba,CBA
181,1177,La Plata,Calle 1430,1672.0,Buenos Aires,BA
182,1178,La Plata,Calle 1617,5939.0,Buenos Aires,BA
183,1179,Mendoza,Calle 8742,3094.0,Mendoza,MZA
184,1180,Mar del Plata,Calle 4138,8347.0,Buenos Aires,BA
185,1181,Mendoza,Calle 7911,3735.0,Mendoza,MZA
186,1182,Córdoba,Calle 4746,4116.0,Córdoba,CBA
187,1183,Mar del Plata,Calle 8413,9344.0,Buenos Aires,BA
188,1184,Villa Carlos Paz,Calle 6568,4015.0,Córdoba,CBA
189,1185,CABA,Calle 9702,9254.0,Buenos Aires,BA
190,1186,CABA,Calle 4856,3803.0,Buenos Aires,BA
191,1187,CABA,Calle 4782,5550.0,Buenos Aires,BA
192,1188,CABA,Calle 4080,1022.0,Buenos Aires,BA
193,1189,Villa Carlos Paz,Calle 5318,3189.0,Córdoba,CBA
194,1190,Santa Fe,Calle 5319,6824.0,Santa Fe,SF
195,1191,Villa Carlos Paz,Calle 2896,7258.0,Córdoba,CBA
196,1192,Rafaela,Calle 9902,4614.0,Santa Fe,SF
197,1193,Mar del Plata,Calle 6480,8109.0,Buenos Aires,BA
198,1194,La Plata,Calle 1536,4031.0,Buenos Aires,BA
199,1195,La Plata,Calle 2956,6081.0,Buenos Aires,BA
200,1196,Santa Fe,Calle 9959,2180.0,Santa Fe,SF
201,1197,Mar del Plata,Calle 6595,1193.0,Buenos Aires,BA
202,1198,CABA,Calle 1803,3165.0,Buenos Aires,BA
203,1199,Santa Fe,Calle 2337,1153.0,Santa Fe,SF
204,1200,La Plata,Calle 1393,8279.0,Buenos Aires,BA
205,1201,La Plata,Calle 2532,9906.0,Buenos Aires,BA
206,1202,CABA,Calle 1685,9381.0,Buenos Aires,BA
207,1203,CABA,Calle 394,3414.0,Buenos Aires,BA
208,1204,Córdoba,Calle 6304,9057.0,Córdoba,CBA
209,1205,Mendoza,Calle 1667,6467.0,Mendoza,MZA
210,1206,CABA,Calle 711,8022.0,Buenos Aires,BA
211,1207,CABA,Calle 6968,5702.0,Buenos Aires,BA
212,1208,Santa Fe,Calle 8180,2251.0,Santa Fe,SF
213,1209,Rosario,Calle 2402,8318.0,Santa Fe,SF
214,1210,Rosario,Calle 9468,3370.0,Santa Fe,SF
215,1211,CABA,Calle 2980,9097.0,Buenos Aires,BA
216,1212,La Plata,Calle 9859,5028.0,Buenos Aires,BA
217,1213,La Plata,Calle 8827,7301.0,Buenos Aires,BA
218,1214,Villa Carlos Paz,Calle 8634,2429.0,Córdoba,CBA
219,1215,CABA,Calle 282,3188.0,Buenos Aires,BA
220,1216,La Plata,Calle 5913,3361.0,Buenos Aires,BA
221,1217,Godoy Cruz,Calle 3974,3257.0,Mendoza,MZA
222,1218,San Rafael,Calle 2345,7958.0,Mendoza,MZA
223,1219,CABA,Calle 9530,1494.0,Buenos Aires,BA
224,1220,CABA,Calle 4015,3452.0,Buenos Aires,BA
225,1221,CABA,Calle 8642,7742.0,Buenos Aires,BA
226,1222,Mar del Plata,Calle 217,1983.0,Buenos Aires,BA
227,1223,Córdoba,Calle 8246,7940.0,Córdoba,CBA
228,1224,Villa Carlos Paz,Calle 9373,7941.0,Córdoba,CBA
229,1225,CABA,Calle 8545,7560.0,Buenos Aires,BA
230,1226,CABA,Calle 9164,8821.0,Buenos Aires,BA
231,1227,Villa Carlos Paz,Calle 6234,7950.0,Córdoba,CBA
232,1228,CABA,Calle 1275,1459.0,Buenos Aires,BA
233,1229,Mar del Plata,Calle 1745,6064.0,Buenos Aires,BA
234,1230,Río Cuarto,Calle 531,1735.0,Córdoba,CBA
235,1231,Godoy Cruz,Calle 749,6056.0,Mendoza,MZA
236,1232,Godoy Cruz,Calle 6524,7400.0,Mendoza,MZA
237,1233,San Rafael,Calle 1596,9227.0,Mendoza,MZA
238,1234,La Plata,Calle 7815,3641.0,Buenos Aires,BA
239,1235,Córdoba,Calle 1529,3307.0,Córdoba,CBA
240,1236,San Rafael,Calle 8460,8331.0,Mendoza,MZA
241,1237,La Plata,Calle 7060,4917.0,Buenos Aires,BA
242,1238,San Rafael,Calle 1229,2595.0,Mendoza,MZA
243,1239,La Plata,Calle 8965,8451.0,Buenos Aires,BA
244,1240,La Plata,Calle 2646,6789.0,Buenos Aires,BA
245,1241,Mar del Plata,Calle 7549,8242.0,Buenos Aires,BA
246,1242,San Rafael,Calle 8000,7568.0,Mendoza,MZA
247,1243,Rafaela,Calle 2114,7122.0,Santa Fe,SF
248,1244,Río Cuarto,Calle 7375,1934.0,Córdoba,CBA
249,1245,Río Cuarto,Calle 131,7157.0,Córdoba,CBA
250,1246,Córdoba,Calle 3655,6716.0,Córdoba,CBA
251,1247,Mar del Plata,Calle 7617,2775.0,Buenos Aires,BA
252,1248,Rosario,Calle 6579,6610.0,Santa Fe,SF
253,1249,Mar del Plata,Calle 7803,1627.0,Buenos Aires,BA
254,1250,La Plata,Calle 2385,1513.0,Buenos Aires,BA
255,1251,La Plata,Calle 7047,4465.0,Buenos Aires,BA
256,1252,San Rafael,Calle 6930,2369.0,Mendoza,MZA
257,1253,La Plata,Calle 1339,7876.0,Buenos Aires,BA
258,1254,La Plata,Calle 3016,6603.0,Buenos Aires,BA
259,1255,La Plata,Calle 6867,8156.0,Buenos Aires,BA
260,1256,San Rafael,Calle 6376,2274.0,Mendoza,MZA
261,1257,Mar del Plata,Calle 5186,3416.0,Buenos Aires,BA
262,1258,Rosario,Calle 6659,8381.0,Santa Fe,SF
263,1259,Río Cuarto,Calle 9477,4074.0,Córdoba,CBA
264,1260,Córdoba,Calle 9846,4436.0,Córdoba,CBA
265,1261,San Rafael,Calle 236,5947.0,Mendoza,MZA
266,1262,CABA,Calle 8178,7723.0,Buenos Aires,BA
267,1263,Mar del Plata,Calle 6978,3880.0,Buenos Aires,BA
268,1264,CABA,Calle 9057,7251.0,Buenos Aires,BA
269,1265,Rafaela,Calle 7168,2435.0,Santa Fe,SF
270,1266,CABA,Calle 6739,8276.0,Buenos Aires,BA
271,1267,Córdoba,Calle 4750,8448.0,Córdoba,CBA
272,1268,CABA,Calle 7694,7765.0,Buenos Aires,BA
273,1269,La Plata,Calle 3669,5333.0,Buenos Aires,BA
274,1270,Santa Fe,Calle 3958,1254.0,Santa Fe,SF
275,1271,La Plata,Calle 8503,6490.0,Buenos Aires,BA
276,1272,Godoy Cruz,Calle 3963,7444.0,Mendoza,MZA
277,1273,Rafaela,Calle 7031,3846.0,Santa Fe,SF
278,1274,San Rafael,Calle 2596,3069.0,Mendoza,MZA
279,1275,Mar del Plata,Calle 6423,6282.0,Buenos Aires,BA
280,1276,CABA,Calle 7167,1455.0,Buenos Aires,BA
281,1277,Mendoza,Calle 9369,8433.0,Mendoza,MZA
282,1278,Mar del Plata,Calle 3634,7194.0,Buenos Aires,BA
283,1279,Villa Carlos Paz,Calle 1360,2694.0,Córdoba,CBA
284,1280,Mar del Plata,Calle 2011,5292.0,Buenos Aires,BA
285,1281,La Plata,Calle 5922,9045.0,Buenos Aires,BA
286,1282,La Plata,Calle 1251,7148.0,Buenos Aires,BA
287,1283,Villa Carlos Paz,Calle 2640,3927.0,Córdoba,CBA
288,1284,La Plata,Calle 5682,3595.0,Buenos Aires,BA
289,1285,Córdoba,Calle 3160,9486.0,Córdoba,CBA
290,1286,Rosario,Calle 5979,6366.0,Santa Fe,SF
291,1287,Mar del Plata,Calle 2074,4264.0,Buenos Aires,BA
292,1288,Mar del Plata,Calle 4823,8144.0,Buenos Aires,BA
293,1289,Mendoza,Calle 4098,7436.0,Mendoza,MZA
294,1290,Río Cuarto,Calle 5106,8101.0,Córdoba,CBA
295,1291,Mar del Plata,Calle 4452,7275.0,Buenos Aires,BA
296,1292,La Plata,Calle 6127,3740.0,Buenos Aires,BA
297,1293,Godoy Cruz,Calle 9616,7525.0,Mendoza,MZA
298,1294,La Plata,Calle 7036,2190.0,Buenos Aires,BA
299,1295,Villa Carlos Paz,Calle 2377,6219.0,Córdoba,CBA
300,1296,Córdoba,Calle 7625,2085.0,Córdoba,CBA
301,1297,CABA,Calle 8639,2225.0,Buenos Aires,BA
302,1298,Villa Carlos Paz,Calle 5207,1813.0,Córdoba,CBA
303,1299,La Plata,Calle 6902,3803.0,Buenos Aires,BA
304,1300,Córdoba,Calle 9444,1076.0,Córdoba,CBA
305,1301,La Plata,Calle 607,6527.0,Buenos Aires,BA
306,1302,CABA,Calle 6801,6196.0,Buenos Aires,BA
307,1303,Mar del Plata,Calle 5132,7444.0,Buenos Aires,BA
308,1304,Villa Carlos Paz,Calle 8083,2683.0,Córdoba,CBA
309,1305,CABA,Calle 2274,4708.0,Buenos Aires,BA
310,1306,Mar del Plata,Calle 6044,5254.0,Buenos Aires,BA
311,1307,La Plata,Calle 1230,5422.0,Buenos Aires,BA
312,1308,San Rafael,Calle 7549,3424.0,Mendoza,MZA
313,1309,Río Cuarto,Calle 2005,8830.0,Córdoba,CBA
314,1310,Godoy Cruz,Calle 7909,5853.0,Mendoza,MZA
315,1311,CABA,Calle 3374,9103.0,Buenos Aires,BA
316,1312,Mar del Plata,Calle 3542,8989.0,Buenos Aires,BA
317,1313,Mar del Plata,Calle 8645,8438.0,Buenos Aires,BA
318,1314,Rosario,Calle 2131,8412.0,Santa Fe,SF
319,1315,La Plata,Calle 3080,3690.0,Buenos Aires,BA
320,1316,San Rafael,Calle 1673,2805.0,Mendoza,MZA
321,1317,La Plata,Calle 3065,9698.0,Buenos Aires,BA
322,1318,CABA,Calle 9017,4474.0,Buenos Aires,BA
323,1319,La Plata,Calle 8322,5466.0,Buenos Aires,BA
324,1320,Mar del Plata,Calle 6268,5816.0,Buenos Aires,BA
325,1321,Mar del Plata,Calle 4521,9497.0,Buenos Aires,BA
326,1322,CABA,Calle 4079,1870.0,Buenos Aires,BA
327,1323,Córdoba,Calle 1079,4710.0,Córdoba,CBA
328,1324,CABA,Calle 3603,9112.0,Buenos Aires,BA
329,1325,CABA,Calle 5696,1050.0,Buenos Aires,BA
330,1326,Mar del Plata,Calle 7812,3789.0,Buenos Aires,BA
331,1327,Córdoba,Calle 3070,1208.0,Córdoba,CBA
332,1328,CABA,Calle 2909,1159.0,Buenos Aires,BA
333,1329,San Rafael,Calle 17,2792.0,Mendoza,MZA
334,1330,Rafaela,Calle 4763,3401.0,Santa Fe,SF
335,1331,Mar del Plata,Calle 5500,9940.0,Buenos Aires,BA
336,1332,Villa Carlos Paz,Calle 5969,5933.0,Córdoba,CBA
337,1333,Rafaela,Calle 9761,9508.0,Santa Fe,SF
338,1334,La Plata,Calle 3609,9156.0,Buenos Aires,BA
339,1335,Mar del Plata,Calle 7057,4175.0,Buenos Aires,BA
340,1336,Villa Carlos Paz,Calle 8928,5346.0,Córdoba,CBA
341,1337,Santa Fe,Calle 9653,4122.0,Santa Fe,SF
342,1338,Río Cuarto,Calle 5625,8455.0,Córdoba,CBA
343,1339,CABA,Calle 8175,3461.0,Buenos Aires,BA
344,1340,San Rafael,Calle 9145,8976.0,Mendoza,MZA
345,1341,La Plata,Calle 256,5636.0,Buenos Aires,BA
346,1342,La Plata,Calle 84,1817.0,Buenos Aires,BA
347,1343,La Plata,Calle 8225,2409.0,Buenos Aires,BA
348,1344,Mar del Plata,Calle 3224,5764.0,Buenos Aires,BA
349,1345,La Plata,Calle 4076,7923.0,Buenos Aires,BA
350,1346,Mendoza,Calle 4281,3839.0,Mendoza,MZA
351,1347,La Plata,Calle 9473,5096.0,Buenos Aires,BA
352,1348,CABA,Calle 4933,8555.0,Buenos Aires,BA
353,1349,La Plata,Calle 1574,6132.0,Buenos Aires,BA
354,1350,San Rafael,Calle 5859,8643.0,Mendoza,MZA
355,1351,Godoy Cruz,Calle 454,2448.0,Mendoza,MZA
356,1352,Villa Carlos Paz,Calle 3976,3085.0,Córdoba,CBA
357,1353,Santa Fe,Calle 878,1097.0,Santa Fe,SF
358,1354,Rafaela,Calle 7541,5426.0,Santa Fe,SF
359,1355,CABA,Calle 4761,1997.0,Buenos Aires,BA
360,1356,Río Cuarto,Calle 8370,4359.0,Córdoba,CBA
361,1357,Mar del Plata,Calle 8116,5929.0,Buenos Aires,BA
362,1358,Córdoba,Calle 7946,2879.0,Córdoba,CBA
363,1359,Mar del Plata,Calle 1984,4347.0,Buenos Aires,BA
364,1360,Mar del Plata,Calle 7272,5913.0,Buenos Aires,BA
365,1361,CABA,Calle 3850,3018.0,Buenos Aires,BA
366,1362,CABA,Calle 3028,3797.0,Buenos Aires,BA
367,1363,Río Cuarto,Calle 3283,5742.0,Córdoba,CBA
368,1364,Godoy Cruz,Calle 6019,7321.0,Mendoza,MZA
369,1365,La Plata,Calle 2428,2968.0,Buenos Aires,BA
370,1366,Mar del Plata,Calle 4961,1698.0,Buenos Aires,BA
371,1367,Godoy Cruz,Calle 7510,6861.0,Mendoza,MZA
372,1368,Rafaela,Calle 3454,9405.0,Santa Fe,SF
373,1369,CABA,Calle 5765,8528.0,Buenos Aires,BA
374,1370,Mar del Plata,Calle 4964,7168.0,Buenos Aires,BA
375,1371,Córdoba,Calle 9438,3120.0,Córdoba,CBA
376,1372,Río Cuarto,Calle 5704,2107.0,Córdoba,CBA
377,1373,Mar del Plata,Calle 2608,9182.0,Buenos Aires,BA
378,1374,CABA,Calle 3877,7882.0,Buenos Aires,BA
379,1375,La Plata,Calle 1876,8234.0,Buenos Aires,BA
380,1376,Córdoba,Calle 2852,7187.0,Córdoba,CBA
381,1377,San Rafael,Calle 9118,9046.0,Mendoza,MZA
382,1378,Córdoba,Calle 3297,9659.0,Córdoba,CBA
383,1379,CABA,Calle 1577,1085.0,Buenos Aires,BA
384,1380,Rafaela,Calle 8956,9653.0,Santa Fe,SF
385,1381,CABA,Calle 9345,6840.0,Buenos Aires,BA
386,1382,Rosario,Calle 7191,2161.0,Santa Fe,SF
387,1383,Mar del Plata,Calle 4887,4777.0,Buenos Aires,BA
388,1384,Villa Carlos Paz,Calle 370,7396.0,Córdoba,CBA
389,1385,CABA,Calle 4720,9482.0,Buenos Aires,BA
390,1386,Mar del Plata,Calle 929,8716.0,Buenos Aires,BA
391,1387,Córdoba,Calle 5539,6481.0,Córdoba,CBA
392,1388,Mar del Plata,Calle 5401,9086.0,Buenos Aires,BA
393,1389,Rafaela,Calle 9995,2159.0,Santa Fe,SF
394,1390,Río Cuarto,Calle 1321,5432.0,Córdoba,CBA
395,1391,La Plata,Calle 8317,8069.0,Buenos Aires,BA
396,1392,CABA,Calle 352,9752.0,Buenos Aires,BA
397,1393,Río Cuarto,Calle 297,7342.0,Córdoba,CBA
398,1394,Villa Carlos Paz,Calle 6994,8175.0,Córdoba,CBA
399,1395,Santa Fe,Calle 5764,1949.0,Santa Fe,SF
400,1396,Mar del Plata,Calle 165,1244.0,Buenos Aires,BA
401,1397,Rosario,Calle 929,5630.0,Santa Fe,SF
402,1398,Mar del Plata,Calle 4002,8843.0,Buenos Aires,BA
403,1399,Córdoba,Calle 4100,6848.0,Córdoba,CBA
404,1400,La Plata,Calle 6012,9631.0,Buenos Aires,BA
405,1401,Mar del Plata,Calle 8249,7731.0,Buenos Aires,BA
406,1402,CABA,Calle 2247,4453.0,Buenos Aires,BA
407,1403,CABA,Calle 588,8434.0,Buenos Aires,BA
408,1404,CABA,Calle 4429,5921.0,Buenos Aires,BA
409,1405,Mar del Plata,Calle 6291,7302.0,Buenos Aires,BA
410,1406,CABA,Calle 6215,9724.0,Buenos Aires,BA
411,1407,Córdoba,Calle 8873,5301.0,Córdoba,CBA
412,1408,Santa Fe,Calle 7112,2789.0,Santa Fe,SF
413,1409,Mar del Plata,Calle 4710,9501.0,Buenos Aires,BA
414,1410,La Plata,Calle 7657,1248.0,Buenos Aires,BA
415,1411,Santa Fe,Calle 1402,6530.0,Santa Fe,SF
416,1412,La Plata,Calle 5927,1202.0,Buenos Aires,BA
417,1413,Mar del Plata,Calle 5260,8581.0,Buenos Aires,BA
418,1414,La Plata,Calle 607,7694.0,Buenos Aires,BA
419,1415,Córdoba,Calle 4530,2049.0,Córdoba,CBA
420,1416,La Plata,Calle 4253,3858.0,Buenos Aires,BA
421,1417,Rafaela,Calle 813,4018.0,Santa Fe,SF
422,1418,Rafaela,Calle 5200,1996.0,Santa Fe,SF
423,1419,Mendoza,Calle 5790,4845.0,Mendoza,MZA
424,1420,Mar del Plata,Calle 7272,4882.0,Buenos Aires,BA
425,1421,La Plata,Calle 6816,5638.0,Buenos Aires,BA
426,1422,Mar del Plata,Calle 5903,8711.0,Buenos Aires,BA
427,1423,Córdoba,Calle 6035,1418.0,Córdoba,CBA
428,1424,Villa Carlos Paz,Calle 8369,4520.0,Córdoba,CBA
429,1425,Rosario,Calle 2459,2266.0,Santa Fe,SF
430,1426,Río Cuarto,Calle 8983,9646.0,Córdoba,CBA
431,1427,Río Cuarto,Calle 8593,5410.0,Córdoba,CBA
432,1428,Santa Fe,Calle 3999,4782.0,Santa Fe,SF
433,1429,CABA,Calle 3950,6929.0,Buenos Aires,BA
434,1430,Mar del Plata,Calle 1253,4774.0,Buenos Aires,BA
435,1431,Rosario,Calle 9329,7678.0,Santa Fe,SF
436,1432,Villa Carlos Paz,Calle 5597,7692.0,Córdoba,CBA
437,1433,CABA,Calle 9438,3947.0,Buenos Aires,BA
438,1434,CABA,Calle 6859,2654.0,Buenos Aires,BA
439,1435,Santa Fe,Calle 393,3168.0,Santa Fe,SF
440,1436,Santa Fe,Calle 6920,4955.0,Santa Fe,SF
441,1437,La Plata,Calle 9691,1741.0,Buenos Aires,BA
442,1438,Villa Carlos Paz,Calle 7355,8138.0,Córdoba,CBA
443,1439,Rafaela,Calle 2206,3494.0,Santa Fe,SF
444,1440,Villa Carlos Paz,Calle 7431,3895.0,Córdoba,CBA
445,1441,Villa Carlos Paz,Calle 1588,6588.0,Córdoba,CBA
446,1442,Río Cuarto,Calle 9500,6288.0,Córdoba,CBA
447,1443,CABA,Calle 2347,8053.0,Buenos Aires,BA
448,1444,Mar del Plata,Calle 5151,3713.0,Buenos Aires,BA
449,1445,La Plata,Calle 7192,5250.0,Buenos Aires,BA
450,1446,San Rafael,Calle 4566,9334.0,Mendoza,MZA
451,1447,CABA,Calle 8845,9001.0,Buenos Aires,BA
452,1448,La Plata,Calle 9358,9534.0,Buenos Aires,BA
453,1449,Santa Fe,Calle 1796,8281.0,Santa Fe,SF
454,1450,CABA,Calle 2242,6795.0,Buenos Aires,BA
455,1451,Córdoba,Calle 1219,5523.0,Córdoba,CBA
456,1452,Río Cuarto,Calle 1214,1628.0,Córdoba,CBA
457,1453,Mar del Plata,Calle 8541,1130.0,Buenos Aires,BA
458,1454,La Plata,Calle 3608,8702.0,Buenos Aires,BA
459,1455,CABA,Calle 8139,2453.0,Buenos Aires,BA
460,1456,Rafaela,Calle 3510,9039.0,Santa Fe,SF
461,1457,Río Cuarto,Calle 2919,7230.0,Córdoba,CBA
462,1458,Villa Carlos Paz,Calle 8692,4799.0,Córdoba,CBA
463,1459,Villa Carlos Paz,Calle 6426,5840.0,Córdoba,CBA
464,1460,La Plata,Calle 6875,7960.0,Buenos Aires,BA
465,1461,La Plata,Calle 1861,3098.0,Buenos Aires,BA
466,1462,Santa Fe,Calle 9848,1474.0,Santa Fe,SF
467,1463,CABA,Calle 6702,5286.0,Buenos Aires,BA
468,1464,La Plata,Calle 6967,5396.0,Buenos Aires,BA
469,1465,Villa Carlos Paz,Calle 748,4625.0,Córdoba,CBA
470,1466,Mar del Plata,Calle 1808,3117.0,Buenos Aires,BA
471,1467,Mar del Plata,Calle 346,6778.0,Buenos Aires,BA
472,1468,CABA,Calle 8498,3572.0,Buenos Aires,BA
473,1469,Mar del Plata,Calle 3758,6431.0,Buenos Aires,BA
474,1470,Mar del Plata,Calle 4075,9627.0,Buenos Aires,BA
475,1471,La Plata,Calle 693,1397.0,Buenos Aires,BA
476,1472,Río Cuarto,Calle 4052,7190.0,Córdoba,CBA
477,1473,Mar del Plata,Calle 4424,9265.0,Buenos Aires,BA
478,1474,Mar del Plata,Calle 8876,7408.0,Buenos Aires,BA
479,1475,Santa Fe,Calle 5304,5950.0,Santa Fe,SF
480,1476,CABA,Calle 4330,7169.0,Buenos Aires,BA
481,1477,CABA,Calle 6658,5659.0,Buenos Aires,BA
482,1478,La Plata,Calle 283,7106.0,Buenos Aires,BA
483,1479,Villa Carlos Paz,Calle 3672,4802.0,Córdoba,CBA
484,1480,Mar del Plata,Calle 1786,3355.0,Buenos Aires,BA
485,1481,CABA,Calle 3403,2374.0,Buenos Aires,BA
486,1482,La Plata,Calle 8576,1965.0,Buenos Aires,BA
487,1483,La Plata,Calle 5536,7660.0,Buenos Aires,BA
488,1484,CABA,Calle 9215,6128.0,Buenos Aires,BA
489,1485,Mar del Plata,Calle 7914,2721.0,Buenos Aires,BA
490,1486,Villa Carlos Paz,Calle 2086,3722.0,Córdoba,CBA
491,1487,CABA,Calle 640,9594.0,Buenos Aires,BA
492,1488,Mar del Plata,Calle 6851,2926.0,Buenos Aires,BA
493,1489,San Rafael,Calle 4442,3718.0,Mendoza,MZA
494,1490,Mar del Plata,Calle 3350,9509.0,Buenos Aires,BA
495,1491,CABA,Calle 5410,3690.0,Buenos Aires,BA
496,1492,Villa Carlos Paz,Calle 161,3463.0,Córdoba,CBA
497,1493,CABA,Calle 5110,2537.0,Buenos Aires,BA
498,1494,CABA,Calle 1002,2093.0,Buenos Aires,BA
499,1495,Córdoba,Calle 5652,5498.0,Córdoba,CBA
500,1496,Santa Fe,Calle 9576,7607.0,Santa Fe,SF
501,1497,Río Cuarto,Calle 3320,2687.0,Córdoba,CBA
502,1498,La Plata,Calle 9236,6409.0,Buenos Aires,BA
503,1499,San Rafael,Calle 7757,4798.0,Mendoza,MZA
504,1500,Mar del Plata,Calle 2401,1004.0,Buenos Aires,BA
505,1501,CABA,Calle 2245,8728.0,Buenos Aires,BA
506,1502,CABA,Calle 3945,7316.0,Buenos Aires,BA
507,1503,Mar del Plata,Calle 5194,3721.0,Buenos Aires,BA
508,1504,Villa Carlos Paz,Calle 9184,2970.0,Córdoba,CBA
509,1505,Rafaela,Calle 5705,8636.0,Santa Fe,SF
510,1506,Córdoba,Calle 9172,3932.0,Córdoba,CBA
511,1507,La Plata,Calle 8619,6381.0,Buenos Aires,BA
512,1508,Godoy Cruz,Calle 8238,1549.0,Mendoza,MZA
513,1509,Villa Carlos Paz,Calle 720,5492.0,Córdoba,CBA
514,1510,Mendoza,Calle 7714,9033.0,Mendoza,MZA
515,1511,Mar del Plata,Calle 8939,1472.0,Buenos Aires,BA
516,1512,Córdoba,Calle 2157,1918.0,Córdoba,CBA
517,1513,Córdoba,Calle 5149,4181.0,Córdoba,CBA
518,1514,Mar del Plata,Calle 5186,9459.0,Buenos Aires,BA
519,1515,Godoy Cruz,Calle 6822,2064.0,Mendoza,MZA
520,1516,Rafaela,Calle 2417,3827.0,Santa Fe,SF
521,1517,Mar del Plata,Calle 3256,3833.0,Buenos Aires,BA
522,1518,Mar del Plata,Calle 5746,2410.0,Buenos Aires,BA
523,1519,CABA,Calle 2991,6201.0,Buenos Aires,BA
524,1520,Rosario,Calle 3564,2331.0,Santa Fe,SF
525,1521,Mar del Plata,Calle 3131,6087.0,Buenos Aires,BA
526,1522,La Plata,Calle 2917,7782.0,Buenos Aires,BA
527,1523,Santa Fe,Calle 3265,8202.0,Santa Fe,SF
528,1524,La Plata,Calle 9482,3793.0,Buenos Aires,BA
529,1525,San Rafael,Calle 6319,8108.0,Mendoza,MZA
530,1526,Río Cuarto,Calle 4730,2486.0,Córdoba,CBA
531,1527,Santa Fe,Calle 3576,2889.0,Santa Fe,SF
532,1528,Córdoba,Calle 7786,7099.0,Córdoba,CBA
533,1529,Mar del Plata,Calle 555,6879.0,Buenos Aires,BA
534,1530,La Plata,Calle 5484,4065.0,Buenos Aires,BA
535,1531,La Plata,Calle 8959,8478.0,Buenos Aires,BA
536,1532,Villa Carlos Paz,Calle 3991,6535.0,Córdoba,CBA
537,1533,Villa Carlos Paz,Calle 658,7897.0,Córdoba,CBA
538,1534,Rafaela,Calle 6566,9391.0,Santa Fe,SF
539,1535,San Rafael,Calle 8587,3128.0,Mendoza,MZA
540,1536,Rosario,Calle 1482,8515.0,Santa Fe,SF
541,1537,CABA,Calle 2417,6038.0,Buenos Aires,BA
542,1538,CABA,Calle 7153,3525.0,Buenos Aires,BA
543,1539,Santa Fe,Calle 82,2636.0,Santa Fe,SF
544,1540,La Plata,Calle 3482,8593.0,Buenos Aires,BA
545,1541,Rosario,Calle 6351,7551.0,Santa Fe,SF
546,1542,Rafaela,Calle 6957,6683.0,Santa Fe,SF
547,1543,Río Cuarto,Calle 441,4852.0,Córdoba,CBA
548,1544,Mar del Plata,Calle 27,2265.0,Buenos Aires,BA
549,1545,CABA,Calle 725,2521.0,Buenos Aires,BA
550,1546,CABA,Calle 6975,7337.0,Buenos Aires,BA
551,1547,La Plata,Calle 2942,8617.0,Buenos Aires,BA
552,1548,Mar del Plata,Calle 1662,3635.0,Buenos Aires,BA
553,1549,Mar del Plata,Calle 6292,8964.0,Buenos Aires,BA
554,1550,CABA,Calle 4964,8377.0,Buenos Aires,BA
555,1551,La Plata,Calle 5490,3930.0,Buenos Aires,BA
556,1552,La Plata,Calle 1311,5224.0,Buenos Aires,BA
557,1553,Mar del Plata,Calle 7455,5615.0,Buenos Aires,BA
558,1554,La Plata,Calle 7541,5134.0,Buenos Aires,BA
559,1555,La Plata,Calle 386,5804.0,Buenos Aires,BA
560,1556,La Plata,Calle 5319,2829.0,Buenos Aires,BA
561,1557,Río Cuarto,Calle 6492,9765.0,Córdoba,CBA
562,1558,CABA,Calle 8085,8504.0,Buenos Aires,BA
563,1559,San Rafael,Calle 8578,2253.0,Mendoza,MZA
564,1560,CABA,Calle 9984,7257.0,Buenos Aires,BA
565,1561,Mendoza,Calle 5535,7922.0,Mendoza,MZA
566,1562,Mar del Plata,Calle 4209,8101.0,Buenos Aires,BA
567,1563,Rafaela,Calle 4276,1800.0,Santa Fe,SF
568,1564,Córdoba,Calle 7159,5535.0,Córdoba,CBA
569,1565,Río Cuarto,Calle 6532,5467.0,Córdoba,CBA
570,1566,CABA,Calle 6789,5375.0,Buenos Aires,BA
571,1567,Río Cuarto,Calle 5213,1296.0,Córdoba,CBA
572,1568,Mar del Plata,Calle 4716,7893.0,Buenos Aires,BA
573,1569,La Plata,Calle 9137,6237.0,Buenos Aires,BA
574,1570,Rosario,Calle 7569,9720.0,Santa Fe,SF
575,1571,Villa Carlos Paz,Calle 6602,8971.0,Córdoba,CBA
576,1572,Mendoza,Calle 3401,5981.0,Mendoza,MZA
577,1573,Santa Fe,Calle 7658,6761.0,Santa Fe,SF
578,1574,CABA,Calle 4652,4845.0,Buenos Aires,BA
579,1575,Mendoza,Calle 6201,7483.0,Mendoza,MZA
580,1576,CABA,Calle 9352,7571.0,Buenos Aires,BA
581,1577,CABA,Calle 6852,6950.0,Buenos Aires,BA
582,1578,Río Cuarto,Calle 5207,4688.0,Córdoba,CBA
583,1579,La Plata,Calle 4691,7554.0,Buenos Aires,BA
584,1580,La Plata,Calle 7603,7280.0,Buenos Aires,BA
585,1581,Godoy Cruz,Calle 3095,3270.0,Mendoza,MZA
586,1582,San Rafael,Calle 9349,6325.0,Mendoza,MZA
587,1583,Mar del Plata,Calle 7732,1372.0,Buenos Aires,BA
588,1584,Córdoba,Calle 2645,3870.0,Córdoba,CBA
589,1585,Mendoza,Calle 5288,1506.0,Mendoza,MZA
590,1586,Villa Carlos Paz,Calle 4015,4963.0,Córdoba,CBA
591,1587,San Rafael,Calle 1822,5011.0,Mendoza,MZA
592,1588,Córdoba,Calle 113,9515.0,Córdoba,CBA
593,1589,Rosario,Calle 6834,9751.0,Santa Fe,SF
594,1590,Mar del Plata,Calle 980,6953.0,Buenos Aires,BA
595,1591,Río Cuarto,Calle 7210,3391.0,Córdoba,CBA
596,1592,Rafaela,Calle 1832,7764.0,Santa Fe,SF
597,1593,CABA,Calle 7907,6407.0,Buenos Aires,BA
598,1594,Mar del Plata,Calle 8054,5838.0,Buenos Aires,BA
599,1595,La Plata,Calle 4226,3294.0,Buenos Aires,BA
600,1596,CABA,Calle 3622,5771.0,Buenos Aires,BA
601,1597,Mendoza,Calle 9301,8206.0,Mendoza,MZA
602,1598,Mar del Plata,Calle 2107,7295.0,Buenos Aires,BA
603,1599,Córdoba,Calle 3468,1197.0,Córdoba,CBA
604,1600,Mar del Plata,Calle 8468,6639.0,Buenos Aires,BA
605,1601,Río Cuarto,Calle 5150,8950.0,Córdoba,CBA
606,1602,Santa Fe,Calle 2874,2060.0,Santa Fe,SF
607,1603,CABA,Calle 3676,4226.0,Buenos Aires,BA
608,1604,Mar del Plata,Calle 200,4318.0,Buenos Aires,BA
609,1605,Villa Carlos Paz,Calle 1620,5447.0,Córdoba,CBA
610,1606,San Rafael,Calle 8811,9567.0,Mendoza,MZA
611,1607,Mar del Plata,Calle 2994,4741.0,Buenos Aires,BA
612,1608,Mar del Plata,Calle 4355,4113.0,Buenos Aires,BA
613,1609,Mendoza,Calle 8562,4728.0,Mendoza,MZA
614,1610,Río Cuarto,Calle 7820,6224.0,Córdoba,CBA
615,1611,CABA,Calle 7241,2636.0,Buenos Aires,BA
616,1612,Río Cuarto,Calle 7983,8041.0,Córdoba,CBA
617,1613,Villa Carlos Paz,Calle 3192,1008.0,Córdoba,CBA
618,1614,Rafaela,Calle 4436,6384.0,Santa Fe,SF
619,1615,La Plata,Calle 4910,6589.0,Buenos Aires,BA
620,1616,Río Cuarto,Calle 5060,3984.0,Córdoba,CBA
621,1617,Mar del Plata,Calle 7709,2074.0,Buenos Aires,BA
622,1618,Córdoba,Calle 7262,4171.0,Córdoba,CBA
623,1619,Rosario,Calle 5034,9690.0,Santa Fe,SF
624,1620,La Plata,Calle 9987,6304.0,Buenos Aires,BA
625,1621,La Plata,Calle 2815,6335.0,Buenos Aires,BA
626,1622,San Rafael,Calle 9753,4747.0,Mendoza,MZA
627,1623,La Plata,Calle 6076,6798.0,Buenos Aires,BA
628,1624,La Plata,Calle 9229,7620.0,Buenos Aires,BA
629,1625,Godoy Cruz,Calle 2293,4313.0,Mendoza,MZA
630,1626,Villa Carlos Paz,Calle 4830,8004.0,Córdoba,CBA
631,1627,Mar del Plata,Calle 3268,5488.0,Buenos Aires,BA
632,1628,CABA,Calle 5333,1753.0,Buenos Aires,BA
633,1629,Río Cuarto,Calle 7980,1971.0,Córdoba,CBA
634,1630,La Plata,Calle 4523,5656.0,Buenos Aires,BA
635,1631,Mar del Plata,Calle 1213,3486.0,Buenos Aires,BA
636,1632,Río Cuarto,Calle 3277,5017.0,Córdoba,CBA
637,1633,Río Cuarto,Calle 4272,1358.0,Córdoba,CBA
638,1634,Rosario,Calle 5144,4016.0,Santa Fe,SF
639,1635,La Plata,Calle 5935,5183.0,Buenos Aires,BA
640,1636,Mar del Plata,Calle 6731,1786.0,Buenos Aires,BA
641,1637,Mar del Plata,Calle 6120,1525.0,Buenos Aires,BA
642,1638,Santa Fe,Calle 8828,2099.0,Santa Fe,SF
643,1639,Río Cuarto,Calle 1841,8675.0,Córdoba,CBA
644,1640,Rafaela,Calle 7061,3493.0,Santa Fe,SF
645,1641,Mar del Plata,Calle 9425,1351.0,Buenos Aires,BA
646,1642,Córdoba,Calle 6389,6281.0,Córdoba,CBA
647,1643,CABA,Calle 9575,4282.0,Buenos Aires,BA
648,1644,Rafaela,Calle 9452,4377.0,Santa Fe,SF
649,1645,CABA,Calle 8740,9848.0,Buenos Aires,BA
650,1646,Godoy Cruz,Calle 5167,4304.0,Mendoza,MZA
651,1647,La Plata,Calle 3818,3249.0,Buenos Aires,BA
652,1648,La Plata,Calle 417,7232.0,Buenos Aires,BA
653,1649,La Plata,Calle 3255,2521.0,Buenos Aires,BA
654,1650,Mar del Plata,Calle 8463,2971.0,Buenos Aires,BA
655,1651,Villa Carlos Paz,Calle 5192,2487.0,Córdoba,CBA
656,1652,La Plata,Calle 8336,1118.0,Buenos Aires,BA
657,1653,Santa Fe,Calle 1640,2069.0,Santa Fe,SF
658,1654,San Rafael,Calle 4927,7384.0,Mendoza,MZA
659,1655,La Plata,Calle 5297,3905.0,Buenos Aires,BA
660,1656,Mar del Plata,Calle 2552,1638.0,Buenos Aires,BA
661,1657,Córdoba,Calle 4802,3580.0,Córdoba,CBA
662,1658,Mar del Plata,Calle 2481,6981.0,Buenos Aires,BA
663,1659,Rosario,Calle 8152,7114.0,Santa Fe,SF
664,1660,Córdoba,Calle 424,1560.0,Córdoba,CBA
665,1661,Mendoza,Calle 8839,3591.0,Mendoza,MZA
666,1662,CABA,Calle 1510,8793.0,Buenos Aires,BA
667,1663,San Rafael,Calle 7216,6102.0,Mendoza,MZA
668,1664,La Plata,Calle 2101,2579.0,Buenos Aires,BA
669,1665,Mar del Plata,Calle 3216,3336.0,Buenos Aires,BA
670,1666,Río Cuarto,Calle 1554,2724.0,Córdoba,CBA
671,1667,CABA,Calle 4934,9518.0,Buenos Aires,BA
672,1668,Villa Carlos Paz,Calle 2158,3379.0,Córdoba,CBA
673,1669,Villa Carlos Paz,Calle 787,3342.0,Córdoba,CBA
674,1670,Rosario,Calle 2653,8877.0,Santa Fe,SF
675,1671,Rosario,Calle 9457,8425.0,Santa Fe,SF
676,1672,CABA,Calle 4577,6525.0,Buenos Aires,BA
677,1673,La Plata,Calle 8994,6609.0,Buenos Aires,BA
678,1674,La Plata,Calle 6989,2549.0,Buenos Aires,BA
679,1675,Mendoza,Calle 1971,3069.0,Mendoza,MZA
680,1676,La Plata,Calle 9066,7513.0,Buenos Aires,BA
681,1677,Mar del Plata,Calle 3635,9611.0,Buenos Aires,BA
682,1678,Río Cuarto,Calle 8603,9838.0,Córdoba,CBA
683,1679,Río Cuarto,Calle 2733,3713.0,Córdoba,CBA
684,1680,Rafaela,Calle 2492,4312.0,Santa Fe,SF
685,1681,La Plata,Calle 4858,8807.0,Buenos Aires,BA
686,1682,Mar del Plata,Calle 4916,6105.0,Buenos Aires,BA
687,1683,San Rafael,Calle 9732,3298.0,Mendoza,MZA
688,1684,CABA,Calle 3973,7406.0,Buenos Aires,BA
689,1685,La Plata,Calle 1156,7577.0,Buenos Aires,BA
690,1686,Río Cuarto,Calle 2488,5513.0,Córdoba,CBA
691,1687,CABA,Calle 8530,8718.0,Buenos Aires,BA
692,1688,Villa Carlos Paz,Calle 2046,3517.0,Córdoba,CBA
693,1689,Rafaela,Calle 5594,5185.0,Santa Fe,SF
694,1690,Villa Carlos Paz,Calle 9585,5769.0,Córdoba,CBA
695,1691,CABA,Calle 9885,9102.0,Buenos Aires,BA
696,1692,Mar del Plata,Calle 1724,5123.0,Buenos Aires,BA
697,1693,Mar del Plata,Calle 4117,2656.0,Buenos Aires,BA
698,1694,La Plata,Calle 3628,2703.0,Buenos Aires,BA
699,1695,Río Cuarto,Calle 6158,1689.0,Córdoba,CBA
700,1696,Río Cuarto,Calle 1616,4909.0,Córdoba,CBA
701,1697,Río Cuarto,Calle 9893,6690.0,Córdoba,CBA
702,1698,Rafaela,Calle 8565,1420.0,Santa Fe,SF
703,1699,Córdoba,Calle 5390,1464.0,Córdoba,CBA
704,1700,Santa Fe,Calle 5876,5074.0,Santa Fe,SF
705,1701,CABA,Calle 5317,3631.0,Buenos Aires,BA
706,1702,Río Cuarto,Calle 5274,3818.0,Córdoba,CBA
707,1703,Santa Fe,Calle 5764,6186.0,Santa Fe,SF
708,1704,Mar del Plata,Calle 1482,9146.0,Buenos Aires,BA
709,1705,Rosario,Calle 4337,6521.0,Santa Fe,SF
710,1706,Rosario,Calle 2762,4109.0,Santa Fe,SF
711,1707,San Rafael,Calle 9183,7520.0,Mendoza,MZA
712,1708,CABA,Calle 9798,3388.0,Buenos Aires,BA
713,1709,La Plata,Calle 2180,2346.0,Buenos Aires,BA
714,1710,Godoy Cruz,Calle 669,5485.0,Mendoza,MZA
715,1711,Mar del Plata,Calle 3588,4538.0,Buenos Aires,BA
716,1712,CABA,Calle 341,7791.0,Buenos Aires,BA
717,1713,Río Cuarto,Calle 3150,7342.0,Córdoba,CBA
718,1714,Villa Carlos Paz,Calle 4319,4845.0,Córdoba,CBA
719,1715,CABA,Calle 2204,9819.0,Buenos Aires,BA
720,1716,Mar del Plata,Calle 7795,4732.0,Buenos Aires,BA
721,1717,Río Cuarto,Calle 9078,1871.0,Córdoba,CBA
722,1718,Villa Carlos Paz,Calle 9684,1362.0,Córdoba,CBA
723,1719,Mar del Plata,Calle 943,2044.0,Buenos Aires,BA
724,1720,Mar del Plata,Calle 4524,9041.0,Buenos Aires,BA
725,1721,Córdoba,Calle 6493,6076.0,Córdoba,CBA
726,1722,Villa Carlos Paz,Calle 5416,3363.0,Córdoba,CBA
727,1723,San Rafael,Calle 5153,6871.0,Mendoza,MZA
728,1724,Rosario,Calle 1043,4188.0,Santa Fe,SF
729,1725,Mendoza,Calle 2970,2957.0,Mendoza,MZA
730,1726,La Plata,Calle 9405,7677.0,Buenos Aires,BA
731,1727,Córdoba,Calle 5625,6818.0,Córdoba,CBA
732,1728,Villa Carlos Paz,Calle 8187,7576.0,Córdoba,CBA
733,1729,Mar del Plata,Calle 1337,9583.0,Buenos Aires,BA
734,1730,Mar del Plata,Calle 998,2564.0,Buenos Aires,BA
735,1731,Mar del Plata,Calle 207,6017.0,Buenos Aires,BA
736,1732,Rafaela,Calle 9231,4088.0,Santa Fe,SF
737,1733,CABA,Calle 5657,7130.0,Buenos Aires,BA
738,1734,Rafaela,Calle 2909,1497.0,Santa Fe,SF
739,1735,Mendoza,Calle 5107,3955.0,Mendoza,MZA
740,1736,CABA,Calle 8154,6527.0,Buenos Aires,BA
741,1737,San Rafael,Calle 6371,6543.0,Mendoza,MZA
742,1738,CABA,Calle 8041,6870.0,Buenos Aires,BA
743,1739,Godoy Cruz,Calle 9686,6251.0,Mendoza,MZA
744,1740,Río Cuarto,Calle 8716,5629.0,Córdoba,CBA
745,1741,CABA,Calle 4800,8129.0,Buenos Aires,BA
746,1742,CABA,Calle 8049,7370.0,Buenos Aires,BA
747,1743,La Plata,Calle 904,2461.0,Buenos Aires,BA
748,1744,Rafaela,Calle 9360,1785.0,Santa Fe,SF
749,1745,La Plata,Calle 6307,8107.0,Buenos Aires,BA
750,1746,CABA,Calle 8336,4514.0,Buenos Aires,BA
751,1747,CABA,Calle 3631,4335.0,Buenos Aires,BA
752,1748,Mar del Plata,Calle 256,2905.0,Buenos Aires,BA
753,1749,CABA,Calle 5420,7091.0,Buenos Aires,BA
754,1750,CABA,Calle 9810,7927.0,Buenos Aires,BA
755,1751,Mar del Plata,Calle 4467,7813.0,Buenos Aires,BA
756,1752,CABA,Calle 7999,7479.0,Buenos Aires,BA
757,1753,Villa Carlos Paz,Calle 2112,2155.0,Córdoba,CBA
758,1754,La Plata,Calle 1090,3742.0,Buenos Aires,BA
759,1755,San Rafael,Calle 6525,5664.0,Mendoza,MZA
760,1756,CABA,Calle 6471,4289.0,Buenos Aires,BA
761,1757,CABA,Calle 7684,4746.0,Buenos Aires,BA
762,1758,Rosario,Calle 1370,8142.0,Santa Fe,SF
763,1759,CABA,Calle 7243,4447.0,Buenos Aires,BA
764,1760,CABA,Calle 2503,6736.0,Buenos Aires,BA
765,1761,Mar del Plata,Calle 925,5780.0,Buenos Aires,BA
766,1762,CABA,Calle 3185,1414.0,Buenos Aires,BA
767,1763,CABA,Calle 9858,3348.0,Buenos Aires,BA
768,1764,Mendoza,Calle 1825,9487.0,Mendoza,MZA
769,1765,Mar del Plata,Calle 2784,1629.0,Buenos Aires,BA
770,1766,San Rafael,Calle 3829,1957.0,Mendoza,MZA
771,1767,Rosario,Calle 3679,1324.0,Santa Fe,SF
772,1768,San Rafael,Calle 6326,8367.0,Mendoza,MZA
773,1769,Río Cuarto,Calle 4097,8850.0,Córdoba,CBA
774,1770,La Plata,Calle 3668,7364.0,Buenos Aires,BA
775,1771,Santa Fe,Calle 344,1697.0,Santa Fe,SF
776,1772,Mar del Plata,Calle 3719,4409.0,Buenos Aires,BA
777,1773,La Plata,Calle 7547,7364.0,Buenos Aires,BA
778,1774,La Plata,Calle 6536,5030.0,Buenos Aires,BA
779,1775,Río Cuarto,Calle 3189,8591.0,Córdoba,CBA
780,1776,Santa Fe,Calle 6141,7436.0,Santa Fe,SF
781,1777,Mar del Plata,Calle 7411,1833.0,Buenos Aires,BA
782,1778,Mar del Plata,Calle 2568,3954.0,Buenos Aires,BA
783,1779,CABA,Calle 6324,5478.0,Buenos Aires,BA
784,1780,Rafaela,Calle 6585,7738.0,Santa Fe,SF
785,1781,Mar del Plata,Calle 2140,2590.0,Buenos Aires,BA
786,1782,CABA,Calle 865,6844.0,Buenos Aires,BA
787,1783,Córdoba,Calle 5040,8317.0,Córdoba,CBA
788,1784,CABA,Calle 4748,3490.0,Buenos Aires,BA
789,1785,Mar del Plata,Calle 6713,5607.0,Buenos Aires,BA
790,1786,San Rafael,Calle 2403,3221.0,Mendoza,MZA
791,1787,La Plata,Calle 2793,8224.0,Buenos Aires,BA
792,1788,CABA,Calle 8058,6566.0,Buenos Aires,BA
793,1789,Rosario,Calle 2904,7449.0,Santa Fe,SF
794,1790,Mar del Plata,Calle 3230,2361.0,Buenos Aires,BA
795,1791,Villa Carlos Paz,Calle 262,3769.0,Córdoba,CBA
796,1792,Rosario,Calle 8412,9021.0,Santa Fe,SF
797,1793,Mendoza,Calle 3913,8355.0,Mendoza,MZA
798,1794,La Plata,Calle 7506,1514.0,Buenos Aires,BA
799,1795,Rafaela,Calle 175,5959.0,Santa Fe,SF
800,1796,La Plata,Calle 6227,7146.0,Buenos Aires,BA
801,1797,Mar del Plata,Calle 6956,3168.0,Buenos Aires,BA
802,1798,Río Cuarto,Calle 3161,2364.0,Córdoba,CBA
803,1799,Mendoza,Calle 5221,3105.0,Mendoza,MZA
804,1800,CABA,Calle 6118,2431.0,Buenos Aires,BA
805,1801,CABA,Calle 5590,8549.0,Buenos Aires,BA
806,1802,Rosario,Calle 1999,4268.0,Santa Fe,SF
807,1803,Mar del Plata,Calle 1501,4444.0,Buenos Aires,BA
808,1804,Villa Carlos Paz,Calle 5250,8799.0,Córdoba,CBA
809,1805,Villa Carlos Paz,Calle 9920,5719.0,Córdoba,CBA
810,1806,Mar del Plata,Calle 104,5313.0,Buenos Aires,BA
811,1807,Rafaela,Calle 3103,4083.0,Santa Fe,SF
812,1808,Rosario,Calle 2662,7754.0,Santa Fe,SF
813,1809,Córdoba,Calle 6989,9692.0,Córdoba,CBA
814,1810,Río Cuarto,Calle 4124,2009.0,Córdoba,CBA
815,1811,Mar del Plata,Calle 990,8306.0,Buenos Aires,BA
816,1812,San Rafael,Calle 1446,2079.0,Mendoza,MZA
817,1813,Villa Carlos Paz,Calle 7386,7069.0,Córdoba,CBA
818,1814,La Plata,Calle 5136,4737.0,Buenos Aires,BA
819,1815,La Plata,Calle 6714,7606.0,Buenos Aires,BA
820,1816,Santa Fe,Calle 7409,7874.0,Santa Fe,SF
821,1817,Santa Fe,Calle 6250,6991.0,Santa Fe,SF
822,1818,Mar del Plata,Calle 2831,4555.0,Buenos Aires,BA
823,1819,La Plata,Calle 2456,1355.0,Buenos Aires,BA
824,1820,La Plata,Calle 9001,8971.0,Buenos Aires,BA
825,1821,CABA,Calle 7985,2736.0,Buenos Aires,BA
826,1822,San Rafael,Calle 7811,4852.0,Mendoza,MZA
827,1823,Mendoza,Calle 6822,3598.0,Mendoza,MZA
828,1824,Río Cuarto,Calle 7029,9677.0,Córdoba,CBA
829,1825,La Plata,Calle 2100,2034.0,Buenos Aires,BA
830,1826,La Plata,Calle 4033,6120.0,Buenos Aires,BA
831,1827,Rafaela,Calle 5583,3082.0,Santa Fe,SF
832,1828,Rafaela,Calle 3751,5081.0,Santa Fe,SF
833,1829,Córdoba,Calle 5136,3430.0,Córdoba,CBA
834,1830,La Plata,Calle 7581,2096.0,Buenos Aires,BA
835,1831,CABA,Calle 4526,1967.0,Buenos Aires,BA
836,1832,Mar del Plata,Calle 51,3394.0,Buenos Aires,BA
837,1833,Godoy Cruz,Calle 5148,4083.0,Mendoza,MZA
838,1834,CABA,Calle 3194,5066.0,Buenos Aires,BA
839,1835,CABA,Calle 4886,5851.0,Buenos Aires,BA
840,1836,Mar del Plata,Calle 6905,3418.0,Buenos Aires,BA
841,1837,Río Cuarto,Calle 2572,2765.0,Córdoba,CBA
842,1838,CABA,Calle 9938,3105.0,Buenos Aires,BA
843,1839,Mendoza,Calle 859,7042.0,Mendoza,MZA
844,1840,Mar del Plata,Calle 6145,6306.0,Buenos Aires,BA
845,1841,Mar del Plata,Calle 566,1645.0,Buenos Aires,BA
846,1842,Mar del Plata,Calle 2161,3292.0,Buenos Aires,BA
847,1843,CABA,Calle 3851,6540.0,Buenos Aires,BA
848,1844,CABA,Calle 8069,9596.0,Buenos Aires,BA
849,1845,Villa Carlos Paz,Calle 2540,8348.0,Córdoba,CBA
850,1846,La Plata,Calle 3726,1859.0,Buenos Aires,BA
851,1847,CABA,Calle 3589,9201.0,Buenos Aires,BA
852,1848,Mar del Plata,Calle 6485,9064.0,Buenos Aires,BA
853,1849,Río Cuarto,Calle 6799,4278.0,Córdoba,CBA
854,1850,Mar del Plata,Calle 8053,7031.0,Buenos Aires,BA
855,1851,Rosario,Calle 6508,5610.0,Santa Fe,SF
856,1852,Río Cuarto,Calle 6364,6480.0,Córdoba,CBA
857,1853,La Plata,Calle 6433,8399.0,Buenos Aires,BA
858,1854,Mar del Plata,Calle 8386,2846.0,Buenos Aires,BA
859,1855,CABA,Calle 3369,4511.0,Buenos Aires,BA
860,1856,CABA,Calle 3766,9373.0,Buenos Aires,BA
861,1857,CABA,Calle 2965,7366.0,Buenos Aires,BA
862,1858,La Plata,Calle 9861,5675.0,Buenos Aires,BA
863,1859,CABA,Calle 5,1183.0,Buenos Aires,BA
864,1860,Godoy Cruz,Calle 7292,2593.0,Mendoza,MZA
865,1861,Mar del Plata,Calle 3126,2246.0,Buenos Aires,BA
866,1862,CABA,Calle 4874,3323.0,Buenos Aires,BA
867,1863,CABA,Calle 1972,8807.0,Buenos Aires,BA
868,1864,CABA,Calle 3848,5424.0,Buenos Aires,BA
869,1865,Villa Carlos Paz,Calle 1037,4530.0,Córdoba,CBA
870,1866,La Plata,Calle 490,8630.0,Buenos Aires,BA
871,1867,CABA,Calle 9450,5601.0,Buenos Aires,BA
872,1868,Córdoba,Calle 4380,4081.0,Córdoba,CBA
873,1869,Córdoba,Calle 723,4793.0,Córdoba,CBA
874,1870,CABA,Calle 9799,9922.0,Buenos Aires,BA
875,1871,La Plata,Calle 9028,6681.0,Buenos Aires,BA
876,1872,La Plata,Calle 6097,3418.0,Buenos Aires,BA
877,1873,Villa Carlos Paz,Calle 5904,3255.0,Córdoba,CBA
878,1874,San Rafael,Calle 7645,1700.0,Mendoza,MZA
879,1875,Mar del Plata,Calle 2377,3285.0,Buenos Aires,BA
880,1876,Santa Fe,Calle 1340,9512.0,Santa Fe,SF
881,1877,Villa Carlos Paz,Calle 9019,6486.0,Córdoba,CBA
882,1878,Mar del Plata,Calle 6117,4589.0,Buenos Aires,BA
883,1879,Río Cuarto,Calle 1744,3551.0,Córdoba,CBA
884,1880,Río Cuarto,Calle 1767,6022.0,Córdoba,CBA
885,1881,Santa Fe,Calle 3429,4129.0,Santa Fe,SF
886,1882,La Plata,Calle 1984,2098.0,Buenos Aires,BA
887,1883,CABA,Calle 6913,1173.0,Buenos Aires,BA
888,1884,La Plata,Calle 3416,1686.0,Buenos Aires,BA
889,1885,Godoy Cruz,Calle 5237,8759.0,Mendoza,MZA
890,1886,Rosario,Calle 6926,9033.0,Santa Fe,SF
891,1887,La Plata,Calle 1423,2359.0,Buenos Aires,BA
892,1888,Río Cuarto,Calle 1541,4954.0,Córdoba,CBA
893,1889,La Plata,Calle 9055,7727.0,Buenos Aires,BA
894,1890,CABA,Calle 9723,2132.0,Buenos Aires,BA
895,1891,La Plata,Calle 9258,5148.0,Buenos Aires,BA
896,1892,Villa Carlos Paz,Calle 2850,1652.0,Córdoba,CBA
897,1893,Villa Carlos Paz,Calle 1797,4262.0,Córdoba,CBA
898,1894,CABA,Calle 6346,7172.0,Buenos Aires,BA
899,1895,CABA,Calle 5572,4747.0,Buenos Aires,BA
900,1896,Rosario,Calle 1664,1387.0,Santa Fe,SF
901,1897,Mar del Plata,Calle 7045,9904.0,Buenos Aires,BA
902,1898,CABA,Calle 4570,2096.0,Buenos Aires,BA
903,1899,Mar del Plata,Calle 5860,3253.0,Buenos Aires,BA
904,1900,CABA,Calle 9346,8308.0,Buenos Aires,BA
905,1901,La Plata,Calle 7830,7770.0,Buenos Aires,BA
906,1902,Córdoba,Calle 3317,7401.0,Córdoba,CBA
907,1903,Mar del Plata,Calle 200,9692.0,Buenos Aires,BA
908,1904,CABA,Calle 5236,4091.0,Buenos Aires,BA
909,1905,CABA,Calle 1623,3393.0,Buenos Aires,BA
910,1906,Rosario,Calle 1115,3698.0,Santa Fe,SF
911,1907,Villa Carlos Paz,Calle 5927,1977.0,Córdoba,CBA
912,1908,La Plata,Calle 6466,7402.0,Buenos Aires,BA
913,1909,Córdoba,Calle 2087,3576.0,Córdoba,CBA
914,1910,Villa Carlos Paz,Calle 8146,7837.0,Córdoba,CBA
915,1911,Río Cuarto,Calle 2385,5544.0,Córdoba,CBA
916,1912,Mar del Plata,Calle 5595,6048.0,Buenos Aires,BA
917,1913,La Plata,Calle 9660,8689.0,Buenos Aires,BA
918,1914,La Plata,Calle 5611,5122.0,Buenos Aires,BA
919,1915,Godoy Cruz,Calle 9740,6311.0,Mendoza,MZA
920,1916,Villa Carlos Paz,Calle 5020,5563.0,Córdoba,CBA
921,1917,Río Cuarto,Calle 3086,4112.0,Córdoba,CBA
922,1918,Río Cuarto,Calle 5262,2920.0,Córdoba,CBA
923,1919,Córdoba,Calle 9800,9142.0,Córdoba,CBA
924,1920,La Plata,Calle 4436,3397.0,Buenos Aires,BA
925,1921,Villa Carlos Paz,Calle 2039,1053.0,Córdoba,CBA
926,1922,La Plata,Calle 8111,9374.0,Buenos Aires,BA
927,1923,CABA,Calle 7008,8804.0,Buenos Aires,BA
928,1924,CABA,Calle 2290,1892.0,Buenos Aires,BA
929,1925,Santa Fe,Calle 1761,3087.0,Santa Fe,SF
930,1926,San Rafael,Calle 6935,1161.0,Mendoza,MZA
931,1927,Mar del Plata,Calle 4542,4776.0,Buenos Aires,BA
932,1928,Río Cuarto,Calle 4371,3485.0,Córdoba,CBA
933,1929,Villa Carlos Paz,Calle 3603,9875.0,Córdoba,CBA
934,1930,Mendoza,Calle 9360,8966.0,Mendoza,MZA
935,1931,La Plata,Calle 3621,3843.0,Buenos Aires,BA
936,1932,CABA,Calle 3913,7335.0,Buenos Aires,BA
937,1933,CABA,Calle 1344,8250.0,Buenos Aires,BA
938,1934,Villa Carlos Paz,Calle 6229,4360.0,Córdoba,CBA
939,1935,Mar del Plata,Calle 5609,9315.0,Buenos Aires,BA
940,1936,Rafaela,Calle 3367,7187.0,Santa Fe,SF
941,1937,Rosario,Calle 3571,5491.0,Santa Fe,SF
942,1938,Córdoba,Calle 6217,4998.0,Córdoba,CBA
943,1939,CABA,Calle 6372,7241.0,Buenos Aires,BA
944,1940,Mar del Plata,Calle 7297,5176.0,Buenos Aires,BA
945,1941,La Plata,Calle 4258,4590.0,Buenos Aires,BA
946,1942,Córdoba,Calle 595,4745.0,Córdoba,CBA
947,1943,Córdoba,Calle 1514,5102.0,Córdoba,CBA
948,1944,La Plata,Calle 7424,8141.0,Buenos Aires,BA
949,1945,Rosario,Calle 3754,9528.0,Santa Fe,SF
950,1946,CABA,Calle 855,5722.0,Buenos Aires,BA
951,1947,La Plata,Calle 2752,2262.0,Buenos Aires,BA
952,1948,Santa Fe,Calle 2929,7044.0,Santa Fe,SF
953,1949,CABA,Calle 4025,5461.0,Buenos Aires,BA
954,1950,Rafaela,Calle 8266,3736.0,Santa Fe,SF
955,1951,CABA,Calle 3964,8576.0,Buenos Aires,BA
956,1952,Mar del Plata,Calle 1801,1692.0,Buenos Aires,BA
957,1953,Mendoza,Calle 10,7471.0,Mendoza,MZA
958,1954,La Plata,Calle 8603,7638.0,Buenos Aires,BA
959,1955,La Plata,Calle 2735,1596.0,Buenos Aires,BA
960,1956,La Plata,Calle 4890,7268.0,Buenos Aires,BA
961,1957,CABA,Calle 5154,4531.0,Buenos Aires,BA
962,1958,Rosario,Calle 7372,5947.0,Santa Fe,SF
963,1959,CABA,Calle 3721,7541.0,Buenos Aires,BA
964,1960,Villa Carlos Paz,Calle 3354,1841.0,Córdoba,CBA
965,1961,San Rafael,Calle 1660,6743.0,Mendoza,MZA
966,1962,San Rafael,Calle 7101,6812.0,Mendoza,MZA
967,1963,Córdoba,Calle 7856,4169.0,Córdoba,CBA
968,1964,Mendoza,Calle 182,1981.0,Mendoza,MZA
969,1965,Mar del Plata,Calle 8538,7609.0,Buenos Aires,BA
970,1966,Santa Fe,Calle 5685,7028.0,Santa Fe,SF
971,1967,Rafaela,Calle 2021,9420.0,Santa Fe,SF
972,1968,Río Cuarto,Calle 9280,7191.0,Córdoba,CBA
973,1969,Villa Carlos Paz,Calle 4377,2526.0,Córdoba,CBA
974,1970,CABA,Calle 687,3178.0,Buenos Aires,BA
975,1971,CABA,Calle 6842,4450.0,Buenos Aires,BA
976,1972,Mendoza,Calle 614,2082.0,Mendoza,MZA
977,1973,CABA,Calle 8086,6615.0,Buenos Aires,BA
978,1974,Santa Fe,Calle 9455,6349.0,Santa Fe,SF
979,1975,Mar del Plata,Calle 9663,5018.0,Buenos Aires,BA
980,1976,Santa Fe,Calle 7920,9173.0,Santa Fe,SF
981,1977,Mar del Plata,Calle 4921,4663.0,Buenos Aires,BA
982,1978,Rosario,Calle 7608,7760.0,Santa Fe,SF
983,1979,La Plata,Calle 4901,8883.0,Buenos Aires,BA
984,1980,Rosario,Calle 7138,7786.0,Santa Fe,SF
985,1981,Godoy Cruz,Calle 6069,8971.0,Mendoza,MZA
986,1982,Godoy Cruz,Calle 9641,4852.0,Mendoza,MZA
987,1983,CABA,Calle 5507,7174.0,Buenos Aires,BA
988,1984,CABA,Calle 140,9071.0,Buenos Aires,BA
989,1985,San Rafael,Calle 2489,3909.0,Mendoza,MZA
990,1986,La Plata,Calle 5854,1662.0,Buenos Aires,BA
991,1987,Santa Fe,Calle 1638,1647.0,Santa Fe,SF
992,1988,Rosario,Calle 2785,5379.0,Santa Fe,SF
993,1989,Río Cuarto,Calle 1175,2064.0,Córdoba,CBA
994,1990,Villa Carlos Paz,Calle 2579,9133.0,Córdoba,CBA
995,1991,Córdoba,Calle 6446,8744.0,Córdoba,CBA
996,1992,Mar del Plata,Calle 5021,7848.0,Buenos Aires,BA
997,1993,Santa Fe,Calle 5352,3436.0,Santa Fe,SF
998,1994,CABA,Calle 9629,8355.0,Buenos Aires,BA
999,1995,CABA,Calle 4629,4919.0,Buenos Aires,BA
1000,1996,CABA,Calle 9046,4436.0,Buenos Aires,BA
1001,1997,Villa Carlos Paz,Calle 2565,2082.0,Córdoba,CBA
1002,1998,La Plata,Calle 6383,7512.0,Buenos Aires,BA
1003,1999,La Plata,Calle 6920,1121.0,Buenos Aires,BA
1004,2000,Godoy Cruz,Calle 1528,1688.0,Mendoza,MZA
1005,2001,Mar del Plata,Calle 8116,7846.0,Buenos Aires,BA
1006,2002,Rafaela,Calle 5911,6524.0,Santa Fe,SF
1007,2003,Mar del Plata,Calle 3305,9273.0,Buenos Aires,BA
1008,2004,Mar del Plata,Calle 9675,8126.0,Buenos Aires,BA
1009,2005,Mar del Plata,Calle 9683,1729.0,Buenos Aires,BA
1010,2006,La Plata,Calle 9656,7836.0,Buenos Aires,BA
1011,2007,San Rafael,Calle 9370,8360.0,Mendoza,MZA
1012,2008,Mar del Plata,Calle 635,7468.0,Buenos Aires,BA
1013,2009,CABA,Calle 665,7504.0,Buenos Aires,BA
1014,2010,CABA,Calle 4484,1267.0,Buenos Aires,BA
1015,2011,Rafaela,Calle 5017,9136.0,Santa Fe,SF
1016,2012,Mar del Plata,Calle 4712,6383.0,Buenos Aires,BA
1017,2013,CABA,Calle 233,6386.0,Buenos Aires,BA
1018,2014,Mendoza,Calle 1630,3769.0,Mendoza,MZA
1019,2015,Villa Carlos Paz,Calle 2652,6921.0,Córdoba,CBA
1020,2016,Santa Fe,Calle 5071,2248.0,Santa Fe,SF
1021,2017,Rosario,Calle 3925,2857.0,Santa Fe,SF
1022,2018,Mar del Plata,Calle 8759,8884.0,Buenos Aires,BA
1023,2019,Santa Fe,Calle 1508,4101.0,Santa Fe,SF
1024,2020,San Rafael,Calle 299,3658.0,Mendoza,MZA
1025,2021,Mar del Plata,Calle 8763,1488.0,Buenos Aires,BA
1026,2022,Santa Fe,Calle 1697,3744.0,Santa Fe,SF
1027,2023,Villa Carlos Paz,Calle 9607,4715.0,Córdoba,CBA
1028,2024,Villa Carlos Paz,Calle 6346,4262.0,Córdoba,CBA
1029,2025,CABA,Calle 61,7103.0,Buenos Aires,BA
1030,2026,CABA,Calle 5164,2572.0,Buenos Aires,BA
1031,2027,Córdoba,Calle 9714,6582.0,Córdoba,CBA
1032,2028,Córdoba,Calle 5195,5807.0,Córdoba,CBA
1033,2029,Rosario,Calle 4919,7219.0,Santa Fe,SF
1034,2030,La Plata,Calle 1219,9163.0,Buenos Aires,BA
1035,2031,Villa Carlos Paz,Calle 373,4027.0,Córdoba,CBA
1036,2032,Rafaela,Calle 9879,2857.0,Santa Fe,SF
1037,2033,Godoy Cruz,Calle 5216,2291.0,Mendoza,MZA
1038,2034,La Plata,Calle 9015,5874.0,Buenos Aires,BA
1039,2035,Rosario,Calle 5111,5408.0,Santa Fe,SF
1040,2036,CABA,Calle 9639,1696.0,Buenos Aires,BA
1041,2037,Santa Fe,Calle 8880,5056.0,Santa Fe,SF
1042,2038,CABA,Calle 9323,8705.0,Buenos Aires,BA
1043,2039,Córdoba,Calle 2775,7683.0,Córdoba,CBA
1044,2040,Villa Carlos Paz,Calle 9449,9971.0,Córdoba,CBA
1045,2041,CABA,Calle 6365,6640.0,Buenos Aires,BA
1046,2042,Mar del Plata,Calle 6743,5080.0,Buenos Aires,BA
1047,2043,Villa Carlos Paz,Calle 9917,7644.0,Córdoba,CBA
1048,2044,Río Cuarto,Calle 2101,5076.0,Córdoba,CBA
1049,2045,Córdoba,Calle 4096,7467.0,Córdoba,CBA
1050,2046,Godoy Cruz,Calle 1846,2814.0,Mendoza,MZA
1051,2047,La Plata,Calle 3381,3019.0,Buenos Aires,BA
1052,2048,La Plata,Calle 6206,8264.0,Buenos Aires,BA
1053,2049,Rosario,Calle 3388,4977.0,Santa Fe,SF
1054,2050,La Plata,Calle 7168,8099.0,Buenos Aires,BA
1055,2051,CABA,Calle 7517,7773.0,Buenos Aires,BA
1056,2052,Rosario,Calle 4644,1225.0,Santa Fe,SF
1057,2053,Rafaela,Calle 1070,5967.0,Santa Fe,SF
1058,2054,Mar del Plata,Calle 4516,3628.0,Buenos Aires,BA
1059,2055,CABA,Calle 281,7300.0,Buenos Aires,BA
1060,2056,San Rafael,Calle 8351,5385.0,Mendoza,MZA
1061,2057,Mar del Plata,Calle 1620,7614.0,Buenos Aires,BA
1062,2058,CABA,Calle 3953,9682.0,Buenos Aires,BA
1063,2059,Río Cuarto,Calle 56,7876.0,Córdoba,CBA
1064,2060,CABA,Calle 3070,7960.0,Buenos Aires,BA
1065,2061,Villa Carlos Paz,Calle 9605,6847.0,Córdoba,CBA
1066,2062,Mar del Plata,Calle 3216,6507.0,Buenos Aires,BA
1067,2063,CABA,Calle 8725,8058.0,Buenos Aires,BA
1068,2064,CABA,Calle 1691,7729.0,Buenos Aires,BA
1069,2065,La Plata,Calle 8766,9987.0,Buenos Aires,BA
1070,2066,Córdoba,Calle 3515,1599.0,Córdoba,CBA
1071,2067,Mar del Plata,Calle 6704,4425.0,Buenos Aires,BA
1072,2068,CABA,Calle 1947,1723.0,Buenos Aires,BA
1073,2069,Río Cuarto,Calle 2737,9020.0,Córdoba,CBA
1074,2070,Santa Fe,Calle 1640,5549.0,Santa Fe,SF
1075,2071,La Plata,Calle 5848,1440.0,Buenos Aires,BA
1076,2072,San Rafael,Calle 350,3819.0,Mendoza,MZA
1077,2073,CABA,Calle 2940,3172.0,Buenos Aires,BA
1078,2074,Mar del Plata,Calle 7365,1515.0,Buenos Aires,BA
1079,2075,Río Cuarto,Calle 3346,8074.0,Córdoba,CBA
1080,2076,Córdoba,Calle 7762,7136.0,Córdoba,CBA
1081,2077,Mar del Plata,Calle 6888,4469.0,Buenos Aires,BA
1082,2078,CABA,Calle 7121,5360.0,Buenos Aires,BA
1083,2079,Río Cuarto,Calle 8698,8422.0,Córdoba,CBA
1084,2080,Rafaela,Calle 8731,8357.0,Santa Fe,SF
1085,2081,La Plata,Calle 4575,1328.0,Buenos Aires,BA
1086,2082,La Plata,Calle 8773,3077.0,Buenos Aires,BA
1087,2083,Mar del Plata,Calle 8742,7465.0,Buenos Aires,BA
1088,2084,CABA,Calle 8832,1831.0,Buenos Aires,BA
1089,2085,Rafaela,Calle 1216,6556.0,Santa Fe,SF
1090,2086,La Plata,Calle 4279,3921.0,Buenos Aires,BA
1091,2087,CABA,Calle 2290,9486.0,Buenos Aires,BA
1092,2088,Córdoba,Calle 6917,6273.0,Córdoba,CBA
1093,2089,La Plata,Calle 5533,1447.0,Buenos Aires,BA
1094,2090,Rafaela,Calle 498,2328.0,Santa Fe,SF
1095,2091,Villa Carlos Paz,Calle 1610,1937.0,Córdoba,CBA
1096,2092,Villa Carlos Paz,Calle 5126,9257.0,Córdoba,CBA
1097,2093,Santa Fe,Calle 2610,9847.0,Santa Fe,SF
1098,2094,Mar del Plata,Calle 1256,9215.0,Buenos Aires,BA
1099,2095,La Plata,Calle 662,1430.0,Buenos Aires,BA
1100,2096,Córdoba,Calle 4281,6594.0,Córdoba,CBA
1101,2097,Mar del Plata,Calle 4507,7188.0,Buenos Aires,BA
1102,2098,La Plata,Calle 2446,6269.0,Buenos Aires,BA
1103,2099,Villa Carlos Paz,Calle 5082,1686.0,Córdoba,CBA
1104,2100,Río Cuarto,Calle 7697,4938.0,Córdoba,CBA
1105,2101,Río Cuarto,Calle 9147,1278.0,Córdoba,CBA
1106,2102,CABA,Calle 995,7417.0,Buenos Aires,BA
1107,2103,Rosario,Calle 9107,5286.0,Santa Fe,SF
1108,2104,San Rafael,Calle 2908,5079.0,Mendoza,MZA
1109,2105,Mar del Plata,Calle 3076,7548.0,Buenos Aires,BA
1110,2106,Mar del Plata,Calle 1074,5835.0,Buenos Aires,BA
1111,2107,Mar del Plata,Calle 5039,1339.0,Buenos Aires,BA
1112,2108,Rafaela,Calle 2139,4504.0,Santa Fe,SF
1113,2109,La Plata,Calle 1347,5777.0,Buenos Aires,BA
1114,2110,La Plata,Calle 4762,4753.0,Buenos Aires,BA
1115,2111,Mar del Plata,Calle 3064,2386.0,Buenos Aires,BA
1116,2112,La Plata,Calle 4585,4700.0,Buenos Aires,BA
1117,2113,Mar del Plata,Calle 8208,6432.0,Buenos Aires,BA
1118,2114,Mar del Plata,Calle 1009,1615.0,Buenos Aires,BA
1119,2115,Córdoba,Calle 4774,4423.0,Córdoba,CBA
1120,2116,Mar del Plata,Calle 4223,7467.0,Buenos Aires,BA
1121,2117,Rosario,Calle 1476,9621.0,Santa Fe,SF
1122,2118,Córdoba,Calle 8920,4950.0,Córdoba,CBA
1123,2119,Córdoba,Calle 8071,6292.0,Córdoba,CBA
1124,2120,La Plata,Calle 570,9272.0,Buenos Aires,BA
1125,2121,Santa Fe,Calle 6379,9592.0,Santa Fe,SF
1126,2122,CABA,Calle 3420,6481.0,Buenos Aires,BA
1127,2123,CABA,Calle 9785,7181.0,Buenos Aires,BA
1128,2124,Mar del Plata,Calle 8149,2961.0,Buenos Aires,BA
1129,2125,San Rafael,Calle 3502,3194.0,Mendoza,MZA
1130,2126,Mar del Plata,Calle 1162,2783.0,Buenos Aires,BA
1131,2127,CABA,Calle 6505,1432.0,Buenos Aires,BA
1132,2128,Santa Fe,Calle 3191,4532.0,Santa Fe,SF
1133,2129,CABA,Calle 7394,7852.0,Buenos Aires,BA
1134,2130,CABA,Calle 4817,1702.0,Buenos Aires,BA
1135,2131,Villa Carlos Paz,Calle 3894,8133.0,Córdoba,CBA
1136,2132,CABA,Calle 1909,1294.0,Buenos Aires,BA
1137,2133,Mendoza,Calle 8524,7518.0,Mendoza,MZA
1138,2134,Rosario,Calle 6329,2190.0,Santa Fe,SF
1139,2135,Mendoza,Calle 1638,6579.0,Mendoza,MZA
1140,2136,La Plata,Calle 8341,2782.0,Buenos Aires,BA
1141,2137,Villa Carlos Paz,Calle 6955,4454.0,Córdoba,CBA
1142,2138,Santa Fe,Calle 661,1081.0,Santa Fe,SF
1143,2139,Mendoza,Calle 5614,9660.0,Mendoza,MZA
1144,2140,CABA,Calle 3830,1874.0,Buenos Aires,BA
1145,2141,Villa Carlos Paz,Calle 296,2062.0,Córdoba,CBA
1146,2142,CABA,Calle 259,3713.0,Buenos Aires,BA
1147,2143,Rafaela,Calle 9385,7158.0,Santa Fe,SF
1148,2144,Rafaela,Calle 9907,2468.0,Santa Fe,SF
1149,2145,Mar del Plata,Calle 6000,3407.0,Buenos Aires,BA
1150,2146,Villa Carlos Paz,Calle 349,3869.0,Córdoba,CBA
1151,2147,CABA,Calle 4824,1897.0,Buenos Aires,BA
1152,2148,Córdoba,Calle 9141,2928.0,Córdoba,CBA
1153,2149,Rosario,Calle 7242,6070.0,Santa Fe,SF
1154,2150,San Rafael,Calle 3738,6337.0,Mendoza,MZA
1155,2151,Río Cuarto,Calle 2270,5664.0,Córdoba,CBA
1156,2152,Santa Fe,Calle 1931,6592.0,Santa Fe,SF
1157,2153,CABA,Calle 6656,8113.0,Buenos Aires,BA
1158,2154,Mar del Plata,Calle 6266,7667.0,Buenos Aires,BA
1159,2155,Mendoza,Calle 245,2609.0,Mendoza,MZA
1160,2156,Rafaela,Calle 5140,5127.0,Santa Fe,SF
1161,2157,Santa Fe,Calle 8872,9339.0,Santa Fe,SF
1162,2158,Córdoba,Calle 483,1016.0,Córdoba,CBA
1163,2159,Río Cuarto,Calle 7115,2025.0,Córdoba,CBA
1164,2160,La Plata,Calle 8256,4167.0,Buenos Aires,BA
1165,2161,Rosario,Calle 786,5575.0,Santa Fe,SF
1166,2162,Mar del Plata,Calle 1199,8424.0,Buenos Aires,BA
1167,2163,Rafaela,Calle 8550,7736.0,Santa Fe,SF
1168,2164,La Plata,Calle 3613,1275.0,Buenos Aires,BA
1169,2165,Mar del Plata,Calle 4613,8356.0,Buenos Aires,BA
1170,2166,Villa Carlos Paz,Calle 2131,1318.0,Córdoba,CBA
1171,2167,Rafaela,Calle 8063,7299.0,Santa Fe,SF
1172,2168,San Rafael,Calle 9860,7509.0,Mendoza,MZA
1173,2169,Villa Carlos Paz,Calle 1101,8436.0,Córdoba,CBA
1174,2170,CABA,Calle 5148,4319.0,Buenos Aires,BA
1175,2171,Godoy Cruz,Calle 1782,8606.0,Mendoza,MZA
1176,2172,CABA,Calle 1666,1007.0,Buenos Aires,BA
1177,2173,La Plata,Calle 3899,3168.0,Buenos Aires,BA
1178,2174,Mar del Plata,Calle 5652,4575.0,Buenos Aires,BA
1179,2175,Mar del Plata,Calle 8933,1805.0,Buenos Aires,BA
1180,2176,Santa Fe,Calle 783,9360.0,Santa Fe,SF
1181,2177,Mendoza,Calle 7065,4874.0,Mendoza,MZA
1182,2178,La Plata,Calle 1665,3322.0,Buenos Aires,BA
1183,2179,Villa Carlos Paz,Calle 8412,1229.0,Córdoba,CBA
1184,2180,Villa Carlos Paz,Calle 9651,4168.0,Córdoba,CBA
1185,2181,La Plata,Calle 2812,9049.0,Buenos Aires,BA
1186,2182,La Plata,Calle 3796,9442.0,Buenos Aires,BA
1187,2183,La Plata,Calle 6692,8366.0,Buenos Aires,BA
1188,2184,Mar del Plata,Calle 9644,7599.0,Buenos Aires,BA
1189,2185,Mar del Plata,Calle 1001,7636.0,Buenos Aires,BA
1190,2186,Rosario,Calle 254,9857.0,Santa Fe,SF
1191,2187,CABA,Calle 2957,6372.0,Buenos Aires,BA
1192,2188,La Plata,Calle 5998,2718.0,Buenos Aires,BA
1193,2189,CABA,Calle 1194,2191.0,Buenos Aires,BA
1194,2190,La Plata,Calle 7483,4853.0,Buenos Aires,BA
1195,2191,Río Cuarto,Calle 4732,3078.0,Córdoba,CBA
1196,2192,Rosario,Calle 9916,9884.0,Santa Fe,SF
1197,2193,San Rafael,Calle 4109,5884.0,Mendoza,MZA
1198,2194,Rafaela,Calle 8392,2376.0,Santa Fe,SF
1199,2195,Mar del Plata,Calle 8941,8231.0,Buenos Aires,BA
1200,2196,CABA,Calle 3855,7397.0,Buenos Aires,BA
1201,2197,Mar del Plata,Calle 3060,5503.0,Buenos Aires,BA
1202,2198,Rafaela,Calle 1041,9108.0,Santa Fe,SF
1203,2199,Mar del Plata,Calle 2457,9287.0,Buenos Aires,BA
1204,2200,Córdoba,Calle 2122,9092.0,Córdoba,CBA
1205,2201,Rafaela,Calle 5215,7530.0,Santa Fe,SF
1206,2202,Córdoba,Calle 6041,1489.0,Córdoba,CBA
1207,2203,Santa Fe,Calle 6242,8481.0,Santa Fe,SF
1208,2204,CABA,Calle 2752,6613.0,Buenos Aires,BA
1209,2205,CABA,Calle 8579,4213.0,Buenos Aires,BA
1210,2206,Mar del Plata,Calle 4820,3180.0,Buenos Aires,BA
1211,2207,Villa Carlos Paz,Calle 6413,6573.0,Córdoba,CBA
1212,2208,CABA,Calle 5372,8918.0,Buenos Aires,BA
1213,2209,Godoy Cruz,Calle 6375,7613.0,Mendoza,MZA
1214,2210,Rosario,Calle 5626,2674.0,Santa Fe,SF
1215,2211,Rafaela,Calle 1741,7049.0,Santa Fe,SF
1216,2212,Mar del Plata,Calle 8023,6314.0,Buenos Aires,BA
1217,2213,Villa Carlos Paz,Calle 4708,4181.0,Córdoba,CBA
1218,2214,Córdoba,Calle 8394,8884.0,Córdoba,CBA
1219,2215,CABA,Calle 8545,5409.0,Buenos Aires,BA
1220,2216,La Plata,Calle 3444,6328.0,Buenos Aires,BA
1221,2217,La Plata,Calle 5371,3842.0,Buenos Aires,BA
1222,2218,Córdoba,Calle 6873,4901.0,Córdoba,CBA
1223,2219,La Plata,Calle 751,3452.0,Buenos Aires,BA
1224,2220,CABA,Calle 577,7273.0,Buenos Aires,BA
1225,2221,Mendoza,Calle 9695,3156.0,Mendoza,MZA
1226,2222,La Plata,Calle 2127,7589.0,Buenos Aires,BA
1227,2223,Santa Fe,Calle 9133,6315.0,Santa Fe,SF
1228,2224,La Plata,Calle 8830,3745.0,Buenos Aires,BA
1229,2225,La Plata,Calle 8360,9869.0,Buenos Aires,BA
1230,2226,Villa Carlos Paz,Calle 5960,3912.0,Córdoba,CBA
1231,2227,Mar del Plata,Calle 1945,6444.0,Buenos Aires,BA
1232,2228,CABA,Calle 646,7103.0,Buenos Aires,BA
1233,2229,Córdoba,Calle 1192,6340.0,Córdoba,CBA
1234,2230,CABA,Calle 5309,9548.0,Buenos Aires,BA
1235,2231,Villa Carlos Paz,Calle 9103,5651.0,Córdoba,CBA
1236,2232,Mar del Plata,Calle 8599,9038.0,Buenos Aires,BA
1237,2233,Mar del Plata,Calle 3639,5795.0,Buenos Aires,BA
1238,2234,CABA,Calle 2126,7042.0,Buenos Aires,BA
1239,2235,CABA,Calle 8616,3190.0,Buenos Aires,BA
1240,2236,Rosario,Calle 3280,5994.0,Santa Fe,SF
1241,2237,Mar del Plata,Calle 133,7805.0,Buenos Aires,BA
1242,2238,CABA,Calle 9057,9724.0,Buenos Aires,BA
1243,2239,Santa Fe,Calle 8499,3899.0,Santa Fe,SF
1244,2240,Santa Fe,Calle 7607,5352.0,Santa Fe,SF
1245,2241,CABA,Calle 9359,2478.0,Buenos Aires,BA
1246,2242,Rafaela,Calle 7432,2675.0,Santa Fe,SF
1247,2243,CABA,Calle 7202,3876.0,Buenos Aires,BA
1248,2244,CABA,Calle 3250,4049.0,Buenos Aires,BA
1249,2245,CABA,Calle 2543,7749.0,Buenos Aires,BA
1250,2246,San Rafael,Calle 6998,5967.0,Mendoza,MZA
1251,2247,Córdoba,Calle 3875,5006.0,Córdoba,CBA
1252,2248,Mar del Plata,Calle 5048,9013.0,Buenos Aires,BA
1253,2249,Villa Carlos Paz,Calle 3586,5049.0,Córdoba,CBA
1254,2250,Villa Carlos Paz,Calle 4160,3956.0,Córdoba,CBA
1255,2251,Río Cuarto,Calle 7190,8211.0,Córdoba,CBA
1256,2252,La Plata,Calle 4039,9634.0,Buenos Aires,BA
1257,2253,Córdoba,Calle 8034,9502.0,Córdoba,CBA
1258,2254,CABA,Calle 1615,1889.0,Buenos Aires,BA
1259,2255,CABA,Calle 729,8628.0,Buenos Aires,BA
1260,2256,Mar del Plata,Calle 7183,7098.0,Buenos Aires,BA
1261,2257,CABA,Calle 8766,4309.0,Buenos Aires,BA
1262,2258,La Plata,Calle 3872,6254.0,Buenos Aires,BA
1263,2259,La Plata,Calle 2671,1374.0,Buenos Aires,BA
1264,2260,Córdoba,Calle 9616,2515.0,Córdoba,CBA
1265,2261,La Plata,Calle 8379,1080.0,Buenos Aires,BA
1266,2262,Mendoza,Calle 3448,2522.0,Mendoza,MZA
1267,2263,CABA,Calle 2473,4395.0,Buenos Aires,BA
1268,2264,Mar del Plata,Calle 7543,1876.0,Buenos Aires,BA
1269,2265,Río Cuarto,Calle 1463,7597.0,Córdoba,CBA
1270,2266,CABA,Calle 686,8315.0,Buenos Aires,BA
1271,2267,Río Cuarto,Calle 8670,4507.0,Córdoba,CBA
1272,2268,CABA,Calle 7069,9784.0,Buenos Aires,BA
1273,2269,Villa Carlos Paz,Calle 4940,5621.0,Córdoba,CBA
1274,2270,La Plata,Calle 373,9598.0,Buenos Aires,BA
1275,2271,Mendoza,Calle 9445,3459.0,Mendoza,MZA
1276,2272,CABA,Calle 9690,6733.0,Buenos Aires,BA
1277,2273,Rosario,Calle 21,3100.0,Santa Fe,SF
1278,2274,Rosario,Calle 3750,5513.0,Santa Fe,SF
1279,2275,La Plata,Calle 9007,7346.0,Buenos Aires,BA
1280,2276,Rosario,Calle 3474,3558.0,Santa Fe,SF
1281,2277,La Plata,Calle 882,3653.0,Buenos Aires,BA
1282,2278,La Plata,Calle 4554,8259.0,Buenos Aires,BA
1283,2279,Mar del Plata,Calle 367,3072.0,Buenos Aires,BA
1284,2280,CABA,Calle 5610,1124.0,Buenos Aires,BA
1285,2281,Villa Carlos Paz,Calle 531,1276.0,Córdoba,CBA
1286,2282,Godoy Cruz,Calle 8133,7038.0,Mendoza,MZA
1287,2283,Santa Fe,Calle 1064,7094.0,Santa Fe,SF
1288,2284,CABA,Calle 4033,3242.0,Buenos Aires,BA
1289,2285,CABA,Calle 1812,2941.0,Buenos Aires,BA
1290,2286,CABA,Calle 437,2644.0,Buenos Aires,BA
1291,2287,CABA,Calle 8012,9919.0,Buenos Aires,BA
1292,2288,Mar del Plata,Calle 6001,1499.0,Buenos Aires,BA
1293,2289,San Rafael,Calle 997,9329.0,Mendoza,MZA
1294,2290,CABA,Calle 4039,6441.0,Buenos Aires,BA
1295,2291,Godoy Cruz,Calle 5917,5919.0,Mendoza,MZA
1296,2292,Rosario,Calle 1872,1285.0,Santa Fe,SF
1297,2293,La Plata,Calle 8712,8320.0,Buenos Aires,BA
1298,2294,Río Cuarto,Calle 4158,2974.0,Córdoba,CBA
1299,2295,CABA,Calle 3283,8200.0,Buenos Aires,BA
1300,2296,Santa Fe,Calle 7157,2049.0,Santa Fe,SF
1301,2297,CABA,Calle 7783,5358.0,Buenos Aires,BA
1302,2298,CABA,Calle 5089,2111.0,Buenos Aires,BA
1303,2299,Mar del Plata,Calle 7957,5133.0,Buenos Aires,BA
1304,2300,Mar del Plata,Calle 4304,5416.0,Buenos Aires,BA
1305,2301,Mar del Plata,Calle 1078,5186.0,Buenos Aires,BA
1306,2302,Mar del Plata,Calle 4877,7471.0,Buenos Aires,BA
1307,2303,San Rafael,Calle 3665,8589.0,Mendoza,MZA
1308,2304,Villa Carlos Paz,Calle 6263,2672.0,Córdoba,CBA
1309,2305,Mendoza,Calle 2433,1804.0,Mendoza,MZA
1310,2306,La Plata,Calle 4068,8158.0,Buenos Aires,BA
1311,2307,Mar del Plata,Calle 8445,2866.0,Buenos Aires,BA
1312,2308,Rosario,Calle 4328,1431.0,Santa Fe,SF
1313,2309,Mar del Plata,Calle 7549,2458.0,Buenos Aires,BA
1314,2310,CABA,Calle 450,2557.0,Buenos Aires,BA
1315,2311,Mendoza,Calle 3854,3401.0,Mendoza,MZA
1316,2312,La Plata,Calle 368,9326.0,Buenos Aires,BA
1317,2313,Rosario,Calle 8956,9767.0,Santa Fe,SF
1318,2314,CABA,Calle 7394,8214.0,Buenos Aires,BA
1319,2315,CABA,Calle 8833,5251.0,Buenos Aires,BA
1320,2316,La Plata,Calle 5247,3946.0,Buenos Aires,BA
1321,2317,CABA,Calle 4908,2376.0,Buenos Aires,BA
1322,2318,La Plata,Calle 9674,9268.0,Buenos Aires,BA
1323,2319,La Plata,Calle 9480,5376.0,Buenos Aires,BA
1324,2320,Córdoba,Calle 1932,2843.0,Córdoba,CBA
1325,2321,La Plata,Calle 9042,8987.0,Buenos Aires,BA
1326,2322,Río Cuarto,Calle 9064,7183.0,Córdoba,CBA
1327,2323,La Plata,Calle 9520,3977.0,Buenos Aires,BA
1328,2324,Río Cuarto,Calle 6909,7165.0,Córdoba,CBA
1329,2325,Mar del Plata,Calle 4339,5352.0,Buenos Aires,BA
1330,2326,CABA,Calle 1062,6538.0,Buenos Aires,BA
1331,2327,CABA,Calle 5826,5509.0,Buenos Aires,BA
1332,2328,CABA,Calle 8234,9759.0,Buenos Aires,BA
1333,2329,Mar del Plata,Calle 3735,3252.0,Buenos Aires,BA
1334,2330,CABA,Calle 8638,7961.0,Buenos Aires,BA
1335,2331,Córdoba,Calle 1462,2850.0,Córdoba,CBA
1336,2332,Mar del Plata,Calle 2675,2768.0,Buenos Aires,BA
1337,2333,Mar del Plata,Calle 6679,5073.0,Buenos Aires,BA
1338,2334,Godoy Cruz,Calle 9115,6446.0,Mendoza,MZA
1339,2335,Godoy Cruz,Calle 4562,5295.0,Mendoza,MZA
1340,2336,Villa Carlos Paz,Calle 5209,5737.0,Córdoba,CBA
1341,2337,Mar del Plata,Calle 6823,8933.0,Buenos Aires,BA
1342,2338,Rosario,Calle 4239,9957.0,Santa Fe,SF
1343,2339,San Rafael,Calle 47,2587.0,Mendoza,MZA
1344,2340,La Plata,Calle 6779,6348.0,Buenos Aires,BA
1345,2341,San Rafael,Calle 6170,9821.0,Mendoza,MZA
1346,2342,Río Cuarto,Calle 6486,6105.0,Córdoba,CBA
1347,2343,La Plata,Calle 1480,6137.0,Buenos Aires,BA
1348,2344,Mar del Plata,Calle 2209,1959.0,Buenos Aires,BA
1349,2345,Mendoza,Calle 6251,2857.0,Mendoza,MZA
1350,2346,La Plata,Calle 1014,4393.0,Buenos Aires,BA
1351,2347,La Plata,Calle 2061,6368.0,Buenos Aires,BA
1352,2348,Villa Carlos Paz,Calle 7955,5933.0,Córdoba,CBA
1353,2349,Mar del Plata,Calle 4100,7165.0,Buenos Aires,BA
1354,2350,Villa Carlos Paz,Calle 9122,9151.0,Córdoba,CBA
1355,2351,La Plata,Calle 4295,6156.0,Buenos Aires,BA
1356,2352,Santa Fe,Calle 7260,8382.0,Santa Fe,SF
1357,2353,Rosario,Calle 3151,7965.0,Santa Fe,SF
1358,2354,La Plata,Calle 4229,4019.0,Buenos Aires,BA
1359,2355,La Plata,Calle 888,6685.0,Buenos Aires,BA
1360,2356,Mendoza,Calle 6972,3865.0,Mendoza,MZA
1361,2357,La Plata,Calle 7016,6089.0,Buenos Aires,BA
1362,2358,La Plata,Calle 1104,2295.0,Buenos Aires,BA
1363,2359,CABA,Calle 1513,9739.0,Buenos Aires,BA
1364,2360,Córdoba,Calle 101,8775.0,Córdoba,CBA
1365,2361,Godoy Cruz,Calle 8103,2296.0,Mendoza,MZA
1366,2362,Villa Carlos Paz,Calle 7276,3210.0,Córdoba,CBA
1367,2363,Rosario,Calle 6964,3697.0,Santa Fe,SF
1368,2364,La Plata,Calle 3749,4735.0,Buenos Aires,BA
1369,2365,Mar del Plata,Calle 6323,6740.0,Buenos Aires,BA
1370,2366,La Plata,Calle 8423,3021.0,Buenos Aires,BA
1371,2367,Córdoba,Calle 8249,5396.0,Córdoba,CBA
1372,2368,La Plata,Calle 4170,5672.0,Buenos Aires,BA
1373,2369,CABA,Calle 3225,4171.0,Buenos Aires,BA
1374,2370,Godoy Cruz,Calle 4678,2390.0,Mendoza,MZA
1375,2371,La Plata,Calle 3380,3725.0,Buenos Aires,BA
1376,2372,CABA,Calle 9095,2192.0,Buenos Aires,BA
1377,2373,CABA,Calle 8895,5045.0,Buenos Aires,BA
1378,2374,Mar del Plata,Calle 3185,6324.0,Buenos Aires,BA
1379,2375,CABA,Calle 4371,4760.0,Buenos Aires,BA
1380,2376,Mar del Plata,Calle 1702,8217.0,Buenos Aires,BA
1381,2377,Mar del Plata,Calle 1098,5568.0,Buenos Aires,BA
1382,2378,Mar del Plata,Calle 5890,1876.0,Buenos Aires,BA
1383,2379,Mar del Plata,Calle 5925,4562.0,Buenos Aires,BA
1384,2380,Río Cuarto,Calle 1756,4947.0,Córdoba,CBA
1385,2381,La Plata,Calle 8231,9828.0,Buenos Aires,BA
1386,2382,Rafaela,Calle 9491,1998.0,Santa Fe,SF
1387,2383,Godoy Cruz,Calle 7885,8853.0,Mendoza,MZA
1388,2384,La Plata,Calle 2254,1596.0,Buenos Aires,BA
1389,2385,Rafaela,Calle 8855,3867.0,Santa Fe,SF
1390,2386,CABA,Calle 9122,3666.0,Buenos Aires,BA
1391,2387,Mar del Plata,Calle 1691,1492.0,Buenos Aires,BA
1392,2388,Mendoza,Calle 9283,4474.0,Mendoza,MZA
1393,2389,CABA,Calle 1917,3879.0,Buenos Aires,BA
1394,2390,Mar del Plata,Calle 8553,7216.0,Buenos Aires,BA
1395,2391,CABA,Calle 8322,7328.0,Buenos Aires,BA
1396,2392,CABA,Calle 4842,2522.0,Buenos Aires,BA
1397,2393,Mar del Plata,Calle 3855,4997.0,Buenos Aires,BA
1398,2394,Córdoba,Calle 7907,4194.0,Córdoba,CBA
1399,2395,Mar del Plata,Calle 5184,1059.0,Buenos Aires,BA
1400,2396,Córdoba,Calle 7489,7063.0,Córdoba,CBA
1401,2397,San Rafael,Calle 9640,6429.0,Mendoza,MZA
1402,2398,Mendoza,Calle 7142,7915.0,Mendoza,MZA
1403,2399,CABA,Calle 6439,2479.0,Buenos Aires,BA
1404,2400,Mendoza,Calle 7324,7534.0,Mendoza,MZA
1405,2401,Santa Fe,Calle 688,7017.0,Santa Fe,SF
1406,2402,Santa Fe,Calle 6877,3307.0,Santa Fe,SF
1407,2403,Mar del Plata,Calle 9251,7363.0,Buenos Aires,BA
1408,2404,Rafaela,Calle 3836,8741.0,Santa Fe,SF
1409,2405,San Rafael,Calle 7952,1501.0,Mendoza,MZA
1410,2406,Santa Fe,Calle 2960,8446.0,Santa Fe,SF
1411,2407,Mar del Plata,Calle 3879,3174.0,Buenos Aires,BA
1412,2408,Santa Fe,Calle 7448,7228.0,Santa Fe,SF
1413,2409,CABA,Calle 9066,3280.0,Buenos Aires,BA
1414,2410,Santa Fe,Calle 5499,8545.0,Santa Fe,SF
1415,2411,Mar del Plata,Calle 1479,8999.0,Buenos Aires,BA
1416,2412,CABA,Calle 1223,5592.0,Buenos Aires,BA
1417,2413,Río Cuarto,Calle 6600,3900.0,Córdoba,CBA
1418,2414,La Plata,Calle 5477,8360.0,Buenos Aires,BA
1419,2415,Santa Fe,Calle 6004,6678.0,Santa Fe,SF
1420,2416,CABA,Calle 5226,1047.0,Buenos Aires,BA
1421,2417,La Plata,Calle 8142,1815.0,Buenos Aires,BA
1422,2418,Córdoba,Calle 5607,8526.0,Córdoba,CBA
1423,2419,CABA,Calle 4563,6375.0,Buenos Aires,BA
1424,2420,CABA,Calle 7955,3636.0,Buenos Aires,BA
1425,2421,Córdoba,Calle 1477,7381.0,Córdoba,CBA
1426,2422,Godoy Cruz,Calle 103,6757.0,Mendoza,MZA
1427,2423,Córdoba,Calle 1499,1016.0,Córdoba,CBA
1428,2424,Rosario,Calle 1412,2324.0,Santa Fe,SF
1429,2425,Córdoba,Calle 7219,4270.0,Córdoba,CBA
1430,2426,CABA,Calle 7049,1075.0,Buenos Aires,BA
1431,2427,Mar del Plata,Calle 1420,6361.0,Buenos Aires,BA
1432,2428,Mar del Plata,Calle 2308,7769.0,Buenos Aires,BA
1433,2429,Villa Carlos Paz,Calle 5647,5571.0,Córdoba,CBA
1434,2430,Santa Fe,Calle 1444,8768.0,Santa Fe,SF
1435,2431,Rafaela,Calle 1355,1581.0,Santa Fe,SF
1436,2432,CABA,Calle 5764,4633.0,Buenos Aires,BA
1437,2433,La Plata,Calle 3496,5194.0,Buenos Aires,BA
1438,2434,Rosario,Calle 5528,7645.0,Santa Fe,SF
1439,2435,Godoy Cruz,Calle 638,4174.0,Mendoza,MZA
1440,2436,Mar del Plata,Calle 4119,9964.0,Buenos Aires,BA
1441,2437,Godoy Cruz,Calle 3734,7650.0,Mendoza,MZA
1442,2438,La Plata,Calle 5473,5533.0,Buenos Aires,BA
1443,2439,La Plata,Calle 5498,7505.0,Buenos Aires,BA
1444,2440,CABA,Calle 160,6317.0,Buenos Aires,BA
1445,2441,Mar del Plata,Calle 5071,4826.0,Buenos Aires,BA
1446,2442,Mendoza,Calle 7581,1312.0,Mendoza,MZA
1447,2443,La Plata,Calle 7294,3902.0,Buenos Aires,BA
1448,2444,Villa Carlos Paz,Calle 6078,2362.0,Córdoba,CBA
1449,2445,Mendoza,Calle 2216,6854.0,Mendoza,MZA
1450,2446,La Plata,Calle 832,6525.0,Buenos Aires,BA
1451,2447,Rosario,Calle 5686,8211.0,Santa Fe,SF
1452,2448,La Plata,Calle 719,4133.0,Buenos Aires,BA
1453,2449,Mar del Plata,Calle 812,1459.0,Buenos Aires,BA
1454,2450,Córdoba,Calle 789,4542.0,Córdoba,CBA
1455,2451,Rosario,Calle 3331,1049.0,Santa Fe,SF
1456,2452,CABA,Calle 3515,2055.0,Buenos Aires,BA
1457,2453,Mar del Plata,Calle 1537,3855.0,Buenos Aires,BA
1458,2454,CABA,Calle 6125,3400.0,Buenos Aires,BA
1459,2455,CABA,Calle 545,1213.0,Buenos Aires,BA
1460,2456,La Plata,Calle 8971,8196.0,Buenos Aires,BA
1461,2457,Mar del Plata,Calle 3959,3053.0,Buenos Aires,BA
1462,2458,Río Cuarto,Calle 4735,4686.0,Córdoba,CBA
1463,2459,La Plata,Calle 7512,6375.0,Buenos Aires,BA
1464,2460,Mar del Plata,Calle 5701,4481.0,Buenos Aires,BA
1465,2461,CABA,Calle 6409,8526.0,Buenos Aires,BA
1466,2462,Mar del Plata,Calle 1002,4585.0,Buenos Aires,BA
1467,2463,CABA,Calle 1143,1652.0,Buenos Aires,BA
1468,2464,Rosario,Calle 5836,9362.0,Santa Fe,SF
1469,2465,CABA,Calle 1912,8275.0,Buenos Aires,BA
1470,2466,Rafaela,Calle 107,8479.0,Santa Fe,SF
1471,2467,Rafaela,Calle 9118,4048.0,Santa Fe,SF
1472,2468,Mar del Plata,Calle 9726,7475.0,Buenos Aires,BA
1473,2469,CABA,Calle 6867,3317.0,Buenos Aires,BA
1474,2470,Mar del Plata,Calle 3057,8591.0,Buenos Aires,BA
1475,2471,Córdoba,Calle 18,6640.0,Córdoba,CBA
1476,2472,Mar del Plata,Calle 101,3756.0,Buenos Aires,BA
1477,2473,Río Cuarto,Calle 2801,9556.0,Córdoba,CBA
1478,2474,Río Cuarto,Calle 5998,2743.0,Córdoba,CBA
1479,2475,CABA,Calle 8775,6127.0,Buenos Aires,BA
1480,2476,Villa Carlos Paz,Calle 2744,7254.0,Córdoba,CBA
1481,2477,Mar del Plata,Calle 825,9765.0,Buenos Aires,BA
1482,2478,La Plata,Calle 9973,3824.0,Buenos Aires,BA
1483,2479,La Plata,Calle 876,3754.0,Buenos Aires,BA
1484,2480,CABA,Calle 2911,9792.0,Buenos Aires,BA
1485,2481,Córdoba,Calle 2217,5128.0,Córdoba,CBA
1486,2482,La Plata,Calle 4568,9599.0,Buenos Aires,BA
1487,2483,La Plata,Calle 9459,1167.0,Buenos Aires,BA
1488,2484,Río Cuarto,Calle 214,1830.0,Córdoba,CBA
1489,2485,San Rafael,Calle 2446,8191.0,Mendoza,MZA
1490,2486,CABA,Calle 1692,1678.0,Buenos Aires,BA
1491,2487,La Plata,Calle 5497,7485.0,Buenos Aires,BA
1492,2488,CABA,Calle 5644,8208.0,Buenos Aires,BA
1493,2489,La Plata,Calle 9578,3163.0,Buenos Aires,BA
1494,2490,Río Cuarto,Calle 2653,2212.0,Córdoba,CBA
1495,2491,Mar del Plata,Calle 670,2955.0,Buenos Aires,BA
1496,2492,Mar del Plata,Calle 8868,7420.0,Buenos Aires,BA
1497,2493,CABA,Calle 3327,1229.0,Buenos Aires,BA
1498,2494,La Plata,Calle 9129,8544.0,Buenos Aires,BA
1499,2495,Mar del Plata,Calle 6456,6931.0,Buenos Aires,BA
1500,2496,Mar del Plata,Calle 4702,8224.0,Buenos Aires,BA
1501,2497,CABA,Calle 5017,7829.0,Buenos Aires,BA
1502,2498,Mar del Plata,Calle 9905,4109.0,Buenos Aires,BA
1503,2499,Santa Fe,Calle 2207,5841.0,Santa Fe,SF
1504,2500,La Plata,Calle 2252,5367.0,Buenos Aires,BA
1505,2501,Mar del Plata,Calle 8409,2607.0,Buenos Aires,BA
1506,2502,CABA,Calle 5098,5319.0,Buenos Aires,BA
1507,2503,La Plata,Calle 3923,8551.0,Buenos Aires,BA
1508,2504,Rafaela,Calle 944,4684.0,Santa Fe,SF
1509,2505,CABA,Calle 570,2289.0,Buenos Aires,BA
1510,2506,Rafaela,Calle 8184,5375.0,Santa Fe,SF
1511,2507,Rafaela,Calle 6397,9181.0,Santa Fe,SF
1512,2508,Santa Fe,Calle 9615,6496.0,Santa Fe,SF
1513,2509,CABA,Calle 7154,5437.0,Buenos Aires,BA
1514,2510,Mar del Plata,Calle 9743,8059.0,Buenos Aires,BA
1515,2511,Mendoza,Calle 1296,7061.0,Mendoza,MZA
1516,2512,CABA,Calle 9383,9323.0,Buenos Aires,BA
1517,2513,Rosario,Calle 6539,7081.0,Santa Fe,SF
1518,2514,La Plata,Calle 2978,8425.0,Buenos Aires,BA
1519,2515,La Plata,Calle 9643,7304.0,Buenos Aires,BA
1520,2516,Godoy Cruz,Calle 863,5060.0,Mendoza,MZA
1521,2517,Mendoza,Calle 4932,1914.0,Mendoza,MZA
1522,2518,Córdoba,Calle 7503,1491.0,Córdoba,CBA
1523,2519,Río Cuarto,Calle 1999,3736.0,Córdoba,CBA
1524,2520,Mendoza,Calle 6036,2513.0,Mendoza,MZA
1525,2521,CABA,Calle 3427,3887.0,Buenos Aires,BA
1526,2522,Rafaela,Calle 7548,1796.0,Santa Fe,SF
1527,2523,Mar del Plata,Calle 2681,9667.0,Buenos Aires,BA
1528,2524,Rafaela,Calle 2419,8421.0,Santa Fe,SF
1529,2525,Villa Carlos Paz,Calle 5308,8668.0,Córdoba,CBA
1530,2526,CABA,Calle 765,3498.0,Buenos Aires,BA
1531,2527,Mendoza,Calle 403,1595.0,Mendoza,MZA
1532,2528,Godoy Cruz,Calle 2920,6065.0,Mendoza,MZA
1533,2529,Mar del Plata,Calle 3193,5933.0,Buenos Aires,BA
1534,2530,San Rafael,Calle 2023,9099.0,Mendoza,MZA
1535,2531,Mendoza,Calle 1993,6751.0,Mendoza,MZA
1536,2532,La Plata,Calle 2884,8940.0,Buenos Aires,BA
1537,2533,Mar del Plata,Calle 6120,4844.0,Buenos Aires,BA
1538,2534,Mar del Plata,Calle 7254,9555.0,Buenos Aires,BA
1539,2535,La Plata,Calle 7761,6800.0,Buenos Aires,BA
1540,2536,La Plata,Calle 6994,1569.0,Buenos Aires,BA
1541,2537,CABA,Calle 9032,7374.0,Buenos Aires,BA
1542,2538,Rosario,Calle 8285,1632.0,Santa Fe,SF
1543,2539,CABA,Calle 2556,4641.0,Buenos Aires,BA
1544,2540,Río Cuarto,Calle 2997,8122.0,Córdoba,CBA
1545,2541,La Plata,Calle 6596,8251.0,Buenos Aires,BA
1546,2542,CABA,Calle 3551,3644.0,Buenos Aires,BA
1547,2543,CABA,Calle 9953,6670.0,Buenos Aires,BA
1548,2544,San Rafael,Calle 9275,3926.0,Mendoza,MZA
1549,2545,La Plata,Calle 2999,7088.0,Buenos Aires,BA
1550,2546,Mendoza,Calle 7845,9709.0,Mendoza,MZA
1551,2547,Mar del Plata,Calle 8058,1103.0,Buenos Aires,BA
1552,2548,Córdoba,Calle 9157,3432.0,Córdoba,CBA
1553,2549,Rosario,Calle 3601,1939.0,Santa Fe,SF
1554,2550,Rafaela,Calle 6543,6986.0,Santa Fe,SF
1555,2551,Mar del Plata,Calle 4536,6217.0,Buenos Aires,BA
1556,2552,Córdoba,Calle 1103,5385.0,Córdoba,CBA
1557,2553,Mar del Plata,Calle 5607,1277.0,Buenos Aires,BA
1558,2554,Villa Carlos Paz,Calle 9707,8386.0,Córdoba,CBA
1559,2555,CABA,Calle 987,1297.0,Buenos Aires,BA
1560,2556,CABA,Calle 245,2574.0,Buenos Aires,BA
1561,2557,Córdoba,Calle 2453,4991.0,Córdoba,CBA
1562,2558,San Rafael,Calle 6612,7651.0,Mendoza,MZA
1563,2559,Río Cuarto,Calle 7776,7985.0,Córdoba,CBA
1564,2560,Rosario,Calle 1310,8173.0,Santa Fe,SF
1565,2561,Córdoba,Calle 7543,9924.0,Córdoba,CBA
1566,2562,Mar del Plata,Calle 3408,4326.0,Buenos Aires,BA
1567,2563,Río Cuarto,Calle 6263,1505.0,Córdoba,CBA
1568,2564,Río Cuarto,Calle 5487,3371.0,Córdoba,CBA
1569,2565,Mar del Plata,Calle 1135,8967.0,Buenos Aires,BA
1570,2566,La Plata,Calle 9225,8863.0,Buenos Aires,BA
1571,2567,Córdoba,Calle 2299,7482.0,Córdoba,CBA
1572,2568,Mar del Plata,Calle 7132,8337.0,Buenos Aires,BA
1573,2569,Mendoza,Calle 6878,7989.0,Mendoza,MZA
1574,2570,La Plata,Calle 542,6783.0,Buenos Aires,BA
1575,2571,Villa Carlos Paz,Calle 3264,5462.0,Córdoba,CBA
1576,2572,CABA,Calle 7609,6867.0,Buenos Aires,BA
1577,2573,Villa Carlos Paz,Calle 3650,7077.0,Córdoba,CBA
1578,2574,Córdoba,Calle 6030,9667.0,Córdoba,CBA
1579,2575,Mar del Plata,Calle 3382,2283.0,Buenos Aires,BA
1580,2576,Río Cuarto,Calle 9169,6712.0,Córdoba,CBA
1581,2577,La Plata,Calle 4064,5786.0,Buenos Aires,BA
1582,2578,La Plata,Calle 1196,7480.0,Buenos Aires,BA
1583,2579,Rosario,Calle 4235,5670.0,Santa Fe,SF
1584,2580,Villa Carlos Paz,Calle 6717,3393.0,Córdoba,CBA
1585,2581,La Plata,Calle 8201,4580.0,Buenos Aires,BA
1586,2582,Río Cuarto,Calle 9546,3583.0,Córdoba,CBA
1587,2583,San Rafael,Calle 7300,2886.0,Mendoza,MZA
1588,2584,Santa Fe,Calle 5355,4157.0,Santa Fe,SF
1589,2585,Villa Carlos Paz,Calle 6071,3058.0,Córdoba,CBA
1590,2586,CABA,Calle 4945,5987.0,Buenos Aires,BA
1591,2587,Mendoza,Calle 3661,3317.0,Mendoza,MZA
1592,2588,CABA,Calle 3343,7446.0,Buenos Aires,BA
1593,2589,Mar del Plata,Calle 6417,8722.0,Buenos Aires,BA
1594,2590,Villa Carlos Paz,Calle 1293,2126.0,Córdoba,CBA
1595,2591,Río Cuarto,Calle 4889,7497.0,Córdoba,CBA
1596,2592,CABA,Calle 3651,1787.0,Buenos Aires,BA
1597,2593,CABA,Calle 3122,1548.0,Buenos Aires,BA
1598,2594,La Plata,Calle 4797,4406.0,Buenos Aires,BA
1599,2595,CABA,Calle 7386,9264.0,Buenos Aires,BA
1600,2596,Rafaela,Calle 460,3307.0,Santa Fe,SF
1601,2597,Mar del Plata,Calle 822,8983.0,Buenos Aires,BA
1602,2598,Rosario,Calle 7632,5949.0,Santa Fe,SF
1603,2599,Rosario,Calle 2543,1768.0,Santa Fe,SF
1604,2600,Mar del Plata,Calle 9987,6543.0,Buenos Aires,BA
1605,2601,La Plata,Calle 2613,9524.0,Buenos Aires,BA
1606,2602,Córdoba,Calle 153,6409.0,Córdoba,CBA
1607,2603,Córdoba,Calle 3532,1359.0,Córdoba,CBA
1608,2604,La Plata,Calle 7676,8008.0,Buenos Aires,BA
1609,2605,CABA,Calle 7169,6691.0,Buenos Aires,BA
1610,2606,Mar del Plata,Calle 929,4450.0,Buenos Aires,BA
1611,2607,CABA,Calle 3782,8989.0,Buenos Aires,BA
1612,2608,CABA,Calle 4438,3081.0,Buenos Aires,BA
1613,2609,CABA,Calle 9528,8441.0,Buenos Aires,BA
1614,2610,San Rafael,Calle 2170,1958.0,Mendoza,MZA
1615,2611,Rafaela,Calle 6777,2664.0,Santa Fe,SF
1616,2612,Río Cuarto,Calle 8114,2734.0,Córdoba,CBA
1617,2613,Mendoza,Calle 6330,9795.0,Mendoza,MZA
1618,2614,Mar del Plata,Calle 7687,9286.0,Buenos Aires,BA
1619,2615,La Plata,Calle 9811,7312.0,Buenos Aires,BA
1620,2616,Santa Fe,Calle 4174,5053.0,Santa Fe,SF
1621,2617,CABA,Calle 7396,2633.0,Buenos Aires,BA
1622,2618,CABA,Calle 1954,4861.0,Buenos Aires,BA
1623,2619,San Rafael,Calle 6815,2211.0,Mendoza,MZA
1624,2620,Santa Fe,Calle 4774,3474.0,Santa Fe,SF
1625,2621,Mar del Plata,Calle 4126,6215.0,Buenos Aires,BA
1626,2622,CABA,Calle 2876,5170.0,Buenos Aires,BA
1627,2623,La Plata,Calle 2979,5739.0,Buenos Aires,BA
1628,2624,La Plata,Calle 2887,5270.0,Buenos Aires,BA
1629,2625,Rosario,Calle 3200,9840.0,Santa Fe,SF
1630,2626,La Plata,Calle 4824,5992.0,Buenos Aires,BA
1631,2627,Santa Fe,Calle 8333,1192.0,Santa Fe,SF
1632,2628,CABA,Calle 170,9314.0,Buenos Aires,BA
1633,2629,La Plata,Calle 3105,5216.0,Buenos Aires,BA
1634,2630,Mar del Plata,Calle 3428,7784.0,Buenos Aires,BA
1635,2631,La Plata,Calle 8160,3621.0,Buenos Aires,BA
1636,2632,Córdoba,Calle 6855,9892.0,Córdoba,CBA
1637,2633,Mar del Plata,Calle 2193,3583.0,Buenos Aires,BA
1638,2634,Córdoba,Calle 1169,1688.0,Córdoba,CBA
1639,2635,Villa Carlos Paz,Calle 9529,5003.0,Córdoba,CBA
1640,2636,Córdoba,Calle 6695,3947.0,Córdoba,CBA
1641,2637,CABA,Calle 5493,6564.0,Buenos Aires,BA
1642,2638,Mar del Plata,Calle 1753,1714.0,Buenos Aires,BA
1643,2639,Córdoba,Calle 2573,3896.0,Córdoba,CBA
1644,2640,CABA,Calle 1250,9378.0,Buenos Aires,BA
1645,2641,Río Cuarto,Calle 2518,9778.0,Córdoba,CBA
1646,2642,Godoy Cruz,Calle 139,9697.0,Mendoza,MZA
1647,2643,Mar del Plata,Calle 959,3188.0,Buenos Aires,BA
1648,2644,La Plata,Calle 2911,8245.0,Buenos Aires,BA
1649,2645,La Plata,Calle 8533,7581.0,Buenos Aires,BA
1650,2646,Godoy Cruz,Calle 5093,3118.0,Mendoza,MZA
1651,2647,CABA,Calle 1832,3372.0,Buenos Aires,BA
1652,2648,CABA,Calle 281,1745.0,Buenos Aires,BA
1653,2649,La Plata,Calle 8715,8956.0,Buenos Aires,BA
1654,2650,San Rafael,Calle 1834,3513.0,Mendoza,MZA
1655,2651,Río Cuarto,Calle 4550,3635.0,Córdoba,CBA
1656,2652,Córdoba,Calle 9004,8077.0,Córdoba,CBA
1657,2653,Mar del Plata,Calle 2755,1088.0,Buenos Aires,BA
1658,2654,San Rafael,Calle 2643,9912.0,Mendoza,MZA
1659,2655,CABA,Calle 64,6351.0,Buenos Aires,BA
1660,2656,Mar del Plata,Calle 3850,6820.0,Buenos Aires,BA
1661,2657,Villa Carlos Paz,Calle 2801,1977.0,Córdoba,CBA
1662,2658,Mar del Plata,Calle 7082,4998.0,Buenos Aires,BA
1663,2659,Mar del Plata,Calle 3389,4339.0,Buenos Aires,BA
1664,2660,Santa Fe,Calle 1365,9885.0,Santa Fe,SF
1665,2661,La Plata,Calle 1717,2780.0,Buenos Aires,BA
1666,2662,Mendoza,Calle 2541,4295.0,Mendoza,MZA
1667,2663,Córdoba,Calle 1625,6723.0,Córdoba,CBA
1668,2664,Mar del Plata,Calle 1038,1324.0,Buenos Aires,BA
1669,2665,Godoy Cruz,Calle 8078,7922.0,Mendoza,MZA
1670,2666,Rosario,Calle 103,5364.0,Santa Fe,SF
1671,2667,Rafaela,Calle 2088,7713.0,Santa Fe,SF
1672,2668,Mar del Plata,Calle 1814,9736.0,Buenos Aires,BA
1673,2669,La Plata,Calle 5734,1272.0,Buenos Aires,BA
1674,2670,Villa Carlos Paz,Calle 6040,3798.0,Córdoba,CBA
1675,2671,Córdoba,Calle 2267,6047.0,Córdoba,CBA
1676,2672,Córdoba,Calle 5627,8129.0,Córdoba,CBA
1677,2673,Rafaela,Calle 4881,8291.0,Santa Fe,SF
1678,2674,Córdoba,Calle 6751,2031.0,Córdoba,CBA
1679,2675,Villa Carlos Paz,Calle 7937,8492.0,Córdoba,CBA
1680,2676,Villa Carlos Paz,Calle 4177,7645.0,Córdoba,CBA
1681,2677,Mar del Plata,Calle 3171,2843.0,Buenos Aires,BA
1682,2678,La Plata,Calle 7510,4379.0,Buenos Aires,BA
1683,2679,Río Cuarto,Calle 8737,9744.0,Córdoba,CBA
1684,2680,La Plata,Calle 162,1162.0,Buenos Aires,BA
1685,2681,Mendoza,Calle 515,8515.0,Mendoza,MZA
1686,2682,La Plata,Calle 9059,9918.0,Buenos Aires,BA
1687,2683,La Plata,Calle 5875,1008.0,Buenos Aires,BA
1688,2684,Rafaela,Calle 9103,6404.0,Santa Fe,SF
1689,2685,Mar del Plata,Calle 9029,5291.0,Buenos Aires,BA
1690,2686,Villa Carlos Paz,Calle 3876,7071.0,Córdoba,CBA
1691,2687,CABA,Calle 753,7607.0,Buenos Aires,BA
1692,2688,Río Cuarto,Calle 5831,6856.0,Córdoba,CBA
1693,2689,Mar del Plata,Calle 4278,9869.0,Buenos Aires,BA
1694,2690,Mar del Plata,Calle 849,2938.0,Buenos Aires,BA
1695,2691,La Plata,Calle 573,8007.0,Buenos Aires,BA
1696,2692,Rosario,Calle 780,5964.0,Santa Fe,SF
1697,2693,Mar del Plata,Calle 709,6618.0,Buenos Aires,BA
1698,2694,Villa Carlos Paz,Calle 6132,7190.0,Córdoba,CBA
1699,2695,Rosario,Calle 1915,8826.0,Santa Fe,SF
1700,2696,La Plata,Calle 2921,1129.0,Buenos Aires,BA
1701,2697,Mar del Plata,Calle 4832,9174.0,Buenos Aires,BA
1702,2698,La Plata,Calle 4974,7100.0,Buenos Aires,BA
1703,2699,Villa Carlos Paz,Calle 2798,6120.0,Córdoba,CBA
1704,2700,CABA,Calle 2248,4574.0,Buenos Aires,BA
1705,2701,Mar del Plata,Calle 924,7461.0,Buenos Aires,BA
1706,2702,Córdoba,Calle 1114,3345.0,Córdoba,CBA
1707,2703,La Plata,Calle 4436,6677.0,Buenos Aires,BA
1708,2704,Mar del Plata,Calle 5264,3964.0,Buenos Aires,BA
1709,2705,La Plata,Calle 2293,7653.0,Buenos Aires,BA
1710,2706,Godoy Cruz,Calle 8016,8350.0,Mendoza,MZA
1711,2707,CABA,Calle 8669,6054.0,Buenos Aires,BA
1712,2708,La Plata,Calle 5035,6998.0,Buenos Aires,BA
1713,2709,CABA,Calle 4876,2837.0,Buenos Aires,BA
1714,2710,Mar del Plata,Calle 4920,4267.0,Buenos Aires,BA
1715,2711,Mar del Plata,Calle 3329,9000.0,Buenos Aires,BA
1716,2712,CABA,Calle 3199,7902.0,Buenos Aires,BA
1717,2713,Rosario,Calle 3294,7997.0,Santa Fe,SF
1718,2714,Mar del Plata,Calle 8765,6777.0,Buenos Aires,BA
1719,2715,La Plata,Calle 3217,4013.0,Buenos Aires,BA
1720,2716,Villa Carlos Paz,Calle 2975,7694.0,Córdoba,CBA
1721,2717,Rosario,Calle 5365,9386.0,Santa Fe,SF
1722,2718,Mar del Plata,Calle 1760,4080.0,Buenos Aires,BA
1723,2719,La Plata,Calle 8136,8253.0,Buenos Aires,BA
1724,2720,San Rafael,Calle 6513,4677.0,Mendoza,MZA
1725,2721,Rosario,Calle 9629,7161.0,Santa Fe,SF
1726,2722,La Plata,Calle 863,1605.0,Buenos Aires,BA
1727,2723,Mar del Plata,Calle 9079,1277.0,Buenos Aires,BA
1728,2724,San Rafael,Calle 5577,9852.0,Mendoza,MZA
1729,2725,Villa Carlos Paz,Calle 4711,7387.0,Córdoba,CBA
1730,2726,Río Cuarto,Calle 8466,7073.0,Córdoba,CBA
1731,2727,La Plata,Calle 8033,9518.0,Buenos Aires,BA
1732,2728,San Rafael,Calle 1822,3350.0,Mendoza,MZA
1733,2729,Mar del Plata,Calle 7582,3255.0,Buenos Aires,BA
1734,2730,CABA,Calle 9969,1235.0,Buenos Aires,BA
1735,2731,Rafaela,Calle 4903,5356.0,Santa Fe,SF
1736,2732,CABA,Calle 8571,2359.0,Buenos Aires,BA
1737,2733,Río Cuarto,Calle 487,8117.0,Córdoba,CBA
1738,2734,CABA,Calle 9472,9827.0,Buenos Aires,BA
1739,2735,La Plata,Calle 9445,2726.0,Buenos Aires,BA
1740,2736,CABA,Calle 6069,7929.0,Buenos Aires,BA
1741,2737,La Plata,Calle 1466,9267.0,Buenos Aires,BA
1742,2738,Rafaela,Calle 7614,4197.0,Santa Fe,SF
1743,2739,Córdoba,Calle 1992,2307.0,Córdoba,CBA
1744,2740,Mar del Plata,Calle 2059,3202.0,Buenos Aires,BA
1745,2741,CABA,Calle 6990,9701.0,Buenos Aires,BA
1746,2742,Rosario,Calle 8230,5643.0,Santa Fe,SF
1747,2743,CABA,Calle 4905,4384.0,Buenos Aires,BA
1748,2744,La Plata,Calle 8699,7587.0,Buenos Aires,BA
1749,2745,Mendoza,Calle 3556,5019.0,Mendoza,MZA
1750,2746,Mar del Plata,Calle 989,9921.0,Buenos Aires,BA
1751,2747,Godoy Cruz,Calle 1481,8378.0,Mendoza,MZA
1752,2748,La Plata,Calle 6322,4046.0,Buenos Aires,BA
1753,2749,CABA,Calle 1660,7437.0,Buenos Aires,BA
1754,2750,Río Cuarto,Calle 3932,8486.0,Córdoba,CBA
1755,2751,Rafaela,Calle 9741,7715.0,Santa Fe,SF
1756,2752,CABA,Calle 4834,7188.0,Buenos Aires,BA
1757,2753,Mar del Plata,Calle 6754,8566.0,Buenos Aires,BA
1758,2754,Córdoba,Calle 5485,7710.0,Córdoba,CBA
1759,2755,La Plata,Calle 2039,3217.0,Buenos Aires,BA
1760,2756,Mendoza,Calle 4327,4416.0,Mendoza,MZA
1761,2757,Mar del Plata,Calle 1679,5433.0,Buenos Aires,BA
1762,2758,Mar del Plata,Calle 3767,1354.0,Buenos Aires,BA
1763,2759,Córdoba,Calle 6855,1058.0,Córdoba,CBA
1764,2760,Mar del Plata,Calle 4559,5417.0,Buenos Aires,BA
1765,2761,Santa Fe,Calle 1834,9808.0,Santa Fe,SF
1766,2762,La Plata,Calle 2020,1348.0,Buenos Aires,BA
1767,2763,Rafaela,Calle 1964,1575.0,Santa Fe,SF
1768,2764,CABA,Calle 9678,9310.0,Buenos Aires,BA
1769,2765,La Plata,Calle 7262,9388.0,Buenos Aires,BA
1770,2766,Córdoba,Calle 6631,1228.0,Córdoba,CBA
1771,2767,Mar del Plata,Calle 139,6719.0,Buenos Aires,BA
1772,2768,Mar del Plata,Calle 6868,7486.0,Buenos Aires,BA
1773,2769,CABA,Calle 648,4811.0,Buenos Aires,BA
1774,2770,Río Cuarto,Calle 5835,1119.0,Córdoba,CBA
1775,2771,Rosario,Calle 323,5458.0,Santa Fe,SF
1776,2772,Córdoba,Calle 4436,1974.0,Córdoba,CBA
1777,2773,Villa Carlos Paz,Calle 1619,5539.0,Córdoba,CBA
1778,2774,Mendoza,Calle 9624,3474.0,Mendoza,MZA
1779,2775,San Rafael,Calle 6667,7114.0,Mendoza,MZA
1780,2776,Godoy Cruz,Calle 2362,5342.0,Mendoza,MZA
1781,2777,CABA,Calle 1768,1580.0,Buenos Aires,BA
1782,2778,Mar del Plata,Calle 7072,4524.0,Buenos Aires,BA
1783,2779,CABA,Calle 8949,1918.0,Buenos Aires,BA
1784,2780,Rosario,Calle 9742,7784.0,Santa Fe,SF
1785,2781,La Plata,Calle 3221,1163.0,Buenos Aires,BA
1786,2782,Mar del Plata,Calle 5129,9108.0,Buenos Aires,BA
1787,2783,Mar del Plata,Calle 202,8560.0,Buenos Aires,BA
1788,2784,CABA,Calle 7397,2788.0,Buenos Aires,BA
1789,2785,La Plata,Calle 9280,2238.0,Buenos Aires,BA
1790,2786,CABA,Calle 1966,5576.0,Buenos Aires,BA
1791,2787,Santa Fe,Calle 1818,8765.0,Santa Fe,SF
1792,2788,La Plata,Calle 4013,4695.0,Buenos Aires,BA
1793,2789,CABA,Calle 3010,7509.0,Buenos Aires,BA
1794,2790,CABA,Calle 3518,3325.0,Buenos Aires,BA
1795,2791,Villa Carlos Paz,Calle 7309,1370.0,Córdoba,CBA
1796,2792,Villa Carlos Paz,Calle 5786,3138.0,Córdoba,CBA
1797,2793,Mar del Plata,Calle 7629,3194.0,Buenos Aires,BA
1798,2794,San Rafael,Calle 5884,2834.0,Mendoza,MZA
1799,2795,CABA,Calle 1742,6237.0,Buenos Aires,BA
1800,2796,Córdoba,Calle 2798,5678.0,Córdoba,CBA
1801,2797,Santa Fe,Calle 7848,3079.0,Santa Fe,SF
1802,2798,CABA,Calle 159,6111.0,Buenos Aires,BA
1803,2799,Mar del Plata,Calle 3781,2794.0,Buenos Aires,BA
1804,2800,Mar del Plata,Calle 9294,5927.0,Buenos Aires,BA
1805,2801,Mar del Plata,Calle 8669,4233.0,Buenos Aires,BA
1806,2802,Godoy Cruz,Calle 8853,5430.0,Mendoza,MZA
1807,2803,Mendoza,Calle 8261,9647.0,Mendoza,MZA
1808,2804,La Plata,Calle 3072,3755.0,Buenos Aires,BA
1809,2805,Mendoza,Calle 8056,1238.0,Mendoza,MZA
1810,2806,Mendoza,Calle 3411,1337.0,Mendoza,MZA
1811,2807,La Plata,Calle 4075,8429.0,Buenos Aires,BA
1812,2808,Río Cuarto,Calle 80,2987.0,Córdoba,CBA
1813,2809,CABA,Calle 380,3494.0,Buenos Aires,BA
1814,2810,La Plata,Calle 3303,1732.0,Buenos Aires,BA
1815,2811,Mar del Plata,Calle 5519,9972.0,Buenos Aires,BA
1816,2812,La Plata,Calle 6366,1377.0,Buenos Aires,BA
1817,2813,CABA,Calle 4081,5002.0,Buenos Aires,BA
1818,2814,CABA,Calle 8576,7051.0,Buenos Aires,BA
1819,2815,CABA,Calle 9394,4098.0,Buenos Aires,BA
1820,2816,Rafaela,Calle 198,6307.0,Santa Fe,SF
1821,2817,La Plata,Calle 492,5102.0,Buenos Aires,BA
1822,2818,Río Cuarto,Calle 4479,3429.0,Córdoba,CBA
1823,2819,Mar del Plata,Calle 2261,3281.0,Buenos Aires,BA
1824,2820,San Rafael,Calle 8307,9410.0,Mendoza,MZA
1825,2821,Villa Carlos Paz,Calle 19,1551.0,Córdoba,CBA
1826,2822,CABA,Calle 8141,3227.0,Buenos Aires,BA
1827,2823,La Plata,Calle 3157,4641.0,Buenos Aires,BA
1828,2824,Mendoza,Calle 138,2551.0,Mendoza,MZA
1829,2825,San Rafael,Calle 5440,7859.0,Mendoza,MZA
1830,2826,Río Cuarto,Calle 5364,5699.0,Córdoba,CBA
1831,2827,CABA,Calle 997,4589.0,Buenos Aires,BA
1832,2828,La Plata,Calle 386,4969.0,Buenos Aires,BA
1833,2829,CABA,Calle 486,4285.0,Buenos Aires,BA
1834,2830,Río Cuarto,Calle 7000,3049.0,Córdoba,CBA
1835,2831,Villa Carlos Paz,Calle 8723,9155.0,Córdoba,CBA
1836,2832,La Plata,Calle 3677,7255.0,Buenos Aires,BA
1837,2833,Godoy Cruz,Calle 2912,4584.0,Mendoza,MZA
1838,2834,CABA,Calle 1755,4876.0,Buenos Aires,BA
1839,2835,Mar del Plata,Calle 3359,3439.0,Buenos Aires,BA
1840,2836,Mar del Plata,Calle 6912,9761.0,Buenos Aires,BA
1841,2837,La Plata,Calle 1664,8517.0,Buenos Aires,BA
1842,2838,CABA,Calle 8346,6752.0,Buenos Aires,BA
1843,2839,Mendoza,Calle 4523,7697.0,Mendoza,MZA
1844,2840,La Plata,Calle 4808,3615.0,Buenos Aires,BA
1845,2841,Villa Carlos Paz,Calle 247,9360.0,Córdoba,CBA
1846,2842,La Plata,Calle 4938,6131.0,Buenos Aires,BA
1847,2843,Santa Fe,Calle 879,7199.0,Santa Fe,SF
1848,2844,CABA,Calle 2471,5141.0,Buenos Aires,BA
1849,2845,La Plata,Calle 9419,5528.0,Buenos Aires,BA
1850,2846,Córdoba,Calle 2028,4204.0,Córdoba,CBA
1851,2847,Río Cuarto,Calle 2405,8029.0,Córdoba,CBA
1852,2848,La Plata,Calle 9614,2061.0,Buenos Aires,BA
1853,2849,Mar del Plata,Calle 6878,7638.0,Buenos Aires,BA
1854,2850,Rosario,Calle 5691,3977.0,Santa Fe,SF
1855,2851,La Plata,Calle 5096,2347.0,Buenos Aires,BA
1856,2852,CABA,Calle 1941,6094.0,Buenos Aires,BA
1857,2853,CABA,Calle 8138,1866.0,Buenos Aires,BA
1858,2854,CABA,Calle 3304,1810.0,Buenos Aires,BA
1859,2855,La Plata,Calle 532,8779.0,Buenos Aires,BA
1860,2856,Mar del Plata,Calle 8133,7798.0,Buenos Aires,BA
1861,2857,Rosario,Calle 6357,9312.0,Santa Fe,SF
1862,2858,Mar del Plata,Calle 4668,6974.0,Buenos Aires,BA
1863,2859,Córdoba,Calle 3376,6532.0,Córdoba,CBA
1864,2860,CABA,Calle 371,9562.0,Buenos Aires,BA
1865,2861,La Plata,Calle 9810,8666.0,Buenos Aires,BA
1866,2862,Mendoza,Calle 6992,8700.0,Mendoza,MZA
1867,2863,CABA,Calle 9761,5117.0,Buenos Aires,BA
1868,2864,CABA,Calle 8774,4714.0,Buenos Aires,BA
1869,2865,La Plata,Calle 9170,5698.0,Buenos Aires,BA
1870,2866,Mar del Plata,Calle 8996,9200.0,Buenos Aires,BA
1871,2867,Mar del Plata,Calle 4209,3211.0,Buenos Aires,BA
1872,2868,Rosario,Calle 2659,7298.0,Santa Fe,SF
1873,2869,Villa Carlos Paz,Calle 4253,1326.0,Córdoba,CBA
1874,2870,Rafaela,Calle 5842,5028.0,Santa Fe,SF
1875,2871,Córdoba,Calle 1466,7661.0,Córdoba,CBA
1876,2872,Santa Fe,Calle 1192,4564.0,Santa Fe,SF
1877,2873,Mar del Plata,Calle 8564,4471.0,Buenos Aires,BA
1878,2874,Córdoba,Calle 9469,9247.0,Córdoba,CBA
1879,2875,CABA,Calle 4939,2222.0,Buenos Aires,BA
1880,2876,CABA,Calle 768,2167.0,Buenos Aires,BA
1881,2877,La Plata,Calle 9013,7623.0,Buenos Aires,BA
1882,2878,Mar del Plata,Calle 5407,2531.0,Buenos Aires,BA
1883,2879,CABA,Calle 4525,3547.0,Buenos Aires,BA
1884,2880,Mar del Plata,Calle 6955,5043.0,Buenos Aires,BA
1885,2881,Mar del Plata,Calle 1822,8357.0,Buenos Aires,BA
1886,2882,CABA,Calle 2196,9155.0,Buenos Aires,BA
1887,2883,La Plata,Calle 4254,8567.0,Buenos Aires,BA
1888,2884,La Plata,Calle 310,8129.0,Buenos Aires,BA
1889,2885,Santa Fe,Calle 7579,6867.0,Santa Fe,SF
1890,2886,CABA,Calle 7548,3007.0,Buenos Aires,BA
1891,2887,La Plata,Calle 7876,8883.0,Buenos Aires,BA
1892,2888,La Plata,Calle 5211,4042.0,Buenos Aires,BA
1893,2889,CABA,Calle 4944,3966.0,Buenos Aires,BA
1894,2890,Mar del Plata,Calle 2831,9652.0,Buenos Aires,BA
1895,2891,Godoy Cruz,Calle 3047,1748.0,Mendoza,MZA
1896,2892,La Plata,Calle 2230,4389.0,Buenos Aires,BA
1897,2893,CABA,Calle 3384,8796.0,Buenos Aires,BA
1898,2894,Villa Carlos Paz,Calle 9892,9256.0,Córdoba,CBA
1899,2895,Villa Carlos Paz,Calle 495,4829.0,Córdoba,CBA
1900,2896,La Plata,Calle 6071,6682.0,Buenos Aires,BA
1901,2897,Río Cuarto,Calle 2373,2373.0,Córdoba,CBA
1902,2898,Villa Carlos Paz,Calle 7030,4143.0,Córdoba,CBA
1903,2899,CABA,Calle 7761,9188.0,Buenos Aires,BA
1904,2900,CABA,Calle 7149,4952.0,Buenos Aires,BA
1905,2901,CABA,Calle 7813,8461.0,Buenos Aires,BA
1906,2902,Mar del Plata,Calle 2885,8899.0,Buenos Aires,BA
1907,2903,CABA,Calle 7616,7978.0,Buenos Aires,BA
1908,2904,Mendoza,Calle 6930,3582.0,Mendoza,MZA
1909,2905,La Plata,Calle 4395,1530.0,Buenos Aires,BA
1910,2906,CABA,Calle 6961,3935.0,Buenos Aires,BA
1911,2907,CABA,Calle 6771,2567.0,Buenos Aires,BA
1912,2908,La Plata,Calle 4402,7919.0,Buenos Aires,BA
1913,2909,CABA,Calle 7383,2317.0,Buenos Aires,BA
1914,2910,Godoy Cruz,Calle 645,1539.0,Mendoza,MZA
1915,2911,Córdoba,Calle 3027,5158.0,Córdoba,CBA
1916,2912,CABA,Calle 1854,8267.0,Buenos Aires,BA
1917,2913,San Rafael,Calle 88,7515.0,Mendoza,MZA
1918,2914,CABA,Calle 5732,2781.0,Buenos Aires,BA
1919,2915,Córdoba,Calle 2085,9081.0,Córdoba,CBA
1920,2916,CABA,Calle 2623,4640.0,Buenos Aires,BA
1921,2917,Villa Carlos Paz,Calle 9228,8052.0,Córdoba,CBA
1922,2918,Mar del Plata,Calle 5426,5976.0,Buenos Aires,BA
1923,2919,San Rafael,Calle 8016,1383.0,Mendoza,MZA
1924,2920,Río Cuarto,Calle 8948,7859.0,Córdoba,CBA
1925,2921,Godoy Cruz,Calle 356,2692.0,Mendoza,MZA
1926,2922,Mendoza,Calle 9749,2273.0,Mendoza,MZA
1927,2923,Santa Fe,Calle 3903,5244.0,Santa Fe,SF
1928,2924,Córdoba,Calle 9582,6709.0,Córdoba,CBA
1929,2925,CABA,Calle 108,2101.0,Buenos Aires,BA
1930,2926,La Plata,Calle 5430,4706.0,Buenos Aires,BA
1931,2927,Mar del Plata,Calle 548,4410.0,Buenos Aires,BA
1932,2928,Rosario,Calle 3158,7457.0,Santa Fe,SF
1933,2929,Córdoba,Calle 119,9820.0,Córdoba,CBA
1934,2930,La Plata,Calle 4428,8279.0,Buenos Aires,BA
1935,2931,Santa Fe,Calle 5130,1924.0,Santa Fe,SF
1936,2932,La Plata,Calle 6578,8533.0,Buenos Aires,BA
1937,2933,Villa Carlos Paz,Calle 2623,3986.0,Córdoba,CBA
1938,2934,Río Cuarto,Calle 3329,3169.0,Córdoba,CBA
1939,2935,CABA,Calle 3754,4803.0,Buenos Aires,BA
1940,2936,La Plata,Calle 4491,9334.0,Buenos Aires,BA
1941,2937,CABA,Calle 2325,2973.0,Buenos Aires,BA
1942,2938,Rosario,Calle 434,9733.0,Santa Fe,SF
1943,2939,CABA,Calle 4432,2734.0,Buenos Aires,BA
1944,2940,CABA,Calle 5438,2541.0,Buenos Aires,BA
1945,2941,CABA,Calle 1645,5907.0,Buenos Aires,BA
1946,2942,Córdoba,Calle 8478,3288.0,Córdoba,CBA
1947,2943,CABA,Calle 6134,3151.0,Buenos Aires,BA
1948,2944,San Rafael,Calle 8934,6264.0,Mendoza,MZA
1949,2945,Rafaela,Calle 2955,9892.0,Santa Fe,SF
1950,2946,La Plata,Calle 8073,4423.0,Buenos Aires,BA
1951,2947,Rafaela,Calle 9660,2560.0,Santa Fe,SF
1952,2948,Rosario,Calle 2719,8099.0,Santa Fe,SF
1953,2949,Mar del Plata,Calle 5465,9639.0,Buenos Aires,BA
1954,2950,Mar del Plata,Calle 8872,8828.0,Buenos Aires,BA
1955,2951,CABA,Calle 295,7519.0,Buenos Aires,BA
1956,2952,Mar del Plata,Calle 2758,6224.0,Buenos Aires,BA
1957,2953,Mar del Plata,Calle 6420,3828.0,Buenos Aires,BA
1958,2954,Rosario,Calle 1742,7647.0,Santa Fe,SF
1959,2955,Santa Fe,Calle 7328,4091.0,Santa Fe,SF
1960,2956,Rafaela,Calle 209,5025.0,Santa Fe,SF
1961,2957,Mar del Plata,Calle 9395,1220.0,Buenos Aires,BA
1962,2958,Mar del Plata,Calle 7265,7529.0,Buenos Aires,BA
1963,2959,La Plata,Calle 863,4181.0,Buenos Aires,BA
1964,2960,La Plata,Calle 645,2226.0,Buenos Aires,BA
1965,2961,Córdoba,Calle 9420,4289.0,Córdoba,CBA
1966,2962,Córdoba,Calle 2627,2422.0,Córdoba,CBA
1967,2963,CABA,Calle 767,8559.0,Buenos Aires,BA
1968,2964,Villa Carlos Paz,Calle 6554,7848.0,Córdoba,CBA
1969,2965,La Plata,Calle 2127,9613.0,Buenos Aires,BA
1970,2966,Mar del Plata,Calle 5335,4274.0,Buenos Aires,BA
1971,2967,La Plata,Calle 6974,2823.0,Buenos Aires,BA
1972,2968,Mendoza,Calle 6724,5638.0,Mendoza,MZA
1973,2969,Godoy Cruz,Calle 2249,7374.0,Mendoza,MZA
1974,2970,La Plata,Calle 1906,3927.0,Buenos Aires,BA
1975,2971,La Plata,Calle 8575,1518.0,Buenos Aires,BA
1976,2972,Rosario,Calle 4113,1737.0,Santa Fe,SF
1977,2973,Rosario,Calle 7756,9382.0,Santa Fe,SF
1978,2974,CABA,Calle 8101,3825.0,Buenos Aires,BA
1979,2975,Córdoba,Calle 2764,8295.0,Córdoba,CBA
1980,2976,La Plata,Calle 1275,5401.0,Buenos Aires,BA
1981,2977,La Plata,Calle 3218,8350.0,Buenos Aires,BA
1982,2978,La Plata,Calle 8783,7201.0,Buenos Aires,BA
1983,2979,Mar del Plata,Calle 680,3833.0,Buenos Aires,BA
1984,2980,Mar del Plata,Calle 4362,1052.0,Buenos Aires,BA
1985,2981,La Plata,Calle 5128,3857.0,Buenos Aires,BA
1986,2982,La Plata,Calle 3842,1532.0,Buenos Aires,BA
1987,2983,CABA,Calle 4291,5992.0,Buenos Aires,BA
1988,2984,Rafaela,Calle 6727,4639.0,Santa Fe,SF
1989,2985,Mar del Plata,Calle 4292,1839.0,Buenos Aires,BA
1990,2986,Córdoba,Calle 8884,7809.0,Córdoba,CBA
1991,2987,Santa Fe,Calle 2153,7621.0,Santa Fe,SF
1992,2988,Mendoza,Calle 6026,9510.0,Mendoza,MZA
1993,2989,Rafaela,Calle 9977,3443.0,Santa Fe,SF
1994,2990,Mar del Plata,Calle 2736,9470.0,Buenos Aires,BA
1995,2991,Mar del Plata,Calle 7446,1334.0,Buenos Aires,BA
1996,2992,Godoy Cruz,Calle 6749,1598.0,Mendoza,MZA
1997,2993,Villa Carlos Paz,Calle 4375,4461.0,Córdoba,CBA
1998,2994,Mar del Plata,Calle 7210,7628.0,Buenos Aires,BA
1999,2995,Córdoba,Calle 8979,7891.0,Córdoba,CBA
2000,2996,Santa Fe,Calle 9415,1264.0,Santa Fe,SF
2001,2997,Mar del Plata,Calle 8308,9231.0,Buenos Aires,BA
2002,2998,Córdoba,Calle 6345,4348.0,Córdoba,CBA
2003,2999,Córdoba,Calle 8439,7550.0,Córdoba,CBA
2004,3000,Villa Carlos Paz,Calle 5287,3261.0,Córdoba,CBA
2005,3001,Rafaela,Calle 7462,2273.0,Santa Fe,SF
2006,3002,Rafaela,Calle 7255,4374.0,Santa Fe,SF
2007,3003,Rosario,Calle 6590,8775.0,Santa Fe,SF
2008,3004,San Rafael,Calle 9525,9790.0,Mendoza,MZA
2009,3005,Mar del Plata,Calle 2522,4343.0,Buenos Aires,BA
2010,3006,La Plata,Calle 100,5299.0,Buenos Aires,BA
2011,3007,La Plata,Calle 2585,2427.0,Buenos Aires,BA
2012,3008,Godoy Cruz,Calle 9856,5624.0,Mendoza,MZA
2013,3009,Rafaela,Calle 6858,3943.0,Santa Fe,SF
2014,3010,Río Cuarto,Calle 7196,5234.0,Córdoba,CBA
2015,3011,La Plata,Calle 3802,5019.0,Buenos Aires,BA
2016,3012,Río Cuarto,Calle 1235,7787.0,Córdoba,CBA
2017,3013,CABA,Calle 6331,4633.0,Buenos Aires,BA
2018,3014,Mar del Plata,Calle 8646,7219.0,Buenos Aires,BA
2019,3015,Rafaela,Calle 2326,6383.0,Santa Fe,SF
2020,3016,La Plata,Calle 760,3557.0,Buenos Aires,BA
2021,3017,Córdoba,Calle 7312,9407.0,Córdoba,CBA
2022,3018,Mar del Plata,Calle 1075,3461.0,Buenos Aires,BA
2023,3019,La Plata,Calle 9016,5901.0,Buenos Aires,BA
2024,3020,CABA,Calle 316,4012.0,Buenos Aires,BA
2025,3021,Córdoba,Calle 1234,7930.0,Córdoba,CBA
2026,3022,Villa Carlos Paz,Calle 1806,7421.0,Córdoba,CBA
2027,3023,CABA,Calle 8690,2966.0,Buenos Aires,BA
2028,3024,CABA,Calle 6903,5597.0,Buenos Aires,BA
2029,3025,Mar del Plata,Calle 6251,5146.0,Buenos Aires,BA
2030,3026,San Rafael,Calle 7939,1179.0,Mendoza,MZA
2031,3027,Rafaela,Calle 2337,4521.0,Santa Fe,SF
2032,3028,Río Cuarto,Calle 1475,6967.0,Córdoba,CBA
2033,3029,Mar del Plata,Calle 4363,1963.0,Buenos Aires,BA
2034,3030,Río Cuarto,Calle 7355,4969.0,Córdoba,CBA
2035,3031,Mar del Plata,Calle 5052,4642.0,Buenos Aires,BA
2036,3032,CABA,Calle 8730,1266.0,Buenos Aires,BA
2037,3033,Rafaela,Calle 4457,2947.0,Santa Fe,SF
2038,3034,Rafaela,Calle 7402,5529.0,Santa Fe,SF
2039,3035,CABA,Calle 2084,7244.0,Buenos Aires,BA
2040,3036,Rafaela,Calle 8667,3119.0,Santa Fe,SF
2041,3037,Río Cuarto,Calle 7940,1827.0,Córdoba,CBA
2042,3038,Mar del Plata,Calle 6340,3110.0,Buenos Aires,BA
2043,3039,La Plata,Calle 1191,3898.0,Buenos Aires,BA
2044,3040,Santa Fe,Calle 9999,9981.0,Santa Fe,SF
2045,3041,Mar del Plata,Calle 7823,9117.0,Buenos Aires,BA
2046,3042,Villa Carlos Paz,Calle 7108,5047.0,Córdoba,CBA
2047,3043,CABA,Calle 8574,2567.0,Buenos Aires,BA
2048,3044,Mar del Plata,Calle 3107,3065.0,Buenos Aires,BA
2049,3045,CABA,Calle 1090,8641.0,Buenos Aires,BA
2050,3046,Mar del Plata,Calle 1104,1553.0,Buenos Aires,BA
2051,3047,Río Cuarto,Calle 1159,1273.0,Córdoba,CBA
2052,3048,Mar del Plata,Calle 8122,3169.0,Buenos Aires,BA
2053,3049,Río Cuarto,Calle 7124,5868.0,Córdoba,CBA
2054,3050,Río Cuarto,Calle 2219,3479.0,Córdoba,CBA
2055,3051,CABA,Calle 5519,7989.0,Buenos Aires,BA
2056,3052,Córdoba,Calle 4277,3049.0,Córdoba,CBA
2057,3053,Mendoza,Calle 6063,1070.0,Mendoza,MZA
2058,3054,La Plata,Calle 4031,7692.0,Buenos Aires,BA
2059,3055,Mar del Plata,Calle 7056,3505.0,Buenos Aires,BA
2060,3056,Rosario,Calle 5073,5220.0,Santa Fe,SF
2061,3057,Villa Carlos Paz,Calle 3696,8899.0,Córdoba,CBA
2062,3058,Rosario,Calle 209,9124.0,Santa Fe,SF
2063,3059,Córdoba,Calle 8132,7865.0,Córdoba,CBA
2064,3060,Rafaela,Calle 2939,2162.0,Santa Fe,SF
2065,3061,CABA,Calle 3441,5886.0,Buenos Aires,BA
2066,3062,Santa Fe,Calle 4507,5438.0,Santa Fe,SF
2067,3063,La Plata,Calle 8758,6164.0,Buenos Aires,BA
2068,3064,Mendoza,Calle 7708,2168.0,Mendoza,MZA
2069,3065,Río Cuarto,Calle 9132,4914.0,Córdoba,CBA
2070,3066,Rafaela,Calle 5688,7283.0,Santa Fe,SF
2071,3067,Mendoza,Calle 9913,9337.0,Mendoza,MZA
2072,3068,Mar del Plata,Calle 1296,6258.0,Buenos Aires,BA
2073,3069,Mar del Plata,Calle 6430,2916.0,Buenos Aires,BA
2074,3070,La Plata,Calle 7747,1185.0,Buenos Aires,BA
2075,3071,Rosario,Calle 5104,9840.0,Santa Fe,SF
2076,3072,Mendoza,Calle 9900,3919.0,Mendoza,MZA
2077,3073,Rosario,Calle 3425,3626.0,Santa Fe,SF
2078,3074,La Plata,Calle 8913,1344.0,Buenos Aires,BA
2079,3075,CABA,Calle 2484,6536.0,Buenos Aires,BA
2080,3076,Godoy Cruz,Calle 4629,4337.0,Mendoza,MZA
2081,3077,La Plata,Calle 2166,8674.0,Buenos Aires,BA
2082,3078,CABA,Calle 8244,8985.0,Buenos Aires,BA
2083,3079,Mar del Plata,Calle 9149,1672.0,Buenos Aires,BA
2084,3080,Río Cuarto,Calle 1519,4643.0,Córdoba,CBA
2085,3081,Mar del Plata,Calle 2380,2576.0,Buenos Aires,BA
2086,3082,Mar del Plata,Calle 5547,3670.0,Buenos Aires,BA
2087,3083,Mar del Plata,Calle 1955,1529.0,Buenos Aires,BA
2088,3084,San Rafael,Calle 2604,4700.0,Mendoza,MZA
2089,3085,Villa Carlos Paz,Calle 7822,5854.0,Córdoba,CBA
2090,3086,Córdoba,Calle 8714,4222.0,Córdoba,CBA
2091,3087,CABA,Calle 4740,6553.0,Buenos Aires,BA
2092,3088,Villa Carlos Paz,Calle 7962,7675.0,Córdoba,CBA
2093,3089,Mar del Plata,Calle 9441,4802.0,Buenos Aires,BA
2094,3090,La Plata,Calle 1208,1269.0,Buenos Aires,BA
2095,3091,Mar del Plata,Calle 7347,9469.0,Buenos Aires,BA
2096,3092,CABA,Calle 6445,7484.0,Buenos Aires,BA
2097,3093,CABA,Calle 6078,8027.0,Buenos Aires,BA
2098,3094,Rafaela,Calle 8930,4544.0,Santa Fe,SF
2099,3095,Córdoba,Calle 962,3345.0,Córdoba,CBA
2100,3096,Mar del Plata,Calle 4298,8537.0,Buenos Aires,BA
2101,3097,Río Cuarto,Calle 9789,4058.0,Córdoba,CBA
2102,3098,Mar del Plata,Calle 8740,8593.0,Buenos Aires,BA
2103,3099,Godoy Cruz,Calle 4838,5478.0,Mendoza,MZA
2104,3100,La Plata,Calle 9124,6396.0,Buenos Aires,BA
2105,3101,CABA,Calle 9134,9978.0,Buenos Aires,BA
2106,3102,La Plata,Calle 8674,6409.0,Buenos Aires,BA
2107,3103,Mendoza,Calle 2751,3447.0,Mendoza,MZA
2108,3104,La Plata,Calle 858,7224.0,Buenos Aires,BA
2109,3105,La Plata,Calle 1681,9876.0,Buenos Aires,BA
2110,3106,CABA,Calle 4856,7907.0,Buenos Aires,BA
2111,3107,CABA,Calle 5789,1445.0,Buenos Aires,BA
2112,3108,CABA,Calle 72,2477.0,Buenos Aires,BA
2113,3109,CABA,Calle 5178,9627.0,Buenos Aires,BA
2114,3110,Villa Carlos Paz,Calle 2113,2229.0,Córdoba,CBA
2115,3111,La Plata,Calle 5040,1927.0,Buenos Aires,BA
2116,3112,San Rafael,Calle 5987,8660.0,Mendoza,MZA
2117,3113,La Plata,Calle 2018,9596.0,Buenos Aires,BA
2118,3114,Mar del Plata,Calle 4921,8039.0,Buenos Aires,BA
2119,3115,CABA,Calle 9073,9108.0,Buenos Aires,BA
2120,3116,Río Cuarto,Calle 7537,7131.0,Córdoba,CBA
2121,3117,CABA,Calle 3980,8766.0,Buenos Aires,BA
2122,3118,CABA,Calle 98,3686.0,Buenos Aires,BA
2123,3119,Villa Carlos Paz,Calle 8010,3353.0,Córdoba,CBA
2124,3120,Mar del Plata,Calle 2184,5736.0,Buenos Aires,BA
2125,3121,Mar del Plata,Calle 2186,7468.0,Buenos Aires,BA
2126,3122,Mar del Plata,Calle 3062,8756.0,Buenos Aires,BA
2127,3123,Río Cuarto,Calle 2613,3305.0,Córdoba,CBA
2128,3124,Mar del Plata,Calle 2988,5118.0,Buenos Aires,BA
2129,3125,Mar del Plata,Calle 3095,5806.0,Buenos Aires,BA
2130,3126,La Plata,Calle 8105,1148.0,Buenos Aires,BA
2131,3127,La Plata,Calle 1378,3078.0,Buenos Aires,BA
2132,3128,La Plata,Calle 5302,4305.0,Buenos Aires,BA
2133,3129,Mendoza,Calle 483,5658.0,Mendoza,MZA
2134,3130,CABA,Calle 3020,3101.0,Buenos Aires,BA
2135,3131,La Plata,Calle 3578,9294.0,Buenos Aires,BA
2136,3132,Godoy Cruz,Calle 4895,8257.0,Mendoza,MZA
2137,3133,La Plata,Calle 858,6489.0,Buenos Aires,BA
2138,3134,Mar del Plata,Calle 4985,2389.0,Buenos Aires,BA
2139,3135,Río Cuarto,Calle 4875,9127.0,Córdoba,CBA
2140,3136,Mar del Plata,Calle 7117,8012.0,Buenos Aires,BA
2141,3137,La Plata,Calle 9326,1225.0,Buenos Aires,BA
2142,3138,La Plata,Calle 3128,7611.0,Buenos Aires,BA
2143,3139,San Rafael,Calle 1163,5378.0,Mendoza,MZA
2144,3140,Río Cuarto,Calle 9605,8936.0,Córdoba,CBA
2145,3141,Río Cuarto,Calle 1268,1563.0,Córdoba,CBA
2146,3142,Rosario,Calle 4622,3341.0,Santa Fe,SF
2147,3143,Santa Fe,Calle 4860,4644.0,Santa Fe,SF
2148,3144,Rosario,Calle 2143,2709.0,Santa Fe,SF
2149,3145,Río Cuarto,Calle 5562,1066.0,Córdoba,CBA
2150,3146,La Plata,Calle 7159,3252.0,Buenos Aires,BA
2151,3147,Rafaela,Calle 4984,3647.0,Santa Fe,SF
2152,3148,La Plata,Calle 8258,9411.0,Buenos Aires,BA
2153,3149,CABA,Calle 3360,1947.0,Buenos Aires,BA
2154,3150,Villa Carlos Paz,Calle 1105,7298.0,Córdoba,CBA
2155,3151,Mendoza,Calle 4185,7566.0,Mendoza,MZA
2156,3152,Mar del Plata,Calle 9822,1401.0,Buenos Aires,BA
2157,3153,Mar del Plata,Calle 7272,4158.0,Buenos Aires,BA
2158,3154,CABA,Calle 7288,2955.0,Buenos Aires,BA
2159,3155,Rosario,Calle 9404,7294.0,Santa Fe,SF
2160,3156,CABA,Calle 6860,8366.0,Buenos Aires,BA
2161,3157,La Plata,Calle 5416,6283.0,Buenos Aires,BA
2162,3158,Santa Fe,Calle 8087,5174.0,Santa Fe,SF
2163,3159,CABA,Calle 113,6530.0,Buenos Aires,BA
2164,3160,Santa Fe,Calle 8700,6855.0,Santa Fe,SF
2165,3161,La Plata,Calle 4184,3869.0,Buenos Aires,BA
2166,3162,Santa Fe,Calle 1126,5851.0,Santa Fe,SF
2167,3163,CABA,Calle 3303,1278.0,Buenos Aires,BA
2168,3164,Santa Fe,Calle 7700,8415.0,Santa Fe,SF
2169,3165,Godoy Cruz,Calle 3179,5387.0,Mendoza,MZA
2170,3166,San Rafael,Calle 6738,6452.0,Mendoza,MZA
2171,3167,Mar del Plata,Calle 8761,2133.0,Buenos Aires,BA
2172,3168,Mar del Plata,Calle 199,8792.0,Buenos Aires,BA
2173,3169,Rafaela,Calle 7979,3504.0,Santa Fe,SF
2174,3170,CABA,Calle 5941,9628.0,Buenos Aires,BA
2175,3171,CABA,Calle 7603,9063.0,Buenos Aires,BA
2176,3172,Mendoza,Calle 9389,5115.0,Mendoza,MZA
2177,3173,Rafaela,Calle 8987,1017.0,Santa Fe,SF
2178,3174,Villa Carlos Paz,Calle 4429,4821.0,Córdoba,CBA
2179,3175,Mar del Plata,Calle 9839,1287.0,Buenos Aires,BA
2180,3176,La Plata,Calle 2517,8209.0,Buenos Aires,BA
2181,3177,Mar del Plata,Calle 7157,2862.0,Buenos Aires,BA
2182,3178,La Plata,Calle 4380,4300.0,Buenos Aires,BA
2183,3179,Mar del Plata,Calle 2116,9426.0,Buenos Aires,BA
2184,3180,La Plata,Calle 2608,3757.0,Buenos Aires,BA
2185,3181,Mar del Plata,Calle 5908,5586.0,Buenos Aires,BA
2186,3182,La Plata,Calle 4793,8265.0,Buenos Aires,BA
2187,3183,Villa Carlos Paz,Calle 6601,2416.0,Córdoba,CBA
2188,3184,Mar del Plata,Calle 1480,5831.0,Buenos Aires,BA
2189,3185,Santa Fe,Calle 5569,9990.0,Santa Fe,SF
2190,3186,Mendoza,Calle 3860,4605.0,Mendoza,MZA
2191,3187,Mar del Plata,Calle 8235,3805.0,Buenos Aires,BA
2192,3188,Mar del Plata,Calle 928,6183.0,Buenos Aires,BA
2193,3189,Rafaela,Calle 8883,1911.0,Santa Fe,SF
2194,3190,La Plata,Calle 7318,2156.0,Buenos Aires,BA
2195,3191,La Plata,Calle 5143,9923.0,Buenos Aires,BA
2196,3192,Córdoba,Calle 7413,9424.0,Córdoba,CBA
2197,3193,CABA,Calle 5250,5956.0,Buenos Aires,BA
2198,3194,Mar del Plata,Calle 6400,9282.0,Buenos Aires,BA
2199,3195,Villa Carlos Paz,Calle 6735,3548.0,Córdoba,CBA
2200,3196,Villa Carlos Paz,Calle 1299,2782.0,Córdoba,CBA
2201,3197,Mar del Plata,Calle 9874,2445.0,Buenos Aires,BA
2202,3198,Rafaela,Calle 1635,2610.0,Santa Fe,SF
2203,3199,Rosario,Calle 8003,1600.0,Santa Fe,SF
2204,3200,Mar del Plata,Calle 2162,3358.0,Buenos Aires,BA
2205,3201,Córdoba,Calle 3669,5977.0,Córdoba,CBA
2206,3202,Mendoza,Calle 5181,6372.0,Mendoza,MZA
2207,3203,La Plata,Calle 8497,6543.0,Buenos Aires,BA
2208,3204,Córdoba,Calle 7977,3798.0,Córdoba,CBA
2209,3205,La Plata,Calle 5575,8208.0,Buenos Aires,BA
2210,3206,Mar del Plata,Calle 1534,9463.0,Buenos Aires,BA
2211,3207,Villa Carlos Paz,Calle 4316,9341.0,Córdoba,CBA
2212,3208,CABA,Calle 5102,1842.0,Buenos Aires,BA
2213,3209,Rosario,Calle 5288,9777.0,Santa Fe,SF
2214,3210,Mar del Plata,Calle 6448,1613.0,Buenos Aires,BA
2215,3211,Santa Fe,Calle 7314,4803.0,Santa Fe,SF
2216,3212,Rafaela,Calle 4375,5315.0,Santa Fe,SF
2217,3213,San Rafael,Calle 4808,8000.0,Mendoza,MZA
2218,3214,Rosario,Calle 7078,8860.0,Santa Fe,SF
2219,3215,Rafaela,Calle 3413,6997.0,Santa Fe,SF
2220,3216,Córdoba,Calle 9854,8195.0,Córdoba,CBA
2221,3217,La Plata,Calle 9168,3239.0,Buenos Aires,BA
2222,3218,Santa Fe,Calle 9163,3681.0,Santa Fe,SF
2223,3219,La Plata,Calle 1483,2130.0,Buenos Aires,BA
2224,3220,Mar del Plata,Calle 4167,7374.0,Buenos Aires,BA
2225,3221,Mendoza,Calle 4914,5171.0,Mendoza,MZA
2226,3222,CABA,Calle 5659,9925.0,Buenos Aires,BA
2227,3223,Río Cuarto,Calle 7980,7958.0,Córdoba,CBA
2228,3224,La Plata,Calle 216,9415.0,Buenos Aires,BA
2229,3225,Mar del Plata,Calle 1177,4734.0,Buenos Aires,BA
2230,3226,Rafaela,Calle 7857,5180.0,Santa Fe,SF
2231,3227,La Plata,Calle 7369,3054.0,Buenos Aires,BA
2232,3228,Mar del Plata,Calle 3955,7959.0,Buenos Aires,BA
2233,3229,San Rafael,Calle 485,4066.0,Mendoza,MZA
2234,3230,Córdoba,Calle 6810,3017.0,Córdoba,CBA
2235,3231,Godoy Cruz,Calle 7136,6135.0,Mendoza,MZA
2236,3232,Godoy Cruz,Calle 2850,3189.0,Mendoza,MZA
2237,3233,Mar del Plata,Calle 8917,8171.0,Buenos Aires,BA
2238,3234,Villa Carlos Paz,Calle 8000,2536.0,Córdoba,CBA
2239,3235,Rafaela,Calle 1183,5523.0,Santa Fe,SF
2240,3236,La Plata,Calle 441,5019.0,Buenos Aires,BA
2241,3237,La Plata,Calle 6480,3295.0,Buenos Aires,BA
2242,3238,Rosario,Calle 9005,3101.0,Santa Fe,SF
2243,3239,Mar del Plata,Calle 9578,6486.0,Buenos Aires,BA
2244,3240,Córdoba,Calle 2994,7154.0,Córdoba,CBA
2245,3241,Santa Fe,Calle 9960,9971.0,Santa Fe,SF
2246,3242,CABA,Calle 5481,5441.0,Buenos Aires,BA
2247,3243,Godoy Cruz,Calle 9001,3958.0,Mendoza,MZA
2248,3244,Mendoza,Calle 9383,4951.0,Mendoza,MZA
2249,3245,La Plata,Calle 4522,7124.0,Buenos Aires,BA
2250,3246,CABA,Calle 2439,5271.0,Buenos Aires,BA
2251,3247,La Plata,Calle 9661,3195.0,Buenos Aires,BA
2252,3248,Mar del Plata,Calle 5280,9119.0,Buenos Aires,BA
2253,3249,Mar del Plata,Calle 3184,9225.0,Buenos Aires,BA
2254,3250,Mar del Plata,Calle 8781,6112.0,Buenos Aires,BA
2255,3251,Villa Carlos Paz,Calle 1509,8096.0,Córdoba,CBA
2256,3252,CABA,Calle 1703,9991.0,Buenos Aires,BA
2257,3253,Mar del Plata,Calle 6642,7934.0,Buenos Aires,BA
2258,3254,La Plata,Calle 867,3339.0,Buenos Aires,BA
2259,3255,Rafaela,Calle 3243,7099.0,Santa Fe,SF
2260,3256,Mar del Plata,Calle 3215,1864.0,Buenos Aires,BA
2261,3257,CABA,Calle 8229,1309.0,Buenos Aires,BA
2262,3258,Mendoza,Calle 2756,2570.0,Mendoza,MZA
2263,3259,Rosario,Calle 6615,2689.0,Santa Fe,SF
2264,3260,La Plata,Calle 9648,2563.0,Buenos Aires,BA
2265,3261,CABA,Calle 3372,3109.0,Buenos Aires,BA
2266,3262,Santa Fe,Calle 613,3137.0,Santa Fe,SF
2267,3263,Córdoba,Calle 6103,2566.0,Córdoba,CBA
2268,3264,Rosario,Calle 3404,4425.0,Santa Fe,SF
2269,3265,Córdoba,Calle 3733,3974.0,Córdoba,CBA
2270,3266,CABA,Calle 3518,6497.0,Buenos Aires,BA
2271,3267,Villa Carlos Paz,Calle 2069,9201.0,Córdoba,CBA
2272,3268,La Plata,Calle 9985,3838.0,Buenos Aires,BA
2273,3269,Villa Carlos Paz,Calle 7036,1893.0,Córdoba,CBA
2274,3270,La Plata,Calle 7759,6906.0,Buenos Aires,BA
2275,3271,Córdoba,Calle 5837,3909.0,Córdoba,CBA
2276,3272,Godoy Cruz,Calle 6078,5382.0,Mendoza,MZA
2277,3273,Santa Fe,Calle 2584,7824.0,Santa Fe,SF
2278,3274,La Plata,Calle 7746,7624.0,Buenos Aires,BA
2279,3275,La Plata,Calle 4437,4822.0,Buenos Aires,BA
2280,3276,Mar del Plata,Calle 6681,5093.0,Buenos Aires,BA
2281,3277,Mar del Plata,Calle 6362,5879.0,Buenos Aires,BA
2282,3278,CABA,Calle 2567,4219.0,Buenos Aires,BA
2283,3279,Godoy Cruz,Calle 4448,7730.0,Mendoza,MZA
2284,3280,Mar del Plata,Calle 7032,7765.0,Buenos Aires,BA
2285,3281,Mar del Plata,Calle 2411,4872.0,Buenos Aires,BA
2286,3282,Rosario,Calle 6804,9193.0,Santa Fe,SF
2287,3283,Mar del Plata,Calle 3224,1478.0,Buenos Aires,BA
2288,3284,CABA,Calle 7766,8725.0,Buenos Aires,BA
2289,3285,Rosario,Calle 1564,8896.0,Santa Fe,SF
2290,3286,Mendoza,Calle 9109,4407.0,Mendoza,MZA
2291,3287,CABA,Calle 4678,8242.0,Buenos Aires,BA
2292,3288,Mar del Plata,Calle 4555,7366.0,Buenos Aires,BA
2293,3289,La Plata,Calle 3361,8536.0,Buenos Aires,BA
2294,3290,Río Cuarto,Calle 9645,4526.0,Córdoba,CBA
2295,3291,Santa Fe,Calle 8285,3974.0,Santa Fe,SF
2296,3292,Villa Carlos Paz,Calle 4787,7717.0,Córdoba,CBA
2297,3293,Mendoza,Calle 6746,4579.0,Mendoza,MZA
2298,3294,CABA,Calle 539,3782.0,Buenos Aires,BA
2299,3295,Rafaela,Calle 452,5458.0,Santa Fe,SF
2300,3296,Rosario,Calle 3190,5454.0,Santa Fe,SF
2301,3297,Mar del Plata,Calle 6870,5483.0,Buenos Aires,BA
2302,3298,Santa Fe,Calle 747,2451.0,Santa Fe,SF
2303,3299,Godoy Cruz,Calle 8088,2210.0,Mendoza,MZA
2304,3300,Mendoza,Calle 1700,2360.0,Mendoza,MZA
2305,3301,La Plata,Calle 2647,7832.0,Buenos Aires,BA
2306,3302,Mar del Plata,Calle 541,5037.0,Buenos Aires,BA
2307,3303,CABA,Calle 4225,5953.0,Buenos Aires,BA
2308,3304,CABA,Calle 982,2223.0,Buenos Aires,BA
2309,3305,La Plata,Calle 9265,2633.0,Buenos Aires,BA
2310,3306,Godoy Cruz,Calle 963,2620.0,Mendoza,MZA
2311,3307,Rosario,Calle 3331,6069.0,Santa Fe,SF
2312,3308,Godoy Cruz,Calle 7602,9532.0,Mendoza,MZA
2313,3309,Rosario,Calle 4741,9742.0,Santa Fe,SF
2314,3310,Santa Fe,Calle 5196,4491.0,Santa Fe,SF
2315,3311,Mar del Plata,Calle 6038,8023.0,Buenos Aires,BA
2316,3312,Córdoba,Calle 9079,5942.0,Córdoba,CBA
2317,3313,Villa Carlos Paz,Calle 2001,5087.0,Córdoba,CBA
2318,3314,La Plata,Calle 785,2350.0,Buenos Aires,BA
2319,3315,CABA,Calle 6734,4039.0,Buenos Aires,BA
2320,3316,Mar del Plata,Calle 4150,6294.0,Buenos Aires,BA
2321,3317,Santa Fe,Calle 5110,6952.0,Santa Fe,SF
2322,3318,CABA,Calle 7644,9529.0,Buenos Aires,BA
2323,3319,Godoy Cruz,Calle 6979,9301.0,Mendoza,MZA
2324,3320,Mendoza,Calle 6050,8089.0,Mendoza,MZA
2325,3321,Mar del Plata,Calle 6585,9271.0,Buenos Aires,BA
2326,3322,Rosario,Calle 7345,8465.0,Santa Fe,SF
2327,3323,CABA,Calle 5925,5243.0,Buenos Aires,BA
2328,3324,Santa Fe,Calle 370,5817.0,Santa Fe,SF
2329,3325,CABA,Calle 84,3949.0,Buenos Aires,BA
2330,3326,Mar del Plata,Calle 8388,1056.0,Buenos Aires,BA
2331,3327,Mar del Plata,Calle 967,8960.0,Buenos Aires,BA
2332,3328,CABA,Calle 7729,9216.0,Buenos Aires,BA
2333,3329,Mar del Plata,Calle 2644,3426.0,Buenos Aires,BA
2334,3330,CABA,Calle 4652,8717.0,Buenos Aires,BA
2335,3331,Rafaela,Calle 3156,1523.0,Santa Fe,SF
2336,3332,CABA,Calle 9081,4738.0,Buenos Aires,BA
2337,3333,Rosario,Calle 1892,6151.0,Santa Fe,SF
2338,3334,La Plata,Calle 2386,1125.0,Buenos Aires,BA
2339,3335,Mar del Plata,Calle 5889,8608.0,Buenos Aires,BA
2340,3336,CABA,Calle 8855,5916.0,Buenos Aires,BA
2341,3337,Río Cuarto,Calle 5398,6454.0,Córdoba,CBA
2342,3338,Rafaela,Calle 1567,8692.0,Santa Fe,SF
2343,3339,La Plata,Calle 4716,1596.0,Buenos Aires,BA
2344,3340,Mar del Plata,Calle 9101,7316.0,Buenos Aires,BA
2345,3341,Santa Fe,Calle 9163,4724.0,Santa Fe,SF
2346,3342,Córdoba,Calle 2391,5105.0,Córdoba,CBA
2347,3343,Santa Fe,Calle 9770,6438.0,Santa Fe,SF
2348,3344,La Plata,Calle 8078,1341.0,Buenos Aires,BA
2349,3345,Rosario,Calle 9436,8043.0,Santa Fe,SF
2350,3346,Villa Carlos Paz,Calle 2511,1242.0,Córdoba,CBA
2351,3347,CABA,Calle 6366,4941.0,Buenos Aires,BA
2352,3348,La Plata,Calle 6083,7538.0,Buenos Aires,BA
2353,3349,La Plata,Calle 1528,5896.0,Buenos Aires,BA
2354,3350,La Plata,Calle 3604,4185.0,Buenos Aires,BA
2355,3351,Río Cuarto,Calle 2634,5845.0,Córdoba,CBA
2356,3352,La Plata,Calle 2955,4017.0,Buenos Aires,BA
2357,3353,Villa Carlos Paz,Calle 2853,1522.0,Córdoba,CBA
2358,3354,Mar del Plata,Calle 2065,6603.0,Buenos Aires,BA
2359,3355,Godoy Cruz,Calle 9837,6166.0,Mendoza,MZA
2360,3356,Mar del Plata,Calle 472,7206.0,Buenos Aires,BA
2361,3357,CABA,Calle 6045,4488.0,Buenos Aires,BA
2362,3358,Río Cuarto,Calle 5537,6879.0,Córdoba,CBA
2363,3359,Mendoza,Calle 5279,9607.0,Mendoza,MZA
2364,3360,La Plata,Calle 332,7427.0,Buenos Aires,BA
2365,3361,San Rafael,Calle 9832,2625.0,Mendoza,MZA
2366,3362,CABA,Calle 9835,5948.0,Buenos Aires,BA
2367,3363,Mar del Plata,Calle 2898,3885.0,Buenos Aires,BA
2368,3364,CABA,Calle 7780,3067.0,Buenos Aires,BA
2369,3365,Rosario,Calle 1985,9193.0,Santa Fe,SF
2370,3366,La Plata,Calle 125,7848.0,Buenos Aires,BA
2371,3367,Córdoba,Calle 1741,4467.0,Córdoba,CBA
2372,3368,Villa Carlos Paz,Calle 9900,1033.0,Córdoba,CBA
2373,3369,Córdoba,Calle 9532,2629.0,Córdoba,CBA
2374,3370,La Plata,Calle 6170,9064.0,Buenos Aires,BA
2375,3371,La Plata,Calle 5799,8364.0,Buenos Aires,BA
2376,3372,La Plata,Calle 5639,4839.0,Buenos Aires,BA
2377,3373,San Rafael,Calle 7680,5667.0,Mendoza,MZA
2378,3374,La Plata,Calle 4718,2937.0,Buenos Aires,BA
2379,3375,Godoy Cruz,Calle 3209,2315.0,Mendoza,MZA
2380,3376,Godoy Cruz,Calle 6894,1957.0,Mendoza,MZA
2381,3377,La Plata,Calle 6850,3623.0,Buenos Aires,BA
2382,3378,Mar del Plata,Calle 5262,7664.0,Buenos Aires,BA
2383,3379,Rafaela,Calle 981,2134.0,Santa Fe,SF
2384,3380,Mar del Plata,Calle 8964,7330.0,Buenos Aires,BA
2385,3381,Córdoba,Calle 5494,4250.0,Córdoba,CBA
2386,3382,La Plata,Calle 9598,7202.0,Buenos Aires,BA
2387,3383,Río Cuarto,Calle 8399,9158.0,Córdoba,CBA
2388,3384,CABA,Calle 9934,1656.0,Buenos Aires,BA
2389,3385,Mendoza,Calle 7432,4986.0,Mendoza,MZA
2390,3386,La Plata,Calle 7166,7225.0,Buenos Aires,BA
2391,3387,La Plata,Calle 8772,9042.0,Buenos Aires,BA
2392,3388,Mar del Plata,Calle 8142,6584.0,Buenos Aires,BA
2393,3389,Mendoza,Calle 676,1496.0,Mendoza,MZA
2394,3390,Rosario,Calle 7012,8062.0,Santa Fe,SF
2395,3391,Rosario,Calle 6043,3999.0,Santa Fe,SF
2396,3392,La Plata,Calle 3615,7426.0,Buenos Aires,BA
2397,3393,Godoy Cruz,Calle 7689,9377.0,Mendoza,MZA
2398,3394,Córdoba,Calle 2699,7022.0,Córdoba,CBA
2399,3395,La Plata,Calle 2263,3123.0,Buenos Aires,BA
2400,3396,Mar del Plata,Calle 5470,7909.0,Buenos Aires,BA
2401,3397,Santa Fe,Calle 8065,6235.0,Santa Fe,SF
2402,3398,Río Cuarto,Calle 3531,3268.0,Córdoba,CBA
2403,3399,CABA,Calle 4935,1071.0,Buenos Aires,BA
2404,3400,CABA,Calle 4796,5700.0,Buenos Aires,BA
2405,3401,San Rafael,Calle 9294,2904.0,Mendoza,MZA
2406,3402,Mar del Plata,Calle 851,4771.0,Buenos Aires,BA
2407,3403,La Plata,Calle 7419,4981.0,Buenos Aires,BA
2408,3404,Mar del Plata,Calle 2557,6188.0,Buenos Aires,BA
2409,3405,Villa Carlos Paz,Calle 8000,1192.0,Córdoba,CBA
2410,3406,Mar del Plata,Calle 3600,4284.0,Buenos Aires,BA
2411,3407,CABA,Calle 2483,9247.0,Buenos Aires,BA
2412,3408,La Plata,Calle 8899,7928.0,Buenos Aires,BA
2413,3409,Villa Carlos Paz,Calle 376,9171.0,Córdoba,CBA
2414,3410,Villa Carlos Paz,Calle 143,5686.0,Córdoba,CBA
2415,3411,Rafaela,Calle 2181,7869.0,Santa Fe,SF
2416,3412,Córdoba,Calle 1864,7055.0,Córdoba,CBA
2417,3413,Mendoza,Calle 6131,2268.0,Mendoza,MZA
2418,3414,Santa Fe,Calle 6415,9693.0,Santa Fe,SF
2419,3415,CABA,Calle 3552,5683.0,Buenos Aires,BA
2420,3416,Córdoba,Calle 4618,2046.0,Córdoba,CBA
2421,3417,Mar del Plata,Calle 5570,6409.0,Buenos Aires,BA
2422,3418,Mar del Plata,Calle 1689,8820.0,Buenos Aires,BA
2423,3419,La Plata,Calle 8286,1196.0,Buenos Aires,BA
2424,3420,San Rafael,Calle 5207,2802.0,Mendoza,MZA
2425,3421,Santa Fe,Calle 8994,1609.0,Santa Fe,SF
2426,3422,Rafaela,Calle 1683,8925.0,Santa Fe,SF
2427,3423,CABA,Calle 5994,9476.0,Buenos Aires,BA
2428,3424,Mar del Plata,Calle 9360,6836.0,Buenos Aires,BA
2429,3425,CABA,Calle 2619,1682.0,Buenos Aires,BA
2430,3426,Santa Fe,Calle 8787,5187.0,Santa Fe,SF
2431,3427,Córdoba,Calle 9635,8204.0,Córdoba,CBA
2432,3428,CABA,Calle 5976,5625.0,Buenos Aires,BA
2433,3429,Mar del Plata,Calle 2327,6491.0,Buenos Aires,BA
2434,3430,Mar del Plata,Calle 5411,8008.0,Buenos Aires,BA
2435,3431,CABA,Calle 71,9444.0,Buenos Aires,BA
2436,3432,La Plata,Calle 2929,4636.0,Buenos Aires,BA
2437,3433,Mar del Plata,Calle 6079,3696.0,Buenos Aires,BA
2438,3434,Mar del Plata,Calle 6073,4908.0,Buenos Aires,BA
2439,3435,Santa Fe,Calle 3121,3049.0,Santa Fe,SF
2440,3436,Córdoba,Calle 9103,8784.0,Córdoba,CBA
2441,3437,Mar del Plata,Calle 1900,3297.0,Buenos Aires,BA
2442,3438,Mar del Plata,Calle 7877,4250.0,Buenos Aires,BA
2443,3439,Rosario,Calle 142,2199.0,Santa Fe,SF
2444,3440,Rafaela,Calle 4566,5755.0,Santa Fe,SF
2445,3441,Mar del Plata,Calle 850,8324.0,Buenos Aires,BA
2446,3442,Mar del Plata,Calle 7000,2774.0,Buenos Aires,BA
2447,3443,Mar del Plata,Calle 7119,8458.0,Buenos Aires,BA
2448,3444,Mar del Plata,Calle 9985,9585.0,Buenos Aires,BA
2449,3445,La Plata,Calle 264,3495.0,Buenos Aires,BA
2450,3446,Godoy Cruz,Calle 2268,4215.0,Mendoza,MZA
2451,3447,Río Cuarto,Calle 2987,5233.0,Córdoba,CBA
2452,3448,San Rafael,Calle 218,5661.0,Mendoza,MZA
2453,3449,Villa Carlos Paz,Calle 821,2872.0,Córdoba,CBA
2454,3450,Godoy Cruz,Calle 609,1718.0,Mendoza,MZA
2455,3451,CABA,Calle 6866,3204.0,Buenos Aires,BA
2456,3452,Mar del Plata,Calle 3424,6509.0,Buenos Aires,BA
2457,3453,Rosario,Calle 3616,6868.0,Santa Fe,SF
2458,3454,Rafaela,Calle 3063,8733.0,Santa Fe,SF
2459,3455,Santa Fe,Calle 3973,7346.0,Santa Fe,SF
2460,3456,Córdoba,Calle 2553,9107.0,Córdoba,CBA
2461,3457,Santa Fe,Calle 6936,6085.0,Santa Fe,SF
2462,3458,La Plata,Calle 9704,3105.0,Buenos Aires,BA
2463,3459,CABA,Calle 2315,1813.0,Buenos Aires,BA
2464,3460,Mar del Plata,Calle 6177,1394.0,Buenos Aires,BA
2465,3461,Santa Fe,Calle 3416,7564.0,Santa Fe,SF
2466,3462,Río Cuarto,Calle 3247,4556.0,Córdoba,CBA
2467,3463,Córdoba,Calle 211,1617.0,Córdoba,CBA
2468,3464,Mar del Plata,Calle 9645,9536.0,Buenos Aires,BA
2469,3465,Villa Carlos Paz,Calle 8712,6503.0,Córdoba,CBA
2470,3466,Mar del Plata,Calle 9833,4770.0,Buenos Aires,BA
2471,3467,San Rafael,Calle 3615,7958.0,Mendoza,MZA
2472,3468,La Plata,Calle 6454,9386.0,Buenos Aires,BA
2473,3469,CABA,Calle 7031,5965.0,Buenos Aires,BA
2474,3470,Santa Fe,Calle 7504,2206.0,Santa Fe,SF
2475,3471,La Plata,Calle 8987,1137.0,Buenos Aires,BA
2476,3472,CABA,Calle 9907,3285.0,Buenos Aires,BA
2477,3473,Córdoba,Calle 5054,4813.0,Córdoba,CBA
2478,3474,San Rafael,Calle 5833,7644.0,Mendoza,MZA
2479,3475,Mar del Plata,Calle 1611,7522.0,Buenos Aires,BA
2480,3476,Río Cuarto,Calle 3552,9925.0,Córdoba,CBA
2481,3477,San Rafael,Calle 5858,3645.0,Mendoza,MZA
2482,3478,Mendoza,Calle 9702,8082.0,Mendoza,MZA
2483,3479,Mar del Plata,Calle 8436,8332.0,Buenos Aires,BA
2484,3480,La Plata,Calle 5323,8598.0,Buenos Aires,BA
2485,3481,Córdoba,Calle 5210,3221.0,Córdoba,CBA
2486,3482,La Plata,Calle 7869,6287.0,Buenos Aires,BA
2487,3483,CABA,Calle 8996,9719.0,Buenos Aires,BA
2488,3484,CABA,Calle 4767,7349.0,Buenos Aires,BA
2489,3485,Mar del Plata,Calle 3088,6775.0,Buenos Aires,BA
2490,3486,CABA,Calle 8756,2870.0,Buenos Aires,BA
2491,3487,CABA,Calle 919,1071.0,Buenos Aires,BA
2492,3488,Mar del Plata,Calle 2965,6727.0,Buenos Aires,BA
2493,3489,San Rafael,Calle 3817,4214.0,Mendoza,MZA
2494,3490,Mar del Plata,Calle 2457,2045.0,Buenos Aires,BA
2495,3491,Mar del Plata,Calle 592,1376.0,Buenos Aires,BA
2496,3492,Río Cuarto,Calle 5647,4720.0,Córdoba,CBA
2497,3493,CABA,Calle 1951,7298.0,Buenos Aires,BA
2498,3494,Rosario,Calle 8168,3229.0,Santa Fe,SF
2499,3495,Santa Fe,Calle 6939,6955.0,Santa Fe,SF
2500,3496,Mar del Plata,Calle 4724,9107.0,Buenos Aires,BA
2501,3497,Santa Fe,Calle 4999,7684.0,Santa Fe,SF
2502,3498,Mar del Plata,Calle 6233,6929.0,Buenos Aires,BA
2503,3499,La Plata,Calle 3586,5598.0,Buenos Aires,BA
2504,3500,Río Cuarto,Calle 8790,9423.0,Córdoba,CBA
2505,3501,Villa Carlos Paz,Calle 8302,6786.0,Córdoba,CBA
2506,3502,San Rafael,Calle 2622,8113.0,Mendoza,MZA
2507,3503,Rafaela,Calle 5132,8548.0,Santa Fe,SF
2508,3504,La Plata,Calle 75,4992.0,Buenos Aires,BA
2509,3505,Rafaela,Calle 6694,5125.0,Santa Fe,SF
2510,3506,Mar del Plata,Calle 7056,9774.0,Buenos Aires,BA
2511,3507,Mar del Plata,Calle 5007,1522.0,Buenos Aires,BA
2512,3508,La Plata,Calle 7594,1837.0,Buenos Aires,BA
2513,3509,CABA,Calle 9888,8658.0,Buenos Aires,BA
2514,3510,Mar del Plata,Calle 8029,5417.0,Buenos Aires,BA
2515,3511,Río Cuarto,Calle 79,2039.0,Córdoba,CBA
2516,3512,Mar del Plata,Calle 5754,3173.0,Buenos Aires,BA
2517,3513,La Plata,Calle 380,6106.0,Buenos Aires,BA
2518,3514,CABA,Calle 2282,4809.0,Buenos Aires,BA
2519,3515,Rafaela,Calle 5417,2829.0,Santa Fe,SF
2520,3516,La Plata,Calle 9439,7571.0,Buenos Aires,BA
2521,3517,La Plata,Calle 4329,7230.0,Buenos Aires,BA
2522,3518,Santa Fe,Calle 1819,9124.0,Santa Fe,SF
2523,3519,Mar del Plata,Calle 5736,2314.0,Buenos Aires,BA
2524,3520,Villa Carlos Paz,Calle 672,4803.0,Córdoba,CBA
2525,3521,La Plata,Calle 4988,4603.0,Buenos Aires,BA
2526,3522,Villa Carlos Paz,Calle 2224,7811.0,Córdoba,CBA
2527,3523,La Plata,Calle 4099,2423.0,Buenos Aires,BA
2528,3524,Santa Fe,Calle 6934,7969.0,Santa Fe,SF
2529,3525,Rosario,Calle 6952,9613.0,Santa Fe,SF
2530,3526,Mar del Plata,Calle 7243,1970.0,Buenos Aires,BA
2531,3527,Córdoba,Calle 9888,4848.0,Córdoba,CBA
2532,3528,Godoy Cruz,Calle 8095,1532.0,Mendoza,MZA
2533,3529,Río Cuarto,Calle 8845,8220.0,Córdoba,CBA
2534,3530,Córdoba,Calle 2839,9700.0,Córdoba,CBA
2535,3531,CABA,Calle 5056,5780.0,Buenos Aires,BA
2536,3532,La Plata,Calle 9959,7000.0,Buenos Aires,BA
2537,3533,Rosario,Calle 9060,2754.0,Santa Fe,SF
2538,3534,La Plata,Calle 5928,8644.0,Buenos Aires,BA
2539,3535,Córdoba,Calle 1806,1397.0,Córdoba,CBA
2540,3536,Córdoba,Calle 1394,5901.0,Córdoba,CBA
2541,3537,Mar del Plata,Calle 6104,3568.0,Buenos Aires,BA
2542,3538,Mar del Plata,Calle 1757,3409.0,Buenos Aires,BA
2543,3539,Godoy Cruz,Calle 9912,2052.0,Mendoza,MZA
2544,3540,CABA,Calle 8344,2366.0,Buenos Aires,BA
2545,3541,Villa Carlos Paz,Calle 3746,2604.0,Córdoba,CBA
2546,3542,Mar del Plata,Calle 1238,8544.0,Buenos Aires,BA
2547,3543,Rosario,Calle 441,8984.0,Santa Fe,SF
2548,3544,La Plata,Calle 5674,7113.0,Buenos Aires,BA
2549,3545,La Plata,Calle 5207,1096.0,Buenos Aires,BA
2550,3546,Santa Fe,Calle 8532,1560.0,Santa Fe,SF
2551,3547,Villa Carlos Paz,Calle 5673,9241.0,Córdoba,CBA
2552,3548,La Plata,Calle 774,5459.0,Buenos Aires,BA
2553,3549,Río Cuarto,Calle 3371,6701.0,Córdoba,CBA
2554,3550,Río Cuarto,Calle 2396,1731.0,Córdoba,CBA
2555,3551,Rafaela,Calle 2166,1794.0,Santa Fe,SF
2556,3552,CABA,Calle 4601,9937.0,Buenos Aires,BA
2557,3553,CABA,Calle 1615,6925.0,Buenos Aires,BA
2558,3554,Mar del Plata,Calle 3228,7336.0,Buenos Aires,BA
2559,3555,Mar del Plata,Calle 6736,4892.0,Buenos Aires,BA
2560,3556,Río Cuarto,Calle 1409,5022.0,Córdoba,CBA
2561,3557,Villa Carlos Paz,Calle 8361,8964.0,Córdoba,CBA
2562,3558,CABA,Calle 701,2323.0,Buenos Aires,BA
2563,3559,Córdoba,Calle 826,2870.0,Córdoba,CBA
2564,3560,Mar del Plata,Calle 5984,2707.0,Buenos Aires,BA
2565,3561,CABA,Calle 8669,2318.0,Buenos Aires,BA
2566,3562,Santa Fe,Calle 5928,8743.0,Santa Fe,SF
2567,3563,Villa Carlos Paz,Calle 5545,8430.0,Córdoba,CBA
2568,3564,CABA,Calle 7196,9208.0,Buenos Aires,BA
2569,3565,CABA,Calle 6974,7566.0,Buenos Aires,BA
2570,3566,La Plata,Calle 6254,1413.0,Buenos Aires,BA
2571,3567,CABA,Calle 7517,5693.0,Buenos Aires,BA
2572,3568,CABA,Calle 3563,7238.0,Buenos Aires,BA
2573,3569,La Plata,Calle 6247,4355.0,Buenos Aires,BA
2574,3570,Mar del Plata,Calle 1810,2585.0,Buenos Aires,BA
2575,3571,Mar del Plata,Calle 1676,9378.0,Buenos Aires,BA
2576,3572,La Plata,Calle 8715,7810.0,Buenos Aires,BA
2577,3573,La Plata,Calle 6362,9364.0,Buenos Aires,BA
2578,3574,Mendoza,Calle 6184,1048.0,Mendoza,MZA
2579,3575,CABA,Calle 7970,7579.0,Buenos Aires,BA
2580,3576,Córdoba,Calle 5645,2861.0,Córdoba,CBA
2581,3577,CABA,Calle 6281,5590.0,Buenos Aires,BA
2582,3578,La Plata,Calle 818,2543.0,Buenos Aires,BA
2583,3579,CABA,Calle 2102,8861.0,Buenos Aires,BA
2584,3580,CABA,Calle 1434,7561.0,Buenos Aires,BA
2585,3581,Santa Fe,Calle 5484,8816.0,Santa Fe,SF
2586,3582,Villa Carlos Paz,Calle 9835,3208.0,Córdoba,CBA
2587,3583,CABA,Calle 4574,7840.0,Buenos Aires,BA
2588,3584,CABA,Calle 9059,1154.0,Buenos Aires,BA
2589,3585,CABA,Calle 5135,7683.0,Buenos Aires,BA
2590,3586,Rosario,Calle 9772,8350.0,Santa Fe,SF
2591,3587,Villa Carlos Paz,Calle 1694,7725.0,Córdoba,CBA
2592,3588,Mar del Plata,Calle 8309,9610.0,Buenos Aires,BA
2593,3589,CABA,Calle 776,9185.0,Buenos Aires,BA
2594,3590,La Plata,Calle 5703,2882.0,Buenos Aires,BA
2595,3591,Mar del Plata,Calle 3187,2259.0,Buenos Aires,BA
2596,3592,Río Cuarto,Calle 5398,1743.0,Córdoba,CBA
2597,3593,Córdoba,Calle 3976,6853.0,Córdoba,CBA
2598,3594,La Plata,Calle 8250,4840.0,Buenos Aires,BA
2599,3595,Rosario,Calle 2510,3525.0,Santa Fe,SF
2600,3596,Godoy Cruz,Calle 1735,4018.0,Mendoza,MZA
2601,3597,Córdoba,Calle 4163,2741.0,Córdoba,CBA
2602,3598,Villa Carlos Paz,Calle 612,4821.0,Córdoba,CBA
2603,3599,CABA,Calle 3407,6215.0,Buenos Aires,BA
2604,3600,La Plata,Calle 3566,1142.0,Buenos Aires,BA
2605,3601,Río Cuarto,Calle 5533,6011.0,Córdoba,CBA
2606,3602,Rafaela,Calle 8821,1526.0,Santa Fe,SF
2607,3603,San Rafael,Calle 9919,8551.0,Mendoza,MZA
2608,3604,Córdoba,Calle 5385,7561.0,Córdoba,CBA
2609,3605,CABA,Calle 3536,8025.0,Buenos Aires,BA
2610,3606,Mar del Plata,Calle 2230,5812.0,Buenos Aires,BA
2611,3607,Córdoba,Calle 5008,3797.0,Córdoba,CBA
2612,3608,Mar del Plata,Calle 8606,7746.0,Buenos Aires,BA
2613,3609,CABA,Calle 7109,2542.0,Buenos Aires,BA
2614,3610,La Plata,Calle 4755,5435.0,Buenos Aires,BA
2615,3611,Río Cuarto,Calle 505,5008.0,Córdoba,CBA
2616,3612,Mar del Plata,Calle 5041,2488.0,Buenos Aires,BA
2617,3613,Río Cuarto,Calle 6977,7824.0,Córdoba,CBA
2618,3614,Mar del Plata,Calle 4670,6759.0,Buenos Aires,BA
2619,3615,Río Cuarto,Calle 1065,6241.0,Córdoba,CBA
2620,3616,Rosario,Calle 4917,9332.0,Santa Fe,SF
2621,3617,CABA,Calle 1157,6215.0,Buenos Aires,BA
2622,3618,La Plata,Calle 2970,1577.0,Buenos Aires,BA
2623,3619,La Plata,Calle 6253,3838.0,Buenos Aires,BA
2624,3620,Córdoba,Calle 3797,5096.0,Córdoba,CBA
2625,3621,Rafaela,Calle 8877,4776.0,Santa Fe,SF
2626,3622,Mar del Plata,Calle 2438,7957.0,Buenos Aires,BA
2627,3623,CABA,Calle 4427,5913.0,Buenos Aires,BA
2628,3624,CABA,Calle 3902,7077.0,Buenos Aires,BA
2629,3625,San Rafael,Calle 8632,1610.0,Mendoza,MZA
2630,3626,La Plata,Calle 4719,3893.0,Buenos Aires,BA
2631,3627,Mendoza,Calle 9085,8368.0,Mendoza,MZA
2632,3628,CABA,Calle 9464,5456.0,Buenos Aires,BA
2633,3629,Rosario,Calle 4076,5642.0,Santa Fe,SF
2634,3630,Mar del Plata,Calle 1575,1734.0,Buenos Aires,BA
2635,3631,Mar del Plata,Calle 8570,6574.0,Buenos Aires,BA
2636,3632,Mar del Plata,Calle 7461,7585.0,Buenos Aires,BA
2637,3633,La Plata,Calle 7041,8487.0,Buenos Aires,BA
2638,3634,CABA,Calle 7497,8098.0,Buenos Aires,BA
2639,3635,La Plata,Calle 7215,4520.0,Buenos Aires,BA
2640,3636,Mar del Plata,Calle 7341,8871.0,Buenos Aires,BA
2641,3637,Mar del Plata,Calle 5338,2254.0,Buenos Aires,BA
2642,3638,Villa Carlos Paz,Calle 328,9051.0,Córdoba,CBA
2643,3639,Mar del Plata,Calle 2961,7028.0,Buenos Aires,BA
2644,3640,Villa Carlos Paz,Calle 306,6490.0,Córdoba,CBA
2645,3641,Mar del Plata,Calle 9448,6093.0,Buenos Aires,BA
2646,3642,Mar del Plata,Calle 4331,2181.0,Buenos Aires,BA
2647,3643,Rafaela,Calle 9631,3037.0,Santa Fe,SF
2648,3644,Mendoza,Calle 5414,9829.0,Mendoza,MZA
2649,3645,Santa Fe,Calle 7010,5929.0,Santa Fe,SF
2650,3646,Mendoza,Calle 6739,5005.0,Mendoza,MZA
2651,3647,Rosario,Calle 6314,4616.0,Santa Fe,SF
2652,3648,Córdoba,Calle 357,9999.0,Córdoba,CBA
2653,3649,Córdoba,Calle 3415,3415.0,Córdoba,CBA
2654,3650,Mar del Plata,Calle 6162,7345.0,Buenos Aires,BA
2655,3651,CABA,Calle 3184,5157.0,Buenos Aires,BA
2656,3652,Córdoba,Calle 9751,5007.0,Córdoba,CBA
2657,3653,CABA,Calle 2467,8204.0,Buenos Aires,BA
2658,3654,Mar del Plata,Calle 784,8315.0,Buenos Aires,BA
2659,3655,La Plata,Calle 7553,7774.0,Buenos Aires,BA
2660,3656,La Plata,Calle 7283,9346.0,Buenos Aires,BA
2661,3657,San Rafael,Calle 8002,7133.0,Mendoza,MZA
2662,3658,Río Cuarto,Calle 3923,3266.0,Córdoba,CBA
2663,3659,Santa Fe,Calle 7532,8802.0,Santa Fe,SF
2664,3660,Mar del Plata,Calle 7788,3462.0,Buenos Aires,BA
2665,3661,Godoy Cruz,Calle 6902,6048.0,Mendoza,MZA
2666,3662,La Plata,Calle 1447,4402.0,Buenos Aires,BA
2667,3663,Mar del Plata,Calle 954,5550.0,Buenos Aires,BA
2668,3664,Santa Fe,Calle 6528,4967.0,Santa Fe,SF
2669,3665,Villa Carlos Paz,Calle 4001,6987.0,Córdoba,CBA
2670,3666,CABA,Calle 3282,8042.0,Buenos Aires,BA
2671,3667,Río Cuarto,Calle 221,1473.0,Córdoba,CBA
2672,3668,Mar del Plata,Calle 4023,7904.0,Buenos Aires,BA
2673,3669,Mar del Plata,Calle 9796,6150.0,Buenos Aires,BA
2674,3670,CABA,Calle 5215,5533.0,Buenos Aires,BA
2675,3671,La Plata,Calle 5021,2523.0,Buenos Aires,BA
2676,3672,Río Cuarto,Calle 6691,5598.0,Córdoba,CBA
2677,3673,Villa Carlos Paz,Calle 6552,9971.0,Córdoba,CBA
2678,3674,Córdoba,Calle 6110,7621.0,Córdoba,CBA
2679,3675,San Rafael,Calle 6143,5525.0,Mendoza,MZA
2680,3676,Río Cuarto,Calle 3794,4046.0,Córdoba,CBA
2681,3677,La Plata,Calle 285,4964.0,Buenos Aires,BA
2682,3678,CABA,Calle 1100,2101.0,Buenos Aires,BA
2683,3679,Rafaela,Calle 6366,8938.0,Santa Fe,SF
2684,3680,CABA,Calle 3494,5150.0,Buenos Aires,BA
2685,3681,Río Cuarto,Calle 5564,5902.0,Córdoba,CBA
2686,3682,Rosario,Calle 3080,5620.0,Santa Fe,SF
2687,3683,Mar del Plata,Calle 2728,4697.0,Buenos Aires,BA
2688,3684,San Rafael,Calle 6657,8849.0,Mendoza,MZA
2689,3685,CABA,Calle 3336,1141.0,Buenos Aires,BA
2690,3686,La Plata,Calle 3205,9757.0,Buenos Aires,BA
2691,3687,Mar del Plata,Calle 8639,2948.0,Buenos Aires,BA
2692,3688,Villa Carlos Paz,Calle 5632,9560.0,Córdoba,CBA
2693,3689,Río Cuarto,Calle 1245,6411.0,Córdoba,CBA
2694,3690,Rosario,Calle 6174,4524.0,Santa Fe,SF
2695,3691,CABA,Calle 9628,9974.0,Buenos Aires,BA
2696,3692,Córdoba,Calle 8731,4097.0,Córdoba,CBA
2697,3693,Mar del Plata,Calle 2836,7061.0,Buenos Aires,BA
2698,3694,Córdoba,Calle 853,3840.0,Córdoba,CBA
2699,3695,CABA,Calle 7737,2427.0,Buenos Aires,BA
2700,3696,Córdoba,Calle 3222,6838.0,Córdoba,CBA
2701,3697,CABA,Calle 1029,4109.0,Buenos Aires,BA
2702,3698,Santa Fe,Calle 169,2635.0,Santa Fe,SF
2703,3699,Río Cuarto,Calle 6673,6125.0,Córdoba,CBA
2704,3700,Mar del Plata,Calle 7081,6333.0,Buenos Aires,BA
2705,3701,Mar del Plata,Calle 3011,3316.0,Buenos Aires,BA
2706,3702,San Rafael,Calle 4373,7831.0,Mendoza,MZA
2707,3703,Río Cuarto,Calle 1688,7265.0,Córdoba,CBA
2708,3704,Córdoba,Calle 283,3622.0,Córdoba,CBA
2709,3705,Mar del Plata,Calle 2024,7838.0,Buenos Aires,BA
2710,3706,Mendoza,Calle 1372,7588.0,Mendoza,MZA
2711,3707,Villa Carlos Paz,Calle 9314,9668.0,Córdoba,CBA
2712,3708,Villa Carlos Paz,Calle 9387,1182.0,Córdoba,CBA
2713,3709,Córdoba,Calle 5763,8468.0,Córdoba,CBA
2714,3710,Córdoba,Calle 2389,5379.0,Córdoba,CBA
2715,3711,La Plata,Calle 2111,3000.0,Buenos Aires,BA
2716,3712,Córdoba,Calle 4838,6426.0,Córdoba,CBA
2717,3713,Rafaela,Calle 378,1261.0,Santa Fe,SF
2718,3714,Mar del Plata,Calle 470,1209.0,Buenos Aires,BA
2719,3715,Santa Fe,Calle 7817,6588.0,Santa Fe,SF
2720,3716,Córdoba,Calle 4214,8137.0,Córdoba,CBA
2721,3717,Godoy Cruz,Calle 3347,6394.0,Mendoza,MZA
2722,3718,CABA,Calle 3614,9697.0,Buenos Aires,BA
2723,3719,Godoy Cruz,Calle 6241,2213.0,Mendoza,MZA
2724,3720,CABA,Calle 6828,1377.0,Buenos Aires,BA
2725,3721,San Rafael,Calle 3171,5578.0,Mendoza,MZA
2726,3722,Santa Fe,Calle 7328,4511.0,Santa Fe,SF
2727,3723,La Plata,Calle 1987,9536.0,Buenos Aires,BA
2728,3724,Río Cuarto,Calle 2761,6046.0,Córdoba,CBA
2729,3725,Córdoba,Calle 4254,6925.0,Córdoba,CBA
2730,3726,CABA,Calle 9189,2523.0,Buenos Aires,BA
2731,3727,Mar del Plata,Calle 923,3065.0,Buenos Aires,BA
2732,3728,Mar del Plata,Calle 4192,9662.0,Buenos Aires,BA
2733,3729,Santa Fe,Calle 6226,3732.0,Santa Fe,SF
2734,3730,Rafaela,Calle 8763,9610.0,Santa Fe,SF
2735,3731,Córdoba,Calle 1816,5021.0,Córdoba,CBA
2736,3732,La Plata,Calle 8356,9768.0,Buenos Aires,BA
2737,3733,Villa Carlos Paz,Calle 7946,9231.0,Córdoba,CBA
2738,3734,Villa Carlos Paz,Calle 4564,8858.0,Córdoba,CBA
2739,3735,Río Cuarto,Calle 5333,3401.0,Córdoba,CBA
2740,3736,Mar del Plata,Calle 3288,6646.0,Buenos Aires,BA
2741,3737,Córdoba,Calle 8241,5498.0,Córdoba,CBA
2742,3738,Villa Carlos Paz,Calle 1426,9627.0,Córdoba,CBA
2743,3739,Córdoba,Calle 7022,2930.0,Córdoba,CBA
2744,3740,La Plata,Calle 3671,6826.0,Buenos Aires,BA
2745,3741,La Plata,Calle 7141,8218.0,Buenos Aires,BA
2746,3742,Córdoba,Calle 131,6750.0,Córdoba,CBA
2747,3743,Rosario,Calle 1807,2406.0,Santa Fe,SF
2748,3744,Río Cuarto,Calle 2544,3068.0,Córdoba,CBA
2749,3745,Mar del Plata,Calle 3523,8857.0,Buenos Aires,BA
2750,3746,CABA,Calle 9302,8141.0,Buenos Aires,BA
2751,3747,San Rafael,Calle 8293,4342.0,Mendoza,MZA
2752,3748,San Rafael,Calle 83,8186.0,Mendoza,MZA
2753,3749,Mar del Plata,Calle 6540,2709.0,Buenos Aires,BA
2754,3750,La Plata,Calle 6830,3527.0,Buenos Aires,BA
2755,3751,La Plata,Calle 7939,3257.0,Buenos Aires,BA
2756,3752,Mar del Plata,Calle 5452,5897.0,Buenos Aires,BA
2757,3753,Mar del Plata,Calle 2510,7697.0,Buenos Aires,BA
2758,3754,Río Cuarto,Calle 2516,3796.0,Córdoba,CBA
2759,3755,Santa Fe,Calle 5259,5028.0,Santa Fe,SF
2760,3756,Villa Carlos Paz,Calle 5574,2463.0,Córdoba,CBA
2761,3757,La Plata,Calle 4257,7515.0,Buenos Aires,BA
2762,3758,Villa Carlos Paz,Calle 4728,8304.0,Córdoba,CBA
2763,3759,Córdoba,Calle 7873,9271.0,Córdoba,CBA
2764,3760,La Plata,Calle 6068,5897.0,Buenos Aires,BA
2765,3761,Rafaela,Calle 2707,8036.0,Santa Fe,SF
2766,3762,Córdoba,Calle 8520,8796.0,Córdoba,CBA
2767,3763,La Plata,Calle 5743,8887.0,Buenos Aires,BA
2768,3764,La Plata,Calle 4315,6012.0,Buenos Aires,BA
2769,3765,Godoy Cruz,Calle 8799,2668.0,Mendoza,MZA
2770,3766,Rafaela,Calle 2863,5352.0,Santa Fe,SF
2771,3767,Mar del Plata,Calle 3949,4448.0,Buenos Aires,BA
2772,3768,Villa Carlos Paz,Calle 2048,2798.0,Córdoba,CBA
2773,3769,San Rafael,Calle 4134,5714.0,Mendoza,MZA
2774,3770,CABA,Calle 4300,3187.0,Buenos Aires,BA
2775,3771,La Plata,Calle 7673,5170.0,Buenos Aires,BA
2776,3772,La Plata,Calle 7993,9748.0,Buenos Aires,BA
2777,3773,Santa Fe,Calle 7662,3484.0,Santa Fe,SF
2778,3774,Rafaela,Calle 6009,6636.0,Santa Fe,SF
2779,3775,Villa Carlos Paz,Calle 7993,7697.0,Córdoba,CBA
2780,3776,Mar del Plata,Calle 4301,4168.0,Buenos Aires,BA
2781,3777,CABA,Calle 4948,1298.0,Buenos Aires,BA
2782,3778,La Plata,Calle 9715,5169.0,Buenos Aires,BA
2783,3779,Villa Carlos Paz,Calle 4024,6232.0,Córdoba,CBA
2784,3780,San Rafael,Calle 3552,7593.0,Mendoza,MZA
2785,3781,CABA,Calle 3129,1316.0,Buenos Aires,BA
2786,3782,Mar del Plata,Calle 512,8181.0,Buenos Aires,BA
2787,3783,Godoy Cruz,Calle 9385,9009.0,Mendoza,MZA
2788,3784,Mar del Plata,Calle 2918,2603.0,Buenos Aires,BA
2789,3785,Mendoza,Calle 1800,7950.0,Mendoza,MZA
2790,3786,CABA,Calle 5783,4934.0,Buenos Aires,BA
2791,3787,Santa Fe,Calle 8638,9012.0,Santa Fe,SF
2792,3788,CABA,Calle 8749,2398.0,Buenos Aires,BA
2793,3789,La Plata,Calle 1745,2219.0,Buenos Aires,BA
2794,3790,Mar del Plata,Calle 7670,6075.0,Buenos Aires,BA
2795,3791,Mar del Plata,Calle 3687,8235.0,Buenos Aires,BA
2796,3792,Godoy Cruz,Calle 8523,1844.0,Mendoza,MZA
2797,3793,Córdoba,Calle 5968,3512.0,Córdoba,CBA
2798,3794,Rafaela,Calle 2853,4887.0,Santa Fe,SF
2799,3795,Santa Fe,Calle 1120,8031.0,Santa Fe,SF
2800,3796,CABA,Calle 2105,5322.0,Buenos Aires,BA
2801,3797,CABA,Calle 6187,9954.0,Buenos Aires,BA
2802,3798,Rafaela,Calle 5016,5327.0,Santa Fe,SF
2803,3799,La Plata,Calle 3519,5590.0,Buenos Aires,BA
2804,3800,Mendoza,Calle 8533,2398.0,Mendoza,MZA
2805,3801,La Plata,Calle 3074,3365.0,Buenos Aires,BA
2806,3802,Mar del Plata,Calle 8846,8283.0,Buenos Aires,BA
2807,3803,CABA,Calle 8800,5262.0,Buenos Aires,BA
2808,3804,Córdoba,Calle 458,4249.0,Córdoba,CBA
2809,3805,CABA,Calle 1597,3768.0,Buenos Aires,BA
2810,3806,La Plata,Calle 188,7469.0,Buenos Aires,BA
2811,3807,La Plata,Calle 758,7910.0,Buenos Aires,BA
2812,3808,Mar del Plata,Calle 3887,7114.0,Buenos Aires,BA
2813,3809,Mar del Plata,Calle 7910,4039.0,Buenos Aires,BA
2814,3810,CABA,Calle 4620,1808.0,Buenos Aires,BA
2815,3811,La Plata,Calle 9410,3651.0,Buenos Aires,BA
2816,3812,Rafaela,Calle 5383,8655.0,Santa Fe,SF
2817,3813,Mar del Plata,Calle 1366,4779.0,Buenos Aires,BA
2818,3814,La Plata,Calle 9325,1253.0,Buenos Aires,BA
2819,3815,La Plata,Calle 1876,1869.0,Buenos Aires,BA
2820,3816,Río Cuarto,Calle 6124,4077.0,Córdoba,CBA
2821,3817,Mendoza,Calle 9496,8575.0,Mendoza,MZA
2822,3818,La Plata,Calle 4041,7520.0,Buenos Aires,BA
2823,3819,Santa Fe,Calle 2816,3854.0,Santa Fe,SF
2824,3820,Mar del Plata,Calle 411,7010.0,Buenos Aires,BA
2825,3821,CABA,Calle 9888,9933.0,Buenos Aires,BA
2826,3822,Santa Fe,Calle 3148,1069.0,Santa Fe,SF
2827,3823,CABA,Calle 5346,6538.0,Buenos Aires,BA
2828,3824,CABA,Calle 5656,2335.0,Buenos Aires,BA
2829,3825,CABA,Calle 2467,2421.0,Buenos Aires,BA
2830,3826,Mar del Plata,Calle 9551,4613.0,Buenos Aires,BA
2831,3827,Rafaela,Calle 7435,2334.0,Santa Fe,SF
2832,3828,Córdoba,Calle 536,1933.0,Córdoba,CBA
2833,3829,La Plata,Calle 6259,7425.0,Buenos Aires,BA
2834,3830,CABA,Calle 9098,4916.0,Buenos Aires,BA
2835,3831,La Plata,Calle 1890,8495.0,Buenos Aires,BA
2836,3832,Santa Fe,Calle 994,4677.0,Santa Fe,SF
2837,3833,Mar del Plata,Calle 9620,2311.0,Buenos Aires,BA
2838,3834,Rosario,Calle 3730,7884.0,Santa Fe,SF
2839,3835,La Plata,Calle 4326,5951.0,Buenos Aires,BA
2840,3836,Mar del Plata,Calle 708,4558.0,Buenos Aires,BA
2841,3837,La Plata,Calle 6341,3657.0,Buenos Aires,BA
2842,3838,Mar del Plata,Calle 9563,8820.0,Buenos Aires,BA
2843,3839,Rosario,Calle 1762,7425.0,Santa Fe,SF
2844,3840,Santa Fe,Calle 4751,7853.0,Santa Fe,SF
2845,3841,Mar del Plata,Calle 9262,7347.0,Buenos Aires,BA
2846,3842,La Plata,Calle 4397,1170.0,Buenos Aires,BA
2847,3843,Mar del Plata,Calle 6230,1186.0,Buenos Aires,BA
2848,3844,Mar del Plata,Calle 9789,2108.0,Buenos Aires,BA
2849,3845,La Plata,Calle 8977,8220.0,Buenos Aires,BA
2850,3846,La Plata,Calle 7675,7656.0,Buenos Aires,BA
2851,3847,La Plata,Calle 7675,2142.0,Buenos Aires,BA
2852,3848,La Plata,Calle 3906,7872.0,Buenos Aires,BA
2853,3849,CABA,Calle 6667,5709.0,Buenos Aires,BA
2854,3850,CABA,Calle 3963,4764.0,Buenos Aires,BA
2855,3851,CABA,Calle 6573,5236.0,Buenos Aires,BA
2856,3852,Córdoba,Calle 6535,4124.0,Córdoba,CBA
2857,3853,La Plata,Calle 5294,2480.0,Buenos Aires,BA
2858,3854,CABA,Calle 7904,7267.0,Buenos Aires,BA
2859,3855,Mar del Plata,Calle 5511,6581.0,Buenos Aires,BA
2860,3856,Mar del Plata,Calle 8525,6932.0,Buenos Aires,BA
2861,3857,Mendoza,Calle 8674,8275.0,Mendoza,MZA
2862,3858,Santa Fe,Calle 2163,8858.0,Santa Fe,SF
2863,3859,Santa Fe,Calle 9022,9918.0,Santa Fe,SF
2864,3860,CABA,Calle 689,3765.0,Buenos Aires,BA
2865,3861,CABA,Calle 7874,7574.0,Buenos Aires,BA
2866,3862,San Rafael,Calle 9449,9593.0,Mendoza,MZA
2867,3863,Mar del Plata,Calle 8144,5122.0,Buenos Aires,BA
2868,3864,Rafaela,Calle 5936,8764.0,Santa Fe,SF
2869,3865,CABA,Calle 6998,3994.0,Buenos Aires,BA
2870,3866,Córdoba,Calle 7717,2287.0,Córdoba,CBA
2871,3867,La Plata,Calle 5116,3458.0,Buenos Aires,BA
2872,3868,CABA,Calle 60,6912.0,Buenos Aires,BA
2873,3869,La Plata,Calle 1095,3252.0,Buenos Aires,BA
2874,3870,La Plata,Calle 6649,6235.0,Buenos Aires,BA
2875,3871,Santa Fe,Calle 2804,5142.0,Santa Fe,SF
2876,3872,CABA,Calle 3766,8885.0,Buenos Aires,BA
2877,3873,Godoy Cruz,Calle 4790,4304.0,Mendoza,MZA
2878,3874,Villa Carlos Paz,Calle 8318,4541.0,Córdoba,CBA
2879,3875,Mar del Plata,Calle 172,5253.0,Buenos Aires,BA
2880,3876,Mar del Plata,Calle 2516,8953.0,Buenos Aires,BA
2881,3877,Mar del Plata,Calle 8709,8541.0,Buenos Aires,BA
2882,3878,CABA,Calle 1751,8919.0,Buenos Aires,BA
2883,3879,CABA,Calle 5741,1757.0,Buenos Aires,BA
2884,3880,Rosario,Calle 9007,3069.0,Santa Fe,SF
2885,3881,CABA,Calle 9259,4239.0,Buenos Aires,BA
2886,3882,Río Cuarto,Calle 2647,9774.0,Córdoba,CBA
2887,3883,Mendoza,Calle 1267,2364.0,Mendoza,MZA
2888,3884,Córdoba,Calle 7646,2813.0,Córdoba,CBA
2889,3885,Godoy Cruz,Calle 9197,3596.0,Mendoza,MZA
2890,3886,Mar del Plata,Calle 1307,2148.0,Buenos Aires,BA
2891,3887,Mar del Plata,Calle 7698,8114.0,Buenos Aires,BA
2892,3888,La Plata,Calle 4868,4236.0,Buenos Aires,BA
2893,3889,Rafaela,Calle 7577,7166.0,Santa Fe,SF
2894,3890,La Plata,Calle 6654,9495.0,Buenos Aires,BA
2895,3891,Rafaela,Calle 9362,9748.0,Santa Fe,SF
2896,3892,Córdoba,Calle 4801,1828.0,Córdoba,CBA
2897,3893,Río Cuarto,Calle 4704,7864.0,Córdoba,CBA
2898,3894,La Plata,Calle 6803,7643.0,Buenos Aires,BA
2899,3895,Río Cuarto,Calle 2268,3519.0,Córdoba,CBA
2900,3896,Mar del Plata,Calle 3784,5397.0,Buenos Aires,BA
2901,3897,San Rafael,Calle 5441,2781.0,Mendoza,MZA
2902,3898,Rosario,Calle 2987,5237.0,Santa Fe,SF
2903,3899,Godoy Cruz,Calle 6900,2077.0,Mendoza,MZA
2904,3900,Mar del Plata,Calle 3650,8346.0,Buenos Aires,BA
2905,3901,Mar del Plata,Calle 8827,7836.0,Buenos Aires,BA
2906,3902,Godoy Cruz,Calle 7810,1325.0,Mendoza,MZA
2907,3903,CABA,Calle 4935,7597.0,Buenos Aires,BA
2908,3904,Mar del Plata,Calle 3323,1621.0,Buenos Aires,BA
2909,3905,La Plata,Calle 6662,5933.0,Buenos Aires,BA
2910,3906,La Plata,Calle 4087,6211.0,Buenos Aires,BA
2911,3907,Córdoba,Calle 4656,3047.0,Córdoba,CBA
2912,3908,Río Cuarto,Calle 2353,8092.0,Córdoba,CBA
2913,3909,Godoy Cruz,Calle 9354,6009.0,Mendoza,MZA
2914,3910,Villa Carlos Paz,Calle 9626,4473.0,Córdoba,CBA
2915,3911,Rafaela,Calle 5682,4644.0,Santa Fe,SF
2916,3912,CABA,Calle 8372,1322.0,Buenos Aires,BA
2917,3913,La Plata,Calle 4073,1826.0,Buenos Aires,BA
2918,3914,Godoy Cruz,Calle 5083,5802.0,Mendoza,MZA
2919,3915,Mendoza,Calle 9340,8514.0,Mendoza,MZA
2920,3916,CABA,Calle 5683,7549.0,Buenos Aires,BA
2921,3917,CABA,Calle 5352,2470.0,Buenos Aires,BA
2922,3918,Godoy Cruz,Calle 8755,1857.0,Mendoza,MZA
2923,3919,Mar del Plata,Calle 4902,2166.0,Buenos Aires,BA
2924,3920,Córdoba,Calle 6084,6255.0,Córdoba,CBA
2925,3921,CABA,Calle 7968,5087.0,Buenos Aires,BA
2926,3922,Godoy Cruz,Calle 3658,5160.0,Mendoza,MZA
2927,3923,Villa Carlos Paz,Calle 1804,6145.0,Córdoba,CBA
2928,3924,CABA,Calle 6428,9436.0,Buenos Aires,BA
2929,3925,Godoy Cruz,Calle 4031,7725.0,Mendoza,MZA
2930,3926,Rosario,Calle 8790,4890.0,Santa Fe,SF
2931,3927,CABA,Calle 7508,1680.0,Buenos Aires,BA
2932,3928,La Plata,Calle 9947,9207.0,Buenos Aires,BA
2933,3929,Villa Carlos Paz,Calle 9760,6014.0,Córdoba,CBA
2934,3930,Río Cuarto,Calle 6922,1621.0,Córdoba,CBA
2935,3931,La Plata,Calle 6842,4547.0,Buenos Aires,BA
2936,3932,Mar del Plata,Calle 8593,9813.0,Buenos Aires,BA
2937,3933,La Plata,Calle 1878,7678.0,Buenos Aires,BA
2938,3934,Mar del Plata,Calle 5773,7888.0,Buenos Aires,BA
2939,3935,San Rafael,Calle 577,6473.0,Mendoza,MZA
2940,3936,Rafaela,Calle 2627,9585.0,Santa Fe,SF
2941,3937,CABA,Calle 8000,5757.0,Buenos Aires,BA
2942,3938,CABA,Calle 7506,5632.0,Buenos Aires,BA
2943,3939,CABA,Calle 472,7559.0,Buenos Aires,BA
2944,3940,San Rafael,Calle 9805,2691.0,Mendoza,MZA
2945,3941,La Plata,Calle 9955,8560.0,Buenos Aires,BA
2946,3942,La Plata,Calle 4317,7208.0,Buenos Aires,BA
2947,3943,La Plata,Calle 7364,9051.0,Buenos Aires,BA
2948,3944,La Plata,Calle 5806,6987.0,Buenos Aires,BA
2949,3945,La Plata,Calle 4079,8190.0,Buenos Aires,BA
2950,3946,Córdoba,Calle 267,6726.0,Córdoba,CBA
2951,3947,Santa Fe,Calle 7021,8695.0,Santa Fe,SF
2952,3948,CABA,Calle 302,7201.0,Buenos Aires,BA
2953,3949,Villa Carlos Paz,Calle 1774,2765.0,Córdoba,CBA
2954,3950,La Plata,Calle 2519,5302.0,Buenos Aires,BA
2955,3951,La Plata,Calle 4753,1947.0,Buenos Aires,BA
2956,3952,CABA,Calle 8312,4420.0,Buenos Aires,BA
2957,3953,La Plata,Calle 3882,3213.0,Buenos Aires,BA
2958,3954,La Plata,Calle 3516,5075.0,Buenos Aires,BA
2959,3955,Mar del Plata,Calle 974,5768.0,Buenos Aires,BA
2960,3956,Mar del Plata,Calle 5034,9056.0,Buenos Aires,BA
2961,3957,Mar del Plata,Calle 9280,5447.0,Buenos Aires,BA
2962,3958,Rosario,Calle 8389,6885.0,Santa Fe,SF
2963,3959,La Plata,Calle 2569,8411.0,Buenos Aires,BA
2964,3960,Córdoba,Calle 69,1612.0,Córdoba,CBA
2965,3961,La Plata,Calle 639,8399.0,Buenos Aires,BA
2966,3962,CABA,Calle 6046,5299.0,Buenos Aires,BA
2967,3963,San Rafael,Calle 2720,2137.0,Mendoza,MZA
2968,3964,CABA,Calle 8885,3082.0,Buenos Aires,BA
2969,3965,La Plata,Calle 4513,7252.0,Buenos Aires,BA
2970,3966,La Plata,Calle 2303,5617.0,Buenos Aires,BA
2971,3967,CABA,Calle 2372,5113.0,Buenos Aires,BA
2972,3968,La Plata,Calle 3136,8561.0,Buenos Aires,BA
2973,3969,La Plata,Calle 6013,2800.0,Buenos Aires,BA
2974,3970,CABA,Calle 6231,5318.0,Buenos Aires,BA
2975,3971,Córdoba,Calle 9401,2397.0,Córdoba,CBA
2976,3972,CABA,Calle 8215,2670.0,Buenos Aires,BA
2977,3973,Villa Carlos Paz,Calle 9819,7704.0,Córdoba,CBA
2978,3974,Córdoba,Calle 4743,5289.0,Córdoba,CBA
2979,3975,CABA,Calle 1143,2696.0,Buenos Aires,BA
2980,3976,La Plata,Calle 1408,3565.0,Buenos Aires,BA
2981,3977,Villa Carlos Paz,Calle 9622,6108.0,Córdoba,CBA
2982,3978,La Plata,Calle 6785,1782.0,Buenos Aires,BA
2983,3979,La Plata,Calle 8247,2133.0,Buenos Aires,BA
2984,3980,La Plata,Calle 5795,8762.0,Buenos Aires,BA
2985,3981,Mendoza,Calle 7500,5403.0,Mendoza,MZA
2986,3982,La Plata,Calle 448,5350.0,Buenos Aires,BA
2987,3983,Río Cuarto,Calle 8606,5045.0,Córdoba,CBA
2988,3984,Villa Carlos Paz,Calle 4734,5922.0,Córdoba,CBA
2989,3985,La Plata,Calle 278,8387.0,Buenos Aires,BA
2990,3986,CABA,Calle 9119,7497.0,Buenos Aires,BA
2991,3987,CABA,Calle 1331,6444.0,Buenos Aires,BA
2992,3988,CABA,Calle 2716,1613.0,Buenos Aires,BA
2993,3989,Mendoza,Calle 1007,9536.0,Mendoza,MZA
2994,3990,La Plata,Calle 9199,9335.0,Buenos Aires,BA
2995,3991,La Plata,Calle 199,2745.0,Buenos Aires,BA
2996,3992,Godoy Cruz,Calle 7677,8967.0,Mendoza,MZA
2997,3993,Villa Carlos Paz,Calle 9407,4309.0,Córdoba,CBA
2998,3994,CABA,Calle 1813,7932.0,Buenos Aires,BA
2999,3995,Godoy Cruz,Calle 388,5695.0,Mendoza,MZA
3000,3996,La Plata,Calle 5476,5576.0,Buenos Aires,BA
3001,3997,Mar del Plata,Calle 8504,6610.0,Buenos Aires,BA
3002,3998,Mendoza,Calle 9299,4458.0,Mendoza,MZA
3003,3999,CABA,Calle 908,7303.0,Buenos Aires,BA
3004,4000,Mendoza,Calle 6323,8477.0,Mendoza,MZA
3005,4001,La Plata,Calle 3547,3535.0,Buenos Aires,BA
3006,4002,Mar del Plata,Calle 2495,9618.0,Buenos Aires,BA
3007,4003,Rafaela,Calle 3992,7357.0,Santa Fe,SF
3008,4004,CABA,Calle 4273,5480.0,Buenos Aires,BA
3009,4005,Santa Fe,Calle 9978,8052.0,Santa Fe,SF
3010,4006,Mar del Plata,Calle 1660,8577.0,Buenos Aires,BA
3011,4007,Mar del Plata,Calle 1990,1401.0,Buenos Aires,BA
3012,4008,Río Cuarto,Calle 9131,5308.0,Córdoba,CBA
3013,4009,CABA,Calle 9709,1255.0,Buenos Aires,BA
3014,4010,San Rafael,Calle 5369,4781.0,Mendoza,MZA
3015,4011,CABA,Calle 7790,7513.0,Buenos Aires,BA
3016,4012,CABA,Calle 9902,1390.0,Buenos Aires,BA
3017,4013,CABA,Calle 117,2820.0,Buenos Aires,BA
3018,4014,La Plata,Calle 6949,8531.0,Buenos Aires,BA
3019,4015,Villa Carlos Paz,Calle 8426,4784.0,Córdoba,CBA
3020,4016,Mar del Plata,Calle 9111,9697.0,Buenos Aires,BA
3021,4017,Villa Carlos Paz,Calle 9388,8832.0,Córdoba,CBA
3022,4018,CABA,Calle 1206,9670.0,Buenos Aires,BA
3023,4019,La Plata,Calle 4015,6193.0,Buenos Aires,BA
3024,4020,CABA,Calle 2072,3288.0,Buenos Aires,BA
3025,4021,CABA,Calle 8623,2991.0,Buenos Aires,BA
3026,4022,Mar del Plata,Calle 3660,7774.0,Buenos Aires,BA
3027,4023,Rafaela,Calle 7150,9302.0,Santa Fe,SF
3028,4024,Mar del Plata,Calle 9986,8576.0,Buenos Aires,BA
3029,4025,CABA,Calle 2415,4737.0,Buenos Aires,BA
3030,4026,Mendoza,Calle 8744,8441.0,Mendoza,MZA
3031,4027,Mar del Plata,Calle 3939,6257.0,Buenos Aires,BA
3032,4028,Godoy Cruz,Calle 3032,5229.0,Mendoza,MZA
3033,4029,Villa Carlos Paz,Calle 4069,9882.0,Córdoba,CBA
3034,4030,CABA,Calle 1219,1759.0,Buenos Aires,BA
3035,4031,Mar del Plata,Calle 8516,8846.0,Buenos Aires,BA
3036,4032,Santa Fe,Calle 5698,7367.0,Santa Fe,SF
3037,4033,Rafaela,Calle 7847,6838.0,Santa Fe,SF
3038,4034,Córdoba,Calle 4366,3757.0,Córdoba,CBA
3039,4035,Mar del Plata,Calle 6502,4544.0,Buenos Aires,BA
3040,4036,Mar del Plata,Calle 4866,3870.0,Buenos Aires,BA
3041,4037,Mar del Plata,Calle 9658,4725.0,Buenos Aires,BA
3042,4038,San Rafael,Calle 3205,6174.0,Mendoza,MZA
3043,4039,Mar del Plata,Calle 2393,5414.0,Buenos Aires,BA
3044,4040,La Plata,Calle 3549,4578.0,Buenos Aires,BA
3045,4041,La Plata,Calle 6439,2705.0,Buenos Aires,BA
3046,4042,Mar del Plata,Calle 4779,4407.0,Buenos Aires,BA
3047,4043,Rafaela,Calle 704,1525.0,Santa Fe,SF
3048,4044,Río Cuarto,Calle 2722,9376.0,Córdoba,CBA
3049,4045,CABA,Calle 1813,2363.0,Buenos Aires,BA
3050,4046,Córdoba,Calle 6993,3446.0,Córdoba,CBA
3051,4047,CABA,Calle 108,1368.0,Buenos Aires,BA
3052,4048,Mar del Plata,Calle 7700,8157.0,Buenos Aires,BA
3053,4049,Mar del Plata,Calle 7044,6345.0,Buenos Aires,BA
3054,4050,Mar del Plata,Calle 5362,1319.0,Buenos Aires,BA
3055,4051,Mendoza,Calle 531,9810.0,Mendoza,MZA
3056,4052,Córdoba,Calle 7034,1210.0,Córdoba,CBA
3057,4053,La Plata,Calle 2206,1627.0,Buenos Aires,BA
3058,4054,Río Cuarto,Calle 3784,5451.0,Córdoba,CBA
3059,4055,Rafaela,Calle 4500,4353.0,Santa Fe,SF
3060,4056,San Rafael,Calle 2320,7808.0,Mendoza,MZA
3061,4057,La Plata,Calle 6985,6006.0,Buenos Aires,BA
3062,4058,CABA,Calle 4166,2053.0,Buenos Aires,BA
3063,4059,La Plata,Calle 6406,1070.0,Buenos Aires,BA
3064,4060,Villa Carlos Paz,Calle 4754,2635.0,Córdoba,CBA
3065,4061,Córdoba,Calle 8025,7764.0,Córdoba,CBA
3066,4062,Mar del Plata,Calle 2124,6876.0,Buenos Aires,BA
3067,4063,CABA,Calle 9992,2617.0,Buenos Aires,BA
3068,4064,CABA,Calle 5430,3664.0,Buenos Aires,BA
3069,4065,Río Cuarto,Calle 787,8471.0,Córdoba,CBA
3070,4066,Córdoba,Calle 5732,6014.0,Córdoba,CBA
3071,4067,Mendoza,Calle 5569,6965.0,Mendoza,MZA
3072,4068,Rosario,Calle 1898,6232.0,Santa Fe,SF
3073,4069,Córdoba,Calle 7586,7584.0,Córdoba,CBA
3074,4070,La Plata,Calle 4528,4898.0,Buenos Aires,BA
3075,4071,La Plata,Calle 8744,2928.0,Buenos Aires,BA
3076,4072,La Plata,Calle 2151,7028.0,Buenos Aires,BA
3077,4073,Godoy Cruz,Calle 5972,6340.0,Mendoza,MZA
3078,4074,Villa Carlos Paz,Calle 5263,2752.0,Córdoba,CBA
3079,4075,Rafaela,Calle 8983,6428.0,Santa Fe,SF
3080,4076,CABA,Calle 7245,2437.0,Buenos Aires,BA
3081,4077,Mar del Plata,Calle 5844,1638.0,Buenos Aires,BA
3082,4078,Rafaela,Calle 2751,4300.0,Santa Fe,SF
3083,4079,Río Cuarto,Calle 6160,5461.0,Córdoba,CBA
3084,4080,Mar del Plata,Calle 1153,1115.0,Buenos Aires,BA
3085,4081,CABA,Calle 1915,3074.0,Buenos Aires,BA
3086,4082,La Plata,Calle 6455,9533.0,Buenos Aires,BA
3087,4083,Río Cuarto,Calle 5780,9390.0,Córdoba,CBA
3088,4084,CABA,Calle 8948,7486.0,Buenos Aires,BA
3089,4085,Mar del Plata,Calle 141,4886.0,Buenos Aires,BA
3090,4086,Río Cuarto,Calle 9542,5533.0,Córdoba,CBA
3091,4087,Mar del Plata,Calle 4140,1708.0,Buenos Aires,BA
3092,4088,CABA,Calle 6981,5666.0,Buenos Aires,BA
3093,4089,La Plata,Calle 5811,1507.0,Buenos Aires,BA
3094,4090,Mar del Plata,Calle 8445,1887.0,Buenos Aires,BA
3095,4091,Rafaela,Calle 9377,8380.0,Santa Fe,SF
3096,4092,Rafaela,Calle 8141,7199.0,Santa Fe,SF
3097,4093,CABA,Calle 5024,4449.0,Buenos Aires,BA
3098,4094,San Rafael,Calle 1604,7355.0,Mendoza,MZA
3099,4095,Rafaela,Calle 3168,1042.0,Santa Fe,SF
3100,4096,CABA,Calle 6356,4125.0,Buenos Aires,BA
3101,4097,Río Cuarto,Calle 5269,4098.0,Córdoba,CBA
3102,4098,Río Cuarto,Calle 5572,1708.0,Córdoba,CBA
3103,4099,CABA,Calle 6433,8513.0,Buenos Aires,BA
3104,4100,Mar del Plata,Calle 5424,3553.0,Buenos Aires,BA
3105,4101,Córdoba,Calle 3087,5388.0,Córdoba,CBA
3106,4102,La Plata,Calle 6945,4981.0,Buenos Aires,BA
3107,4103,La Plata,Calle 7398,1670.0,Buenos Aires,BA
3108,4104,La Plata,Calle 1207,5349.0,Buenos Aires,BA
3109,4105,Villa Carlos Paz,Calle 6417,5084.0,Córdoba,CBA
3110,4106,Mendoza,Calle 7826,7856.0,Mendoza,MZA
3111,4107,Mar del Plata,Calle 6640,3448.0,Buenos Aires,BA
3112,4108,Río Cuarto,Calle 433,5641.0,Córdoba,CBA
3113,4109,Villa Carlos Paz,Calle 4069,7078.0,Córdoba,CBA
3114,4110,La Plata,Calle 9514,7682.0,Buenos Aires,BA
3115,4111,Villa Carlos Paz,Calle 109,9829.0,Córdoba,CBA
3116,4112,Mendoza,Calle 3803,7716.0,Mendoza,MZA
3117,4113,Río Cuarto,Calle 1012,1579.0,Córdoba,CBA
3118,4114,Mar del Plata,Calle 4001,3328.0,Buenos Aires,BA
3119,4115,Rafaela,Calle 285,3452.0,Santa Fe,SF
3120,4116,Villa Carlos Paz,Calle 5525,2706.0,Córdoba,CBA
3121,4117,Rosario,Calle 7073,2099.0,Santa Fe,SF
3122,4118,Córdoba,Calle 634,5142.0,Córdoba,CBA
3123,4119,Villa Carlos Paz,Calle 7151,2876.0,Córdoba,CBA
3124,4120,CABA,Calle 9032,4788.0,Buenos Aires,BA
3125,4121,Córdoba,Calle 9470,2842.0,Córdoba,CBA
3126,4122,Rosario,Calle 408,3839.0,Santa Fe,SF
3127,4123,CABA,Calle 9163,8590.0,Buenos Aires,BA
3128,4124,Córdoba,Calle 7439,6310.0,Córdoba,CBA
3129,4125,Río Cuarto,Calle 7290,2018.0,Córdoba,CBA
3130,4126,CABA,Calle 8496,2296.0,Buenos Aires,BA
3131,4127,Mar del Plata,Calle 9068,7815.0,Buenos Aires,BA
3132,4128,Mar del Plata,Calle 5310,9045.0,Buenos Aires,BA
3133,4129,Mar del Plata,Calle 6832,5346.0,Buenos Aires,BA
3134,4130,Mar del Plata,Calle 4212,8553.0,Buenos Aires,BA
3135,4131,La Plata,Calle 4106,1230.0,Buenos Aires,BA
3136,4132,Mar del Plata,Calle 9929,8840.0,Buenos Aires,BA
3137,4133,CABA,Calle 7111,3509.0,Buenos Aires,BA
3138,4134,La Plata,Calle 8560,9399.0,Buenos Aires,BA
3139,4135,Rafaela,Calle 1167,5213.0,Santa Fe,SF
3140,4136,CABA,Calle 5597,9453.0,Buenos Aires,BA
3141,4137,La Plata,Calle 6518,4297.0,Buenos Aires,BA
3142,4138,Río Cuarto,Calle 6577,7024.0,Córdoba,CBA
3143,4139,Mar del Plata,Calle 8581,5300.0,Buenos Aires,BA
3144,4140,Villa Carlos Paz,Calle 3904,2363.0,Córdoba,CBA
3145,4141,Rosario,Calle 9451,1323.0,Santa Fe,SF
3146,4142,Mar del Plata,Calle 1942,8960.0,Buenos Aires,BA
3147,4143,CABA,Calle 7857,1898.0,Buenos Aires,BA
3148,4144,Rosario,Calle 4670,9977.0,Santa Fe,SF
3149,4145,Río Cuarto,Calle 6215,5811.0,Córdoba,CBA
3150,4146,CABA,Calle 5367,1008.0,Buenos Aires,BA
3151,4147,Córdoba,Calle 1739,1460.0,Córdoba,CBA
3152,4148,CABA,Calle 2435,8758.0,Buenos Aires,BA
3153,4149,Río Cuarto,Calle 3763,1536.0,Córdoba,CBA
3154,4150,Mar del Plata,Calle 2821,8755.0,Buenos Aires,BA
3155,4151,Río Cuarto,Calle 5469,6264.0,Córdoba,CBA
3156,4152,Villa Carlos Paz,Calle 2737,5225.0,Córdoba,CBA
3157,4153,CABA,Calle 6627,4460.0,Buenos Aires,BA
3158,4154,Mar del Plata,Calle 6003,8513.0,Buenos Aires,BA
3159,4155,Santa Fe,Calle 6480,7214.0,Santa Fe,SF
3160,4156,Mar del Plata,Calle 6173,6627.0,Buenos Aires,BA
3161,4157,Santa Fe,Calle 4935,6950.0,Santa Fe,SF
3162,4158,Mar del Plata,Calle 6406,5506.0,Buenos Aires,BA
3163,4159,Córdoba,Calle 8447,9246.0,Córdoba,CBA
3164,4160,Mar del Plata,Calle 740,5185.0,Buenos Aires,BA
3165,4161,Mar del Plata,Calle 9463,3992.0,Buenos Aires,BA
3166,4162,CABA,Calle 5200,2592.0,Buenos Aires,BA
3167,4163,CABA,Calle 8489,9752.0,Buenos Aires,BA
3168,4164,La Plata,Calle 8384,4643.0,Buenos Aires,BA
3169,4165,La Plata,Calle 9452,1857.0,Buenos Aires,BA
3170,4166,Córdoba,Calle 4506,1653.0,Córdoba,CBA
3171,4167,La Plata,Calle 4337,3199.0,Buenos Aires,BA
3172,4168,La Plata,Calle 4858,9979.0,Buenos Aires,BA
3173,4169,Córdoba,Calle 1053,9844.0,Córdoba,CBA
3174,4170,La Plata,Calle 81,8465.0,Buenos Aires,BA
3175,4171,Mar del Plata,Calle 4130,2320.0,Buenos Aires,BA
3176,4172,La Plata,Calle 3001,5447.0,Buenos Aires,BA
3177,4173,Rafaela,Calle 2965,9248.0,Santa Fe,SF
3178,4174,Villa Carlos Paz,Calle 9662,8710.0,Córdoba,CBA
3179,4175,La Plata,Calle 8401,2134.0,Buenos Aires,BA
3180,4176,CABA,Calle 2232,7814.0,Buenos Aires,BA
3181,4177,Río Cuarto,Calle 7127,6453.0,Córdoba,CBA
3182,4178,San Rafael,Calle 3421,9453.0,Mendoza,MZA
3183,4179,La Plata,Calle 8651,4971.0,Buenos Aires,BA
3184,4180,Río Cuarto,Calle 5726,6900.0,Córdoba,CBA
3185,4181,Villa Carlos Paz,Calle 2230,2017.0,Córdoba,CBA
3186,4182,La Plata,Calle 5494,6178.0,Buenos Aires,BA
3187,4183,CABA,Calle 2152,5907.0,Buenos Aires,BA
3188,4184,CABA,Calle 7209,2104.0,Buenos Aires,BA
3189,4185,Mar del Plata,Calle 2654,6769.0,Buenos Aires,BA
3190,4186,CABA,Calle 1723,4435.0,Buenos Aires,BA
3191,4187,Villa Carlos Paz,Calle 8922,9840.0,Córdoba,CBA
3192,4188,Godoy Cruz,Calle 1271,6680.0,Mendoza,MZA
3193,4189,La Plata,Calle 6172,6342.0,Buenos Aires,BA
3194,4190,CABA,Calle 2708,6547.0,Buenos Aires,BA
3195,4191,CABA,Calle 8574,8090.0,Buenos Aires,BA
3196,4192,Godoy Cruz,Calle 4465,3877.0,Mendoza,MZA
3197,4193,CABA,Calle 8727,6379.0,Buenos Aires,BA
3198,4194,CABA,Calle 3609,2493.0,Buenos Aires,BA
3199,4195,CABA,Calle 275,9568.0,Buenos Aires,BA
3200,4196,Mendoza,Calle 7251,3231.0,Mendoza,MZA
3201,4197,San Rafael,Calle 5537,9670.0,Mendoza,MZA
3202,4198,Córdoba,Calle 3985,8353.0,Córdoba,CBA
3203,4199,La Plata,Calle 7171,7663.0,Buenos Aires,BA
3204,4200,Córdoba,Calle 3636,7033.0,Córdoba,CBA
