ventas_item_sk,order_item_id,order_id,fecha_key,producto_sk,quantity,unit_price,discount_amount,line_total
1,5000000000,1000000000,20241126,2,2,15000.0,0.0,30000.0
2,5000000001,1000000000,20241126,1,2,12000.0,2400.0,21600.0
3,5000000005,1000000002,20250226,1,1,12000.0,240.0,11760.0
4,5000000006,1000000002,20250226,2,1,15000.0,1500.0,13500.0
5,5000000007,1000000003,20250301,1,1,12000.0,1200.0,10800.0
6,5000000008,1000000003,20250301,2,1,15000.0,300.0,14700.0
7,5000000009,1000000004,20240330,2,2,15750.0,1575.0,29925.0
8,5000000010,1000000004,20240330,2,1,15000.0,750.0,14250.0
9,5000000011,1000000005,20240312,1,2,12000.0,0.0,24000.0
10,5000000013,1000000007,20241111,2,1,15000.0,1500.0,13500.0
11,5000000014,1000000008,20240825,1,3,12000.0,0.0,36000.0
12,5000000015,1000000008,20240825,2,3,15000.0,4500.0,40500.0
13,5000000016,1000000008,20240825,1,1,12600.0,0.0,12600.0
14,5000000017,1000000009,20240330,2,1,13500.0,675.0,12825.0
15,5000000019,1000000011,20250617,2,1,15000.0,300.0,14700.0
16,5000000020,1000000011,20250617,1,2,10800.0,2160.0,19440.0
17,5000000021,1000000012,20240809,1,3,12000.0,720.0,35280.0
18,5000000022,1000000013,20250323,2,3,15750.0,2362.5,44887.5
19,5000000023,1000000013,20250323,1,3,12000.0,1800.0,34200.0
20,5000000024,1000000013,20250323,1,2,12000.0,1200.0,22800.0
21,5000000025,1000000014,20250818,1,1,12000.0,240.0,11760.0
22,5000000027,1000000016,20250827,1,2,12600.0,2520.0,22680.0
23,5000000028,1000000017,20250219,2,2,15750.0,630.0,30870.0
24,5000000029,1000000017,20250219,1,3,12000.0,0.0,36000.0
25,5000000033,1000000019,20250421,1,3,12600.0,756.0,37044.0
26,5000000034,1000000020,20240506,2,3,16500.0,0.0,49500.0
27,5000000035,1000000021,20250923,1,2,12000.0,480.0,23520.0
28,5000000037,1000000023,20250705,2,2,15000.0,600.0,29400.0
29,5000000038,1000000023,20250705,1,1,12000.0,0.0,12000.0
30,5000000039,1000000023,20250705,2,2,15000.0,3000.0,27000.0
31,5000000040,1000000024,20250302,1,1,12000.0,240.0,11760.0
32,5000000041,1000000025,20250826,2,3,15750.0,2362.5,44887.5
33,5000000042,1000000025,20250826,1,2,12600.0,0.0,25200.0
34,5000000043,1000000026,20241212,2,1,15000.0,1500.0,13500.0
35,5000000044,1000000027,20241202,1,2,12000.0,1200.0,22800.0
36,5000000045,1000000028,20240517,1,1,12000.0,0.0,12000.0
37,5000000046,1000000029,20250914,2,2,16500.0,660.0,32340.0
38,5000000047,1000000029,20250914,1,3,12000.0,3600.0,32400.0
39,5000000048,1000000030,20250609,1,3,12000.0,1800.0,34200.0
40,5000000049,1000000031,20250510,1,2,12000.0,480.0,23520.0
41,5000000050,1000000032,20250315,2,2,15000.0,3000.0,27000.0
42,5000000051,1000000033,20240608,2,1,15000.0,300.0,14700.0
43,5000000052,1000000034,20241117,2,3,15750.0,2362.5,44887.5
44,5000000053,1000000034,20241117,2,3,15000.0,4500.0,40500.0
45,5000000054,1000000035,20240112,1,2,12000.0,2400.0,21600.0
46,5000000055,1000000036,20240924,1,2,12000.0,1200.0,22800.0
47,5000000056,1000000036,20240924,2,2,15000.0,3000.0,27000.0
48,5000000057,1000000037,20240126,1,2,12600.0,504.0,24696.0
49,5000000058,1000000038,20240202,1,1,12000.0,240.0,11760.0
50,5000000059,1000000039,20240523,1,3,10800.0,3240.0,29160.0
51,5000000060,1000000039,20240523,2,2,15000.0,0.0,30000.0
52,5000000062,1000000041,20240114,2,1,15000.0,750.0,14250.0
53,5000000063,1000000041,20240114,1,1,10800.0,540.0,10260.0
54,5000000064,1000000042,20240927,1,1,10800.0,540.0,10260.0
55,5000000065,1000000043,20240521,1,3,13200.0,0.0,39600.0
56,5000000066,1000000044,20250902,2,2,15000.0,600.0,29400.0
57,5000000067,1000000044,20250902,2,3,15000.0,900.0,44100.0
58,5000000068,1000000045,20240201,1,3,12000.0,0.0,36000.0
59,5000000069,1000000046,20240112,2,2,16500.0,0.0,33000.0
60,5000000070,1000000047,20240308,1,1,12000.0,1200.0,10800.0
61,5000000072,1000000049,20240811,2,3,13500.0,0.0,40500.0
62,5000000073,1000000050,20240725,2,2,15000.0,1500.0,28500.0
63,5000000074,1000000051,20240915,2,2,15750.0,630.0,30870.0
64,5000000075,1000000052,20241104,1,3,12000.0,720.0,35280.0
65,5000000076,1000000052,20241104,1,3,12000.0,720.0,35280.0
66,5000000078,1000000054,20240316,1,1,12600.0,252.0,12348.0
67,5000000079,1000000055,20250723,2,3,15000.0,2250.0,42750.0
68,5000000080,1000000056,20250412,1,2,12000.0,0.0,24000.0
69,5000000081,1000000056,20250412,2,3,16500.0,2475.0,47025.0
70,5000000082,1000000057,20250221,2,1,15000.0,750.0,14250.0
71,5000000083,1000000057,20250221,2,1,15750.0,1575.0,14175.0
72,5000000086,1000000059,20240701,1,3,12000.0,1800.0,34200.0
73,5000000087,1000000059,20240701,2,2,15000.0,0.0,30000.0
74,5000000089,1000000061,20250301,1,1,12000.0,0.0,12000.0
75,5000000090,1000000062,20241223,2,3,15000.0,0.0,45000.0
76,5000000091,1000000063,20240530,1,3,12600.0,756.0,37044.0
77,5000000092,1000000064,20250304,2,1,16500.0,1650.0,14850.0
78,5000000093,1000000065,20240917,1,3,12000.0,720.0,35280.0
79,5000000096,1000000068,20241201,2,1,15750.0,315.0,15435.0
80,5000000097,1000000068,20241201,1,2,12000.0,0.0,24000.0
81,5000000098,1000000068,20241201,2,3,15000.0,0.0,45000.0
82,5000000099,1000000069,20240612,2,3,15000.0,900.0,44100.0
83,5000000100,1000000070,20250725,1,1,12000.0,0.0,12000.0
84,5000000101,1000000071,20240722,1,1,12000.0,240.0,11760.0
85,5000000102,1000000072,20240202,2,1,13500.0,675.0,12825.0
86,5000000103,1000000073,20241207,2,1,15750.0,315.0,15435.0
87,5000000104,1000000074,20241214,1,2,12600.0,1260.0,23940.0
88,5000000105,1000000074,20241214,1,3,12000.0,3600.0,32400.0
89,5000000106,1000000075,20250322,2,2,15000.0,600.0,29400.0
90,5000000107,1000000076,20240301,1,2,12000.0,480.0,23520.0
91,5000000108,1000000077,20241204,1,2,12000.0,480.0,23520.0
92,5000000109,1000000078,20250109,2,1,15000.0,750.0,14250.0
93,5000000110,1000000078,20250109,1,2,13200.0,0.0,26400.0
94,5000000111,1000000079,20250916,1,1,10800.0,0.0,10800.0
95,5000000112,1000000079,20250916,1,2,12000.0,2400.0,21600.0
96,5000000113,1000000080,20241111,2,1,15000.0,300.0,14700.0
97,5000000114,1000000081,20250202,1,2,12000.0,1200.0,22800.0
98,5000000115,1000000081,20250202,2,2,15000.0,0.0,30000.0
99,5000000116,1000000082,20250921,1,3,12000.0,1800.0,34200.0
100,5000000119,1000000084,20241125,2,1,15000.0,0.0,15000.0
101,5000000120,1000000085,20250301,1,1,12600.0,252.0,12348.0
102,5000000121,1000000086,20250818,1,1,12000.0,1200.0,10800.0
103,5000000123,1000000088,20240203,2,2,15000.0,600.0,29400.0
104,5000000124,1000000088,20240203,2,2,15000.0,3000.0,27000.0
105,5000000125,1000000089,20250618,2,1,15000.0,750.0,14250.0
106,5000000126,1000000090,20240127,1,2,12000.0,0.0,24000.0
107,5000000127,1000000090,20240127,2,1,13500.0,675.0,12825.0
108,5000000128,1000000091,20240217,2,3,15750.0,2362.5,44887.5
109,5000000129,1000000091,20240217,2,3,15750.0,945.0,46305.0
110,5000000130,1000000092,20240613,2,2,15000.0,0.0,30000.0
111,5000000131,1000000093,20241114,2,3,15000.0,0.0,45000.0
112,5000000132,1000000093,20241114,1,2,12000.0,0.0,24000.0
113,5000000133,1000000093,20241114,2,1,16500.0,825.0,15675.0
114,5000000134,1000000094,20241227,1,3,12000.0,1800.0,34200.0
115,5000000135,1000000094,20241227,2,3,13500.0,0.0,40500.0
116,5000000136,1000000095,20250925,2,3,16500.0,990.0,48510.0
117,5000000137,1000000096,20250523,1,3,12000.0,720.0,35280.0
118,5000000138,1000000097,20240612,2,1,15750.0,315.0,15435.0
119,5000000139,1000000098,20250116,1,3,12600.0,1890.0,35910.0
120,5000000140,1000000099,20240227,1,1,12000.0,0.0,12000.0
121,5000000143,1000000101,20240330,1,3,12000.0,0.0,36000.0
122,5000000144,1000000102,20241119,1,3,12000.0,720.0,35280.0
123,5000000147,1000000105,20240512,1,2,12000.0,2400.0,21600.0
124,5000000148,1000000106,20250208,2,1,15000.0,0.0,15000.0
125,5000000149,1000000107,20240522,1,3,12600.0,3780.0,34020.0
126,5000000150,1000000108,20250704,2,3,15750.0,945.0,46305.0
127,5000000151,1000000109,20240422,1,2,12000.0,2400.0,21600.0
128,5000000152,1000000109,20240422,1,1,12000.0,600.0,11400.0
129,5000000155,1000000111,20241220,2,1,15750.0,315.0,15435.0
130,5000000156,1000000112,20250228,1,3,12600.0,3780.0,34020.0
131,5000000157,1000000112,20250228,2,3,15000.0,2250.0,42750.0
132,5000000159,1000000114,20240917,1,1,10800.0,1080.0,9720.0
133,5000000161,1000000116,20240701,1,3,13200.0,0.0,39600.0
134,5000000162,1000000117,20250119,1,2,12000.0,0.0,24000.0
135,5000000163,1000000118,20250816,1,3,13200.0,792.0,38808.0
136,5000000164,1000000119,20250716,2,1,15000.0,300.0,14700.0
137,5000000165,1000000120,20240418,1,1,12000.0,240.0,11760.0
138,5000000166,1000000121,20241220,1,3,13200.0,1980.0,37620.0
139,5000000167,1000000122,20250830,1,3,12000.0,0.0,36000.0
140,5000000169,1000000124,20240206,1,1,10800.0,216.0,10584.0
141,5000000170,1000000124,20240206,2,3,15000.0,900.0,44100.0
142,5000000171,1000000125,20240709,2,3,15000.0,4500.0,40500.0
143,5000000172,1000000125,20240709,1,1,12000.0,1200.0,10800.0
144,5000000173,1000000126,20240612,2,1,15000.0,0.0,15000.0
145,5000000174,1000000127,20240228,2,2,15000.0,1500.0,28500.0
146,5000000175,1000000127,20240228,2,2,15750.0,3150.0,28350.0
147,5000000179,1000000129,20250917,1,3,12000.0,720.0,35280.0
148,5000000180,1000000129,20250917,2,2,15000.0,3000.0,27000.0
149,5000000181,1000000130,20250521,2,1,13500.0,1350.0,12150.0
150,5000000182,1000000131,20240125,1,3,13200.0,0.0,39600.0
151,5000000183,1000000132,20240726,2,2,13500.0,540.0,26460.0
152,5000000184,1000000133,20240614,2,1,15000.0,0.0,15000.0
153,5000000185,1000000134,20240106,1,3,12000.0,720.0,35280.0
154,5000000186,1000000134,20240106,2,2,15000.0,3000.0,27000.0
155,5000000187,1000000135,20240530,1,1,12000.0,600.0,11400.0
156,5000000188,1000000135,20240530,1,2,10800.0,0.0,21600.0
157,5000000189,1000000136,20250120,2,2,15000.0,1500.0,28500.0
158,5000000190,1000000137,20241115,1,1,12000.0,240.0,11760.0
159,5000000191,1000000138,20240103,1,3,12000.0,1800.0,34200.0
160,5000000192,1000000139,20240406,2,1,15000.0,1500.0,13500.0
161,5000000193,1000000140,20250217,2,1,13500.0,270.0,13230.0
162,5000000198,1000000143,20240606,1,3,12000.0,1800.0,34200.0
163,5000000199,1000000143,20240606,1,3,12000.0,3600.0,32400.0
164,5000000201,1000000145,20250719,2,2,15000.0,0.0,30000.0
165,5000000202,1000000146,20240505,2,3,15750.0,2362.5,44887.5
166,5000000203,1000000146,20240505,1,3,12600.0,0.0,37800.0
167,5000000204,1000000147,20241207,2,2,16500.0,660.0,32340.0
168,5000000205,1000000147,20241207,2,2,15000.0,3000.0,27000.0
169,5000000206,1000000148,20250621,1,3,12000.0,720.0,35280.0
170,5000000207,1000000149,20250121,2,1,15000.0,1500.0,13500.0
171,5000000208,1000000150,20250530,2,2,16500.0,660.0,32340.0
172,5000000209,1000000151,20240416,1,3,12000.0,720.0,35280.0
173,5000000210,1000000152,20240108,1,1,10800.0,1080.0,9720.0
174,5000000212,1000000154,20240701,2,3,15750.0,4725.0,42525.0
175,5000000213,1000000155,20240212,1,1,12000.0,0.0,12000.0
176,5000000214,1000000156,20241029,2,3,15000.0,2250.0,42750.0
177,5000000217,1000000158,20240424,2,2,15000.0,0.0,30000.0
178,5000000218,1000000159,20240714,1,1,12600.0,252.0,12348.0
179,5000000219,1000000160,20240613,2,2,15000.0,600.0,29400.0
180,5000000220,1000000161,20241021,2,3,15000.0,0.0,45000.0
181,5000000221,1000000162,20250731,1,2,12000.0,1200.0,22800.0
182,5000000222,1000000163,20240224,1,2,10800.0,0.0,21600.0
183,5000000223,1000000164,20250222,1,3,12000.0,0.0,36000.0
184,5000000224,1000000164,20250222,2,2,15000.0,3000.0,27000.0
185,5000000225,1000000165,20250827,1,2,12000.0,480.0,23520.0
186,5000000226,1000000166,20250727,2,1,15000.0,1500.0,13500.0
187,5000000227,1000000166,20250727,2,2,15750.0,1575.0,29925.0
188,5000000232,1000000169,20240708,1,1,12000.0,1200.0,10800.0
189,5000000233,1000000170,20240329,2,2,15000.0,0.0,30000.0
190,5000000235,1000000172,20240507,1,2,12000.0,1200.0,22800.0
191,5000000236,1000000173,20250616,2,2,15750.0,0.0,31500.0
192,5000000237,1000000174,20240907,1,1,12000.0,240.0,11760.0
193,5000000238,1000000175,20240531,1,1,12000.0,0.0,12000.0
194,5000000239,1000000176,20250225,2,1,16500.0,1650.0,14850.0
195,5000000240,1000000177,20241123,2,1,13500.0,675.0,12825.0
196,5000000241,1000000178,20250503,2,1,15000.0,1500.0,13500.0
197,5000000242,1000000179,20250812,2,3,15000.0,900.0,44100.0
198,5000000243,1000000179,20250812,2,2,15000.0,1500.0,28500.0
199,5000000244,1000000180,20240521,1,2,12600.0,0.0,25200.0
200,5000000245,1000000181,20241112,1,2,12000.0,480.0,23520.0
201,5000000246,1000000182,20240908,1,2,13200.0,1320.0,25080.0
202,5000000247,1000000183,20241026,2,2,13500.0,0.0,27000.0
203,5000000248,1000000184,20250511,2,1,15000.0,1500.0,13500.0
204,5000000249,1000000185,20240718,1,3,12600.0,756.0,37044.0
205,5000000250,1000000185,20240718,1,2,12000.0,1200.0,22800.0
206,5000000251,1000000186,20240730,1,1,12000.0,600.0,11400.0
207,5000000253,1000000188,20250823,2,2,15000.0,3000.0,27000.0
208,5000000254,1000000189,20240502,1,3,12600.0,756.0,37044.0
209,5000000255,1000000190,20240605,1,1,12000.0,240.0,11760.0
210,5000000259,1000000192,20240308,1,1,12000.0,0.0,12000.0
211,5000000260,1000000193,20240215,1,3,12000.0,3600.0,32400.0
212,5000000261,1000000194,20250913,1,1,12000.0,1200.0,10800.0
213,5000000262,1000000194,20250913,1,3,12000.0,1800.0,34200.0
214,5000000263,1000000195,20250228,2,1,15000.0,1500.0,13500.0
215,5000000264,1000000195,20250228,2,2,16500.0,660.0,32340.0
216,5000000265,1000000196,20250814,2,2,15000.0,0.0,30000.0
217,5000000266,1000000197,20240409,1,1,12000.0,1200.0,10800.0
218,5000000267,1000000198,20240203,1,3,10800.0,3240.0,29160.0
219,5000000268,1000000199,20250319,1,2,13200.0,0.0,26400.0
220,5000000269,1000000199,20250319,1,2,12000.0,2400.0,21600.0
221,5000000270,1000000200,20240925,1,1,12000.0,1200.0,10800.0
222,5000000271,1000000200,20240925,1,1,12000.0,1200.0,10800.0
223,5000000274,1000000202,20250327,1,3,12000.0,0.0,36000.0
224,5000000275,1000000203,20241117,1,3,12000.0,3600.0,32400.0
225,5000000278,1000000205,20240930,2,1,15000.0,300.0,14700.0
226,5000000279,1000000206,20250726,1,2,12000.0,480.0,23520.0
227,5000000280,1000000207,20250507,1,1,12600.0,252.0,12348.0
228,5000000281,1000000208,20250411,2,3,16500.0,4950.0,44550.0
229,5000000282,1000000209,20250403,1,2,12600.0,0.0,25200.0
230,5000000283,1000000210,20250320,2,1,15000.0,1500.0,13500.0
231,5000000286,1000000212,20250218,1,1,12000.0,240.0,11760.0
232,5000000287,1000000213,20240416,2,1,15750.0,0.0,15750.0
233,5000000288,1000000214,20240719,1,2,12600.0,2520.0,22680.0
234,5000000289,1000000215,20240129,2,3,13500.0,2025.0,38475.0
235,5000000290,1000000215,20240129,1,1,13200.0,660.0,12540.0
236,5000000291,1000000216,20250510,2,1,16500.0,825.0,15675.0
237,5000000292,1000000217,20240405,2,1,15750.0,787.5,14962.5
238,5000000293,1000000217,20240405,2,3,15000.0,0.0,45000.0
239,5000000294,1000000218,20240704,1,1,10800.0,540.0,10260.0
240,5000000295,1000000218,20240704,1,2,12000.0,2400.0,21600.0
241,5000000296,1000000219,20240612,1,1,12000.0,1200.0,10800.0
242,5000000297,1000000219,20240612,1,3,12000.0,1800.0,34200.0
243,5000000298,1000000220,20250921,1,1,12000.0,600.0,11400.0
244,5000000299,1000000221,20250507,1,2,12000.0,480.0,23520.0
245,5000000300,1000000222,20240830,1,2,12000.0,2400.0,21600.0
246,5000000301,1000000223,20241224,1,2,12600.0,2520.0,22680.0
247,5000000302,1000000224,20250322,2,3,15000.0,4500.0,40500.0
248,5000000303,1000000225,20250805,1,3,12600.0,3780.0,34020.0
249,5000000304,1000000226,20240716,1,3,10800.0,3240.0,29160.0
250,5000000305,1000000227,20240717,1,3,12000.0,720.0,35280.0
251,5000000306,1000000228,20250327,1,3,12000.0,720.0,35280.0
252,5000000308,1000000230,20241229,1,3,12000.0,3600.0,32400.0
253,5000000309,1000000231,20240608,2,3,15750.0,0.0,47250.0
254,5000000310,1000000232,20250221,1,1,13200.0,264.0,12936.0
255,5000000311,1000000232,20250221,1,2,12000.0,0.0,24000.0
256,5000000312,1000000233,20241119,2,1,15000.0,0.0,15000.0
257,5000000313,1000000234,20250528,1,2,12000.0,480.0,23520.0
258,5000000315,1000000236,20250104,1,1,12000.0,0.0,12000.0
259,5000000316,1000000236,20250104,1,1,12000.0,0.0,12000.0
260,5000000317,1000000237,20241114,1,3,12000.0,0.0,36000.0
261,5000000318,1000000238,20250322,1,2,10800.0,432.0,21168.0
262,5000000319,1000000239,20240220,1,1,12600.0,630.0,11970.0
263,5000000320,1000000239,20240220,2,3,13500.0,810.0,39690.0
264,5000000323,1000000241,20241011,2,2,15000.0,3000.0,27000.0
265,5000000324,1000000241,20241011,1,3,12000.0,3600.0,32400.0
266,5000000326,1000000243,20250608,2,1,16500.0,0.0,16500.0
267,5000000327,1000000244,20240913,1,2,10800.0,1080.0,20520.0
268,5000000332,1000000247,20241202,2,1,15750.0,315.0,15435.0
269,5000000333,1000000248,20241026,1,1,12000.0,1200.0,10800.0
270,5000000334,1000000249,20240419,1,3,13200.0,0.0,39600.0
271,5000000335,1000000250,20240921,2,3,15750.0,4725.0,42525.0
272,5000000336,1000000251,20240315,1,3,12000.0,1800.0,34200.0
273,5000000337,1000000252,20240302,2,3,15000.0,900.0,44100.0
274,5000000340,1000000254,20241013,1,2,10800.0,432.0,21168.0
275,5000000341,1000000255,20240813,2,1,15000.0,300.0,14700.0
276,5000000342,1000000256,20241001,1,2,12000.0,480.0,23520.0
277,5000000343,1000000257,20250530,2,2,15000.0,600.0,29400.0
278,5000000344,1000000257,20250530,2,2,15000.0,1500.0,28500.0
279,5000000345,1000000258,20241226,2,2,15000.0,1500.0,28500.0
280,5000000347,1000000260,20241212,2,2,16500.0,0.0,33000.0
281,5000000348,1000000261,20250814,1,2,12000.0,0.0,24000.0
282,5000000349,1000000262,20241118,1,3,12000.0,720.0,35280.0
283,5000000350,1000000263,20241231,2,3,15000.0,4500.0,40500.0
284,5000000351,1000000264,20250819,1,1,12600.0,1260.0,11340.0
285,5000000352,1000000264,20250819,2,3,15750.0,945.0,46305.0
286,5000000353,1000000265,20240427,1,3,13200.0,0.0,39600.0
287,5000000354,1000000265,20240427,1,1,13200.0,264.0,12936.0
288,5000000355,1000000266,20250507,1,2,12000.0,480.0,23520.0
289,5000000356,1000000266,20250507,2,1,16500.0,825.0,15675.0
290,5000000357,1000000267,20240229,2,2,15000.0,3000.0,27000.0
291,5000000361,1000000270,20240216,1,1,12000.0,240.0,11760.0
292,5000000364,1000000272,20241025,1,2,13200.0,0.0,26400.0
293,5000000365,1000000273,20240301,1,3,12000.0,720.0,35280.0
294,5000000366,1000000274,20240928,1,2,12000.0,0.0,24000.0
295,5000000367,1000000274,20240928,2,3,13500.0,810.0,39690.0
296,5000000368,1000000275,20240621,1,1,12000.0,1200.0,10800.0
297,5000000369,1000000275,20240621,1,1,12000.0,1200.0,10800.0
298,5000000370,1000000276,20250526,1,2,12000.0,0.0,24000.0
299,5000000371,1000000277,20241014,2,2,15000.0,0.0,30000.0
300,5000000372,1000000277,20241014,1,1,12000.0,0.0,12000.0
301,5000000373,1000000278,20250304,1,2,10800.0,0.0,21600.0
302,5000000375,1000000280,20240720,2,1,15000.0,300.0,14700.0
303,5000000376,1000000280,20240720,1,1,12600.0,0.0,12600.0
304,5000000377,1000000281,20250311,1,2,12000.0,1200.0,22800.0
305,5000000378,1000000281,20250311,1,2,10800.0,432.0,21168.0
306,5000000379,1000000282,20241228,1,2,10800.0,2160.0,19440.0
307,5000000380,1000000283,20250721,2,1,13500.0,675.0,12825.0
308,5000000381,1000000284,20240309,2,2,15000.0,0.0,30000.0
309,5000000382,1000000284,20240309,2,2,15000.0,1500.0,28500.0
310,5000000384,1000000286,20240711,2,2,15000.0,600.0,29400.0
311,5000000385,1000000287,20250617,2,3,15000.0,2250.0,42750.0
312,5000000386,1000000288,20250201,1,1,12000.0,240.0,11760.0
313,5000000389,1000000290,20241104,1,1,12000.0,240.0,11760.0
314,5000000390,1000000290,20241104,2,3,13500.0,4050.0,36450.0
315,5000000391,1000000290,20241104,1,3,13200.0,1980.0,37620.0
316,5000000392,1000000291,20241017,2,3,16500.0,2475.0,47025.0
317,5000000393,1000000292,20250429,2,1,15000.0,300.0,14700.0
318,5000000394,1000000292,20250429,1,1,12600.0,630.0,11970.0
319,5000000395,1000000293,20250821,1,2,12000.0,2400.0,21600.0
320,5000000398,1000000296,20240628,2,1,15000.0,0.0,15000.0
321,5000000400,1000000298,20241104,1,3,12000.0,1800.0,34200.0
322,5000000401,1000000299,20240506,1,3,12000.0,0.0,36000.0
323,5000000402,1000000300,20241119,1,3,12000.0,3600.0,32400.0
324,5000000403,1000000300,20241119,1,1,12000.0,240.0,11760.0
325,5000000404,1000000301,20240506,1,2,12000.0,0.0,24000.0
326,5000000407,1000000303,20240316,1,3,12000.0,3600.0,32400.0
327,5000000408,1000000304,20240315,2,1,15000.0,1500.0,13500.0
328,5000000409,1000000304,20240315,2,3,15750.0,2362.5,44887.5
329,5000000410,1000000304,20240315,2,3,13500.0,810.0,39690.0
330,5000000411,1000000305,20250413,1,2,12600.0,0.0,25200.0
331,5000000412,1000000306,20240429,2,3,15000.0,2250.0,42750.0
332,5000000413,1000000306,20240429,1,2,13200.0,0.0,26400.0
333,5000000414,1000000307,20240912,2,1,15000.0,1500.0,13500.0
334,5000000415,1000000308,20240327,2,1,15000.0,1500.0,13500.0
335,5000000417,1000000310,20250104,1,2,12000.0,2400.0,21600.0
336,5000000418,1000000311,20250107,2,2,15750.0,1575.0,29925.0
337,5000000419,1000000312,20250223,2,2,15750.0,1575.0,29925.0
338,5000000420,1000000313,20250519,2,3,15000.0,0.0,45000.0
339,5000000421,1000000313,20250519,2,1,15000.0,750.0,14250.0
340,5000000422,1000000314,20241015,2,1,15000.0,0.0,15000.0
341,5000000423,1000000314,20241015,1,1,12000.0,240.0,11760.0
342,5000000424,1000000315,20250505,2,1,15750.0,1575.0,14175.0
343,5000000425,1000000315,20250505,2,2,15000.0,0.0,30000.0
344,5000000426,1000000316,20250427,2,1,15750.0,1575.0,14175.0
345,5000000427,1000000316,20250427,2,3,15000.0,0.0,45000.0
346,5000000428,1000000317,20240816,2,2,16500.0,3300.0,29700.0
347,5000000429,1000000318,20241006,1,1,12600.0,0.0,12600.0
348,5000000430,1000000319,20240420,1,1,12000.0,240.0,11760.0
349,5000000431,1000000320,20250818,2,1,15000.0,750.0,14250.0
350,5000000432,1000000320,20250818,2,1,15000.0,0.0,15000.0
351,5000000433,1000000321,20250802,2,3,15000.0,900.0,44100.0
352,5000000434,1000000321,20250802,2,2,16500.0,0.0,33000.0
353,5000000435,1000000322,20241120,1,3,10800.0,1620.0,30780.0
354,5000000436,1000000323,20250401,1,2,10800.0,1080.0,20520.0
355,5000000437,1000000323,20250401,1,2,12600.0,504.0,24696.0
356,5000000438,1000000324,20250111,2,2,16500.0,0.0,33000.0
357,5000000439,1000000324,20250111,1,2,12600.0,504.0,24696.0
358,5000000440,1000000325,20241014,1,2,13200.0,2640.0,23760.0
359,5000000441,1000000326,20240616,1,3,12000.0,1800.0,34200.0
360,5000000442,1000000326,20240616,1,3,12000.0,720.0,35280.0
361,5000000443,1000000327,20250109,1,2,12600.0,504.0,24696.0
362,5000000444,1000000328,20250210,2,3,13500.0,2025.0,38475.0
363,5000000445,1000000328,20250210,2,2,15000.0,1500.0,28500.0
364,5000000446,1000000329,20240315,1,3,13200.0,3960.0,35640.0
365,5000000447,1000000330,20241214,1,2,12000.0,0.0,24000.0
366,5000000448,1000000331,20241224,2,3,15000.0,4500.0,40500.0
367,5000000449,1000000331,20241224,2,1,15750.0,315.0,15435.0
368,5000000450,1000000332,20250917,1,3,12000.0,0.0,36000.0
369,5000000451,1000000332,20250917,2,1,15000.0,300.0,14700.0
370,5000000453,1000000334,20250507,1,2,12000.0,480.0,23520.0
371,5000000454,1000000334,20250507,1,3,12000.0,1800.0,34200.0
372,5000000455,1000000335,20240210,2,3,16500.0,990.0,48510.0
373,5000000456,1000000335,20240210,1,1,12000.0,600.0,11400.0
374,5000000457,1000000336,20240719,1,1,12000.0,0.0,12000.0
375,5000000458,1000000336,20240719,1,2,13200.0,0.0,26400.0
376,5000000459,1000000337,20240912,2,1,15000.0,1500.0,13500.0
377,5000000463,1000000340,20240805,1,1,12000.0,1200.0,10800.0
378,5000000464,1000000341,20241221,1,2,12600.0,0.0,25200.0
379,5000000465,1000000342,20241006,2,1,15000.0,750.0,14250.0
380,5000000466,1000000343,20240811,1,1,12600.0,1260.0,11340.0
381,5000000467,1000000343,20240811,1,1,12000.0,1200.0,10800.0
382,5000000468,1000000344,20240723,2,2,16500.0,0.0,33000.0
383,5000000469,1000000345,20240501,1,3,12600.0,3780.0,34020.0
384,5000000470,1000000346,20250312,1,3,12000.0,1800.0,34200.0
385,5000000471,1000000347,20240818,2,3,15000.0,900.0,44100.0
386,5000000472,1000000348,20241115,1,1,10800.0,540.0,10260.0
387,5000000473,1000000349,20240829,1,3,12000.0,0.0,36000.0
388,5000000474,1000000350,20240318,1,3,12000.0,720.0,35280.0
389,5000000475,1000000351,20240503,2,2,15000.0,3000.0,27000.0
390,5000000476,1000000352,20250216,2,2,15750.0,3150.0,28350.0
391,5000000477,1000000353,20250508,1,3,12000.0,1800.0,34200.0
392,5000000478,1000000354,20250509,1,1,13200.0,0.0,13200.0
393,5000000479,1000000355,20241209,2,3,15000.0,4500.0,40500.0
394,5000000480,1000000356,20250605,2,3,15000.0,900.0,44100.0
395,5000000481,1000000357,20240229,1,1,12000.0,240.0,11760.0
396,5000000482,1000000358,20250708,2,2,15000.0,1500.0,28500.0
397,5000000483,1000000359,20240709,2,2,15000.0,600.0,29400.0
398,5000000484,1000000360,20240923,1,2,12000.0,1200.0,22800.0
399,5000000485,1000000360,20240923,1,3,10800.0,3240.0,29160.0
400,5000000486,1000000361,20250119,1,3,13200.0,3960.0,35640.0
401,5000000487,1000000361,20250119,1,2,12000.0,480.0,23520.0
402,5000000488,1000000362,20240814,1,3,12000.0,0.0,36000.0
403,5000000489,1000000363,20240607,1,1,12000.0,600.0,11400.0
404,5000000490,1000000364,20250818,1,2,12600.0,504.0,24696.0
405,5000000493,1000000366,20250715,2,3,15750.0,945.0,46305.0
406,5000000494,1000000367,20250419,2,2,13500.0,0.0,27000.0
407,5000000496,1000000369,20241211,1,3,12000.0,3600.0,32400.0
408,5000000497,1000000370,20250818,2,2,15750.0,1575.0,29925.0
409,5000000498,1000000371,20240115,2,2,15000.0,0.0,30000.0
410,5000000499,1000000372,20240821,1,1,12600.0,630.0,11970.0
411,5000000500,1000000373,20240218,1,1,12600.0,0.0,12600.0
412,5000000501,1000000374,20250414,2,3,15000.0,900.0,44100.0
413,5000000502,1000000375,20250624,2,1,15750.0,1575.0,14175.0
414,5000000503,1000000376,20241215,2,3,15000.0,2250.0,42750.0
415,5000000504,1000000377,20240802,2,2,15000.0,0.0,30000.0
416,5000000505,1000000378,20250905,2,3,13500.0,810.0,39690.0
417,5000000506,1000000379,20250615,1,1,10800.0,0.0,10800.0
418,5000000507,1000000380,20240613,2,2,16500.0,660.0,32340.0
419,5000000508,1000000380,20240613,2,2,13500.0,2700.0,24300.0
420,5000000509,1000000381,20250518,2,2,15750.0,0.0,31500.0
421,5000000510,1000000381,20250518,1,3,12600.0,3780.0,34020.0
422,5000000511,1000000382,20240621,2,2,15000.0,0.0,30000.0
423,5000000512,1000000383,20241120,2,2,16500.0,3300.0,29700.0
424,5000000513,1000000383,20241120,2,1,13500.0,675.0,12825.0
425,5000000514,1000000384,20250608,1,3,12000.0,720.0,35280.0
426,5000000515,1000000385,20240511,2,2,15750.0,3150.0,28350.0
427,5000000516,1000000385,20240511,2,1,15000.0,300.0,14700.0
428,5000000517,1000000385,20240511,1,3,10800.0,0.0,32400.0
429,5000000518,1000000386,20241023,2,1,15000.0,750.0,14250.0
430,5000000519,1000000387,20250327,1,3,12000.0,0.0,36000.0
431,5000000520,1000000388,20240603,2,2,15000.0,1500.0,28500.0
432,5000000521,1000000388,20240603,2,1,15000.0,0.0,15000.0
433,5000000522,1000000389,20240503,1,1,10800.0,540.0,10260.0
434,5000000523,1000000390,20240316,2,1,15750.0,0.0,15750.0
435,5000000525,1000000392,20240815,2,2,15000.0,600.0,29400.0
436,5000000526,1000000393,20240320,1,1,12000.0,240.0,11760.0
437,5000000527,1000000394,20250731,2,3,13500.0,2025.0,38475.0
438,5000000528,1000000395,20240601,1,3,12600.0,756.0,37044.0
439,5000000529,1000000396,20240814,1,3,13200.0,3960.0,35640.0
440,5000000530,1000000396,20240814,1,1,12600.0,1260.0,11340.0
441,5000000531,1000000397,20250705,1,1,12000.0,0.0,12000.0
442,5000000534,1000000399,20241003,2,1,15000.0,0.0,15000.0
443,5000000535,1000000399,20241003,1,3,12000.0,3600.0,32400.0
444,5000000536,1000000400,20250313,1,1,12600.0,0.0,12600.0
445,5000000537,1000000401,20250624,2,3,13500.0,0.0,40500.0
446,5000000538,1000000402,20241219,1,3,13200.0,3960.0,35640.0
447,5000000539,1000000403,20241214,2,3,15000.0,0.0,45000.0
448,5000000540,1000000404,20250312,1,2,13200.0,1320.0,25080.0
449,5000000541,1000000404,20250312,1,1,12000.0,240.0,11760.0
450,5000000542,1000000405,20240819,2,2,15000.0,600.0,29400.0
451,5000000543,1000000405,20240819,1,3,13200.0,3960.0,35640.0
452,5000000544,1000000406,20240825,2,3,15000.0,2250.0,42750.0
453,5000000547,1000000408,20241112,2,2,15750.0,630.0,30870.0
454,5000000549,1000000410,20250720,1,3,12000.0,720.0,35280.0
455,5000000550,1000000411,20241108,2,3,13500.0,2025.0,38475.0
456,5000000551,1000000412,20241119,1,2,12000.0,480.0,23520.0
457,5000000553,1000000414,20250512,1,2,12600.0,0.0,25200.0
458,5000000554,1000000414,20250512,2,1,15000.0,750.0,14250.0
459,5000000555,1000000415,20250430,2,1,15000.0,300.0,14700.0
460,5000000557,1000000417,20240330,1,2,13200.0,0.0,26400.0
461,5000000560,1000000419,20240322,2,2,15000.0,1500.0,28500.0
462,5000000561,1000000419,20240322,1,3,12600.0,1890.0,35910.0
463,5000000562,1000000420,20241209,1,1,12000.0,600.0,11400.0
464,5000000563,1000000421,20240831,1,3,12000.0,3600.0,32400.0
465,5000000564,1000000422,20250222,2,2,15000.0,3000.0,27000.0
466,5000000565,1000000422,20250222,2,2,15000.0,1500.0,28500.0
467,5000000566,1000000423,20250609,1,2,12000.0,480.0,23520.0
468,5000000567,1000000424,20240709,1,1,12000.0,240.0,11760.0
469,5000000568,1000000425,20250926,1,1,10800.0,216.0,10584.0
470,5000000569,1000000426,20240710,1,3,12000.0,0.0,36000.0
471,5000000570,1000000427,20240706,2,1,13500.0,1350.0,12150.0
472,5000000571,1000000427,20240706,1,2,12000.0,480.0,23520.0
473,5000000573,1000000429,20250412,1,3,10800.0,3240.0,29160.0
474,5000000574,1000000429,20250412,2,2,16500.0,3300.0,29700.0
475,5000000575,1000000430,20250128,1,3,12600.0,0.0,37800.0
476,5000000576,1000000431,20250906,1,3,12600.0,3780.0,34020.0
477,5000000577,1000000432,20240120,1,3,13200.0,1980.0,37620.0
478,5000000578,1000000433,20250109,1,1,10800.0,0.0,10800.0
479,5000000580,1000000435,20240519,2,3,15000.0,2250.0,42750.0
480,5000000581,1000000435,20240519,2,1,16500.0,330.0,16170.0
481,5000000582,1000000436,20240817,1,3,12000.0,0.0,36000.0
482,5000000583,1000000437,20241101,2,3,15000.0,2250.0,42750.0
483,5000000584,1000000438,20250503,2,3,16500.0,990.0,48510.0
484,5000000585,1000000439,20240104,1,2,12000.0,1200.0,22800.0
485,5000000586,1000000440,20241028,1,1,12600.0,1260.0,11340.0
486,5000000587,1000000440,20241028,2,3,16500.0,0.0,49500.0
487,5000000588,1000000441,20240318,1,3,12600.0,756.0,37044.0
488,5000000589,1000000442,20240524,2,3,15000.0,900.0,44100.0
489,5000000593,1000000444,20250116,1,3,13200.0,3960.0,35640.0
490,5000000594,1000000445,20240723,1,2,12000.0,0.0,24000.0
491,5000000595,1000000446,20240813,1,3,12000.0,720.0,35280.0
492,5000000596,1000000447,20241108,1,3,12000.0,720.0,35280.0
493,5000000597,1000000448,20250111,1,1,12000.0,600.0,11400.0
494,5000000598,1000000449,20240402,2,2,13500.0,540.0,26460.0
495,5000000599,1000000449,20240402,2,2,15000.0,0.0,30000.0
496,5000000600,1000000450,20240906,2,1,15750.0,0.0,15750.0
497,5000000602,1000000452,20250228,2,3,15750.0,2362.5,44887.5
498,5000000603,1000000453,20240414,1,1,12000.0,240.0,11760.0
499,5000000604,1000000454,20250523,1,3,12000.0,3600.0,32400.0
500,5000000608,1000000456,20240926,1,1,13200.0,0.0,13200.0
501,5000000609,1000000456,20240926,2,3,13500.0,810.0,39690.0
502,5000000610,1000000456,20240926,2,1,15000.0,300.0,14700.0
503,5000000611,1000000457,20250927,2,1,13500.0,675.0,12825.0
504,5000000612,1000000458,20241027,1,2,12000.0,0.0,24000.0
505,5000000613,1000000458,20241027,2,1,15750.0,0.0,15750.0
506,5000000615,1000000460,20240401,2,1,15750.0,315.0,15435.0
507,5000000616,1000000461,20240324,1,1,12000.0,1200.0,10800.0
508,5000000617,1000000461,20240324,1,1,12600.0,1260.0,11340.0
509,5000000618,1000000462,20240526,2,3,15000.0,0.0,45000.0
510,5000000619,1000000463,20250829,1,1,12000.0,1200.0,10800.0
511,5000000624,1000000466,20250714,2,1,15000.0,750.0,14250.0
512,5000000625,1000000466,20250714,2,3,15000.0,4500.0,40500.0
513,5000000626,1000000467,20250102,1,3,12000.0,3600.0,32400.0
514,5000000628,1000000469,20250611,2,3,13500.0,810.0,39690.0
515,5000000629,1000000470,20240208,2,1,15000.0,300.0,14700.0
516,5000000630,1000000471,20240112,1,3,12000.0,1800.0,34200.0
517,5000000631,1000000472,20250726,1,1,12600.0,252.0,12348.0
518,5000000632,1000000473,20250227,1,3,12000.0,3600.0,32400.0
519,5000000633,1000000474,20240803,2,1,15000.0,750.0,14250.0
520,5000000635,1000000476,20250328,2,1,15000.0,0.0,15000.0
521,5000000636,1000000476,20250328,2,3,15000.0,900.0,44100.0
522,5000000637,1000000477,20250517,1,1,12000.0,600.0,11400.0
523,5000000639,1000000479,20250709,2,3,15000.0,900.0,44100.0
524,5000000640,1000000480,20250608,1,3,12000.0,0.0,36000.0
525,5000000641,1000000481,20240129,1,1,12000.0,0.0,12000.0
526,5000000642,1000000481,20240129,2,1,13500.0,1350.0,12150.0
527,5000000644,1000000483,20240108,1,1,12000.0,0.0,12000.0
528,5000000646,1000000485,20240627,2,3,15000.0,2250.0,42750.0
529,5000000647,1000000486,20240724,2,1,15000.0,1500.0,13500.0
530,5000000648,1000000486,20240724,2,2,15000.0,600.0,29400.0
531,5000000649,1000000487,20241231,1,2,12000.0,0.0,24000.0
532,5000000651,1000000489,20250824,1,3,12000.0,3600.0,32400.0
533,5000000652,1000000489,20250824,1,2,12000.0,480.0,23520.0
534,5000000653,1000000490,20240930,1,1,12000.0,1200.0,10800.0
535,5000000654,1000000490,20240930,2,1,15000.0,300.0,14700.0
536,5000000655,1000000491,20241116,1,1,12000.0,1200.0,10800.0
537,5000000656,1000000492,20250927,2,1,15000.0,0.0,15000.0
538,5000000657,1000000492,20250927,2,1,15750.0,315.0,15435.0
539,5000000658,1000000493,20250626,1,1,12000.0,240.0,11760.0
540,5000000659,1000000494,20240725,2,3,15750.0,945.0,46305.0
541,5000000662,1000000496,20241114,2,1,15000.0,300.0,14700.0
542,5000000665,1000000498,20240903,2,1,15000.0,300.0,14700.0
543,5000000669,1000000501,20240519,2,2,15000.0,0.0,30000.0
544,5000000670,1000000502,20241003,1,2,12000.0,2400.0,21600.0
545,5000000671,1000000503,20250820,1,3,12000.0,720.0,35280.0
546,5000000672,1000000504,20250208,1,2,12000.0,1200.0,22800.0
547,5000000675,1000000507,20250710,2,1,15750.0,0.0,15750.0
548,5000000676,1000000508,20240603,1,2,10800.0,2160.0,19440.0
549,5000000677,1000000509,20250803,2,3,15000.0,900.0,44100.0
550,5000000678,1000000510,20240902,2,1,15000.0,0.0,15000.0
551,5000000679,1000000510,20240902,1,2,12000.0,2400.0,21600.0
552,5000000680,1000000510,20240902,1,2,12000.0,0.0,24000.0
553,5000000681,1000000511,20240107,2,3,16500.0,0.0,49500.0
554,5000000682,1000000512,20250916,1,1,12000.0,240.0,11760.0
555,5000000683,1000000513,20241213,2,2,13500.0,540.0,26460.0
556,5000000684,1000000514,20241013,2,2,15000.0,3000.0,27000.0
557,5000000685,1000000514,20241013,1,2,10800.0,0.0,21600.0
558,5000000686,1000000514,20241013,2,2,15000.0,1500.0,28500.0
559,5000000687,1000000515,20240101,2,1,16500.0,1650.0,14850.0
560,5000000688,1000000516,20250318,1,3,10800.0,0.0,32400.0
561,5000000689,1000000516,20250318,1,3,12000.0,720.0,35280.0
562,5000000690,1000000516,20250318,1,2,12000.0,2400.0,21600.0
563,5000000691,1000000517,20240620,1,2,12000.0,0.0,24000.0
564,5000000692,1000000518,20250622,1,1,12000.0,1200.0,10800.0
565,5000000693,1000000519,20240421,1,3,12600.0,0.0,37800.0
566,5000000694,1000000519,20240421,1,1,12000.0,240.0,11760.0
567,5000000695,1000000520,20240129,1,3,10800.0,1620.0,30780.0
568,5000000696,1000000520,20240129,2,3,16500.0,0.0,49500.0
569,5000000697,1000000521,20240827,1,2,12000.0,1200.0,22800.0
570,5000000698,1000000521,20240827,2,2,15750.0,1575.0,29925.0
571,5000000699,1000000522,20240826,1,2,12000.0,0.0,24000.0
572,5000000700,1000000522,20240826,1,1,12000.0,0.0,12000.0
573,5000000701,1000000523,20240920,1,2,12000.0,480.0,23520.0
574,5000000702,1000000524,20240513,2,3,15000.0,0.0,45000.0
575,5000000703,1000000525,20240113,1,2,12000.0,2400.0,21600.0
576,5000000704,1000000526,20240219,2,3,15000.0,900.0,44100.0
577,5000000705,1000000527,20250519,2,2,15000.0,0.0,30000.0
578,5000000706,1000000528,20240222,2,1,15000.0,0.0,15000.0
579,5000000707,1000000529,20241019,1,3,12000.0,0.0,36000.0
580,5000000708,1000000529,20241019,1,1,12000.0,240.0,11760.0
581,5000000709,1000000530,20240511,1,2,12000.0,480.0,23520.0
582,5000000711,1000000532,20241011,2,1,15000.0,1500.0,13500.0
583,5000000712,1000000533,20250428,1,3,12000.0,1800.0,34200.0
584,5000000713,1000000534,20250221,1,2,10800.0,1080.0,20520.0
585,5000000714,1000000535,20250409,1,2,12000.0,480.0,23520.0
586,5000000715,1000000535,20250409,1,2,12600.0,504.0,24696.0
587,5000000716,1000000536,20250302,1,3,12000.0,0.0,36000.0
588,5000000717,1000000537,20240830,1,3,12600.0,3780.0,34020.0
589,5000000718,1000000538,20241216,2,2,13500.0,2700.0,24300.0
590,5000000719,1000000539,20250228,1,2,10800.0,432.0,21168.0
591,5000000720,1000000539,20250228,1,2,12000.0,2400.0,21600.0
592,5000000722,1000000541,20241231,1,1,12000.0,0.0,12000.0
593,5000000723,1000000542,20240502,1,3,12600.0,756.0,37044.0
594,5000000724,1000000543,20240727,2,1,15000.0,750.0,14250.0
595,5000000725,1000000544,20240323,2,1,16500.0,1650.0,14850.0
596,5000000726,1000000545,20250328,1,2,12600.0,504.0,24696.0
597,5000000727,1000000546,20241116,1,2,13200.0,2640.0,23760.0
598,5000000728,1000000547,20250602,1,2,12000.0,0.0,24000.0
599,5000000729,1000000548,20250918,2,2,15750.0,1575.0,29925.0
600,5000000730,1000000549,20250314,1,2,12000.0,1200.0,22800.0
601,5000000731,1000000550,20250415,1,3,12600.0,3780.0,34020.0
602,5000000732,1000000551,20250929,1,2,12000.0,0.0,24000.0
603,5000000733,1000000551,20250929,1,1,12000.0,1200.0,10800.0
604,5000000734,1000000552,20250424,1,2,12000.0,2400.0,21600.0
605,5000000735,1000000553,20240624,1,3,12000.0,0.0,36000.0
606,5000000736,1000000554,20250525,2,3,15000.0,900.0,44100.0
607,5000000737,1000000555,20250801,2,1,15000.0,1500.0,13500.0
608,5000000738,1000000556,20250122,1,3,10800.0,3240.0,29160.0
609,5000000739,1000000557,20240408,2,2,15000.0,600.0,29400.0
610,5000000740,1000000558,20240923,2,3,15000.0,0.0,45000.0
611,5000000741,1000000559,20250111,2,1,15000.0,750.0,14250.0
612,5000000742,1000000559,20250111,2,3,15000.0,900.0,44100.0
613,5000000743,1000000560,20250508,2,3,15750.0,0.0,47250.0
614,5000000744,1000000561,20250315,1,3,12000.0,1800.0,34200.0
615,5000000745,1000000562,20250604,1,3,12000.0,1800.0,34200.0
616,5000000746,1000000563,20240320,2,1,13500.0,1350.0,12150.0
617,5000000747,1000000564,20240513,1,2,12600.0,0.0,25200.0
618,5000000748,1000000564,20240513,1,1,12000.0,0.0,12000.0
619,5000000751,1000000566,20250409,1,2,12000.0,1200.0,22800.0
620,5000000752,1000000567,20240805,2,2,15000.0,3000.0,27000.0
621,5000000755,1000000569,20250511,1,1,12000.0,600.0,11400.0
622,5000000756,1000000570,20240901,2,2,15000.0,1500.0,28500.0
623,5000000757,1000000571,20240421,2,1,13500.0,0.0,13500.0
624,5000000758,1000000572,20240901,2,3,15750.0,0.0,47250.0
625,5000000759,1000000573,20240113,1,3,12000.0,720.0,35280.0
626,5000000760,1000000574,20240328,1,3,12000.0,3600.0,32400.0
627,5000000762,1000000576,20240531,1,2,12000.0,2400.0,21600.0
628,5000000763,1000000577,20250115,1,3,12000.0,0.0,36000.0
629,5000000764,1000000578,20241118,2,1,15750.0,787.5,14962.5
630,5000000765,1000000579,20250501,1,1,13200.0,0.0,13200.0
631,5000000768,1000000581,20240331,2,1,15000.0,1500.0,13500.0
632,5000000769,1000000582,20241007,1,2,12000.0,2400.0,21600.0
633,5000000773,1000000585,20240520,2,1,15000.0,0.0,15000.0
634,5000000774,1000000585,20240520,1,1,12000.0,1200.0,10800.0
635,5000000775,1000000586,20250825,1,1,12000.0,0.0,12000.0
636,5000000776,1000000586,20250825,2,2,15000.0,600.0,29400.0
637,5000000777,1000000587,20241231,2,1,16500.0,330.0,16170.0
638,5000000781,1000000589,20250801,1,1,12600.0,630.0,11970.0
639,5000000782,1000000589,20250801,2,1,13500.0,0.0,13500.0
640,5000000783,1000000590,20240629,2,3,15000.0,2250.0,42750.0
641,5000000784,1000000590,20240629,2,1,15750.0,787.5,14962.5
642,5000000785,1000000591,20241025,1,2,12000.0,0.0,24000.0
643,5000000787,1000000593,20240805,1,3,12000.0,720.0,35280.0
644,5000000788,1000000594,20250312,2,3,15000.0,2250.0,42750.0
645,5000000789,1000000595,20241109,1,1,10800.0,540.0,10260.0
646,5000000790,1000000595,20241109,2,1,15750.0,315.0,15435.0
647,5000000791,1000000596,20240812,2,3,16500.0,2475.0,47025.0
648,5000000792,1000000597,20240225,2,3,15000.0,900.0,44100.0
649,5000000793,1000000597,20240225,1,2,12000.0,480.0,23520.0
650,5000000794,1000000598,20241023,1,2,12600.0,504.0,24696.0
651,5000000795,1000000599,20240229,2,3,15000.0,0.0,45000.0
652,5000000796,1000000600,20250111,2,3,15000.0,4500.0,40500.0
653,5000000797,1000000601,20240905,2,1,15000.0,750.0,14250.0
654,5000000798,1000000602,20241205,2,3,15750.0,4725.0,42525.0
655,5000000799,1000000603,20250508,1,1,12600.0,252.0,12348.0
656,5000000800,1000000603,20250508,1,2,12000.0,2400.0,21600.0
657,5000000801,1000000604,20241028,2,3,16500.0,990.0,48510.0
658,5000000802,1000000605,20240613,1,1,10800.0,216.0,10584.0
659,5000000803,1000000606,20240219,2,1,13500.0,1350.0,12150.0
660,5000000804,1000000607,20240602,1,3,10800.0,3240.0,29160.0
661,5000000805,1000000608,20241116,2,3,15000.0,4500.0,40500.0
662,5000000806,1000000608,20241116,2,1,15000.0,1500.0,13500.0
663,5000000807,1000000609,20240525,1,3,13200.0,1980.0,37620.0
664,5000000808,1000000610,20250426,1,1,12600.0,630.0,11970.0
665,5000000809,1000000610,20250426,1,2,12600.0,0.0,25200.0
666,5000000810,1000000610,20250426,1,3,12000.0,1800.0,34200.0
667,5000000811,1000000611,20240816,1,2,12000.0,480.0,23520.0
668,5000000812,1000000612,20250515,1,3,12000.0,3600.0,32400.0
669,5000000813,1000000613,20250817,1,2,13200.0,1320.0,25080.0
670,5000000814,1000000614,20250201,1,1,10800.0,216.0,10584.0
671,5000000815,1000000614,20250201,2,2,15750.0,630.0,30870.0
672,5000000816,1000000614,20250201,2,2,16500.0,0.0,33000.0
673,5000000817,1000000615,20240131,2,2,15000.0,0.0,30000.0
674,5000000818,1000000616,20250423,1,2,12000.0,0.0,24000.0
675,5000000819,1000000616,20250423,2,2,13500.0,2700.0,24300.0
676,5000000820,1000000617,20240620,1,3,10800.0,648.0,31752.0
677,5000000821,1000000618,20250115,2,2,15000.0,0.0,30000.0
678,5000000822,1000000619,20250727,1,2,12000.0,480.0,23520.0
679,5000000823,1000000620,20240220,1,3,12000.0,720.0,35280.0
680,5000000824,1000000621,20241024,1,2,12600.0,0.0,25200.0
681,5000000825,1000000621,20241024,2,3,15000.0,900.0,44100.0
682,5000000826,1000000622,20250617,1,3,10800.0,648.0,31752.0
683,5000000827,1000000622,20250617,1,2,12000.0,0.0,24000.0
684,5000000828,1000000623,20241018,2,3,15750.0,0.0,47250.0
685,5000000829,1000000623,20241018,1,3,13200.0,1980.0,37620.0
686,5000000830,1000000624,20240616,2,2,15000.0,1500.0,28500.0
687,5000000831,1000000625,20241105,1,2,12000.0,0.0,24000.0
688,5000000832,1000000625,20241105,2,1,15000.0,1500.0,13500.0
689,5000000833,1000000626,20240709,1,3,12600.0,0.0,37800.0
690,5000000834,1000000626,20240709,1,1,12600.0,1260.0,11340.0
691,5000000835,1000000626,20240709,1,3,12000.0,1800.0,34200.0
692,5000000836,1000000627,20240228,2,3,15750.0,4725.0,42525.0
693,5000000837,1000000628,20240702,1,3,13200.0,792.0,38808.0
694,5000000838,1000000629,20250129,1,2,12000.0,480.0,23520.0
695,5000000839,1000000629,20250129,1,3,12600.0,756.0,37044.0
696,5000000840,1000000630,20250416,2,2,15000.0,3000.0,27000.0
697,5000000841,1000000631,20240911,2,1,13500.0,675.0,12825.0
698,5000000842,1000000631,20240911,1,2,12000.0,0.0,24000.0
699,5000000843,1000000632,20241014,1,3,12000.0,720.0,35280.0
700,5000000844,1000000633,20240730,1,3,12600.0,756.0,37044.0
701,5000000845,1000000634,20240925,2,3,13500.0,810.0,39690.0
702,5000000850,1000000637,20250121,1,3,10800.0,648.0,31752.0
703,5000000851,1000000638,20240127,2,2,15750.0,3150.0,28350.0
704,5000000852,1000000639,20240220,2,3,15000.0,900.0,44100.0
705,5000000854,1000000641,20250221,1,1,12600.0,252.0,12348.0
706,5000000855,1000000642,20240927,1,3,12600.0,1890.0,35910.0
707,5000000856,1000000642,20240927,2,2,15000.0,3000.0,27000.0
708,5000000857,1000000643,20241013,1,1,12000.0,0.0,12000.0
709,5000000858,1000000643,20241013,2,3,15750.0,4725.0,42525.0
710,5000000859,1000000644,20240210,1,2,10800.0,2160.0,19440.0
711,5000000860,1000000645,20250902,2,2,15000.0,600.0,29400.0
712,5000000861,1000000645,20250902,2,2,13500.0,0.0,27000.0
713,5000000862,1000000645,20250902,1,3,12600.0,1890.0,35910.0
714,5000000863,1000000646,20250316,1,3,12000.0,720.0,35280.0
715,5000000864,1000000646,20250316,2,1,15000.0,0.0,15000.0
716,5000000867,1000000649,20250707,1,3,13200.0,0.0,39600.0
717,5000000868,1000000650,20250915,1,3,10800.0,1620.0,30780.0
718,5000000869,1000000651,20250610,1,1,12000.0,1200.0,10800.0
719,5000000870,1000000652,20240824,1,2,12000.0,480.0,23520.0
720,5000000871,1000000653,20250408,2,1,15000.0,1500.0,13500.0
721,5000000872,1000000654,20240820,1,3,12000.0,0.0,36000.0
722,5000000873,1000000655,20250219,2,2,15750.0,3150.0,28350.0
723,5000000874,1000000656,20250605,2,1,15000.0,300.0,14700.0
724,5000000875,1000000657,20240609,1,3,12000.0,1800.0,34200.0
725,5000000876,1000000658,20240829,2,2,15750.0,1575.0,29925.0
726,5000000877,1000000658,20240829,1,1,12000.0,600.0,11400.0
727,5000000879,1000000660,20240409,2,3,15000.0,2250.0,42750.0
728,5000000880,1000000660,20240409,2,3,15750.0,2362.5,44887.5
729,5000000881,1000000661,20240531,2,2,16500.0,1650.0,31350.0
730,5000000882,1000000662,20241113,2,1,13500.0,1350.0,12150.0
731,5000000884,1000000664,20250419,2,3,15000.0,0.0,45000.0
732,5000000885,1000000665,20250410,2,2,16500.0,660.0,32340.0
733,5000000886,1000000666,20250527,1,2,12000.0,480.0,23520.0
734,5000000887,1000000667,20250628,2,2,15000.0,3000.0,27000.0
735,5000000889,1000000669,20240915,2,3,15000.0,900.0,44100.0
736,5000000890,1000000669,20240915,1,1,12600.0,0.0,12600.0
737,5000000891,1000000670,20240619,1,3,12000.0,3600.0,32400.0
738,5000000892,1000000671,20240503,1,2,12000.0,0.0,24000.0
739,5000000893,1000000672,20240417,1,1,13200.0,660.0,12540.0
740,5000000894,1000000673,20250621,2,3,15000.0,900.0,44100.0
741,5000000895,1000000674,20250717,2,3,15000.0,4500.0,40500.0
742,5000000896,1000000675,20250621,1,2,12000.0,0.0,24000.0
743,5000000897,1000000676,20241027,2,3,16500.0,990.0,48510.0
744,5000000898,1000000677,20241217,2,2,13500.0,540.0,26460.0
745,5000000899,1000000677,20241217,1,3,12000.0,0.0,36000.0
746,5000000900,1000000678,20240522,1,2,12600.0,0.0,25200.0
747,5000000901,1000000679,20240416,2,3,15000.0,4500.0,40500.0
748,5000000902,1000000680,20241206,1,3,12600.0,1890.0,35910.0
749,5000000903,1000000681,20241108,2,3,15000.0,0.0,45000.0
750,5000000904,1000000682,20240211,1,1,12600.0,630.0,11970.0
751,5000000905,1000000682,20240211,2,3,16500.0,2475.0,47025.0
752,5000000906,1000000683,20240330,1,2,10800.0,2160.0,19440.0
753,5000000907,1000000684,20240527,1,1,12600.0,0.0,12600.0
754,5000000908,1000000684,20240527,2,3,15750.0,4725.0,42525.0
755,5000000909,1000000685,20241024,2,2,15000.0,3000.0,27000.0
756,5000000910,1000000686,20240829,2,3,15000.0,4500.0,40500.0
757,5000000912,1000000688,20250825,2,1,15000.0,300.0,14700.0
758,5000000913,1000000689,20240621,1,3,13200.0,0.0,39600.0
759,5000000914,1000000689,20240621,1,3,13200.0,3960.0,35640.0
760,5000000915,1000000689,20240621,2,2,15000.0,1500.0,28500.0
761,5000000916,1000000690,20250916,1,3,12000.0,720.0,35280.0
762,5000000917,1000000690,20250916,1,2,12000.0,0.0,24000.0
763,5000000918,1000000690,20250916,1,1,13200.0,0.0,13200.0
764,5000000919,1000000691,20250219,1,3,12600.0,1890.0,35910.0
765,5000000920,1000000692,20240108,1,2,12000.0,2400.0,21600.0
766,5000000921,1000000693,20240213,1,2,12000.0,0.0,24000.0
767,5000000922,1000000694,20250619,1,3,12000.0,720.0,35280.0
768,5000000923,1000000695,20240907,2,1,15000.0,300.0,14700.0
769,5000000924,1000000696,20250429,2,3,15000.0,0.0,45000.0
770,5000000925,1000000697,20250406,2,1,15000.0,750.0,14250.0
771,5000000927,1000000699,20241016,2,1,15000.0,300.0,14700.0
772,5000000928,1000000699,20241016,1,3,12000.0,1800.0,34200.0
773,5000000929,1000000700,20250417,2,2,16500.0,660.0,32340.0
774,5000000930,1000000701,20240309,1,1,12000.0,600.0,11400.0
775,5000000931,1000000702,20240809,1,2,13200.0,1320.0,25080.0
776,5000000932,1000000703,20241206,2,1,15000.0,0.0,15000.0
777,5000000933,1000000704,20240219,1,3,12000.0,720.0,35280.0
778,5000000936,1000000706,20250911,2,3,13500.0,2025.0,38475.0
779,5000000937,1000000707,20240626,2,3,15750.0,2362.5,44887.5
780,5000000940,1000000710,20250104,1,1,12000.0,240.0,11760.0
781,5000000941,1000000711,20240629,1,3,12000.0,720.0,35280.0
782,5000000942,1000000711,20240629,1,3,12000.0,3600.0,32400.0
783,5000000943,1000000712,20240215,2,3,15750.0,2362.5,44887.5
784,5000000944,1000000713,20241015,1,3,10800.0,3240.0,29160.0
785,5000000945,1000000714,20250829,2,1,15000.0,300.0,14700.0
786,5000000946,1000000715,20240105,1,1,12000.0,0.0,12000.0
787,5000000947,1000000716,20240312,1,2,12600.0,0.0,25200.0
788,5000000948,1000000717,20240217,1,1,12000.0,240.0,11760.0
789,5000000949,1000000717,20240217,2,2,15750.0,3150.0,28350.0
790,5000000950,1000000718,20240518,2,3,15000.0,2250.0,42750.0
791,5000000951,1000000718,20240518,1,2,12600.0,1260.0,23940.0
792,5000000953,1000000720,20250815,1,3,12000.0,3600.0,32400.0
793,5000000954,1000000720,20250815,1,2,12000.0,2400.0,21600.0
794,5000000955,1000000721,20240925,1,3,12000.0,0.0,36000.0
795,5000000957,1000000723,20240414,1,2,10800.0,432.0,21168.0
796,5000000958,1000000724,20250501,2,1,15000.0,1500.0,13500.0
797,5000000959,1000000725,20250531,1,1,13200.0,264.0,12936.0
798,5000000960,1000000726,20240704,1,3,12000.0,3600.0,32400.0
799,5000000961,1000000727,20250618,1,2,12000.0,480.0,23520.0
800,5000000962,1000000728,20241026,2,2,15750.0,0.0,31500.0
801,5000000963,1000000728,20241026,2,3,15750.0,945.0,46305.0
802,5000000964,1000000729,20240804,2,2,15000.0,600.0,29400.0
803,5000000965,1000000729,20240804,2,2,13500.0,1350.0,25650.0
804,5000000966,1000000730,20250826,1,3,12000.0,720.0,35280.0
805,5000000967,1000000730,20250826,2,1,15000.0,0.0,15000.0
806,5000000968,1000000731,20250224,1,1,12000.0,1200.0,10800.0
807,5000000969,1000000732,20240109,1,3,12000.0,0.0,36000.0
808,5000000970,1000000733,20240528,1,2,10800.0,432.0,21168.0
809,5000000971,1000000734,20240212,2,2,15750.0,0.0,31500.0
810,5000000972,1000000735,20250603,2,3,15000.0,900.0,44100.0
811,5000000973,1000000736,20250807,1,1,12000.0,0.0,12000.0
812,5000000974,1000000737,20250305,1,3,12600.0,1890.0,35910.0
813,5000000975,1000000737,20250305,2,3,15000.0,2250.0,42750.0
814,5000000976,1000000738,20241215,1,1,10800.0,540.0,10260.0
815,5000000977,1000000739,20240310,2,1,13500.0,675.0,12825.0
816,5000000978,1000000740,20240419,2,2,15000.0,600.0,29400.0
817,5000000979,1000000740,20240419,1,3,12000.0,720.0,35280.0
818,5000000982,1000000743,20240809,2,1,15000.0,1500.0,13500.0
819,5000000983,1000000744,20240720,1,3,10800.0,0.0,32400.0
820,5000000984,1000000744,20240720,1,1,10800.0,540.0,10260.0
821,5000000985,1000000745,20250116,1,2,12000.0,2400.0,21600.0
822,5000000986,1000000746,20250101,2,1,13500.0,270.0,13230.0
823,5000000987,1000000746,20250101,1,3,12000.0,3600.0,32400.0
824,5000000988,1000000747,20240629,1,2,12000.0,0.0,24000.0
825,5000000989,1000000748,20250224,1,1,12600.0,0.0,12600.0
826,5000000990,1000000749,20241029,1,2,13200.0,0.0,26400.0
827,5000000991,1000000750,20240926,2,3,15750.0,4725.0,42525.0
828,5000000992,1000000751,20250703,2,3,15000.0,900.0,44100.0
829,5000000993,1000000752,20250122,1,3,12000.0,3600.0,32400.0
830,5000000994,1000000753,20250727,1,3,12000.0,0.0,36000.0
831,5000000995,1000000754,20250911,1,3,12000.0,3600.0,32400.0
832,5000000996,1000000754,20250911,2,3,13500.0,0.0,40500.0
833,5000000997,1000000754,20250911,2,3,15000.0,0.0,45000.0
834,5000000998,1000000755,20250825,2,2,16500.0,660.0,32340.0
835,5000000999,1000000755,20250825,2,2,15000.0,1500.0,28500.0
836,5000001000,1000000756,20250816,2,2,15000.0,600.0,29400.0
837,5000001001,1000000756,20250816,1,2,13200.0,528.0,25872.0
838,5000001003,1000000758,20240817,2,3,15000.0,900.0,44100.0
839,5000001004,1000000759,20240103,2,2,15000.0,3000.0,27000.0
840,5000001005,1000000760,20241216,1,2,12000.0,480.0,23520.0
841,5000001006,1000000761,20250426,1,1,13200.0,660.0,12540.0
842,5000001007,1000000762,20250330,1,2,10800.0,1080.0,20520.0
843,5000001008,1000000763,20240507,1,3,12600.0,3780.0,34020.0
844,5000001009,1000000764,20240912,1,3,12000.0,0.0,36000.0
845,5000001010,1000000765,20241116,2,3,15000.0,0.0,45000.0
846,5000001012,1000000767,20241025,1,1,10800.0,540.0,10260.0
847,5000001013,1000000768,20250928,1,1,12000.0,240.0,11760.0
848,5000001014,1000000769,20241227,1,1,12000.0,0.0,12000.0
849,5000001015,1000000769,20241227,1,1,12000.0,0.0,12000.0
850,5000001016,1000000770,20241225,2,1,16500.0,825.0,15675.0
851,5000001017,1000000771,20250521,1,2,12000.0,0.0,24000.0
852,5000001018,1000000772,20240722,2,3,15000.0,4500.0,40500.0
853,5000001019,1000000773,20250503,1,2,12600.0,1260.0,23940.0
854,5000001020,1000000774,20241121,1,3,13200.0,0.0,39600.0
855,5000001021,1000000775,20240229,1,1,12000.0,1200.0,10800.0
856,5000001022,1000000775,20240229,1,3,12000.0,3600.0,32400.0
857,5000001023,1000000776,20240107,1,3,12000.0,3600.0,32400.0
858,5000001024,1000000777,20250130,2,2,15750.0,3150.0,28350.0
859,5000001025,1000000778,20240804,1,1,12000.0,1200.0,10800.0
860,5000001026,1000000779,20241123,1,2,12000.0,1200.0,22800.0
861,5000001028,1000000781,20250125,1,3,12000.0,0.0,36000.0
862,5000001029,1000000781,20250125,1,3,10800.0,648.0,31752.0
863,5000001030,1000000781,20250125,1,1,12000.0,600.0,11400.0
864,5000001031,1000000782,20250211,1,1,10800.0,0.0,10800.0
865,5000001034,1000000784,20250421,1,2,10800.0,432.0,21168.0
866,5000001035,1000000785,20240406,2,3,15000.0,2250.0,42750.0
867,5000001036,1000000786,20240712,2,3,13500.0,4050.0,36450.0
868,5000001037,1000000786,20240712,2,3,15000.0,0.0,45000.0
869,5000001038,1000000787,20241027,1,2,12000.0,480.0,23520.0
870,5000001039,1000000788,20240916,2,3,15000.0,4500.0,40500.0
871,5000001040,1000000788,20240916,1,1,12600.0,0.0,12600.0
872,5000001041,1000000788,20240916,1,3,12000.0,1800.0,34200.0
873,5000001042,1000000789,20250628,1,2,13200.0,2640.0,23760.0
874,5000001043,1000000789,20250628,2,2,15000.0,0.0,30000.0
875,5000001044,1000000790,20250629,2,1,15000.0,750.0,14250.0
876,5000001045,1000000791,20240515,2,1,15000.0,0.0,15000.0
877,5000001046,1000000792,20241111,2,2,15000.0,0.0,30000.0
878,5000001047,1000000792,20241111,1,2,12000.0,2400.0,21600.0
879,5000001049,1000000794,20250427,1,3,12000.0,3600.0,32400.0
880,5000001050,1000000794,20250427,2,3,15000.0,4500.0,40500.0
881,5000001051,1000000795,20250902,1,1,12000.0,600.0,11400.0
882,5000001055,1000000797,20240111,2,2,15000.0,1500.0,28500.0
883,5000001056,1000000797,20240111,1,3,10800.0,648.0,31752.0
884,5000001057,1000000798,20250311,2,1,15000.0,1500.0,13500.0
885,5000001058,1000000799,20240205,1,2,12000.0,0.0,24000.0
886,5000001059,1000000800,20250411,1,3,12000.0,0.0,36000.0
887,5000001060,1000000801,20250223,1,1,12600.0,1260.0,11340.0
888,5000001061,1000000801,20250223,1,1,12000.0,1200.0,10800.0
889,5000001062,1000000802,20250507,1,2,12000.0,1200.0,22800.0
890,5000001063,1000000803,20250918,2,3,15750.0,0.0,47250.0
891,5000001064,1000000804,20240218,1,1,12000.0,240.0,11760.0
892,5000001066,1000000806,20240730,2,2,13500.0,0.0,27000.0
893,5000001068,1000000808,20240222,2,1,15000.0,1500.0,13500.0
894,5000001069,1000000809,20240720,1,1,12000.0,600.0,11400.0
895,5000001070,1000000809,20240720,1,3,12000.0,720.0,35280.0
896,5000001071,1000000810,20250304,2,2,15000.0,600.0,29400.0
897,5000001072,1000000811,20250808,1,2,12000.0,480.0,23520.0
898,5000001073,1000000812,20250110,2,2,15000.0,600.0,29400.0
899,5000001074,1000000813,20241009,1,2,12600.0,0.0,25200.0
900,5000001075,1000000814,20241017,1,2,12000.0,2400.0,21600.0
901,5000001076,1000000815,20250619,1,2,12000.0,480.0,23520.0
902,5000001077,1000000815,20250619,1,1,10800.0,1080.0,9720.0
903,5000001078,1000000816,20250428,2,3,15000.0,2250.0,42750.0
904,5000001079,1000000817,20250217,1,1,12000.0,0.0,12000.0
905,5000001080,1000000818,20250417,2,3,15000.0,0.0,45000.0
906,5000001081,1000000819,20250705,2,3,15000.0,900.0,44100.0
907,5000001082,1000000819,20250705,2,1,16500.0,330.0,16170.0
908,5000001083,1000000820,20240304,2,3,15000.0,900.0,44100.0
909,5000001084,1000000820,20240304,1,1,12600.0,252.0,12348.0
910,5000001085,1000000821,20241005,2,1,15000.0,0.0,15000.0
911,5000001086,1000000821,20241005,1,3,12600.0,0.0,37800.0
912,5000001087,1000000822,20240713,1,2,10800.0,1080.0,20520.0
913,5000001088,1000000823,20240112,2,1,13500.0,1350.0,12150.0
914,5000001089,1000000824,20250325,1,2,12600.0,2520.0,22680.0
915,5000001090,1000000825,20240126,1,1,12000.0,240.0,11760.0
916,5000001091,1000000825,20240126,2,3,15750.0,945.0,46305.0
917,5000001092,1000000826,20241104,1,3,12600.0,0.0,37800.0
918,5000001093,1000000827,20241128,1,1,13200.0,264.0,12936.0
919,5000001094,1000000828,20240922,1,2,10800.0,2160.0,19440.0
920,5000001095,1000000828,20240922,2,3,15000.0,2250.0,42750.0
921,5000001096,1000000829,20241213,2,2,15000.0,600.0,29400.0
922,5000001097,1000000829,20241213,2,2,15000.0,0.0,30000.0
923,5000001098,1000000830,20240626,1,1,12000.0,1200.0,10800.0
924,5000001099,1000000831,20241004,1,3,12000.0,1800.0,34200.0
925,5000001100,1000000832,20240318,1,2,12000.0,0.0,24000.0
926,5000001101,1000000833,20250919,2,3,13500.0,810.0,39690.0
927,5000001102,1000000834,20240624,1,1,10800.0,216.0,10584.0
928,5000001103,1000000834,20240624,1,2,12000.0,480.0,23520.0
929,5000001104,1000000834,20240624,1,3,12000.0,720.0,35280.0
930,5000001105,1000000835,20241215,2,1,15750.0,787.5,14962.5
931,5000001108,1000000837,20241213,1,2,12000.0,2400.0,21600.0
932,5000001109,1000000838,20250228,1,3,10800.0,0.0,32400.0
933,5000001110,1000000839,20250415,2,3,15000.0,0.0,45000.0
934,5000001111,1000000840,20250718,2,2,16500.0,660.0,32340.0
935,5000001113,1000000842,20250604,1,3,12000.0,0.0,36000.0
936,5000001114,1000000843,20240313,1,3,13200.0,3960.0,35640.0
937,5000001115,1000000844,20250804,1,1,12600.0,252.0,12348.0
938,5000001116,1000000845,20240828,1,1,12600.0,630.0,11970.0
939,5000001117,1000000845,20240828,1,2,12600.0,2520.0,22680.0
940,5000001118,1000000846,20250826,1,2,10800.0,432.0,21168.0
941,5000001119,1000000847,20240501,1,2,12600.0,1260.0,23940.0
942,5000001120,1000000848,20250725,1,2,12600.0,2520.0,22680.0
943,5000001123,1000000851,20240809,2,2,15000.0,1500.0,28500.0
944,5000001124,1000000852,20240327,2,1,16500.0,0.0,16500.0
945,5000001125,1000000853,20250728,2,3,16500.0,4950.0,44550.0
946,5000001126,1000000854,20250814,1,1,10800.0,540.0,10260.0
947,5000001127,1000000854,20250814,1,1,12600.0,630.0,11970.0
948,5000001128,1000000855,20240403,2,3,15000.0,0.0,45000.0
949,5000001130,1000000857,20250806,2,2,15000.0,3000.0,27000.0
950,5000001131,1000000858,20240328,1,1,12000.0,1200.0,10800.0
951,5000001132,1000000859,20250816,2,3,15750.0,945.0,46305.0
952,5000001133,1000000860,20250212,1,2,10800.0,1080.0,20520.0
953,5000001135,1000000862,20250606,2,3,15000.0,4500.0,40500.0
954,5000001138,1000000864,20240425,2,3,13500.0,810.0,39690.0
955,5000001139,1000000864,20240425,1,3,13200.0,792.0,38808.0
956,5000001140,1000000864,20240425,1,3,12000.0,720.0,35280.0
957,5000001141,1000000865,20250215,2,3,15000.0,0.0,45000.0
958,5000001142,1000000866,20250618,1,3,12000.0,3600.0,32400.0
959,5000001144,1000000868,20240905,2,2,15000.0,600.0,29400.0
960,5000001145,1000000869,20240424,2,1,13500.0,675.0,12825.0
961,5000001146,1000000870,20250223,2,2,15000.0,0.0,30000.0
962,5000001147,1000000870,20250223,1,1,10800.0,216.0,10584.0
963,5000001148,1000000871,20250602,2,2,15000.0,3000.0,27000.0
964,5000001149,1000000871,20250602,2,1,15750.0,1575.0,14175.0
965,5000001150,1000000872,20250423,2,2,15000.0,600.0,29400.0
966,5000001151,1000000873,20250208,1,2,10800.0,432.0,21168.0
967,5000001152,1000000874,20240412,1,1,12600.0,630.0,11970.0
968,5000001153,1000000875,20250321,2,3,15000.0,4500.0,40500.0
969,5000001154,1000000876,20240407,1,2,12600.0,2520.0,22680.0
970,5000001155,1000000876,20240407,1,2,12000.0,2400.0,21600.0
971,5000001156,1000000877,20241027,2,2,15000.0,3000.0,27000.0
972,5000001157,1000000878,20240525,1,1,12000.0,0.0,12000.0
973,5000001158,1000000879,20250401,1,1,10800.0,1080.0,9720.0
974,5000001159,1000000880,20240821,1,2,10800.0,2160.0,19440.0
975,5000001160,1000000881,20240315,1,2,12000.0,480.0,23520.0
976,5000001161,1000000881,20240315,1,2,10800.0,1080.0,20520.0
977,5000001162,1000000882,20240731,1,1,10800.0,540.0,10260.0
978,5000001163,1000000883,20240824,1,3,12000.0,720.0,35280.0
979,5000001164,1000000883,20240824,2,1,15750.0,787.5,14962.5
980,5000001165,1000000884,20250709,1,1,13200.0,0.0,13200.0
981,5000001166,1000000885,20240206,1,2,12000.0,2400.0,21600.0
982,5000001167,1000000886,20241225,2,2,15000.0,600.0,29400.0
983,5000001168,1000000886,20241225,2,1,15000.0,750.0,14250.0
984,5000001169,1000000887,20241221,2,3,15000.0,2250.0,42750.0
985,5000001171,1000000889,20241015,2,3,15000.0,900.0,44100.0
986,5000001172,1000000890,20240813,1,2,12600.0,0.0,25200.0
987,5000001173,1000000891,20241018,2,2,16500.0,0.0,33000.0
988,5000001174,1000000892,20250814,1,3,12000.0,0.0,36000.0
989,5000001176,1000000894,20240123,1,2,12000.0,0.0,24000.0
990,5000001177,1000000894,20240123,2,3,15000.0,4500.0,40500.0
991,5000001178,1000000895,20240602,1,2,12000.0,480.0,23520.0
992,5000001179,1000000896,20250827,2,2,15000.0,600.0,29400.0
993,5000001180,1000000896,20250827,2,2,15000.0,600.0,29400.0
994,5000001181,1000000896,20250827,1,2,10800.0,0.0,21600.0
995,5000001182,1000000897,20250929,1,3,10800.0,648.0,31752.0
996,5000001183,1000000898,20240610,1,1,12000.0,0.0,12000.0
997,5000001184,1000000898,20240610,2,1,13500.0,270.0,13230.0
998,5000001185,1000000899,20240508,1,2,12000.0,480.0,23520.0
999,5000001186,1000000900,20240514,1,3,13200.0,0.0,39600.0
1000,5000001187,1000000900,20240514,2,3,15750.0,0.0,47250.0
1001,5000001188,1000000901,20250225,1,1,12600.0,1260.0,11340.0
1002,5000001189,1000000902,20240113,2,2,15000.0,0.0,30000.0
1003,5000001190,1000000902,20240113,2,2,15750.0,630.0,30870.0
1004,5000001191,1000000903,20250915,1,1,13200.0,264.0,12936.0
1005,5000001192,1000000903,20250915,1,3,12000.0,0.0,36000.0
1006,5000001193,1000000904,20250411,2,1,16500.0,1650.0,14850.0
1007,5000001194,1000000905,20240711,2,3,16500.0,2475.0,47025.0
1008,5000001195,1000000905,20240711,1,2,12000.0,2400.0,21600.0
1009,5000001196,1000000906,20250109,1,3,12000.0,0.0,36000.0
1010,5000001197,1000000907,20250412,2,3,15000.0,0.0,45000.0
1011,5000001198,1000000907,20250412,2,1,15000.0,750.0,14250.0
1012,5000001199,1000000908,20240505,1,1,10800.0,0.0,10800.0
1013,5000001200,1000000909,20250109,1,2,12600.0,504.0,24696.0
1014,5000001201,1000000910,20240526,1,1,12600.0,252.0,12348.0
1015,5000001202,1000000911,20241008,1,1,12000.0,0.0,12000.0
1016,5000001205,1000000913,20240330,2,2,15000.0,3000.0,27000.0
1017,5000001206,1000000913,20240330,1,2,12600.0,504.0,24696.0
1018,5000001208,1000000915,20240727,1,1,12000.0,0.0,12000.0
1019,5000001209,1000000916,20241227,1,2,12000.0,2400.0,21600.0
1020,5000001210,1000000916,20241227,1,1,12600.0,630.0,11970.0
1021,5000001211,1000000917,20240617,2,3,13500.0,0.0,40500.0
1022,5000001212,1000000918,20250610,2,3,13500.0,4050.0,36450.0
1023,5000001213,1000000919,20250212,2,1,15000.0,0.0,15000.0
1024,5000001214,1000000919,20250212,2,1,15000.0,750.0,14250.0
1025,5000001215,1000000920,20250729,1,2,12000.0,480.0,23520.0
1026,5000001216,1000000921,20250405,1,3,12000.0,0.0,36000.0
1027,5000001217,1000000922,20250817,1,1,12600.0,1260.0,11340.0
1028,5000001218,1000000923,20250517,1,1,12000.0,1200.0,10800.0
1029,5000001219,1000000924,20240831,2,2,15000.0,0.0,30000.0
1030,5000001220,1000000924,20240831,1,2,10800.0,0.0,21600.0
1031,5000001221,1000000925,20250719,1,2,10800.0,0.0,21600.0
1032,5000001222,1000000926,20240211,1,3,12000.0,720.0,35280.0
1033,5000001223,1000000926,20240211,2,2,15750.0,0.0,31500.0
1034,5000001224,1000000927,20250413,2,2,15000.0,0.0,30000.0
1035,5000001225,1000000927,20250413,2,2,16500.0,660.0,32340.0
1036,5000001227,1000000929,20241205,1,3,12000.0,720.0,35280.0
1037,5000001228,1000000930,20241212,1,3,12000.0,720.0,35280.0
1038,5000001229,1000000930,20241212,2,3,16500.0,990.0,48510.0
1039,5000001230,1000000931,20250405,1,3,10800.0,3240.0,29160.0
1040,5000001232,1000000933,20240718,1,1,10800.0,540.0,10260.0
1041,5000001233,1000000934,20241210,2,2,15000.0,3000.0,27000.0
1042,5000001234,1000000935,20240817,1,1,10800.0,540.0,10260.0
1043,5000001235,1000000936,20240701,2,1,15000.0,1500.0,13500.0
1044,5000001236,1000000937,20250318,1,1,13200.0,1320.0,11880.0
1045,5000001237,1000000938,20241215,1,1,13200.0,660.0,12540.0
1046,5000001238,1000000939,20250216,1,2,12000.0,0.0,24000.0
1047,5000001239,1000000940,20240109,1,1,12000.0,1200.0,10800.0
1048,5000001240,1000000940,20240109,2,1,15750.0,315.0,15435.0
1049,5000001241,1000000941,20250530,2,3,15000.0,0.0,45000.0
1050,5000001242,1000000942,20240115,1,3,12000.0,0.0,36000.0
1051,5000001243,1000000943,20250401,1,3,12000.0,3600.0,32400.0
1052,5000001244,1000000944,20240606,1,1,12000.0,240.0,11760.0
1053,5000001245,1000000945,20240520,1,1,12000.0,240.0,11760.0
1054,5000001246,1000000946,20240104,2,3,13500.0,810.0,39690.0
1055,5000001247,1000000946,20240104,2,1,15000.0,300.0,14700.0
1056,5000001250,1000000948,20240131,2,3,15000.0,4500.0,40500.0
1057,5000001251,1000000949,20240424,1,3,12600.0,0.0,37800.0
1058,5000001252,1000000950,20250118,2,3,15000.0,0.0,45000.0
1059,5000001253,1000000951,20241204,1,1,12000.0,0.0,12000.0
1060,5000001254,1000000952,20250723,1,3,10800.0,0.0,32400.0
1061,5000001255,1000000953,20240425,1,2,12600.0,504.0,24696.0
1062,5000001256,1000000953,20240425,2,1,15750.0,787.5,14962.5
1063,5000001257,1000000954,20250929,1,1,12000.0,600.0,11400.0
1064,5000001258,1000000954,20250929,2,2,15000.0,0.0,30000.0
1065,5000001259,1000000955,20250908,2,3,15000.0,2250.0,42750.0
1066,5000001260,1000000956,20240610,2,3,15000.0,4500.0,40500.0
1067,5000001261,1000000957,20240810,1,2,12000.0,1200.0,22800.0
1068,5000001262,1000000958,20250403,1,2,10800.0,432.0,21168.0
1069,5000001264,1000000960,20250622,1,2,12000.0,0.0,24000.0
1070,5000001265,1000000961,20240401,1,2,12000.0,1200.0,22800.0
1071,5000001266,1000000962,20250815,1,3,10800.0,1620.0,30780.0
1072,5000001267,1000000962,20250815,1,3,13200.0,3960.0,35640.0
1073,5000001268,1000000963,20250428,1,1,12000.0,1200.0,10800.0
1074,5000001269,1000000964,20250909,2,1,15750.0,315.0,15435.0
1075,5000001270,1000000965,20250731,1,1,12000.0,240.0,11760.0
1076,5000001271,1000000966,20241111,2,3,15750.0,945.0,46305.0
1077,5000001272,1000000967,20250710,1,3,12600.0,756.0,37044.0
1078,5000001273,1000000968,20240828,1,2,12600.0,0.0,25200.0
1079,5000001274,1000000969,20240331,2,2,15750.0,3150.0,28350.0
1080,5000001275,1000000969,20240331,2,2,16500.0,1650.0,31350.0
1081,5000001276,1000000970,20240416,1,1,12600.0,252.0,12348.0
1082,5000001277,1000000970,20240416,2,3,15000.0,0.0,45000.0
1083,5000001278,1000000971,20250920,2,2,15000.0,600.0,29400.0
1084,5000001279,1000000972,20240412,2,1,13500.0,1350.0,12150.0
1085,5000001280,1000000973,20250304,1,2,12000.0,0.0,24000.0
1086,5000001281,1000000974,20250914,2,1,15750.0,315.0,15435.0
1087,5000001282,1000000975,20240723,2,3,15000.0,900.0,44100.0
1088,5000001283,1000000976,20240122,1,3,12000.0,0.0,36000.0
1089,5000001284,1000000977,20250604,1,2,10800.0,0.0,21600.0
1090,5000001285,1000000977,20250604,1,3,12000.0,1800.0,34200.0
1091,5000001287,1000000979,20250901,2,1,15000.0,750.0,14250.0
1092,5000001288,1000000979,20250901,2,1,15750.0,0.0,15750.0
1093,5000001289,1000000980,20250514,2,1,15750.0,787.5,14962.5
1094,5000001290,1000000981,20250513,1,2,12600.0,1260.0,23940.0
1095,5000001291,1000000981,20250513,1,3,12000.0,720.0,35280.0
1096,5000001292,1000000982,20240702,1,1,12600.0,1260.0,11340.0
1097,5000001294,1000000984,20241031,1,3,12000.0,1800.0,34200.0
1098,5000001297,1000000986,20240408,2,3,15750.0,945.0,46305.0
1099,5000001298,1000000987,20240413,1,2,12600.0,0.0,25200.0
1100,5000001299,1000000987,20240413,2,3,15750.0,945.0,46305.0
1101,5000001302,1000000989,20240326,1,2,10800.0,0.0,21600.0
1102,5000001303,1000000989,20240326,1,2,10800.0,432.0,21168.0
1103,5000001304,1000000989,20240326,1,3,12000.0,720.0,35280.0
1104,5000001305,1000000990,20250803,1,2,12000.0,0.0,24000.0
1105,5000001306,1000000990,20250803,2,2,15000.0,1500.0,28500.0
1106,5000001307,1000000991,20240425,1,2,12600.0,2520.0,22680.0
1107,5000001308,1000000992,20250905,1,2,10800.0,1080.0,20520.0
1108,5000001309,1000000993,20250303,1,1,13200.0,1320.0,11880.0
1109,5000001310,1000000994,20241017,2,1,15000.0,1500.0,13500.0
1110,5000001311,1000000994,20241017,2,1,15000.0,750.0,14250.0
1111,5000001312,1000000995,20240406,1,2,12000.0,0.0,24000.0
1112,5000001313,1000000996,20250922,2,3,15000.0,900.0,44100.0
1113,5000001314,1000000997,20240805,2,3,15000.0,900.0,44100.0
1114,5000001315,1000000997,20240805,1,2,10800.0,1080.0,20520.0
1115,5000001317,1000000999,20250521,1,3,12000.0,0.0,36000.0
1116,5000001318,1000001000,20240208,1,1,12000.0,600.0,11400.0
1117,5000001319,1000001001,20241207,2,2,15000.0,0.0,30000.0
1118,5000001322,1000001003,20240813,1,3,12000.0,1800.0,34200.0
1119,5000001323,1000001004,20241201,2,3,15000.0,2250.0,42750.0
1120,5000001324,1000001005,20240709,2,1,15000.0,0.0,15000.0
1121,5000001325,1000001006,20240920,1,1,10800.0,0.0,10800.0
1122,5000001326,1000001007,20250725,2,1,15000.0,750.0,14250.0
1123,5000001327,1000001007,20250725,2,3,15000.0,0.0,45000.0
1124,5000001328,1000001008,20240906,1,3,13200.0,3960.0,35640.0
1125,5000001329,1000001008,20240906,1,2,12000.0,480.0,23520.0
1126,5000001330,1000001009,20250904,2,1,15000.0,750.0,14250.0
1127,5000001331,1000001009,20250904,1,2,12600.0,504.0,24696.0
1128,5000001332,1000001010,20240913,1,2,12000.0,1200.0,22800.0
1129,5000001333,1000001010,20240913,1,3,10800.0,1620.0,30780.0
1130,5000001334,1000001011,20240516,2,2,15000.0,0.0,30000.0
1131,5000001335,1000001012,20250728,2,3,15000.0,4500.0,40500.0
1132,5000001336,1000001013,20250912,2,1,15000.0,1500.0,13500.0
1133,5000001337,1000001013,20250912,2,1,15000.0,300.0,14700.0
1134,5000001338,1000001014,20240301,1,2,12000.0,1200.0,22800.0
1135,5000001339,1000001014,20240301,2,2,15000.0,3000.0,27000.0
1136,5000001340,1000001015,20240209,2,2,15000.0,0.0,30000.0
1137,5000001341,1000001016,20250518,1,3,12000.0,720.0,35280.0
1138,5000001342,1000001017,20240922,2,2,13500.0,2700.0,24300.0
1139,5000001343,1000001018,20241106,1,2,12000.0,2400.0,21600.0
1140,5000001344,1000001019,20241231,2,2,16500.0,3300.0,29700.0
1141,5000001345,1000001019,20241231,2,3,15000.0,4500.0,40500.0
1142,5000001348,1000001021,20241013,1,1,10800.0,1080.0,9720.0
1143,5000001349,1000001021,20241013,2,1,15000.0,0.0,15000.0
1144,5000001350,1000001022,20250425,2,1,15000.0,300.0,14700.0
1145,5000001352,1000001024,20241210,2,1,15000.0,300.0,14700.0
1146,5000001353,1000001025,20241128,1,2,12000.0,0.0,24000.0
1147,5000001354,1000001026,20241018,2,2,15000.0,600.0,29400.0
1148,5000001355,1000001027,20250622,1,2,10800.0,1080.0,20520.0
1149,5000001356,1000001028,20240110,2,2,13500.0,1350.0,25650.0
1150,5000001358,1000001030,20240105,2,3,15000.0,900.0,44100.0
1151,5000001361,1000001033,20240626,1,3,12600.0,756.0,37044.0
1152,5000001362,1000001033,20240626,2,1,15000.0,1500.0,13500.0
1153,5000001366,1000001036,20240707,1,2,12000.0,480.0,23520.0
1154,5000001367,1000001037,20240226,1,2,12000.0,1200.0,22800.0
1155,5000001369,1000001039,20250226,2,3,15000.0,4500.0,40500.0
1156,5000001370,1000001039,20250226,2,3,15000.0,0.0,45000.0
1157,5000001371,1000001040,20250212,2,1,15750.0,0.0,15750.0
1158,5000001372,1000001041,20250309,1,1,10800.0,0.0,10800.0
1159,5000001373,1000001042,20240125,2,2,15000.0,600.0,29400.0
1160,5000001374,1000001042,20240125,1,1,12000.0,240.0,11760.0
1161,5000001375,1000001043,20250218,1,1,12000.0,240.0,11760.0
1162,5000001376,1000001043,20250218,1,1,12000.0,0.0,12000.0
1163,5000001377,1000001044,20250210,2,2,15000.0,600.0,29400.0
1164,5000001378,1000001045,20240915,2,2,15000.0,1500.0,28500.0
1165,5000001379,1000001045,20240915,1,2,10800.0,2160.0,19440.0
1166,5000001380,1000001046,20250311,1,3,12600.0,3780.0,34020.0
1167,5000001381,1000001046,20250311,2,1,15000.0,750.0,14250.0
1168,5000001382,1000001046,20250311,1,1,12600.0,252.0,12348.0
1169,5000001383,1000001047,20250905,1,3,10800.0,1620.0,30780.0
1170,5000001384,1000001048,20240206,2,2,16500.0,3300.0,29700.0
1171,5000001385,1000001048,20240206,1,2,12000.0,1200.0,22800.0
1172,5000001386,1000001049,20240417,1,3,12000.0,0.0,36000.0
1173,5000001387,1000001050,20240912,1,2,13200.0,528.0,25872.0
1174,5000001390,1000001053,20250211,1,2,12000.0,0.0,24000.0
1175,5000001391,1000001054,20250826,1,2,10800.0,2160.0,19440.0
1176,5000001392,1000001055,20240802,1,2,12600.0,1260.0,23940.0
1177,5000001393,1000001056,20250918,1,3,12000.0,0.0,36000.0
1178,5000001394,1000001056,20250918,1,3,12000.0,720.0,35280.0
1179,5000001395,1000001057,20240130,2,2,15750.0,1575.0,29925.0
1180,5000001398,1000001059,20240201,2,3,15000.0,2250.0,42750.0
1181,5000001399,1000001059,20240201,2,3,15750.0,945.0,46305.0
1182,5000001400,1000001060,20241021,2,1,15750.0,0.0,15750.0
1183,5000001402,1000001062,20250523,1,1,12000.0,600.0,11400.0
1184,5000001403,1000001063,20240614,2,1,16500.0,0.0,16500.0
1185,5000001404,1000001063,20240614,2,1,13500.0,1350.0,12150.0
1186,5000001405,1000001064,20240221,1,1,12000.0,1200.0,10800.0
1187,5000001408,1000001067,20240503,1,2,12000.0,0.0,24000.0
1188,5000001412,1000001069,20250312,2,2,15000.0,0.0,30000.0
1189,5000001413,1000001070,20250330,1,1,12000.0,1200.0,10800.0
1190,5000001414,1000001070,20250330,2,2,16500.0,1650.0,31350.0
1191,5000001415,1000001071,20240707,2,2,15000.0,600.0,29400.0
1192,5000001420,1000001074,20240210,2,3,16500.0,0.0,49500.0
1193,5000001421,1000001075,20250110,2,3,15750.0,4725.0,42525.0
1194,5000001422,1000001076,20240602,2,1,15000.0,750.0,14250.0
1195,5000001423,1000001077,20241121,1,3,12000.0,1800.0,34200.0
1196,5000001424,1000001077,20241121,1,1,12600.0,1260.0,11340.0
1197,5000001425,1000001077,20241121,2,2,15000.0,0.0,30000.0
1198,5000001426,1000001078,20250211,2,2,13500.0,1350.0,25650.0
1199,5000001428,1000001080,20241216,1,1,12000.0,1200.0,10800.0
1200,5000001429,1000001081,20240113,1,2,10800.0,1080.0,20520.0
1201,5000001430,1000001081,20240113,1,2,12000.0,2400.0,21600.0
1202,5000001432,1000001083,20240201,1,2,13200.0,2640.0,23760.0
1203,5000001433,1000001084,20241008,2,3,15000.0,2250.0,42750.0
1204,5000001434,1000001085,20240220,1,3,13200.0,0.0,39600.0
1205,5000001435,1000001086,20240429,2,2,15000.0,0.0,30000.0
1206,5000001436,1000001086,20240429,1,2,12000.0,1200.0,22800.0
1207,5000001437,1000001087,20250823,1,2,12000.0,0.0,24000.0
1208,5000001439,1000001089,20250921,1,1,10800.0,540.0,10260.0
1209,5000001440,1000001090,20250914,1,3,12000.0,1800.0,34200.0
1210,5000001441,1000001091,20241011,2,2,13500.0,1350.0,25650.0
1211,5000001442,1000001092,20241219,1,2,12600.0,0.0,25200.0
1212,5000001443,1000001093,20250327,1,3,12000.0,720.0,35280.0
1213,5000001444,1000001093,20250327,1,1,12000.0,240.0,11760.0
1214,5000001446,1000001095,20250330,1,1,12000.0,0.0,12000.0
1215,5000001449,1000001097,20240418,2,1,15000.0,0.0,15000.0
1216,5000001450,1000001098,20240720,2,3,16500.0,2475.0,47025.0
1217,5000001451,1000001098,20240720,2,1,15750.0,0.0,15750.0
1218,5000001452,1000001099,20250610,1,1,12000.0,600.0,11400.0
1219,5000001453,1000001100,20250719,1,2,12000.0,1200.0,22800.0
1220,5000001454,1000001101,20240329,2,2,16500.0,3300.0,29700.0
1221,5000001455,1000001101,20240329,2,3,15000.0,900.0,44100.0
1222,5000001456,1000001101,20240329,1,2,12000.0,480.0,23520.0
1223,5000001457,1000001102,20240707,1,1,10800.0,216.0,10584.0
1224,5000001458,1000001103,20240206,1,1,13200.0,264.0,12936.0
1225,5000001459,1000001104,20250702,2,1,15000.0,300.0,14700.0
1226,5000001460,1000001105,20241206,2,2,15000.0,3000.0,27000.0
1227,5000001461,1000001106,20241103,2,3,15000.0,0.0,45000.0
1228,5000001462,1000001107,20240824,1,3,13200.0,0.0,39600.0
1229,5000001464,1000001109,20240803,1,2,12000.0,0.0,24000.0
1230,5000001465,1000001110,20240725,1,2,10800.0,432.0,21168.0
1231,5000001466,1000001110,20240725,1,3,12000.0,3600.0,32400.0
1232,5000001468,1000001112,20250723,2,1,15750.0,787.5,14962.5
1233,5000001470,1000001114,20250422,2,1,13500.0,1350.0,12150.0
1234,5000001471,1000001114,20250422,1,3,12000.0,0.0,36000.0
1235,5000001472,1000001115,20240605,2,2,16500.0,660.0,32340.0
1236,5000001473,1000001116,20250806,1,3,13200.0,0.0,39600.0
1237,5000001474,1000001117,20250614,1,2,12000.0,1200.0,22800.0
1238,5000001475,1000001118,20250128,1,1,12600.0,1260.0,11340.0
1239,5000001476,1000001119,20240216,2,2,15000.0,600.0,29400.0
1240,5000001477,1000001120,20250518,1,3,12600.0,0.0,37800.0
1241,5000001478,1000001121,20240313,1,2,13200.0,0.0,26400.0
1242,5000001479,1000001122,20240822,1,1,12000.0,240.0,11760.0
1243,5000001480,1000001122,20240822,1,1,12600.0,0.0,12600.0
1244,5000001481,1000001123,20241010,1,1,13200.0,264.0,12936.0
1245,5000001482,1000001124,20250418,1,3,12600.0,756.0,37044.0
1246,5000001483,1000001125,20250803,2,1,15000.0,0.0,15000.0
1247,5000001484,1000001126,20241117,1,3,12600.0,756.0,37044.0
1248,5000001485,1000001127,20241011,1,3,12000.0,0.0,36000.0
1249,5000001486,1000001128,20241026,1,2,10800.0,0.0,21600.0
1250,5000001487,1000001129,20241005,1,3,13200.0,792.0,38808.0
1251,5000001488,1000001129,20241005,1,1,12000.0,1200.0,10800.0
1252,5000001489,1000001130,20250913,1,2,12000.0,480.0,23520.0
1253,5000001490,1000001131,20250326,2,1,16500.0,825.0,15675.0
1254,5000001492,1000001133,20250520,1,2,12600.0,504.0,24696.0
1255,5000001493,1000001134,20250928,2,3,15750.0,0.0,47250.0
1256,5000001494,1000001135,20240413,2,1,15000.0,300.0,14700.0
1257,5000001495,1000001136,20241114,2,1,15000.0,0.0,15000.0
1258,5000001496,1000001137,20250618,2,2,15000.0,600.0,29400.0
1259,5000001497,1000001138,20240914,2,3,15000.0,4500.0,40500.0
1260,5000001498,1000001139,20240803,1,3,10800.0,3240.0,29160.0
1261,5000001499,1000001140,20250103,1,3,10800.0,0.0,32400.0
1262,5000001500,1000001141,20250625,1,2,12600.0,0.0,25200.0
1263,5000001501,1000001142,20250209,1,3,10800.0,0.0,32400.0
1264,5000001502,1000001143,20250818,1,3,12000.0,1800.0,34200.0
1265,5000001503,1000001144,20250705,1,3,13200.0,1980.0,37620.0
1266,5000001504,1000001145,20250912,2,3,15750.0,0.0,47250.0
1267,5000001505,1000001146,20250726,2,3,15750.0,0.0,47250.0
1268,5000001507,1000001148,20250129,1,3,12000.0,720.0,35280.0
1269,5000001508,1000001148,20250129,1,1,12000.0,1200.0,10800.0
1270,5000001509,1000001149,20241129,2,3,16500.0,990.0,48510.0
1271,5000001510,1000001150,20240419,2,1,13500.0,675.0,12825.0
1272,5000001511,1000001150,20240419,2,1,15000.0,0.0,15000.0
1273,5000001513,1000001152,20241003,2,2,13500.0,540.0,26460.0
1274,5000001514,1000001153,20240227,1,3,10800.0,648.0,31752.0
1275,5000001515,1000001154,20241231,2,3,15750.0,945.0,46305.0
1276,5000001516,1000001155,20240522,1,3,12000.0,3600.0,32400.0
1277,5000001517,1000001156,20241009,2,3,16500.0,0.0,49500.0
1278,5000001518,1000001156,20241009,1,2,12000.0,2400.0,21600.0
1279,5000001519,1000001156,20241009,1,3,12000.0,3600.0,32400.0
1280,5000001521,1000001158,20240717,1,3,12600.0,0.0,37800.0
1281,5000001522,1000001159,20250823,1,2,12000.0,1200.0,22800.0
1282,5000001523,1000001160,20240415,1,3,12000.0,1800.0,34200.0
1283,5000001524,1000001161,20240419,1,3,13200.0,3960.0,35640.0
1284,5000001525,1000001162,20250318,1,2,12000.0,0.0,24000.0
1285,5000001529,1000001164,20240118,1,1,12000.0,0.0,12000.0
1286,5000001531,1000001166,20241216,1,2,13200.0,1320.0,25080.0
1287,5000001532,1000001167,20240716,1,2,12000.0,2400.0,21600.0
1288,5000001533,1000001167,20240716,1,3,10800.0,0.0,32400.0
1289,5000001534,1000001167,20240716,1,3,12600.0,0.0,37800.0
1290,5000001535,1000001168,20250219,1,1,12000.0,0.0,12000.0
1291,5000001536,1000001169,20240412,1,3,12000.0,0.0,36000.0
1292,5000001537,1000001170,20240807,1,3,12000.0,0.0,36000.0
1293,5000001540,1000001172,20250622,1,3,12600.0,1890.0,35910.0
1294,5000001541,1000001172,20250622,1,2,13200.0,2640.0,23760.0
1295,5000001542,1000001173,20250717,1,2,12600.0,504.0,24696.0
1296,5000001543,1000001174,20250113,1,3,12000.0,3600.0,32400.0
1297,5000001545,1000001176,20250527,2,3,15000.0,900.0,44100.0
1298,5000001546,1000001176,20250527,2,1,15000.0,750.0,14250.0
1299,5000001547,1000001176,20250527,1,2,12000.0,1200.0,22800.0
1300,5000001548,1000001177,20240913,2,3,15000.0,0.0,45000.0
1301,5000001549,1000001178,20240302,2,3,13500.0,0.0,40500.0
1302,5000001550,1000001178,20240302,1,3,10800.0,0.0,32400.0
1303,5000001551,1000001179,20250621,2,3,13500.0,2025.0,38475.0
1304,5000001552,1000001180,20240820,1,3,10800.0,648.0,31752.0
1305,5000001553,1000001181,20250215,2,1,15000.0,0.0,15000.0
1306,5000001554,1000001182,20240910,2,3,15000.0,4500.0,40500.0
1307,5000001555,1000001183,20240705,1,2,12600.0,0.0,25200.0
1308,5000001556,1000001183,20240705,2,3,15000.0,0.0,45000.0
1309,5000001557,1000001184,20250326,2,2,15000.0,1500.0,28500.0
1310,5000001558,1000001185,20241115,2,2,15000.0,1500.0,28500.0
1311,5000001559,1000001186,20240202,1,3,12000.0,1800.0,34200.0
1312,5000001560,1000001186,20240202,1,2,12000.0,1200.0,22800.0
1313,5000001561,1000001187,20250303,1,1,12000.0,240.0,11760.0
1314,5000001562,1000001188,20250806,2,3,15000.0,900.0,44100.0
1315,5000001563,1000001188,20250806,1,2,12000.0,0.0,24000.0
1316,5000001564,1000001189,20240504,2,2,15000.0,3000.0,27000.0
1317,5000001565,1000001190,20240422,1,3,12000.0,1800.0,34200.0
1318,5000001566,1000001191,20250125,1,2,12000.0,2400.0,21600.0
1319,5000001567,1000001192,20250123,1,3,12000.0,3600.0,32400.0
1320,5000001568,1000001193,20240923,2,3,15000.0,4500.0,40500.0
1321,5000001569,1000001193,20240923,2,2,15000.0,1500.0,28500.0
1322,5000001570,1000001194,20240412,1,1,10800.0,540.0,10260.0
1323,5000001571,1000001194,20240412,1,3,12000.0,0.0,36000.0
1324,5000001572,1000001195,20240526,1,1,13200.0,1320.0,11880.0
1325,5000001575,1000001197,20250312,1,3,10800.0,648.0,31752.0
1326,5000001577,1000001199,20241211,2,2,15000.0,600.0,29400.0
1327,5000001580,1000001202,20250729,2,3,15000.0,2250.0,42750.0
1328,5000001581,1000001203,20241103,1,3,13200.0,0.0,39600.0
1329,5000001583,1000001205,20250820,1,2,12000.0,2400.0,21600.0
1330,5000001585,1000001207,20240728,1,3,12000.0,0.0,36000.0
1331,5000001586,1000001207,20240728,1,1,10800.0,540.0,10260.0
1332,5000001587,1000001208,20240128,1,3,12000.0,720.0,35280.0
1333,5000001588,1000001209,20241118,2,1,15000.0,750.0,14250.0
1334,5000001589,1000001210,20250618,1,2,12600.0,1260.0,23940.0
1335,5000001591,1000001212,20240317,2,1,15000.0,1500.0,13500.0
1336,5000001592,1000001212,20240317,2,3,13500.0,810.0,39690.0
1337,5000001593,1000001213,20240224,2,1,15000.0,300.0,14700.0
1338,5000001594,1000001213,20240224,1,1,12000.0,0.0,12000.0
1339,5000001595,1000001214,20240412,2,1,15000.0,0.0,15000.0
1340,5000001596,1000001215,20250928,1,1,12600.0,1260.0,11340.0
1341,5000001597,1000001216,20240704,2,3,13500.0,0.0,40500.0
1342,5000001598,1000001217,20250521,1,3,12600.0,756.0,37044.0
1343,5000001599,1000001218,20240919,2,3,13500.0,810.0,39690.0
1344,5000001600,1000001219,20241005,1,1,12000.0,0.0,12000.0
1345,5000001601,1000001220,20250428,2,1,15000.0,300.0,14700.0
1346,5000001602,1000001220,20250428,1,1,12000.0,240.0,11760.0
1347,5000001604,1000001222,20250402,2,3,15000.0,900.0,44100.0
1348,5000001605,1000001223,20250225,1,2,12000.0,0.0,24000.0
1349,5000001606,1000001223,20250225,2,2,15750.0,3150.0,28350.0
1350,5000001607,1000001224,20241124,1,1,12600.0,630.0,11970.0
1351,5000001608,1000001224,20241124,2,3,16500.0,4950.0,44550.0
1352,5000001609,1000001225,20240227,1,3,12000.0,720.0,35280.0
1353,5000001610,1000001225,20240227,2,2,15750.0,0.0,31500.0
1354,5000001611,1000001226,20241125,2,3,16500.0,4950.0,44550.0
1355,5000001613,1000001228,20240327,1,3,12600.0,1890.0,35910.0
1356,5000001614,1000001229,20240414,1,3,12000.0,720.0,35280.0
1357,5000001615,1000001230,20240328,1,3,12600.0,3780.0,34020.0
1358,5000001616,1000001231,20250902,1,3,12000.0,720.0,35280.0
1359,5000001617,1000001232,20250902,1,3,12000.0,1800.0,34200.0
1360,5000001618,1000001232,20250902,2,1,15000.0,300.0,14700.0
1361,5000001619,1000001233,20250117,2,1,16500.0,330.0,16170.0
1362,5000001620,1000001234,20240914,1,1,12000.0,1200.0,10800.0
1363,5000001621,1000001235,20250315,1,2,13200.0,1320.0,25080.0
1364,5000001623,1000001237,20250611,1,3,12600.0,1890.0,35910.0
1365,5000001625,1000001239,20250831,1,2,12000.0,480.0,23520.0
1366,5000001626,1000001240,20240318,2,2,15000.0,0.0,30000.0
1367,5000001630,1000001243,20250217,1,1,12600.0,1260.0,11340.0
1368,5000001631,1000001243,20250217,2,1,15000.0,0.0,15000.0
1369,5000001632,1000001244,20240606,2,3,16500.0,4950.0,44550.0
1370,5000001633,1000001244,20240606,1,2,12600.0,1260.0,23940.0
1371,5000001634,1000001245,20250607,1,3,12000.0,0.0,36000.0
1372,5000001635,1000001245,20250607,1,2,10800.0,2160.0,19440.0
1373,5000001636,1000001246,20240621,1,3,12000.0,720.0,35280.0
1374,5000001637,1000001247,20240628,2,2,15750.0,0.0,31500.0
1375,5000001638,1000001248,20241013,2,3,15750.0,0.0,47250.0
1376,5000001639,1000001248,20241013,1,3,13200.0,792.0,38808.0
1377,5000001640,1000001248,20241013,1,3,12600.0,3780.0,34020.0
1378,5000001642,1000001250,20240127,2,1,15000.0,300.0,14700.0
1379,5000001643,1000001251,20241124,1,1,12000.0,240.0,11760.0
1380,5000001644,1000001252,20250527,1,1,12000.0,240.0,11760.0
1381,5000001645,1000001253,20240925,1,1,12000.0,600.0,11400.0
1382,5000001646,1000001254,20240403,2,3,15750.0,945.0,46305.0
1383,5000001647,1000001255,20250714,1,3,12000.0,720.0,35280.0
1384,5000001648,1000001255,20250714,2,2,16500.0,3300.0,29700.0
1385,5000001649,1000001256,20250114,1,1,12000.0,1200.0,10800.0
1386,5000001650,1000001257,20240607,1,1,12600.0,0.0,12600.0
1387,5000001651,1000001257,20240607,1,1,12000.0,240.0,11760.0
1388,5000001652,1000001258,20240709,1,2,12000.0,0.0,24000.0
1389,5000001653,1000001259,20240701,1,3,12000.0,1800.0,34200.0
1390,5000001654,1000001260,20241012,1,2,12600.0,1260.0,23940.0
1391,5000001655,1000001261,20240415,1,1,12000.0,240.0,11760.0
1392,5000001656,1000001262,20240725,1,2,12000.0,2400.0,21600.0
1393,5000001659,1000001264,20240422,2,1,15750.0,787.5,14962.5
1394,5000001660,1000001265,20250924,1,3,12000.0,0.0,36000.0
1395,5000001662,1000001267,20240710,2,1,15000.0,0.0,15000.0
1396,5000001663,1000001267,20240710,1,3,10800.0,1620.0,30780.0
1397,5000001664,1000001268,20250226,1,1,12000.0,240.0,11760.0
1398,5000001665,1000001269,20240128,1,1,10800.0,216.0,10584.0
1399,5000001668,1000001272,20240401,1,3,12600.0,3780.0,34020.0
1400,5000001669,1000001273,20240124,2,1,15000.0,0.0,15000.0
1401,5000001672,1000001275,20250527,2,1,15000.0,0.0,15000.0
1402,5000001673,1000001275,20250527,1,1,10800.0,0.0,10800.0
1403,5000001674,1000001276,20250614,1,2,12000.0,2400.0,21600.0
1404,5000001675,1000001276,20250614,1,2,13200.0,528.0,25872.0
1405,5000001676,1000001277,20241111,2,3,15000.0,2250.0,42750.0
1406,5000001681,1000001280,20250327,1,3,13200.0,3960.0,35640.0
1407,5000001682,1000001281,20240208,1,3,10800.0,648.0,31752.0
1408,5000001683,1000001281,20240208,1,3,10800.0,1620.0,30780.0
1409,5000001684,1000001282,20240415,2,3,13500.0,2025.0,38475.0
1410,5000001685,1000001283,20240313,2,1,15000.0,0.0,15000.0
1411,5000001686,1000001284,20250915,2,3,15000.0,4500.0,40500.0
1412,5000001687,1000001284,20250915,2,3,15000.0,0.0,45000.0
1413,5000001688,1000001284,20250915,2,3,15000.0,900.0,44100.0
1414,5000001689,1000001285,20240514,2,1,15000.0,1500.0,13500.0
1415,5000001691,1000001287,20250424,2,3,15000.0,0.0,45000.0
1416,5000001692,1000001288,20240204,1,1,13200.0,0.0,13200.0
1417,5000001694,1000001290,20250928,2,1,15000.0,0.0,15000.0
1418,5000001695,1000001290,20250928,2,1,15000.0,0.0,15000.0
1419,5000001696,1000001291,20240326,2,2,15000.0,3000.0,27000.0
1420,5000001697,1000001292,20241128,1,2,12600.0,0.0,25200.0
1421,5000001698,1000001293,20241220,1,2,12000.0,480.0,23520.0
1422,5000001699,1000001294,20240319,1,1,10800.0,216.0,10584.0
1423,5000001700,1000001295,20240516,1,1,12600.0,252.0,12348.0
1424,5000001702,1000001297,20240815,1,1,12000.0,0.0,12000.0
1425,5000001706,1000001300,20250410,2,1,15000.0,750.0,14250.0
1426,5000001707,1000001301,20240616,1,2,10800.0,2160.0,19440.0
1427,5000001708,1000001302,20250303,1,3,13200.0,3960.0,35640.0
1428,5000001709,1000001303,20240323,2,3,15000.0,900.0,44100.0
1429,5000001710,1000001304,20240221,1,2,12000.0,2400.0,21600.0
1430,5000001711,1000001304,20240221,2,2,15000.0,1500.0,28500.0
1431,5000001712,1000001304,20240221,1,1,13200.0,264.0,12936.0
1432,5000001713,1000001305,20241013,2,1,16500.0,0.0,16500.0
1433,5000001716,1000001308,20240719,2,2,13500.0,1350.0,25650.0
1434,5000001717,1000001309,20240430,2,3,13500.0,2025.0,38475.0
1435,5000001718,1000001309,20240430,1,2,12000.0,2400.0,21600.0
1436,5000001720,1000001311,20240312,1,2,12000.0,2400.0,21600.0
1437,5000001721,1000001311,20240312,1,3,12600.0,756.0,37044.0
1438,5000001722,1000001312,20240329,1,1,10800.0,0.0,10800.0
1439,5000001723,1000001313,20240711,2,3,15000.0,900.0,44100.0
1440,5000001724,1000001314,20240830,2,2,15000.0,1500.0,28500.0
1441,5000001725,1000001315,20250909,2,2,15000.0,3000.0,27000.0
1442,5000001726,1000001316,20240706,2,2,15000.0,600.0,29400.0
1443,5000001730,1000001319,20240317,1,2,12000.0,0.0,24000.0
1444,5000001731,1000001319,20240317,1,3,12600.0,3780.0,34020.0
1445,5000001732,1000001320,20240809,2,1,15000.0,0.0,15000.0
1446,5000001733,1000001321,20241229,2,3,15000.0,2250.0,42750.0
1447,5000001734,1000001322,20250410,1,2,12000.0,2400.0,21600.0
1448,5000001735,1000001322,20250410,1,3,13200.0,792.0,38808.0
1449,5000001736,1000001323,20240625,2,2,15000.0,1500.0,28500.0
1450,5000001737,1000001324,20240410,1,3,10800.0,1620.0,30780.0
1451,5000001738,1000001324,20240410,2,3,15000.0,0.0,45000.0
1452,5000001739,1000001325,20240814,2,2,15000.0,3000.0,27000.0
1453,5000001740,1000001326,20250406,1,3,12600.0,756.0,37044.0
1454,5000001741,1000001326,20250406,2,1,13500.0,270.0,13230.0
1455,5000001743,1000001328,20240618,1,3,12000.0,1800.0,34200.0
1456,5000001744,1000001328,20240618,2,1,15000.0,1500.0,13500.0
1457,5000001746,1000001330,20250927,1,1,12000.0,1200.0,10800.0
1458,5000001747,1000001331,20240822,2,2,15000.0,1500.0,28500.0
1459,5000001748,1000001332,20250716,2,1,15000.0,300.0,14700.0
1460,5000001749,1000001332,20250716,2,3,13500.0,810.0,39690.0
1461,5000001750,1000001333,20250915,2,3,15000.0,0.0,45000.0
1462,5000001751,1000001334,20240627,1,1,10800.0,1080.0,9720.0
1463,5000001752,1000001335,20250528,1,2,10800.0,432.0,21168.0
1464,5000001753,1000001336,20250912,1,2,12600.0,504.0,24696.0
1465,5000001754,1000001337,20250201,1,2,12000.0,0.0,24000.0
1466,5000001755,1000001338,20240103,1,1,10800.0,540.0,10260.0
1467,5000001756,1000001338,20240103,2,2,15000.0,1500.0,28500.0
1468,5000001757,1000001339,20250601,2,3,16500.0,4950.0,44550.0
1469,5000001759,1000001341,20240124,1,1,12000.0,1200.0,10800.0
1470,5000001760,1000001341,20240124,1,2,12000.0,2400.0,21600.0
1471,5000001761,1000001342,20250609,2,3,15000.0,2250.0,42750.0
1472,5000001762,1000001342,20250609,2,3,15000.0,900.0,44100.0
1473,5000001763,1000001343,20250223,1,1,12000.0,0.0,12000.0
1474,5000001764,1000001344,20250606,1,3,12000.0,720.0,35280.0
1475,5000001765,1000001345,20250516,1,1,13200.0,0.0,13200.0
1476,5000001766,1000001346,20250216,1,1,12000.0,600.0,11400.0
1477,5000001767,1000001347,20241109,1,1,12600.0,0.0,12600.0
1478,5000001768,1000001348,20250515,2,1,15750.0,1575.0,14175.0
1479,5000001769,1000001348,20250515,2,2,15000.0,3000.0,27000.0
1480,5000001770,1000001349,20250513,1,3,12000.0,3600.0,32400.0
1481,5000001771,1000001350,20240825,2,1,15000.0,1500.0,13500.0
1482,5000001772,1000001351,20240730,1,2,12000.0,2400.0,21600.0
1483,5000001773,1000001352,20240629,2,2,15750.0,0.0,31500.0
1484,5000001774,1000001352,20240629,1,2,12000.0,1200.0,22800.0
1485,5000001775,1000001353,20250104,1,3,12000.0,720.0,35280.0
1486,5000001776,1000001354,20241104,1,3,10800.0,648.0,31752.0
1487,5000001778,1000001356,20250426,2,2,15750.0,0.0,31500.0
1488,5000001779,1000001357,20250220,1,2,12000.0,480.0,23520.0
1489,5000001780,1000001357,20250220,1,3,12000.0,720.0,35280.0
1490,5000001781,1000001358,20241218,2,1,13500.0,675.0,12825.0
1491,5000001782,1000001358,20241218,2,2,15000.0,600.0,29400.0
1492,5000001783,1000001358,20241218,1,3,12600.0,756.0,37044.0
1493,5000001786,1000001361,20241204,1,3,12000.0,3600.0,32400.0
1494,5000001788,1000001363,20250810,1,3,10800.0,648.0,31752.0
1495,5000001789,1000001364,20250405,1,2,12000.0,1200.0,22800.0
1496,5000001790,1000001364,20250405,2,1,15000.0,0.0,15000.0
1497,5000001792,1000001366,20241130,1,1,10800.0,216.0,10584.0
1498,5000001793,1000001366,20241130,2,2,15000.0,0.0,30000.0
1499,5000001795,1000001368,20240117,2,3,15750.0,0.0,47250.0
1500,5000001796,1000001369,20250301,1,3,12000.0,1800.0,34200.0
1501,5000001797,1000001370,20250420,1,3,12000.0,3600.0,32400.0
1502,5000001798,1000001371,20250409,1,3,10800.0,1620.0,30780.0
1503,5000001799,1000001372,20250401,2,1,15000.0,1500.0,13500.0
1504,5000001804,1000001375,20250321,1,2,10800.0,0.0,21600.0
1505,5000001805,1000001375,20250321,1,3,12000.0,720.0,35280.0
1506,5000001806,1000001376,20240805,1,1,10800.0,540.0,10260.0
1507,5000001807,1000001377,20240313,1,3,12000.0,720.0,35280.0
1508,5000001808,1000001378,20240927,2,2,15000.0,3000.0,27000.0
1509,5000001809,1000001379,20240708,1,1,12000.0,1200.0,10800.0
1510,5000001810,1000001379,20240708,1,1,10800.0,216.0,10584.0
1511,5000001811,1000001380,20250515,2,1,16500.0,825.0,15675.0
1512,5000001812,1000001381,20240219,2,3,15000.0,4500.0,40500.0
1513,5000001813,1000001382,20250620,1,3,12000.0,720.0,35280.0
1514,5000001814,1000001382,20250620,1,3,12000.0,3600.0,32400.0
1515,5000001815,1000001382,20250620,2,2,15750.0,630.0,30870.0
1516,5000001817,1000001384,20241006,1,2,13200.0,2640.0,23760.0
1517,5000001818,1000001384,20241006,1,2,12000.0,1200.0,22800.0
1518,5000001819,1000001385,20241022,1,1,12000.0,0.0,12000.0
1519,5000001820,1000001386,20240731,2,1,15000.0,0.0,15000.0
1520,5000001821,1000001387,20240724,1,1,12000.0,600.0,11400.0
1521,5000001822,1000001388,20250214,2,1,13500.0,0.0,13500.0
1522,5000001823,1000001388,20250214,1,3,10800.0,648.0,31752.0
1523,5000001824,1000001389,20250430,1,1,12000.0,600.0,11400.0
1524,5000001825,1000001390,20250627,1,3,12000.0,3600.0,32400.0
1525,5000001827,1000001392,20240612,1,2,10800.0,2160.0,19440.0
1526,5000001828,1000001393,20240826,1,1,12000.0,240.0,11760.0
1527,5000001829,1000001393,20240826,2,1,15000.0,1500.0,13500.0
1528,5000001831,1000001395,20241003,2,3,15750.0,2362.5,44887.5
1529,5000001832,1000001396,20241222,1,1,13200.0,264.0,12936.0
1530,5000001833,1000001397,20250713,2,1,15750.0,0.0,15750.0
1531,5000001834,1000001398,20241108,2,3,15750.0,4725.0,42525.0
1532,5000001837,1000001400,20250101,2,3,13500.0,2025.0,38475.0
1533,5000001838,1000001401,20241129,1,2,12000.0,1200.0,22800.0
1534,5000001839,1000001401,20241129,2,2,13500.0,540.0,26460.0
1535,5000001840,1000001402,20240727,1,1,12000.0,240.0,11760.0
1536,5000001841,1000001403,20250802,1,2,12600.0,2520.0,22680.0
1537,5000001842,1000001403,20250802,1,1,13200.0,0.0,13200.0
1538,5000001843,1000001403,20250802,2,3,15000.0,0.0,45000.0
1539,5000001844,1000001404,20250712,2,3,15000.0,4500.0,40500.0
1540,5000001845,1000001405,20240409,2,1,15000.0,300.0,14700.0
1541,5000001846,1000001406,20240329,2,3,15750.0,945.0,46305.0
1542,5000001847,1000001406,20240329,2,3,13500.0,2025.0,38475.0
1543,5000001848,1000001407,20250425,1,1,12000.0,1200.0,10800.0
1544,5000001849,1000001408,20240825,2,2,13500.0,1350.0,25650.0
1545,5000001850,1000001409,20250209,1,1,13200.0,264.0,12936.0
1546,5000001851,1000001409,20250209,2,2,15000.0,0.0,30000.0
1547,5000001852,1000001410,20240719,2,1,15000.0,1500.0,13500.0
1548,5000001853,1000001411,20241106,1,1,12600.0,252.0,12348.0
1549,5000001854,1000001412,20250621,1,3,12000.0,720.0,35280.0
1550,5000001855,1000001413,20250713,1,1,13200.0,0.0,13200.0
1551,5000001856,1000001414,20250604,2,1,15000.0,300.0,14700.0
1552,5000001857,1000001415,20240118,2,2,15000.0,1500.0,28500.0
1553,5000001858,1000001416,20241229,1,2,12000.0,0.0,24000.0
1554,5000001863,1000001419,20250127,2,2,15750.0,630.0,30870.0
1555,5000001864,1000001420,20240711,1,1,12000.0,600.0,11400.0
1556,5000001865,1000001421,20241215,2,3,16500.0,2475.0,47025.0
1557,5000001868,1000001423,20240428,1,1,12000.0,0.0,12000.0
1558,5000001869,1000001424,20240511,2,3,15000.0,4500.0,40500.0
1559,5000001870,1000001425,20241119,1,2,13200.0,1320.0,25080.0
1560,5000001871,1000001426,20240730,1,2,13200.0,0.0,26400.0
1561,5000001872,1000001426,20240730,1,2,12000.0,0.0,24000.0
1562,5000001873,1000001427,20241002,1,3,12000.0,0.0,36000.0
1563,5000001874,1000001428,20250702,2,3,16500.0,990.0,48510.0
1564,5000001875,1000001428,20250702,2,1,15000.0,0.0,15000.0
1565,5000001876,1000001429,20240208,1,1,12000.0,240.0,11760.0
1566,5000001877,1000001430,20241006,2,1,15000.0,1500.0,13500.0
1567,5000001878,1000001430,20241006,2,2,15000.0,3000.0,27000.0
1568,5000001882,1000001432,20250322,2,3,15000.0,4500.0,40500.0
1569,5000001883,1000001432,20250322,2,2,15750.0,1575.0,29925.0
1570,5000001884,1000001433,20250719,1,3,12000.0,0.0,36000.0
1571,5000001885,1000001434,20250928,1,2,12000.0,480.0,23520.0
1572,5000001886,1000001434,20250928,2,2,15000.0,3000.0,27000.0
1573,5000001887,1000001435,20240228,2,3,15750.0,945.0,46305.0
1574,5000001888,1000001435,20240228,1,3,13200.0,1980.0,37620.0
1575,5000001889,1000001436,20240403,1,2,12000.0,1200.0,22800.0
1576,5000001890,1000001437,20240531,1,1,10800.0,1080.0,9720.0
1577,5000001891,1000001438,20240108,2,3,15000.0,0.0,45000.0
1578,5000001892,1000001439,20250621,2,1,15000.0,300.0,14700.0
1579,5000001893,1000001440,20241112,2,1,13500.0,0.0,13500.0
1580,5000001894,1000001441,20240917,1,2,12000.0,1200.0,22800.0
1581,5000001895,1000001441,20240917,2,1,15000.0,750.0,14250.0
1582,5000001896,1000001441,20240917,1,2,12000.0,1200.0,22800.0
1583,5000001898,1000001443,20240529,2,2,13500.0,1350.0,25650.0
1584,5000001899,1000001443,20240529,1,3,12600.0,3780.0,34020.0
1585,5000001901,1000001445,20241114,1,3,13200.0,1980.0,37620.0
1586,5000001902,1000001446,20240309,1,2,12000.0,0.0,24000.0
1587,5000001903,1000001446,20240309,1,1,12600.0,0.0,12600.0
1588,5000001905,1000001448,20241218,1,2,12000.0,480.0,23520.0
1589,5000001906,1000001449,20250429,1,1,12600.0,0.0,12600.0
1590,5000001907,1000001450,20240708,1,1,12600.0,0.0,12600.0
1591,5000001908,1000001451,20250823,2,3,15000.0,900.0,44100.0
1592,5000001909,1000001451,20250823,1,3,12600.0,756.0,37044.0
1593,5000001910,1000001452,20250428,1,2,12000.0,2400.0,21600.0
1594,5000001911,1000001452,20250428,1,3,12000.0,3600.0,32400.0
1595,5000001912,1000001452,20250428,2,2,15000.0,600.0,29400.0
1596,5000001913,1000001453,20250802,1,1,12000.0,600.0,11400.0
1597,5000001914,1000001454,20250224,2,1,15000.0,300.0,14700.0
1598,5000001915,1000001454,20250224,1,1,10800.0,1080.0,9720.0
1599,5000001916,1000001455,20250719,2,3,15000.0,4500.0,40500.0
1600,5000001917,1000001456,20240120,1,3,12000.0,3600.0,32400.0
1601,5000001918,1000001456,20240120,1,2,10800.0,432.0,21168.0
1602,5000001919,1000001457,20240322,1,1,12000.0,1200.0,10800.0
1603,5000001920,1000001458,20240211,2,3,15000.0,0.0,45000.0
1604,5000001921,1000001459,20240612,1,1,12000.0,1200.0,10800.0
1605,5000001922,1000001459,20240612,2,3,15000.0,900.0,44100.0
1606,5000001926,1000001461,20240217,1,2,12600.0,504.0,24696.0
1607,5000001927,1000001462,20240709,1,2,12000.0,480.0,23520.0
1608,5000001928,1000001462,20240709,2,3,13500.0,810.0,39690.0
1609,5000001929,1000001463,20250207,1,2,12600.0,0.0,25200.0
1610,5000001930,1000001463,20250207,1,2,12000.0,480.0,23520.0
1611,5000001931,1000001464,20240414,2,2,15000.0,600.0,29400.0
1612,5000001932,1000001464,20240414,2,1,15000.0,1500.0,13500.0
1613,5000001933,1000001464,20240414,1,2,12600.0,504.0,24696.0
1614,5000001934,1000001465,20240510,1,3,10800.0,1620.0,30780.0
1615,5000001937,1000001467,20240216,2,2,13500.0,1350.0,25650.0
1616,5000001938,1000001468,20250814,1,1,12000.0,0.0,12000.0
1617,5000001939,1000001468,20250814,2,1,15000.0,300.0,14700.0
1618,5000001940,1000001469,20240104,1,1,12000.0,1200.0,10800.0
1619,5000001941,1000001470,20240929,1,3,12600.0,3780.0,34020.0
1620,5000001942,1000001471,20240503,2,1,15000.0,300.0,14700.0
1621,5000001943,1000001472,20240323,2,1,13500.0,675.0,12825.0
1622,5000001944,1000001472,20240323,1,3,12000.0,3600.0,32400.0
1623,5000001945,1000001473,20240716,1,2,12000.0,0.0,24000.0
1624,5000001946,1000001473,20240716,1,1,12000.0,1200.0,10800.0
1625,5000001947,1000001474,20241128,1,3,12000.0,1800.0,34200.0
1626,5000001948,1000001474,20241128,1,2,10800.0,0.0,21600.0
1627,5000001949,1000001475,20250614,2,3,15000.0,4500.0,40500.0
1628,5000001950,1000001475,20250614,2,3,16500.0,0.0,49500.0
1629,5000001951,1000001476,20240101,2,3,15000.0,4500.0,40500.0
1630,5000001952,1000001477,20240322,1,2,12000.0,480.0,23520.0
1631,5000001953,1000001478,20250804,1,1,13200.0,1320.0,11880.0
1632,5000001954,1000001478,20250804,1,2,10800.0,432.0,21168.0
1633,5000001958,1000001481,20240411,2,2,16500.0,660.0,32340.0
1634,5000001959,1000001481,20240411,1,2,13200.0,2640.0,23760.0
1635,5000001960,1000001482,20250213,1,2,12000.0,0.0,24000.0
1636,5000001961,1000001483,20240722,2,3,13500.0,810.0,39690.0
1637,5000001962,1000001484,20240914,1,3,10800.0,3240.0,29160.0
1638,5000001963,1000001484,20240914,1,3,12000.0,0.0,36000.0
1639,5000001966,1000001486,20240709,2,1,15000.0,300.0,14700.0
1640,5000001967,1000001486,20240709,2,2,15000.0,1500.0,28500.0
1641,5000001969,1000001488,20241003,1,1,13200.0,264.0,12936.0
1642,5000001970,1000001489,20250730,1,1,13200.0,0.0,13200.0
1643,5000001971,1000001490,20240517,1,1,10800.0,540.0,10260.0
1644,5000001972,1000001491,20250130,2,1,15000.0,750.0,14250.0
1645,5000001973,1000001491,20250130,2,3,13500.0,4050.0,36450.0
1646,5000001974,1000001491,20250130,1,2,12600.0,504.0,24696.0
1647,5000001975,1000001492,20240701,2,1,15000.0,750.0,14250.0
1648,5000001976,1000001493,20250520,2,2,15750.0,3150.0,28350.0
1649,5000001977,1000001494,20250717,1,2,12600.0,1260.0,23940.0
1650,5000001978,1000001495,20240323,2,3,15750.0,945.0,46305.0
1651,5000001979,1000001496,20241106,1,3,12000.0,1800.0,34200.0
1652,5000001980,1000001497,20250430,2,1,15000.0,1500.0,13500.0
1653,5000001981,1000001498,20240222,2,2,16500.0,0.0,33000.0
1654,5000001982,1000001499,20240822,2,1,15000.0,0.0,15000.0
1655,5000001983,1000001499,20240822,2,1,15000.0,300.0,14700.0
1656,5000001984,1000001500,20240127,1,1,12600.0,630.0,11970.0
1657,5000001985,1000001501,20241231,1,3,12000.0,1800.0,34200.0
1658,5000001986,1000001501,20241231,2,3,16500.0,0.0,49500.0
1659,5000001987,1000001502,20241210,2,2,15750.0,630.0,30870.0
1660,5000001988,1000001502,20241210,1,2,12000.0,0.0,24000.0
1661,5000001989,1000001503,20240410,1,1,12000.0,0.0,12000.0
1662,5000001990,1000001504,20250224,1,3,10800.0,0.0,32400.0
1663,5000001991,1000001505,20250821,2,3,15000.0,4500.0,40500.0
1664,5000001992,1000001506,20250623,1,2,12000.0,0.0,24000.0
1665,5000001994,1000001508,20241215,1,1,12000.0,1200.0,10800.0
1666,5000001995,1000001509,20250930,2,2,16500.0,3300.0,29700.0
1667,5000001996,1000001510,20240510,2,1,15000.0,750.0,14250.0
1668,5000001997,1000001510,20240510,1,2,12600.0,0.0,25200.0
1669,5000001998,1000001510,20240510,1,3,12600.0,1890.0,35910.0
1670,5000002000,1000001512,20240327,1,3,12000.0,0.0,36000.0
1671,5000002003,1000001514,20250730,2,1,15000.0,750.0,14250.0
1672,5000002004,1000001515,20250831,1,3,12000.0,0.0,36000.0
1673,5000002005,1000001516,20241231,2,3,15000.0,0.0,45000.0
1674,5000002006,1000001517,20250905,2,3,15750.0,4725.0,42525.0
1675,5000002007,1000001518,20240906,2,3,15000.0,4500.0,40500.0
1676,5000002008,1000001519,20241126,1,1,12000.0,0.0,12000.0
1677,5000002009,1000001519,20241126,1,2,12600.0,0.0,25200.0
1678,5000002012,1000001521,20240606,1,1,12000.0,1200.0,10800.0
1679,5000002013,1000001521,20240606,1,3,12000.0,0.0,36000.0
1680,5000002014,1000001522,20241120,1,3,12600.0,1890.0,35910.0
1681,5000002015,1000001523,20241222,2,1,15000.0,750.0,14250.0
1682,5000002016,1000001523,20241222,1,2,12000.0,480.0,23520.0
1683,5000002017,1000001524,20250416,2,2,15000.0,600.0,29400.0
1684,5000002018,1000001525,20250311,2,1,15750.0,1575.0,14175.0
1685,5000002021,1000001528,20240101,2,3,15000.0,2250.0,42750.0
1686,5000002022,1000001528,20240101,1,2,12000.0,1200.0,22800.0
1687,5000002023,1000001529,20240901,1,1,12000.0,600.0,11400.0
1688,5000002025,1000001531,20250407,1,2,10800.0,2160.0,19440.0
1689,5000002026,1000001531,20250407,1,2,10800.0,0.0,21600.0
1690,5000002027,1000001532,20240328,2,2,15750.0,1575.0,29925.0
1691,5000002028,1000001533,20250519,1,3,12000.0,1800.0,34200.0
1692,5000002029,1000001534,20241110,2,1,15750.0,1575.0,14175.0
1693,5000002030,1000001534,20241110,1,2,12600.0,504.0,24696.0
1694,5000002034,1000001536,20240410,2,1,15000.0,300.0,14700.0
1695,5000002035,1000001537,20240826,1,1,12000.0,1200.0,10800.0
1696,5000002038,1000001539,20250216,2,2,16500.0,660.0,32340.0
1697,5000002039,1000001540,20240407,1,1,12000.0,1200.0,10800.0
1698,5000002040,1000001540,20240407,2,3,15000.0,900.0,44100.0
1699,5000002041,1000001541,20240530,1,3,12000.0,0.0,36000.0
1700,5000002044,1000001544,20250616,2,3,15000.0,2250.0,42750.0
1701,5000002045,1000001544,20250616,1,1,12000.0,0.0,12000.0
1702,5000002046,1000001545,20240611,2,1,15000.0,750.0,14250.0
1703,5000002047,1000001546,20240109,1,2,12000.0,2400.0,21600.0
1704,5000002048,1000001547,20250615,2,1,15000.0,750.0,14250.0
1705,5000002049,1000001547,20250615,1,2,12000.0,480.0,23520.0
1706,5000002050,1000001548,20250409,2,3,15000.0,4500.0,40500.0
1707,5000002051,1000001549,20240322,2,1,15000.0,750.0,14250.0
1708,5000002053,1000001551,20250201,1,3,12000.0,720.0,35280.0
1709,5000002054,1000001552,20250121,1,3,12000.0,0.0,36000.0
1710,5000002055,1000001553,20240820,2,1,15750.0,0.0,15750.0
1711,5000002058,1000001555,20250821,2,1,15750.0,0.0,15750.0
1712,5000002059,1000001556,20240702,1,3,12000.0,3600.0,32400.0
1713,5000002060,1000001557,20240621,1,3,12000.0,720.0,35280.0
1714,5000002061,1000001558,20250727,1,2,12000.0,1200.0,22800.0
1715,5000002062,1000001558,20250727,1,2,12600.0,504.0,24696.0
1716,5000002063,1000001559,20240324,1,3,12000.0,1800.0,34200.0
1717,5000002064,1000001559,20240324,1,3,12000.0,3600.0,32400.0
1718,5000002065,1000001560,20250416,1,3,10800.0,1620.0,30780.0
1719,5000002066,1000001560,20250416,1,2,12000.0,480.0,23520.0
1720,5000002068,1000001562,20241201,1,2,10800.0,432.0,21168.0
1721,5000002069,1000001562,20241201,2,2,15750.0,0.0,31500.0
1722,5000002070,1000001563,20240515,1,2,12000.0,0.0,24000.0
1723,5000002071,1000001564,20250226,2,1,13500.0,270.0,13230.0
1724,5000002072,1000001565,20241103,1,2,12000.0,1200.0,22800.0
1725,5000002073,1000001566,20250513,1,3,12000.0,720.0,35280.0
1726,5000002074,1000001567,20240620,1,1,12000.0,1200.0,10800.0
1727,5000002075,1000001568,20250910,1,3,12000.0,720.0,35280.0
1728,5000002077,1000001570,20250208,2,2,15000.0,3000.0,27000.0
1729,5000002078,1000001571,20250414,1,2,12000.0,480.0,23520.0
1730,5000002079,1000001571,20250414,2,1,15000.0,750.0,14250.0
1731,5000002080,1000001572,20250804,2,1,15750.0,787.5,14962.5
1732,5000002081,1000001573,20250417,2,1,15000.0,750.0,14250.0
1733,5000002082,1000001573,20250417,2,1,15750.0,1575.0,14175.0
1734,5000002084,1000001575,20250409,2,1,15750.0,787.5,14962.5
1735,5000002085,1000001576,20240212,1,2,12000.0,0.0,24000.0
1736,5000002086,1000001577,20241021,1,2,10800.0,1080.0,20520.0
1737,5000002087,1000001578,20240313,1,2,12000.0,1200.0,22800.0
1738,5000002088,1000001579,20250325,1,3,12000.0,1800.0,34200.0
1739,5000002091,1000001581,20241219,2,1,15000.0,0.0,15000.0
1740,5000002092,1000001582,20240904,2,1,13500.0,270.0,13230.0
1741,5000002093,1000001583,20250629,2,3,13500.0,0.0,40500.0
1742,5000002094,1000001583,20250629,2,2,16500.0,3300.0,29700.0
1743,5000002095,1000001584,20241228,2,3,13500.0,0.0,40500.0
1744,5000002096,1000001584,20241228,1,3,12000.0,720.0,35280.0
1745,5000002097,1000001585,20240530,2,3,15000.0,0.0,45000.0
1746,5000002098,1000001586,20250921,1,3,12000.0,3600.0,32400.0
1747,5000002099,1000001587,20250613,1,3,12000.0,720.0,35280.0
1748,5000002100,1000001588,20240304,1,3,12000.0,720.0,35280.0
1749,5000002101,1000001589,20240911,1,3,13200.0,3960.0,35640.0
1750,5000002102,1000001590,20240315,1,3,13200.0,3960.0,35640.0
1751,5000002103,1000001590,20240315,2,1,13500.0,0.0,13500.0
1752,5000002104,1000001591,20250209,2,2,13500.0,0.0,27000.0
1753,5000002105,1000001592,20240612,1,2,10800.0,2160.0,19440.0
1754,5000002106,1000001592,20240612,1,1,12000.0,0.0,12000.0
1755,5000002109,1000001594,20250924,1,2,12000.0,0.0,24000.0
1756,5000002110,1000001594,20250924,1,2,10800.0,0.0,21600.0
1757,5000002111,1000001594,20250924,1,2,12000.0,0.0,24000.0
1758,5000002117,1000001599,20250329,1,3,12000.0,0.0,36000.0
1759,5000002118,1000001599,20250329,2,2,15000.0,0.0,30000.0
1760,5000002119,1000001600,20250709,2,2,16500.0,660.0,32340.0
1761,5000002120,1000001601,20250826,2,1,15000.0,750.0,14250.0
1762,5000002121,1000001601,20250826,2,3,15000.0,4500.0,40500.0
1763,5000002122,1000001602,20250607,1,1,12600.0,252.0,12348.0
1764,5000002123,1000001603,20250812,2,3,15000.0,2250.0,42750.0
1765,5000002124,1000001604,20250616,2,1,15000.0,300.0,14700.0
1766,5000002125,1000001604,20250616,1,2,12000.0,480.0,23520.0
1767,5000002126,1000001604,20250616,2,2,15750.0,1575.0,29925.0
1768,5000002127,1000001605,20250604,2,3,15000.0,4500.0,40500.0
1769,5000002128,1000001605,20250604,2,2,15000.0,0.0,30000.0
1770,5000002129,1000001606,20250314,1,3,12000.0,3600.0,32400.0
1771,5000002130,1000001607,20250519,1,3,12000.0,720.0,35280.0
1772,5000002131,1000001607,20250519,1,3,12000.0,720.0,35280.0
1773,5000002132,1000001608,20250518,2,1,15750.0,1575.0,14175.0
1774,5000002133,1000001609,20250126,2,3,16500.0,4950.0,44550.0
1775,5000002134,1000001609,20250126,1,2,10800.0,1080.0,20520.0
1776,5000002135,1000001609,20250126,2,2,13500.0,1350.0,25650.0
1777,5000002136,1000001610,20240515,1,2,12600.0,504.0,24696.0
1778,5000002137,1000001610,20240515,1,1,13200.0,264.0,12936.0
1779,5000002138,1000001611,20250503,1,3,12000.0,0.0,36000.0
1780,5000002140,1000001613,20250601,2,2,15750.0,630.0,30870.0
1781,5000002141,1000001614,20250912,2,3,13500.0,2025.0,38475.0
1782,5000002142,1000001615,20240403,2,3,15000.0,2250.0,42750.0
1783,5000002143,1000001616,20250318,2,1,13500.0,270.0,13230.0
1784,5000002144,1000001617,20240302,2,3,13500.0,0.0,40500.0
1785,5000002145,1000001618,20250227,2,3,16500.0,0.0,49500.0
1786,5000002147,1000001620,20250511,1,1,12000.0,1200.0,10800.0
1787,5000002148,1000001621,20240410,1,3,12600.0,3780.0,34020.0
1788,5000002149,1000001622,20250518,1,3,12000.0,3600.0,32400.0
1789,5000002150,1000001623,20250312,2,3,15000.0,4500.0,40500.0
1790,5000002151,1000001623,20250312,2,3,15000.0,2250.0,42750.0
1791,5000002152,1000001624,20250918,2,3,15000.0,2250.0,42750.0
1792,5000002154,1000001626,20240207,1,2,12000.0,1200.0,22800.0
1793,5000002155,1000001627,20240918,1,2,12000.0,480.0,23520.0
1794,5000002156,1000001628,20250712,1,3,12600.0,0.0,37800.0
1795,5000002157,1000001629,20250820,1,3,12000.0,0.0,36000.0
1796,5000002159,1000001631,20240705,1,2,12000.0,1200.0,22800.0
1797,5000002160,1000001632,20250814,1,1,12000.0,600.0,11400.0
1798,5000002161,1000001632,20250814,2,2,15000.0,0.0,30000.0
1799,5000002162,1000001633,20250728,2,3,15000.0,2250.0,42750.0
1800,5000002163,1000001634,20250714,2,3,15000.0,0.0,45000.0
1801,5000002164,1000001635,20241118,1,1,12600.0,0.0,12600.0
1802,5000002166,1000001637,20250314,1,3,13200.0,1980.0,37620.0
1803,5000002167,1000001638,20250702,1,2,12000.0,1200.0,22800.0
1804,5000002171,1000001641,20240827,1,2,12000.0,0.0,24000.0
1805,5000002172,1000001642,20240429,1,2,13200.0,2640.0,23760.0
1806,5000002173,1000001642,20240429,1,1,12000.0,0.0,12000.0
1807,5000002174,1000001642,20240429,2,3,13500.0,0.0,40500.0
1808,5000002175,1000001643,20241031,1,3,12600.0,1890.0,35910.0
1809,5000002176,1000001644,20240714,2,2,15000.0,1500.0,28500.0
1810,5000002177,1000001645,20250326,1,2,12000.0,2400.0,21600.0
1811,5000002178,1000001645,20250326,1,1,12000.0,600.0,11400.0
1812,5000002179,1000001646,20240317,2,2,15000.0,0.0,30000.0
1813,5000002180,1000001647,20240722,2,1,15000.0,300.0,14700.0
1814,5000002181,1000001647,20240722,2,1,15000.0,0.0,15000.0
1815,5000002182,1000001648,20240209,1,1,12000.0,600.0,11400.0
1816,5000002183,1000001649,20250311,1,1,12000.0,240.0,11760.0
1817,5000002184,1000001650,20240112,1,3,13200.0,1980.0,37620.0
1818,5000002185,1000001651,20250818,1,2,12000.0,1200.0,22800.0
1819,5000002186,1000001652,20240109,1,2,12000.0,2400.0,21600.0
1820,5000002190,1000001655,20241229,2,1,15000.0,0.0,15000.0
1821,5000002191,1000001655,20241229,2,1,15000.0,300.0,14700.0
1822,5000002192,1000001656,20250527,1,3,12000.0,1800.0,34200.0
1823,5000002193,1000001656,20250527,1,2,12000.0,0.0,24000.0
1824,5000002194,1000001657,20241203,1,1,12000.0,0.0,12000.0
1825,5000002195,1000001657,20241203,1,1,12000.0,600.0,11400.0
1826,5000002196,1000001658,20240109,1,2,10800.0,0.0,21600.0
1827,5000002197,1000001659,20250616,2,2,15000.0,3000.0,27000.0
1828,5000002198,1000001659,20250616,1,3,12000.0,0.0,36000.0
1829,5000002200,1000001661,20240126,1,2,12000.0,2400.0,21600.0
1830,5000002201,1000001662,20240723,1,2,12000.0,2400.0,21600.0
1831,5000002204,1000001664,20241115,1,1,12000.0,1200.0,10800.0
1832,5000002205,1000001665,20240407,1,1,12000.0,600.0,11400.0
1833,5000002206,1000001666,20240216,1,1,13200.0,0.0,13200.0
1834,5000002207,1000001666,20240216,1,3,10800.0,1620.0,30780.0
1835,5000002208,1000001667,20240412,1,3,13200.0,1980.0,37620.0
1836,5000002209,1000001667,20240412,1,2,12000.0,1200.0,22800.0
1837,5000002210,1000001668,20241001,1,1,12000.0,1200.0,10800.0
1838,5000002211,1000001669,20240514,1,1,12000.0,1200.0,10800.0
1839,5000002212,1000001670,20241010,1,1,13200.0,264.0,12936.0
1840,5000002215,1000001673,20241105,1,2,13200.0,1320.0,25080.0
1841,5000002216,1000001674,20240326,2,3,15000.0,0.0,45000.0
1842,5000002217,1000001675,20250311,2,3,15000.0,2250.0,42750.0
1843,5000002218,1000001676,20250830,1,1,12000.0,1200.0,10800.0
1844,5000002219,1000001676,20250830,2,2,15000.0,0.0,30000.0
1845,5000002220,1000001677,20241114,1,1,12600.0,252.0,12348.0
1846,5000002221,1000001677,20241114,1,2,12000.0,0.0,24000.0
1847,5000002222,1000001678,20250521,2,2,16500.0,1650.0,31350.0
1848,5000002223,1000001678,20250521,2,2,15000.0,3000.0,27000.0
1849,5000002224,1000001679,20250129,2,3,13500.0,4050.0,36450.0
1850,5000002225,1000001680,20241124,1,2,12600.0,1260.0,23940.0
1851,5000002226,1000001681,20240412,1,2,12000.0,0.0,24000.0
1852,5000002227,1000001682,20250717,1,3,12600.0,1890.0,35910.0
1853,5000002228,1000001683,20241218,1,2,13200.0,0.0,26400.0
1854,5000002229,1000001684,20240303,2,3,15750.0,945.0,46305.0
1855,5000002231,1000001686,20240601,2,3,16500.0,990.0,48510.0
1856,5000002232,1000001686,20240601,2,1,15000.0,300.0,14700.0
1857,5000002234,1000001688,20250209,1,2,12600.0,504.0,24696.0
1858,5000002235,1000001688,20250209,1,3,10800.0,648.0,31752.0
1859,5000002236,1000001689,20240914,1,2,12000.0,480.0,23520.0
1860,5000002237,1000001690,20240526,2,3,13500.0,810.0,39690.0
1861,5000002238,1000001690,20240526,2,1,15000.0,750.0,14250.0
1862,5000002239,1000001691,20250226,2,1,15750.0,1575.0,14175.0
1863,5000002240,1000001692,20240715,1,1,12600.0,0.0,12600.0
1864,5000002241,1000001693,20240905,2,3,15750.0,945.0,46305.0
1865,5000002242,1000001693,20240905,2,3,15000.0,900.0,44100.0
1866,5000002243,1000001693,20240905,1,1,12000.0,240.0,11760.0
1867,5000002245,1000001695,20240129,2,2,15750.0,3150.0,28350.0
1868,5000002246,1000001696,20241214,2,2,15750.0,630.0,30870.0
1869,5000002247,1000001697,20250313,2,2,15750.0,630.0,30870.0
1870,5000002248,1000001698,20250401,1,2,13200.0,1320.0,25080.0
1871,5000002249,1000001698,20250401,2,3,15750.0,945.0,46305.0
1872,5000002250,1000001698,20250401,2,3,13500.0,2025.0,38475.0
1873,5000002251,1000001699,20250811,2,2,16500.0,1650.0,31350.0
1874,5000002252,1000001700,20250124,1,1,12000.0,0.0,12000.0
1875,5000002253,1000001700,20250124,2,3,15000.0,2250.0,42750.0
1876,5000002254,1000001701,20240818,1,1,12000.0,600.0,11400.0
1877,5000002255,1000001702,20250729,2,1,15000.0,1500.0,13500.0
1878,5000002256,1000001703,20241102,1,2,10800.0,0.0,21600.0
1879,5000002259,1000001706,20250402,2,3,15750.0,945.0,46305.0
1880,5000002260,1000001707,20240815,2,3,16500.0,2475.0,47025.0
1881,5000002261,1000001707,20240815,1,2,12000.0,480.0,23520.0
1882,5000002262,1000001708,20240820,1,1,12000.0,600.0,11400.0
1883,5000002263,1000001709,20240624,2,3,15000.0,4500.0,40500.0
1884,5000002264,1000001710,20241006,1,3,12000.0,0.0,36000.0
1885,5000002265,1000001711,20240621,1,2,12000.0,0.0,24000.0
1886,5000002266,1000001711,20240621,1,3,12000.0,1800.0,34200.0
1887,5000002267,1000001712,20241007,1,2,13200.0,1320.0,25080.0
1888,5000002268,1000001713,20250904,2,2,15000.0,600.0,29400.0
1889,5000002270,1000001715,20250111,1,3,13200.0,3960.0,35640.0
1890,5000002271,1000001715,20250111,1,2,12000.0,480.0,23520.0
1891,5000002272,1000001716,20241207,1,3,12000.0,3600.0,32400.0
1892,5000002273,1000001717,20240916,1,1,12000.0,0.0,12000.0
1893,5000002274,1000001718,20240305,2,3,15000.0,4500.0,40500.0
1894,5000002275,1000001718,20240305,2,2,16500.0,3300.0,29700.0
1895,5000002276,1000001719,20241003,1,3,12000.0,720.0,35280.0
1896,5000002279,1000001721,20250507,2,3,15000.0,2250.0,42750.0
1897,5000002280,1000001721,20250507,1,1,12600.0,0.0,12600.0
1898,5000002281,1000001722,20250731,1,2,12600.0,2520.0,22680.0
1899,5000002282,1000001723,20250812,1,3,12000.0,1800.0,34200.0
1900,5000002283,1000001724,20250722,1,2,13200.0,528.0,25872.0
1901,5000002284,1000001725,20250417,1,1,12000.0,0.0,12000.0
1902,5000002285,1000001725,20250417,1,3,12000.0,1800.0,34200.0
1903,5000002286,1000001726,20250524,1,2,12000.0,480.0,23520.0
1904,5000002287,1000001727,20240413,1,3,12000.0,1800.0,34200.0
1905,5000002289,1000001729,20250907,2,2,13500.0,540.0,26460.0
1906,5000002290,1000001729,20250907,1,2,12000.0,480.0,23520.0
1907,5000002291,1000001729,20250907,2,2,15000.0,0.0,30000.0
1908,5000002292,1000001730,20250701,1,1,12000.0,240.0,11760.0
1909,5000002293,1000001731,20250713,2,2,15000.0,1500.0,28500.0
1910,5000002294,1000001732,20250724,1,1,12000.0,240.0,11760.0
1911,5000002295,1000001733,20240718,2,3,15000.0,900.0,44100.0
1912,5000002296,1000001733,20240718,1,2,12600.0,0.0,25200.0
1913,5000002297,1000001734,20240220,2,1,15000.0,1500.0,13500.0
1914,5000002298,1000001734,20240220,1,3,13200.0,792.0,38808.0
1915,5000002299,1000001734,20240220,2,2,15000.0,1500.0,28500.0
1916,5000002300,1000001735,20250513,1,1,12600.0,630.0,11970.0
1917,5000002301,1000001736,20240724,1,1,12600.0,0.0,12600.0
1918,5000002302,1000001737,20240614,1,3,10800.0,3240.0,29160.0
1919,5000002303,1000001737,20240614,2,1,13500.0,1350.0,12150.0
1920,5000002304,1000001738,20240902,1,1,12000.0,240.0,11760.0
1921,5000002305,1000001739,20240419,1,2,12600.0,0.0,25200.0
1922,5000002306,1000001740,20241209,2,2,15000.0,600.0,29400.0
1923,5000002307,1000001741,20240426,1,1,12000.0,1200.0,10800.0
1924,5000002308,1000001741,20240426,2,2,16500.0,1650.0,31350.0
1925,5000002309,1000001742,20240524,2,3,15000.0,900.0,44100.0
1926,5000002310,1000001743,20240507,2,3,15000.0,0.0,45000.0
1927,5000002311,1000001744,20250820,1,3,12000.0,720.0,35280.0
1928,5000002312,1000001745,20250103,1,1,12600.0,630.0,11970.0
1929,5000002313,1000001745,20250103,1,1,12000.0,1200.0,10800.0
1930,5000002314,1000001746,20241001,1,2,12000.0,1200.0,22800.0
1931,5000002315,1000001747,20240113,1,1,12000.0,240.0,11760.0
1932,5000002316,1000001748,20240303,1,2,12000.0,0.0,24000.0
1933,5000002317,1000001748,20240303,1,3,12000.0,0.0,36000.0
1934,5000002318,1000001749,20240502,1,3,10800.0,0.0,32400.0
1935,5000002322,1000001751,20250218,1,2,10800.0,432.0,21168.0
1936,5000002323,1000001752,20240728,2,2,15000.0,600.0,29400.0
1937,5000002324,1000001752,20240728,2,3,15000.0,900.0,44100.0
1938,5000002325,1000001753,20250529,1,2,12000.0,1200.0,22800.0
1939,5000002326,1000001754,20250805,2,1,15000.0,0.0,15000.0
1940,5000002327,1000001755,20241003,1,3,13200.0,0.0,39600.0
1941,5000002328,1000001755,20241003,1,3,12000.0,1800.0,34200.0
1942,5000002329,1000001756,20250513,1,2,10800.0,2160.0,19440.0
1943,5000002330,1000001757,20250226,1,1,12600.0,1260.0,11340.0
1944,5000002331,1000001758,20240105,1,3,12000.0,1800.0,34200.0
1945,5000002332,1000001758,20240105,2,2,15000.0,1500.0,28500.0
1946,5000002333,1000001759,20240704,1,3,12000.0,0.0,36000.0
1947,5000002334,1000001760,20241219,1,2,12600.0,1260.0,23940.0
1948,5000002335,1000001761,20250703,1,2,13200.0,0.0,26400.0
1949,5000002338,1000001763,20250925,2,3,13500.0,810.0,39690.0
1950,5000002339,1000001763,20250925,2,2,15750.0,630.0,30870.0
1951,5000002340,1000001764,20250203,1,3,12000.0,0.0,36000.0
1952,5000002341,1000001765,20250220,1,1,12000.0,240.0,11760.0
1953,5000002342,1000001766,20240805,2,2,15000.0,1500.0,28500.0
1954,5000002343,1000001767,20240629,1,3,12600.0,1890.0,35910.0
1955,5000002344,1000001768,20240525,1,3,12000.0,720.0,35280.0
1956,5000002345,1000001769,20240818,1,1,12000.0,600.0,11400.0
1957,5000002346,1000001770,20240226,2,3,13500.0,0.0,40500.0
1958,5000002347,1000001771,20240924,2,2,15000.0,0.0,30000.0
1959,5000002348,1000001772,20250614,2,1,15000.0,0.0,15000.0
1960,5000002349,1000001773,20250620,2,2,15000.0,600.0,29400.0
1961,5000002350,1000001774,20250106,2,2,15000.0,1500.0,28500.0
1962,5000002351,1000001775,20250525,1,2,12000.0,0.0,24000.0
1963,5000002352,1000001776,20240804,2,2,15000.0,1500.0,28500.0
1964,5000002353,1000001777,20250928,1,2,13200.0,0.0,26400.0
1965,5000002356,1000001779,20241021,1,2,13200.0,1320.0,25080.0
1966,5000002357,1000001779,20241021,1,1,10800.0,1080.0,9720.0
1967,5000002358,1000001780,20250925,1,3,12000.0,3600.0,32400.0
1968,5000002359,1000001780,20250925,2,2,15000.0,3000.0,27000.0
1969,5000002360,1000001781,20250808,1,1,12000.0,0.0,12000.0
1970,5000002361,1000001782,20241103,1,1,12000.0,0.0,12000.0
1971,5000002362,1000001783,20240806,1,3,10800.0,0.0,32400.0
1972,5000002363,1000001783,20240806,2,2,15000.0,1500.0,28500.0
1973,5000002364,1000001784,20240427,1,2,10800.0,1080.0,20520.0
1974,5000002367,1000001787,20241102,2,2,15000.0,600.0,29400.0
1975,5000002368,1000001787,20241102,1,1,12000.0,240.0,11760.0
1976,5000002369,1000001788,20250717,1,1,12000.0,1200.0,10800.0
1977,5000002370,1000001789,20250429,1,2,12000.0,0.0,24000.0
1978,5000002371,1000001790,20250114,1,1,12000.0,1200.0,10800.0
1979,5000002372,1000001790,20250114,1,2,12000.0,1200.0,22800.0
1980,5000002373,1000001790,20250114,2,2,13500.0,1350.0,25650.0
1981,5000002374,1000001791,20250416,2,3,15000.0,900.0,44100.0
1982,5000002375,1000001792,20240711,1,1,10800.0,540.0,10260.0
1983,5000002376,1000001793,20240722,2,3,15000.0,4500.0,40500.0
1984,5000002377,1000001793,20240722,1,2,12000.0,1200.0,22800.0
1985,5000002378,1000001794,20241101,1,1,12000.0,0.0,12000.0
1986,5000002379,1000001795,20240707,2,2,15000.0,3000.0,27000.0
1987,5000002380,1000001796,20241014,2,2,15000.0,1500.0,28500.0
1988,5000002381,1000001797,20250202,1,1,12000.0,1200.0,10800.0
1989,5000002382,1000001797,20250202,1,2,12000.0,2400.0,21600.0
1990,5000002384,1000001799,20240113,2,1,15000.0,1500.0,13500.0
1991,5000002385,1000001800,20240629,1,2,12600.0,0.0,25200.0
1992,5000002386,1000001801,20240911,1,3,12000.0,3600.0,32400.0
1993,5000002387,1000001802,20240204,2,2,16500.0,660.0,32340.0
1994,5000002389,1000001804,20240918,2,2,13500.0,0.0,27000.0
1995,5000002390,1000001805,20250828,2,1,13500.0,270.0,13230.0
1996,5000002391,1000001806,20241013,1,3,12000.0,0.0,36000.0
1997,5000002392,1000001807,20240925,1,3,12000.0,720.0,35280.0
1998,5000002393,1000001807,20240925,1,3,12000.0,1800.0,34200.0
1999,5000002397,1000001809,20240312,1,1,12600.0,0.0,12600.0
2000,5000002398,1000001810,20240913,1,3,12000.0,720.0,35280.0
2001,5000002399,1000001811,20250805,1,2,12600.0,504.0,24696.0
2002,5000002400,1000001811,20250805,1,2,12000.0,1200.0,22800.0
2003,5000002402,1000001813,20250329,1,2,12000.0,2400.0,21600.0
2004,5000002403,1000001814,20241120,2,1,15000.0,300.0,14700.0
2005,5000002404,1000001815,20241203,2,2,15000.0,3000.0,27000.0
2006,5000002405,1000001815,20241203,1,1,10800.0,216.0,10584.0
2007,5000002411,1000001818,20250107,2,2,16500.0,3300.0,29700.0
2008,5000002412,1000001819,20240602,1,3,12000.0,1800.0,34200.0
2009,5000002415,1000001821,20240928,2,2,15000.0,3000.0,27000.0
2010,5000002416,1000001822,20250522,2,1,15000.0,0.0,15000.0
2011,5000002417,1000001823,20240724,1,1,12000.0,600.0,11400.0
2012,5000002419,1000001825,20240507,2,2,15000.0,600.0,29400.0
2013,5000002420,1000001826,20240727,2,3,15000.0,900.0,44100.0
2014,5000002421,1000001827,20240110,1,2,12600.0,2520.0,22680.0
2015,5000002422,1000001828,20241016,2,2,15750.0,630.0,30870.0
2016,5000002423,1000001829,20250308,1,1,10800.0,216.0,10584.0
2017,5000002425,1000001831,20240814,1,3,10800.0,0.0,32400.0
2018,5000002426,1000001832,20250703,1,3,12000.0,0.0,36000.0
2019,5000002427,1000001833,20250902,1,2,10800.0,1080.0,20520.0
2020,5000002428,1000001833,20250902,2,2,15750.0,3150.0,28350.0
2021,5000002429,1000001834,20240817,1,3,12000.0,0.0,36000.0
2022,5000002430,1000001834,20240817,1,2,10800.0,1080.0,20520.0
2023,5000002431,1000001835,20250131,1,3,12000.0,1800.0,34200.0
2024,5000002432,1000001836,20240216,1,2,12000.0,0.0,24000.0
2025,5000002433,1000001836,20240216,1,1,12600.0,1260.0,11340.0
2026,5000002434,1000001837,20250616,1,1,12000.0,1200.0,10800.0
2027,5000002436,1000001839,20240119,2,2,15000.0,0.0,30000.0
2028,5000002437,1000001840,20250207,1,1,13200.0,264.0,12936.0
2029,5000002438,1000001841,20240203,1,2,12000.0,0.0,24000.0
2030,5000002439,1000001841,20240203,1,2,12000.0,0.0,24000.0
2031,5000002441,1000001843,20240315,2,3,15000.0,0.0,45000.0
2032,5000002442,1000001843,20240315,2,2,15000.0,3000.0,27000.0
2033,5000002443,1000001843,20240315,1,2,12000.0,0.0,24000.0
2034,5000002444,1000001844,20240611,2,3,15000.0,2250.0,42750.0
2035,5000002445,1000001845,20250113,2,2,13500.0,540.0,26460.0
2036,5000002446,1000001845,20250113,2,1,15000.0,300.0,14700.0
2037,5000002447,1000001846,20250321,1,2,12600.0,1260.0,23940.0
2038,5000002448,1000001847,20250610,2,3,15750.0,0.0,47250.0
2039,5000002449,1000001848,20250202,2,2,15000.0,1500.0,28500.0
2040,5000002450,1000001849,20241218,2,3,15000.0,4500.0,40500.0
2041,5000002456,1000001853,20240727,2,3,16500.0,0.0,49500.0
2042,5000002457,1000001854,20250310,1,1,12000.0,240.0,11760.0
2043,5000002458,1000001855,20250604,2,1,15000.0,0.0,15000.0
2044,5000002459,1000001855,20250604,2,3,15000.0,2250.0,42750.0
2045,5000002460,1000001856,20240727,2,2,15000.0,1500.0,28500.0
2046,5000002461,1000001857,20250609,2,2,15000.0,0.0,30000.0
2047,5000002462,1000001858,20241008,1,3,12000.0,3600.0,32400.0
2048,5000002464,1000001860,20241227,1,1,12000.0,600.0,11400.0
2049,5000002465,1000001860,20241227,2,3,15000.0,900.0,44100.0
2050,5000002466,1000001861,20240926,2,2,15000.0,1500.0,28500.0
2051,5000002467,1000001862,20240506,1,3,12000.0,0.0,36000.0
2052,5000002468,1000001863,20250314,2,3,13500.0,2025.0,38475.0
2053,5000002469,1000001864,20241206,1,2,12000.0,1200.0,22800.0
2054,5000002470,1000001865,20250204,2,1,15000.0,1500.0,13500.0
2055,5000002471,1000001865,20250204,1,2,10800.0,0.0,21600.0
2056,5000002472,1000001866,20240831,1,3,12600.0,3780.0,34020.0
2057,5000002473,1000001867,20240817,1,3,12000.0,720.0,35280.0
2058,5000002476,1000001869,20240707,2,1,15750.0,787.5,14962.5
2059,5000002478,1000001871,20250316,2,2,15000.0,0.0,30000.0
2060,5000002479,1000001872,20250628,2,2,15000.0,600.0,29400.0
2061,5000002480,1000001873,20240806,2,1,16500.0,330.0,16170.0
2062,5000002481,1000001874,20250409,2,2,15000.0,3000.0,27000.0
2063,5000002482,1000001874,20250409,1,1,12600.0,630.0,11970.0
2064,5000002483,1000001874,20250409,1,2,12600.0,1260.0,23940.0
2065,5000002484,1000001875,20240501,1,1,10800.0,216.0,10584.0
2066,5000002485,1000001876,20240406,1,3,12000.0,720.0,35280.0
2067,5000002488,1000001878,20250710,2,1,15000.0,750.0,14250.0
2068,5000002489,1000001879,20240520,2,2,15000.0,3000.0,27000.0
2069,5000002490,1000001880,20240911,2,1,13500.0,270.0,13230.0
2070,5000002491,1000001881,20241101,1,1,12000.0,600.0,11400.0
2071,5000002492,1000001881,20241101,1,3,12000.0,1800.0,34200.0
2072,5000002493,1000001882,20240804,1,1,12000.0,240.0,11760.0
2073,5000002494,1000001882,20240804,2,1,13500.0,675.0,12825.0
2074,5000002495,1000001883,20240403,1,3,10800.0,1620.0,30780.0
2075,5000002496,1000001884,20241110,1,2,12000.0,480.0,23520.0
2076,5000002497,1000001885,20250307,1,3,10800.0,648.0,31752.0
2077,5000002498,1000001886,20240122,1,1,12000.0,1200.0,10800.0
2078,5000002499,1000001886,20240122,2,1,15000.0,1500.0,13500.0
2079,5000002500,1000001887,20240305,1,2,13200.0,1320.0,25080.0
2080,5000002501,1000001888,20241103,2,1,15000.0,750.0,14250.0
2081,5000002504,1000001891,20241226,2,3,16500.0,2475.0,47025.0
2082,5000002505,1000001892,20240916,1,1,10800.0,1080.0,9720.0
2083,5000002506,1000001893,20250512,1,1,12000.0,0.0,12000.0
2084,5000002507,1000001894,20250202,1,2,12000.0,1200.0,22800.0
2085,5000002508,1000001895,20241218,1,3,12000.0,0.0,36000.0
2086,5000002509,1000001896,20240410,1,3,10800.0,648.0,31752.0
2087,5000002510,1000001897,20240727,1,1,12000.0,0.0,12000.0
2088,5000002511,1000001898,20250716,1,3,12000.0,3600.0,32400.0
2089,5000002512,1000001899,20250205,2,3,16500.0,2475.0,47025.0
2090,5000002513,1000001900,20240422,2,2,15000.0,600.0,29400.0
2091,5000002514,1000001901,20240914,2,2,15750.0,1575.0,29925.0
2092,5000002515,1000001902,20250612,1,2,10800.0,2160.0,19440.0
2093,5000002517,1000001904,20250806,2,2,15000.0,3000.0,27000.0
2094,5000002518,1000001905,20240728,1,3,10800.0,648.0,31752.0
2095,5000002519,1000001906,20250915,2,2,13500.0,0.0,27000.0
2096,5000002520,1000001907,20240115,2,3,15000.0,2250.0,42750.0
2097,5000002521,1000001908,20250609,1,2,12600.0,2520.0,22680.0
2098,5000002522,1000001909,20250908,1,1,12600.0,1260.0,11340.0
2099,5000002523,1000001909,20250908,1,1,12000.0,240.0,11760.0
2100,5000002527,1000001911,20250216,2,2,15000.0,1500.0,28500.0
2101,5000002528,1000001912,20240120,1,1,12000.0,1200.0,10800.0
2102,5000002529,1000001913,20250921,1,2,12000.0,1200.0,22800.0
2103,5000002531,1000001915,20250507,2,3,15000.0,4500.0,40500.0
2104,5000002535,1000001919,20240518,1,3,12000.0,0.0,36000.0
2105,5000002536,1000001919,20240518,2,3,15000.0,0.0,45000.0
2106,5000002537,1000001919,20240518,2,3,15000.0,0.0,45000.0
2107,5000002539,1000001921,20241111,2,1,15750.0,787.5,14962.5
2108,5000002540,1000001922,20240401,1,2,12000.0,480.0,23520.0
2109,5000002541,1000001923,20250106,2,2,15000.0,1500.0,28500.0
2110,5000002542,1000001923,20250106,1,2,12000.0,2400.0,21600.0
2111,5000002543,1000001924,20250117,2,1,13500.0,270.0,13230.0
2112,5000002544,1000001924,20250117,1,2,13200.0,528.0,25872.0
2113,5000002545,1000001925,20241128,1,1,12000.0,240.0,11760.0
2114,5000002546,1000001926,20240211,2,1,15000.0,750.0,14250.0
2115,5000002547,1000001927,20250313,1,2,12000.0,1200.0,22800.0
2116,5000002548,1000001927,20250313,2,2,15000.0,3000.0,27000.0
2117,5000002549,1000001928,20250310,1,2,12000.0,480.0,23520.0
2118,5000002550,1000001929,20250529,1,1,10800.0,216.0,10584.0
2119,5000002551,1000001930,20240517,1,2,12000.0,480.0,23520.0
2120,5000002552,1000001930,20240517,1,1,12000.0,240.0,11760.0
2121,5000002553,1000001930,20240517,2,1,15000.0,750.0,14250.0
2122,5000002554,1000001931,20241006,1,2,12000.0,480.0,23520.0
2123,5000002555,1000001932,20241023,1,1,12000.0,600.0,11400.0
2124,5000002556,1000001933,20250523,2,2,15000.0,3000.0,27000.0
2125,5000002557,1000001934,20250807,1,2,10800.0,2160.0,19440.0
2126,5000002558,1000001935,20250809,2,2,13500.0,540.0,26460.0
2127,5000002559,1000001936,20240928,1,2,12000.0,2400.0,21600.0
2128,5000002560,1000001936,20240928,2,3,15000.0,2250.0,42750.0
2129,5000002561,1000001937,20241229,1,3,12600.0,756.0,37044.0
2130,5000002562,1000001937,20241229,2,1,15000.0,1500.0,13500.0
2131,5000002563,1000001938,20240912,1,3,10800.0,1620.0,30780.0
2132,5000002564,1000001939,20241101,1,2,10800.0,0.0,21600.0
2133,5000002565,1000001939,20241101,2,2,15000.0,600.0,29400.0
2134,5000002566,1000001940,20250129,2,1,15000.0,1500.0,13500.0
2135,5000002567,1000001941,20250417,2,2,15750.0,1575.0,29925.0
2136,5000002568,1000001941,20250417,2,2,16500.0,660.0,32340.0
2137,5000002569,1000001942,20240625,2,1,15750.0,787.5,14962.5
2138,5000002570,1000001943,20250120,1,1,10800.0,1080.0,9720.0
2139,5000002571,1000001943,20250120,2,2,15000.0,3000.0,27000.0
2140,5000002572,1000001944,20240308,1,3,12000.0,1800.0,34200.0
2141,5000002573,1000001945,20250331,1,1,13200.0,0.0,13200.0
2142,5000002574,1000001946,20250406,1,3,12000.0,0.0,36000.0
2143,5000002578,1000001949,20250811,2,1,15000.0,300.0,14700.0
2144,5000002579,1000001950,20241017,1,2,12000.0,2400.0,21600.0
2145,5000002580,1000001951,20240220,2,2,15000.0,600.0,29400.0
2146,5000002581,1000001952,20240903,1,1,12600.0,630.0,11970.0
2147,5000002582,1000001953,20240711,1,3,12000.0,3600.0,32400.0
2148,5000002583,1000001954,20250422,1,2,12000.0,480.0,23520.0
2149,5000002584,1000001955,20250314,2,1,15750.0,0.0,15750.0
2150,5000002586,1000001957,20240731,1,3,10800.0,0.0,32400.0
2151,5000002588,1000001959,20250415,1,3,10800.0,648.0,31752.0
2152,5000002589,1000001960,20250301,1,1,13200.0,264.0,12936.0
2153,5000002590,1000001960,20250301,2,3,15000.0,0.0,45000.0
2154,5000002591,1000001961,20250406,2,3,15000.0,4500.0,40500.0
2155,5000002592,1000001961,20250406,1,3,12000.0,720.0,35280.0
2156,5000002593,1000001962,20240228,1,1,12000.0,1200.0,10800.0
2157,5000002594,1000001962,20240228,2,2,13500.0,0.0,27000.0
2158,5000002595,1000001963,20250416,1,2,13200.0,2640.0,23760.0
2159,5000002596,1000001964,20240901,2,3,13500.0,4050.0,36450.0
2160,5000002597,1000001965,20241029,2,1,15750.0,315.0,15435.0
2161,5000002598,1000001965,20241029,2,3,15750.0,0.0,47250.0
2162,5000002599,1000001966,20240904,2,3,15000.0,4500.0,40500.0
2163,5000002600,1000001967,20250507,1,2,12600.0,504.0,24696.0
2164,5000002601,1000001968,20240923,1,1,12000.0,1200.0,10800.0
2165,5000002602,1000001968,20240923,1,2,12000.0,2400.0,21600.0
2166,5000002603,1000001969,20241025,2,2,13500.0,2700.0,24300.0
2167,5000002604,1000001969,20241025,2,1,15000.0,1500.0,13500.0
2168,5000002605,1000001969,20241025,2,2,15000.0,3000.0,27000.0
2169,5000002608,1000001972,20250615,1,1,12000.0,240.0,11760.0
2170,5000002609,1000001972,20250615,1,2,12000.0,2400.0,21600.0
2171,5000002610,1000001972,20250615,1,3,12600.0,3780.0,34020.0
2172,5000002611,1000001973,20240520,1,3,12000.0,1800.0,34200.0
2173,5000002612,1000001973,20240520,2,2,15000.0,600.0,29400.0
2174,5000002613,1000001974,20240922,1,3,12000.0,3600.0,32400.0
2175,5000002614,1000001975,20240526,1,1,13200.0,660.0,12540.0
2176,5000002615,1000001976,20240406,1,1,12000.0,240.0,11760.0
2177,5000002616,1000001977,20240706,2,3,15750.0,0.0,47250.0
2178,5000002617,1000001978,20240322,2,2,15000.0,600.0,29400.0
2179,5000002618,1000001978,20240322,2,1,13500.0,1350.0,12150.0
2180,5000002619,1000001979,20240611,2,3,15000.0,4500.0,40500.0
2181,5000002620,1000001979,20240611,1,2,12000.0,2400.0,21600.0
2182,5000002621,1000001980,20240701,1,1,12000.0,240.0,11760.0
2183,5000002622,1000001981,20250727,1,3,12000.0,0.0,36000.0
2184,5000002623,1000001982,20250808,2,3,15000.0,900.0,44100.0
2185,5000002624,1000001983,20240331,1,1,12000.0,1200.0,10800.0
2186,5000002625,1000001983,20240331,2,1,15000.0,1500.0,13500.0
2187,5000002626,1000001983,20240331,1,1,12000.0,1200.0,10800.0
2188,5000002627,1000001984,20250304,2,2,13500.0,540.0,26460.0
2189,5000002628,1000001985,20241213,1,1,12000.0,1200.0,10800.0
2190,5000002629,1000001986,20240314,2,2,15000.0,1500.0,28500.0
2191,5000002630,1000001987,20240505,1,3,13200.0,792.0,38808.0
2192,5000002631,1000001988,20241115,1,1,12600.0,252.0,12348.0
2193,5000002632,1000001989,20250731,2,2,15000.0,3000.0,27000.0
2194,5000002633,1000001990,20250103,2,1,15750.0,1575.0,14175.0
2195,5000002634,1000001991,20240514,1,1,12000.0,240.0,11760.0
2196,5000002635,1000001992,20250627,1,1,13200.0,264.0,12936.0
2197,5000002636,1000001993,20241228,1,2,12000.0,480.0,23520.0
2198,5000002637,1000001994,20240327,1,1,10800.0,540.0,10260.0
2199,5000002639,1000001996,20241129,1,3,10800.0,1620.0,30780.0
2200,5000002640,1000001997,20241112,1,2,12000.0,0.0,24000.0
2201,5000002642,1000001999,20250908,2,3,15750.0,945.0,46305.0
2202,5000002643,1000001999,20250908,1,3,12000.0,1800.0,34200.0
2203,5000002644,1000002000,20250501,1,2,12000.0,480.0,23520.0
2204,5000002645,1000002001,20240809,2,2,15000.0,600.0,29400.0
2205,5000002646,1000002002,20250422,1,3,12000.0,1800.0,34200.0
2206,5000002647,1000002003,20250704,2,1,15000.0,0.0,15000.0
2207,5000002648,1000002004,20240603,1,2,12000.0,480.0,23520.0
2208,5000002649,1000002005,20250723,1,3,12000.0,3600.0,32400.0
2209,5000002650,1000002005,20250723,1,3,10800.0,3240.0,29160.0
2210,5000002651,1000002005,20250723,2,1,13500.0,675.0,12825.0
2211,5000002652,1000002006,20241101,1,2,12000.0,2400.0,21600.0
2212,5000002653,1000002007,20240920,1,3,12000.0,720.0,35280.0
2213,5000002654,1000002008,20250624,1,2,10800.0,2160.0,19440.0
2214,5000002655,1000002009,20240823,1,3,13200.0,1980.0,37620.0
2215,5000002656,1000002010,20250126,1,2,10800.0,1080.0,20520.0
2216,5000002657,1000002011,20250821,2,1,15000.0,1500.0,13500.0
2217,5000002658,1000002011,20250821,2,1,15000.0,750.0,14250.0
2218,5000002659,1000002012,20241110,2,1,15000.0,750.0,14250.0
2219,5000002660,1000002012,20241110,2,2,15000.0,600.0,29400.0
2220,5000002661,1000002013,20241202,1,1,12000.0,0.0,12000.0
2221,5000002662,1000002014,20250503,1,2,12000.0,2400.0,21600.0
2222,5000002663,1000002015,20240909,1,2,13200.0,2640.0,23760.0
2223,5000002664,1000002015,20240909,2,3,15000.0,900.0,44100.0
2224,5000002665,1000002016,20240803,2,3,15000.0,2250.0,42750.0
2225,5000002666,1000002017,20240116,1,1,12000.0,0.0,12000.0
2226,5000002667,1000002018,20241003,1,3,10800.0,1620.0,30780.0
2227,5000002668,1000002019,20250110,2,1,15000.0,0.0,15000.0
2228,5000002669,1000002020,20240616,2,2,15000.0,3000.0,27000.0
2229,5000002670,1000002021,20240520,2,2,16500.0,0.0,33000.0
2230,5000002671,1000002022,20240817,1,1,12000.0,240.0,11760.0
2231,5000002672,1000002023,20241005,1,1,12000.0,1200.0,10800.0
2232,5000002673,1000002024,20240501,2,2,16500.0,1650.0,31350.0
2233,5000002674,1000002025,20240902,1,2,13200.0,2640.0,23760.0
2234,5000002675,1000002026,20250822,2,1,15750.0,0.0,15750.0
2235,5000002676,1000002027,20250411,1,1,12600.0,1260.0,11340.0
2236,5000002677,1000002027,20250411,2,3,15000.0,2250.0,42750.0
2237,5000002678,1000002028,20250308,1,3,12000.0,720.0,35280.0
2238,5000002679,1000002029,20250519,1,2,12000.0,1200.0,22800.0
2239,5000002682,1000002031,20240327,2,3,15000.0,0.0,45000.0
2240,5000002683,1000002032,20240423,2,2,15750.0,1575.0,29925.0
2241,5000002684,1000002033,20240407,1,2,12000.0,1200.0,22800.0
2242,5000002685,1000002034,20240927,1,2,12000.0,2400.0,21600.0
2243,5000002686,1000002035,20240626,1,1,13200.0,264.0,12936.0
2244,5000002687,1000002036,20241205,1,2,13200.0,2640.0,23760.0
2245,5000002688,1000002036,20241205,1,1,10800.0,0.0,10800.0
2246,5000002689,1000002036,20241205,2,3,15000.0,2250.0,42750.0
2247,5000002692,1000002039,20250328,2,2,15000.0,0.0,30000.0
2248,5000002693,1000002040,20250424,2,2,15000.0,3000.0,27000.0
2249,5000002694,1000002041,20250626,1,2,12000.0,1200.0,22800.0
2250,5000002695,1000002042,20240417,2,3,15000.0,0.0,45000.0
2251,5000002696,1000002043,20240302,2,1,15750.0,0.0,15750.0
2252,5000002697,1000002044,20240710,1,1,12000.0,600.0,11400.0
2253,5000002698,1000002045,20240531,1,3,12000.0,3600.0,32400.0
2254,5000002699,1000002046,20250518,2,2,15000.0,0.0,30000.0
2255,5000002700,1000002047,20241030,1,2,12600.0,1260.0,23940.0
2256,5000002701,1000002047,20241030,2,3,15750.0,2362.5,44887.5
2257,5000002702,1000002048,20240707,2,1,15000.0,300.0,14700.0
2258,5000002703,1000002048,20240707,1,2,10800.0,432.0,21168.0
2259,5000002704,1000002048,20240707,1,3,13200.0,1980.0,37620.0
2260,5000002705,1000002049,20240123,2,2,16500.0,660.0,32340.0
2261,5000002706,1000002050,20240111,1,1,12600.0,0.0,12600.0
2262,5000002707,1000002051,20241216,1,1,13200.0,1320.0,11880.0
2263,5000002708,1000002052,20241230,1,3,12000.0,1800.0,34200.0
2264,5000002709,1000002053,20240215,1,2,12000.0,2400.0,21600.0
2265,5000002710,1000002054,20241210,1,2,10800.0,0.0,21600.0
2266,5000002711,1000002055,20240827,1,3,10800.0,0.0,32400.0
2267,5000002712,1000002055,20240827,2,2,15750.0,630.0,30870.0
2268,5000002713,1000002056,20240330,2,2,16500.0,3300.0,29700.0
2269,5000002714,1000002057,20240524,1,2,12000.0,2400.0,21600.0
2270,5000002716,1000002059,20250711,1,1,12000.0,240.0,11760.0
2271,5000002717,1000002060,20240728,1,3,12600.0,3780.0,34020.0
2272,5000002718,1000002060,20240728,2,1,15750.0,315.0,15435.0
2273,5000002719,1000002061,20240302,1,3,12000.0,720.0,35280.0
2274,5000002720,1000002062,20250326,2,2,15000.0,1500.0,28500.0
2275,5000002721,1000002063,20240522,2,3,16500.0,4950.0,44550.0
2276,5000002722,1000002063,20240522,1,1,12000.0,600.0,11400.0
2277,5000002725,1000002065,20240215,2,1,13500.0,0.0,13500.0
2278,5000002727,1000002067,20250917,1,2,12000.0,480.0,23520.0
2279,5000002728,1000002068,20250328,2,2,15000.0,600.0,29400.0
2280,5000002730,1000002070,20240525,1,3,12600.0,1890.0,35910.0
2281,5000002731,1000002071,20250419,2,2,15000.0,600.0,29400.0
2282,5000002732,1000002071,20250419,1,1,12000.0,0.0,12000.0
2283,5000002734,1000002073,20240521,2,1,15000.0,1500.0,13500.0
2284,5000002735,1000002074,20240930,1,3,12000.0,0.0,36000.0
2285,5000002736,1000002075,20241227,1,3,13200.0,792.0,38808.0
2286,5000002737,1000002075,20241227,1,2,12000.0,0.0,24000.0
2287,5000002738,1000002076,20250422,1,3,12000.0,1800.0,34200.0
2288,5000002741,1000002079,20241101,2,2,15000.0,1500.0,28500.0
2289,5000002742,1000002079,20241101,1,3,12000.0,0.0,36000.0
2290,5000002743,1000002080,20240427,1,1,10800.0,540.0,10260.0
2291,5000002744,1000002081,20240504,1,2,12600.0,1260.0,23940.0
2292,5000002746,1000002083,20250329,1,1,10800.0,540.0,10260.0
2293,5000002747,1000002084,20250805,1,2,12600.0,1260.0,23940.0
2294,5000002751,1000002086,20250313,2,1,15000.0,0.0,15000.0
2295,5000002752,1000002087,20240605,2,2,15000.0,0.0,30000.0
2296,5000002753,1000002088,20250519,1,1,12000.0,0.0,12000.0
2297,5000002754,1000002088,20250519,1,3,12000.0,3600.0,32400.0
2298,5000002755,1000002089,20240721,1,2,12000.0,0.0,24000.0
2299,5000002756,1000002090,20240108,1,3,12000.0,3600.0,32400.0
2300,5000002757,1000002090,20240108,2,3,15000.0,900.0,44100.0
2301,5000002758,1000002091,20250615,1,1,12600.0,0.0,12600.0
2302,5000002759,1000002092,20240206,2,2,15000.0,1500.0,28500.0
2303,5000002760,1000002093,20240622,1,3,13200.0,3960.0,35640.0
2304,5000002761,1000002093,20240622,2,3,13500.0,2025.0,38475.0
2305,5000002764,1000002095,20250716,1,1,12000.0,600.0,11400.0
2306,5000002765,1000002095,20250716,1,3,10800.0,1620.0,30780.0
2307,5000002766,1000002095,20250716,1,3,10800.0,3240.0,29160.0
2308,5000002768,1000002097,20240325,2,2,16500.0,3300.0,29700.0
2309,5000002769,1000002097,20240325,1,1,12000.0,0.0,12000.0
2310,5000002770,1000002097,20240325,1,3,12000.0,1800.0,34200.0
2311,5000002771,1000002098,20240213,2,3,13500.0,810.0,39690.0
2312,5000002775,1000002100,20240125,2,2,15000.0,1500.0,28500.0
2313,5000002776,1000002100,20240125,1,2,12000.0,480.0,23520.0
2314,5000002777,1000002100,20240125,1,3,12600.0,1890.0,35910.0
2315,5000002778,1000002101,20240514,1,1,12600.0,0.0,12600.0
2316,5000002779,1000002102,20240104,2,1,15000.0,750.0,14250.0
2317,5000002780,1000002102,20240104,1,1,12000.0,600.0,11400.0
2318,5000002781,1000002103,20250402,1,2,12600.0,0.0,25200.0
2319,5000002782,1000002103,20250402,2,2,13500.0,540.0,26460.0
2320,5000002783,1000002104,20250515,1,1,12000.0,0.0,12000.0
2321,5000002784,1000002105,20240114,2,3,15000.0,900.0,44100.0
2322,5000002787,1000002107,20250609,2,3,16500.0,4950.0,44550.0
2323,5000002788,1000002107,20250609,2,1,15000.0,300.0,14700.0
2324,5000002789,1000002108,20250718,2,2,15000.0,0.0,30000.0
2325,5000002790,1000002108,20250718,2,3,13500.0,2025.0,38475.0
2326,5000002791,1000002109,20240518,1,3,12000.0,0.0,36000.0
2327,5000002792,1000002109,20240518,2,1,15750.0,0.0,15750.0
2328,5000002793,1000002110,20250425,2,3,15000.0,4500.0,40500.0
2329,5000002796,1000002113,20250222,2,2,15000.0,600.0,29400.0
2330,5000002797,1000002114,20240824,1,3,12000.0,0.0,36000.0
2331,5000002798,1000002114,20240824,1,1,12000.0,1200.0,10800.0
2332,5000002800,1000002116,20240318,2,1,13500.0,675.0,12825.0
2333,5000002801,1000002117,20240703,1,1,12000.0,240.0,11760.0
2334,5000002804,1000002119,20250307,1,3,12000.0,720.0,35280.0
2335,5000002805,1000002120,20240703,1,1,10800.0,216.0,10584.0
2336,5000002806,1000002121,20250215,1,3,13200.0,1980.0,37620.0
2337,5000002807,1000002122,20250603,1,3,12000.0,1800.0,34200.0
2338,5000002808,1000002123,20250808,1,3,12000.0,1800.0,34200.0
2339,5000002809,1000002123,20250808,1,3,12600.0,3780.0,34020.0
2340,5000002810,1000002124,20240627,2,2,16500.0,1650.0,31350.0
2341,5000002811,1000002125,20250329,2,3,16500.0,0.0,49500.0
2342,5000002812,1000002126,20250424,2,3,15000.0,0.0,45000.0
2343,5000002814,1000002128,20250620,2,2,15000.0,0.0,30000.0
2344,5000002815,1000002128,20250620,1,2,12000.0,1200.0,22800.0
2345,5000002816,1000002128,20250620,1,3,12000.0,3600.0,32400.0
2346,5000002817,1000002129,20250412,1,1,12000.0,1200.0,10800.0
2347,5000002819,1000002131,20250625,2,3,16500.0,990.0,48510.0
2348,5000002820,1000002131,20250625,2,3,15000.0,0.0,45000.0
2349,5000002822,1000002133,20240108,2,2,15000.0,3000.0,27000.0
2350,5000002823,1000002134,20250812,1,2,10800.0,1080.0,20520.0
2351,5000002824,1000002135,20240604,2,2,13500.0,2700.0,24300.0
2352,5000002825,1000002135,20240604,1,3,12000.0,3600.0,32400.0
2353,5000002826,1000002136,20240703,1,2,12000.0,480.0,23520.0
2354,5000002827,1000002136,20240703,1,1,12600.0,252.0,12348.0
2355,5000002828,1000002137,20240429,1,3,12000.0,3600.0,32400.0
2356,5000002829,1000002138,20250109,2,3,13500.0,810.0,39690.0
2357,5000002830,1000002139,20240906,2,3,13500.0,4050.0,36450.0
2358,5000002831,1000002139,20240906,1,3,12600.0,1890.0,35910.0
2359,5000002832,1000002139,20240906,2,3,15000.0,4500.0,40500.0
2360,5000002834,1000002141,20250210,1,3,12000.0,1800.0,34200.0
2361,5000002837,1000002143,20241122,2,1,15000.0,750.0,14250.0
2362,5000002838,1000002144,20250310,2,1,15000.0,750.0,14250.0
2363,5000002839,1000002144,20250310,1,2,12600.0,504.0,24696.0
2364,5000002840,1000002145,20250814,2,3,15750.0,4725.0,42525.0
2365,5000002841,1000002145,20250814,1,2,12000.0,1200.0,22800.0
2366,5000002842,1000002146,20240814,1,2,12000.0,480.0,23520.0
2367,5000002843,1000002147,20250514,2,1,15000.0,0.0,15000.0
2368,5000002845,1000002149,20241210,1,3,12000.0,3600.0,32400.0
2369,5000002846,1000002150,20241105,1,2,12000.0,480.0,23520.0
2370,5000002847,1000002151,20240520,1,2,12000.0,480.0,23520.0
2371,5000002848,1000002152,20250826,1,2,10800.0,2160.0,19440.0
2372,5000002849,1000002153,20240703,1,1,13200.0,264.0,12936.0
2373,5000002850,1000002154,20241102,2,3,15000.0,900.0,44100.0
2374,5000002851,1000002155,20240404,1,2,10800.0,0.0,21600.0
2375,5000002852,1000002155,20240404,2,2,15000.0,600.0,29400.0
2376,5000002853,1000002155,20240404,1,2,10800.0,1080.0,20520.0
2377,5000002854,1000002156,20250909,1,3,12000.0,1800.0,34200.0
2378,5000002855,1000002156,20250909,2,2,15000.0,0.0,30000.0
2379,5000002856,1000002157,20250819,2,2,13500.0,2700.0,24300.0
2380,5000002857,1000002157,20250819,1,2,12000.0,480.0,23520.0
2381,5000002858,1000002157,20250819,1,1,12000.0,600.0,11400.0
2382,5000002859,1000002158,20250411,2,3,15000.0,900.0,44100.0
2383,5000002860,1000002158,20250411,1,3,12000.0,0.0,36000.0
2384,5000002862,1000002160,20250225,1,2,12600.0,0.0,25200.0
2385,5000002865,1000002162,20240208,2,2,16500.0,0.0,33000.0
2386,5000002866,1000002163,20250831,1,2,12000.0,1200.0,22800.0
2387,5000002867,1000002164,20240620,1,3,12600.0,1890.0,35910.0
2388,5000002868,1000002165,20250126,2,1,15000.0,300.0,14700.0
2389,5000002869,1000002166,20240202,2,1,15000.0,750.0,14250.0
2390,5000002873,1000002170,20250401,2,3,15000.0,0.0,45000.0
2391,5000002874,1000002171,20240226,2,1,15750.0,787.5,14962.5
2392,5000002875,1000002171,20240226,1,2,12000.0,2400.0,21600.0
2393,5000002876,1000002172,20250109,2,1,15000.0,1500.0,13500.0
2394,5000002877,1000002173,20240418,2,2,15000.0,0.0,30000.0
2395,5000002878,1000002174,20240107,1,1,12000.0,240.0,11760.0
2396,5000002879,1000002175,20240310,2,1,13500.0,675.0,12825.0
2397,5000002880,1000002176,20250717,1,1,12600.0,630.0,11970.0
2398,5000002881,1000002177,20240204,1,2,12000.0,0.0,24000.0
2399,5000002882,1000002177,20240204,2,3,15000.0,0.0,45000.0
2400,5000002883,1000002178,20250331,2,1,13500.0,0.0,13500.0
2401,5000002884,1000002179,20240620,1,2,12000.0,480.0,23520.0
2402,5000002885,1000002180,20250730,1,3,12600.0,1890.0,35910.0
2403,5000002886,1000002181,20250820,2,3,15000.0,0.0,45000.0
2404,5000002887,1000002182,20250622,2,1,15750.0,1575.0,14175.0
2405,5000002888,1000002183,20240216,1,2,12000.0,1200.0,22800.0
2406,5000002890,1000002185,20240424,2,1,16500.0,1650.0,14850.0
2407,5000002891,1000002186,20240528,1,1,13200.0,0.0,13200.0
2408,5000002892,1000002186,20240528,1,1,12000.0,240.0,11760.0
2409,5000002893,1000002187,20250123,2,3,13500.0,2025.0,38475.0
2410,5000002894,1000002188,20240119,1,2,12600.0,2520.0,22680.0
2411,5000002895,1000002189,20240503,2,2,13500.0,2700.0,24300.0
2412,5000002896,1000002189,20240503,1,2,12000.0,480.0,23520.0
2413,5000002897,1000002189,20240503,1,1,12000.0,1200.0,10800.0
2414,5000002898,1000002190,20250412,1,1,12000.0,600.0,11400.0
2415,5000002899,1000002191,20250718,1,2,12000.0,0.0,24000.0
2416,5000002900,1000002191,20250718,2,1,15000.0,750.0,14250.0
2417,5000002903,1000002193,20240525,1,3,12600.0,3780.0,34020.0
2418,5000002904,1000002194,20240925,1,1,12000.0,240.0,11760.0
2419,5000002905,1000002194,20240925,2,3,15000.0,900.0,44100.0
2420,5000002906,1000002195,20240710,2,3,15750.0,0.0,47250.0
2421,5000002908,1000002197,20250915,2,3,15000.0,4500.0,40500.0
2422,5000002909,1000002198,20241204,2,1,15000.0,750.0,14250.0
2423,5000002910,1000002198,20241204,2,2,15750.0,1575.0,29925.0
2424,5000002911,1000002199,20250401,2,2,15750.0,630.0,30870.0
2425,5000002912,1000002200,20250514,1,3,12000.0,0.0,36000.0
2426,5000002913,1000002201,20250320,1,2,12600.0,1260.0,23940.0
2427,5000002914,1000002201,20250320,1,2,12000.0,480.0,23520.0
2428,5000002915,1000002202,20250124,2,2,15000.0,1500.0,28500.0
2429,5000002916,1000002203,20250425,1,2,10800.0,0.0,21600.0
2430,5000002917,1000002203,20250425,1,2,12000.0,1200.0,22800.0
2431,5000002918,1000002203,20250425,1,2,10800.0,432.0,21168.0
2432,5000002919,1000002204,20240328,2,2,15750.0,1575.0,29925.0
2433,5000002920,1000002205,20250220,2,2,15000.0,1500.0,28500.0
2434,5000002921,1000002206,20250928,1,1,12600.0,1260.0,11340.0
2435,5000002922,1000002207,20250525,1,1,12600.0,1260.0,11340.0
2436,5000002923,1000002208,20250228,2,1,15000.0,0.0,15000.0
2437,5000002924,1000002208,20250228,2,2,13500.0,1350.0,25650.0
2438,5000002925,1000002209,20240105,1,1,12000.0,0.0,12000.0
2439,5000002926,1000002210,20240129,2,1,15000.0,0.0,15000.0
2440,5000002927,1000002211,20250414,1,3,10800.0,1620.0,30780.0
2441,5000002928,1000002212,20250514,1,1,12000.0,0.0,12000.0
2442,5000002929,1000002213,20240301,1,1,12000.0,1200.0,10800.0
2443,5000002930,1000002214,20250929,2,3,15000.0,900.0,44100.0
2444,5000002931,1000002214,20250929,2,3,15000.0,0.0,45000.0
2445,5000002932,1000002215,20250513,2,1,16500.0,330.0,16170.0
2446,5000002933,1000002216,20250115,2,1,15000.0,0.0,15000.0
2447,5000002934,1000002217,20241102,1,3,10800.0,648.0,31752.0
2448,5000002935,1000002217,20241102,1,3,10800.0,1620.0,30780.0
2449,5000002936,1000002218,20241027,1,1,12000.0,1200.0,10800.0
2450,5000002937,1000002219,20240606,1,1,12000.0,600.0,11400.0
2451,5000002940,1000002221,20240917,1,1,12000.0,0.0,12000.0
2452,5000002941,1000002222,20250429,1,1,12000.0,600.0,11400.0
2453,5000002942,1000002223,20240412,1,2,12600.0,504.0,24696.0
2454,5000002943,1000002223,20240412,2,3,16500.0,0.0,49500.0
2455,5000002944,1000002224,20250201,1,3,10800.0,0.0,32400.0
2456,5000002945,1000002225,20250105,1,3,12600.0,3780.0,34020.0
2457,5000002946,1000002226,20240704,1,1,12000.0,0.0,12000.0
2458,5000002947,1000002227,20250130,1,3,12000.0,0.0,36000.0
2459,5000002948,1000002228,20250528,1,2,12000.0,0.0,24000.0
2460,5000002949,1000002229,20250821,2,3,15000.0,0.0,45000.0
2461,5000002950,1000002229,20250821,1,1,12600.0,1260.0,11340.0
2462,5000002951,1000002230,20240516,2,1,13500.0,675.0,12825.0
2463,5000002952,1000002230,20240516,2,3,15000.0,900.0,44100.0
2464,5000002953,1000002231,20240407,1,1,12000.0,240.0,11760.0
2465,5000002954,1000002232,20250514,2,2,13500.0,0.0,27000.0
2466,5000002955,1000002232,20250514,2,1,15000.0,300.0,14700.0
2467,5000002956,1000002233,20250107,1,2,12000.0,480.0,23520.0
2468,5000002957,1000002234,20240815,1,3,13200.0,1980.0,37620.0
2469,5000002958,1000002235,20250214,1,1,12600.0,1260.0,11340.0
2470,5000002959,1000002236,20240114,1,1,12000.0,600.0,11400.0
2471,5000002960,1000002237,20240220,1,2,13200.0,2640.0,23760.0
2472,5000002961,1000002237,20240220,1,3,12000.0,1800.0,34200.0
2473,5000002962,1000002237,20240220,2,3,15000.0,4500.0,40500.0
2474,5000002963,1000002238,20250316,1,1,13200.0,0.0,13200.0
2475,5000002964,1000002238,20250316,1,3,12000.0,720.0,35280.0
2476,5000002965,1000002239,20240612,2,1,15000.0,1500.0,13500.0
2477,5000002968,1000002242,20240303,2,1,15000.0,300.0,14700.0
2478,5000002972,1000002244,20250126,1,1,13200.0,0.0,13200.0
2479,5000002973,1000002245,20241012,1,1,13200.0,1320.0,11880.0
2480,5000002976,1000002248,20240911,2,3,15750.0,2362.5,44887.5
2481,5000002977,1000002249,20250413,2,2,15000.0,3000.0,27000.0
2482,5000002978,1000002249,20250413,1,2,12600.0,2520.0,22680.0
2483,5000002979,1000002250,20240406,2,2,15750.0,1575.0,29925.0
2484,5000002980,1000002251,20241030,2,3,15000.0,4500.0,40500.0
2485,5000002981,1000002252,20250913,1,2,10800.0,0.0,21600.0
2486,5000002984,1000002254,20240803,2,3,15000.0,4500.0,40500.0
2487,5000002985,1000002254,20240803,2,2,13500.0,2700.0,24300.0
2488,5000002986,1000002255,20240616,2,1,15000.0,0.0,15000.0
2489,5000002987,1000002256,20240816,2,3,15000.0,900.0,44100.0
2490,5000002988,1000002257,20250221,2,3,13500.0,0.0,40500.0
2491,5000002989,1000002258,20240720,1,1,12000.0,600.0,11400.0
2492,5000002990,1000002258,20240720,2,2,15000.0,0.0,30000.0
2493,5000002991,1000002259,20240619,1,1,12000.0,0.0,12000.0
2494,5000002993,1000002261,20250930,2,2,15000.0,0.0,30000.0
2495,5000002994,1000002261,20250930,2,2,15000.0,1500.0,28500.0
2496,5000002995,1000002262,20250729,1,1,12000.0,0.0,12000.0
2497,5000002996,1000002263,20240311,2,3,15750.0,0.0,47250.0
2498,5000002997,1000002264,20250910,1,1,12000.0,240.0,11760.0
2499,5000002998,1000002265,20250611,1,3,12000.0,0.0,36000.0
2500,5000002999,1000002266,20240413,2,3,15000.0,2250.0,42750.0
2501,5000003000,1000002266,20240413,2,3,16500.0,4950.0,44550.0
2502,5000003001,1000002267,20240520,1,3,12000.0,720.0,35280.0
2503,5000003002,1000002267,20240520,2,3,15000.0,0.0,45000.0
2504,5000003004,1000002269,20240117,1,3,12000.0,720.0,35280.0
2505,5000003005,1000002270,20240927,2,2,15000.0,1500.0,28500.0
2506,5000003006,1000002270,20240927,1,2,12000.0,0.0,24000.0
2507,5000003007,1000002270,20240927,2,1,13500.0,675.0,12825.0
2508,5000003011,1000002272,20241101,2,2,15000.0,3000.0,27000.0
2509,5000003012,1000002273,20250802,1,1,12000.0,0.0,12000.0
2510,5000003013,1000002274,20250324,2,1,13500.0,675.0,12825.0
2511,5000003014,1000002275,20240920,2,2,15000.0,0.0,30000.0
2512,5000003015,1000002276,20240613,1,2,12600.0,0.0,25200.0
2513,5000003016,1000002276,20240613,2,2,15000.0,3000.0,27000.0
2514,5000003017,1000002277,20240403,1,3,10800.0,648.0,31752.0
2515,5000003018,1000002277,20240403,2,3,15000.0,900.0,44100.0
2516,5000003019,1000002278,20240820,1,2,12000.0,0.0,24000.0
2517,5000003022,1000002281,20241005,1,1,13200.0,1320.0,11880.0
2518,5000003023,1000002282,20241016,2,2,13500.0,1350.0,25650.0
2519,5000003024,1000002283,20240517,1,3,12000.0,0.0,36000.0
2520,5000003025,1000002283,20240517,1,2,12000.0,1200.0,22800.0
2521,5000003026,1000002283,20240517,1,1,12000.0,0.0,12000.0
2522,5000003027,1000002284,20250202,2,1,15000.0,1500.0,13500.0
2523,5000003028,1000002285,20250521,1,2,12000.0,1200.0,22800.0
2524,5000003029,1000002286,20250110,1,1,10800.0,0.0,10800.0
2525,5000003030,1000002286,20250110,1,1,12600.0,0.0,12600.0
2526,5000003032,1000002288,20241015,2,2,15000.0,3000.0,27000.0
2527,5000003033,1000002288,20241015,2,3,15000.0,2250.0,42750.0
2528,5000003034,1000002289,20240831,2,2,15750.0,1575.0,29925.0
2529,5000003035,1000002290,20250521,1,3,12000.0,0.0,36000.0
2530,5000003036,1000002290,20250521,1,2,13200.0,2640.0,23760.0
2531,5000003037,1000002291,20240314,1,2,10800.0,2160.0,19440.0
2532,5000003038,1000002291,20240314,1,3,12000.0,0.0,36000.0
2533,5000003041,1000002294,20240330,2,1,15000.0,750.0,14250.0
2534,5000003042,1000002295,20240713,1,2,10800.0,432.0,21168.0
2535,5000003043,1000002296,20250530,1,1,12000.0,240.0,11760.0
2536,5000003044,1000002297,20241222,1,3,12000.0,1800.0,34200.0
2537,5000003045,1000002298,20240519,1,2,12000.0,480.0,23520.0
2538,5000003048,1000002301,20240620,2,1,13500.0,675.0,12825.0
2539,5000003049,1000002302,20240809,1,3,12000.0,3600.0,32400.0
2540,5000003053,1000002304,20250324,2,1,15000.0,0.0,15000.0
2541,5000003054,1000002304,20250324,1,1,12000.0,0.0,12000.0
2542,5000003055,1000002305,20250206,2,1,15000.0,750.0,14250.0
2543,5000003056,1000002305,20250206,2,1,16500.0,1650.0,14850.0
2544,5000003057,1000002306,20241121,2,3,13500.0,0.0,40500.0
2545,5000003062,1000002309,20250301,2,1,16500.0,1650.0,14850.0
2546,5000003063,1000002310,20240811,1,2,12000.0,0.0,24000.0
2547,5000003064,1000002311,20250502,2,3,16500.0,990.0,48510.0
2548,5000003065,1000002311,20250502,2,1,13500.0,675.0,12825.0
2549,5000003066,1000002312,20240414,1,1,12000.0,0.0,12000.0
2550,5000003067,1000002313,20241115,1,1,12000.0,1200.0,10800.0
2551,5000003068,1000002313,20241115,2,3,16500.0,2475.0,47025.0
2552,5000003069,1000002314,20240319,2,1,15000.0,300.0,14700.0
2553,5000003070,1000002315,20240423,1,2,12000.0,2400.0,21600.0
2554,5000003072,1000002317,20240116,1,1,12600.0,0.0,12600.0
2555,5000003074,1000002319,20250210,2,1,15000.0,300.0,14700.0
2556,5000003075,1000002320,20250107,1,3,10800.0,0.0,32400.0
2557,5000003076,1000002321,20240422,1,1,12000.0,600.0,11400.0
2558,5000003077,1000002322,20240621,1,3,12600.0,0.0,37800.0
2559,5000003078,1000002323,20240901,2,2,15000.0,0.0,30000.0
2560,5000003079,1000002324,20250327,1,1,12000.0,1200.0,10800.0
2561,5000003080,1000002325,20250702,2,2,15750.0,1575.0,29925.0
2562,5000003081,1000002325,20250702,2,2,15000.0,1500.0,28500.0
2563,5000003082,1000002326,20241114,2,2,15000.0,0.0,30000.0
2564,5000003083,1000002326,20241114,1,3,10800.0,648.0,31752.0
2565,5000003084,1000002327,20240628,1,3,12000.0,3600.0,32400.0
2566,5000003085,1000002328,20250316,2,2,13500.0,1350.0,25650.0
2567,5000003087,1000002330,20250306,1,1,13200.0,264.0,12936.0
2568,5000003088,1000002331,20250623,2,2,15750.0,630.0,30870.0
2569,5000003089,1000002331,20250623,1,3,10800.0,3240.0,29160.0
2570,5000003090,1000002332,20250801,1,2,12000.0,0.0,24000.0
2571,5000003091,1000002333,20250510,2,2,15000.0,0.0,30000.0
2572,5000003092,1000002334,20250610,2,3,15000.0,2250.0,42750.0
2573,5000003093,1000002334,20250610,1,2,12000.0,480.0,23520.0
2574,5000003094,1000002335,20250809,2,1,13500.0,270.0,13230.0
2575,5000003095,1000002336,20250330,2,1,16500.0,825.0,15675.0
2576,5000003096,1000002336,20250330,1,3,12000.0,720.0,35280.0
2577,5000003097,1000002337,20241201,2,1,15000.0,750.0,14250.0
2578,5000003098,1000002338,20240209,2,2,15000.0,600.0,29400.0
2579,5000003099,1000002339,20250311,2,2,15000.0,3000.0,27000.0
2580,5000003100,1000002340,20241008,1,2,13200.0,1320.0,25080.0
2581,5000003102,1000002342,20250314,1,2,12000.0,1200.0,22800.0
2582,5000003103,1000002343,20250101,2,3,15000.0,900.0,44100.0
2583,5000003104,1000002343,20250101,1,3,12000.0,3600.0,32400.0
2584,5000003105,1000002344,20241015,2,3,15000.0,900.0,44100.0
2585,5000003106,1000002344,20241015,1,2,12000.0,480.0,23520.0
2586,5000003107,1000002345,20240913,1,1,12000.0,600.0,11400.0
2587,5000003108,1000002346,20240530,1,2,13200.0,1320.0,25080.0
2588,5000003109,1000002347,20250824,2,3,15000.0,900.0,44100.0
2589,5000003110,1000002348,20250615,1,3,13200.0,3960.0,35640.0
2590,5000003113,1000002350,20240511,1,1,12000.0,1200.0,10800.0
2591,5000003114,1000002351,20241231,1,3,12600.0,0.0,37800.0
2592,5000003115,1000002352,20240806,1,2,12000.0,2400.0,21600.0
2593,5000003116,1000002353,20240630,1,2,13200.0,528.0,25872.0
2594,5000003117,1000002354,20240329,1,2,10800.0,1080.0,20520.0
2595,5000003118,1000002354,20240329,1,1,12600.0,252.0,12348.0
2596,5000003119,1000002355,20240608,2,2,15000.0,1500.0,28500.0
2597,5000003120,1000002356,20240529,1,2,12000.0,480.0,23520.0
2598,5000003122,1000002358,20240913,1,3,12600.0,756.0,37044.0
2599,5000003123,1000002359,20250817,2,1,15000.0,1500.0,13500.0
2600,5000003124,1000002359,20250817,1,1,12000.0,600.0,11400.0
2601,5000003125,1000002359,20250817,2,1,15000.0,0.0,15000.0
2602,5000003126,1000002360,20241201,2,2,16500.0,0.0,33000.0
2603,5000003127,1000002361,20241005,1,1,12000.0,240.0,11760.0
2604,5000003128,1000002361,20241005,1,2,12000.0,480.0,23520.0
2605,5000003129,1000002362,20240716,2,1,15000.0,300.0,14700.0
2606,5000003130,1000002363,20240210,2,1,13500.0,0.0,13500.0
2607,5000003131,1000002364,20250421,1,1,12000.0,240.0,11760.0
2608,5000003132,1000002364,20250421,2,1,15000.0,750.0,14250.0
2609,5000003135,1000002366,20250405,1,1,12000.0,0.0,12000.0
2610,5000003136,1000002367,20240824,2,1,15000.0,300.0,14700.0
2611,5000003137,1000002368,20250722,1,1,12000.0,0.0,12000.0
2612,5000003138,1000002369,20250320,2,2,15000.0,1500.0,28500.0
2613,5000003139,1000002370,20240823,2,1,15000.0,750.0,14250.0
2614,5000003140,1000002371,20240718,1,3,13200.0,1980.0,37620.0
2615,5000003141,1000002372,20240714,1,2,10800.0,432.0,21168.0
2616,5000003142,1000002373,20250130,2,3,15000.0,2250.0,42750.0
2617,5000003143,1000002374,20250324,1,2,12000.0,480.0,23520.0
2618,5000003144,1000002374,20250324,1,1,12000.0,1200.0,10800.0
2619,5000003146,1000002376,20241125,1,3,10800.0,648.0,31752.0
2620,5000003147,1000002376,20241125,2,1,15000.0,0.0,15000.0
2621,5000003148,1000002376,20241125,1,1,12000.0,600.0,11400.0
2622,5000003149,1000002377,20241018,1,1,12000.0,600.0,11400.0
2623,5000003150,1000002377,20241018,1,1,12600.0,630.0,11970.0
2624,5000003151,1000002378,20240420,1,2,12000.0,1200.0,22800.0
2625,5000003152,1000002378,20240420,1,1,12000.0,240.0,11760.0
2626,5000003153,1000002379,20240511,2,3,15000.0,2250.0,42750.0
2627,5000003154,1000002380,20240226,1,3,12000.0,3600.0,32400.0
2628,5000003155,1000002381,20240519,1,2,12000.0,2400.0,21600.0
2629,5000003156,1000002382,20240602,1,1,13200.0,264.0,12936.0
2630,5000003157,1000002383,20250912,2,3,15000.0,4500.0,40500.0
2631,5000003158,1000002383,20250912,2,3,16500.0,0.0,49500.0
2632,5000003159,1000002384,20240920,1,2,12000.0,2400.0,21600.0
2633,5000003160,1000002385,20250420,1,3,12600.0,1890.0,35910.0
2634,5000003161,1000002385,20250420,2,3,13500.0,810.0,39690.0
2635,5000003162,1000002386,20240410,1,3,12000.0,0.0,36000.0
2636,5000003163,1000002386,20240410,1,2,12000.0,2400.0,21600.0
2637,5000003164,1000002387,20240316,1,3,12000.0,3600.0,32400.0
2638,5000003165,1000002387,20240316,1,3,10800.0,648.0,31752.0
2639,5000003166,1000002388,20250602,2,3,15000.0,2250.0,42750.0
2640,5000003167,1000002389,20240515,1,2,12000.0,1200.0,22800.0
2641,5000003168,1000002389,20240515,1,3,12000.0,1800.0,34200.0
2642,5000003169,1000002390,20240618,1,3,12000.0,1800.0,34200.0
2643,5000003170,1000002390,20240618,1,2,12000.0,480.0,23520.0
2644,5000003171,1000002391,20250809,1,3,12000.0,720.0,35280.0
2645,5000003172,1000002392,20250831,2,2,13500.0,2700.0,24300.0
2646,5000003173,1000002392,20250831,2,2,15000.0,3000.0,27000.0
2647,5000003174,1000002393,20250518,2,2,13500.0,0.0,27000.0
2648,5000003175,1000002394,20250505,1,1,10800.0,216.0,10584.0
2649,5000003176,1000002395,20250915,1,3,12000.0,0.0,36000.0
2650,5000003177,1000002396,20240108,1,3,13200.0,0.0,39600.0
2651,5000003178,1000002397,20240615,1,3,12000.0,720.0,35280.0
2652,5000003179,1000002398,20240412,2,3,15000.0,0.0,45000.0
2653,5000003180,1000002399,20241221,2,2,15000.0,1500.0,28500.0
2654,5000003181,1000002400,20250827,1,2,13200.0,528.0,25872.0
2655,5000003182,1000002401,20240819,1,2,10800.0,432.0,21168.0
2656,5000003183,1000002402,20240109,1,3,12000.0,3600.0,32400.0
2657,5000003184,1000002403,20241117,2,2,13500.0,1350.0,25650.0
2658,5000003185,1000002403,20241117,1,3,12000.0,1800.0,34200.0
2659,5000003186,1000002404,20250226,2,1,15000.0,0.0,15000.0
2660,5000003187,1000002405,20240116,2,3,15000.0,0.0,45000.0
2661,5000003188,1000002406,20250603,1,3,12000.0,1800.0,34200.0
2662,5000003189,1000002406,20250603,1,1,12000.0,1200.0,10800.0
2663,5000003190,1000002407,20240120,1,3,12000.0,3600.0,32400.0
2664,5000003191,1000002408,20250325,1,3,12000.0,0.0,36000.0
2665,5000003192,1000002408,20250325,1,2,12000.0,2400.0,21600.0
2666,5000003193,1000002409,20240218,1,3,13200.0,3960.0,35640.0
2667,5000003194,1000002410,20250913,1,3,10800.0,0.0,32400.0
2668,5000003195,1000002410,20250913,1,2,10800.0,432.0,21168.0
2669,5000003196,1000002411,20241210,1,3,12600.0,0.0,37800.0
2670,5000003197,1000002412,20241003,1,2,13200.0,0.0,26400.0
2671,5000003198,1000002412,20241003,2,2,13500.0,540.0,26460.0
2672,5000003199,1000002412,20241003,1,3,12600.0,1890.0,35910.0
2673,5000003200,1000002413,20250906,2,2,15000.0,3000.0,27000.0
2674,5000003201,1000002414,20240524,2,2,15000.0,600.0,29400.0
2675,5000003202,1000002415,20250320,2,1,15000.0,0.0,15000.0
2676,5000003203,1000002415,20250320,2,2,15750.0,1575.0,29925.0
2677,5000003204,1000002416,20240825,1,1,12000.0,600.0,11400.0
2678,5000003205,1000002417,20240424,2,1,13500.0,675.0,12825.0
2679,5000003208,1000002419,20250308,1,2,12000.0,480.0,23520.0
2680,5000003209,1000002419,20250308,1,1,12000.0,0.0,12000.0
2681,5000003210,1000002420,20241219,1,2,10800.0,2160.0,19440.0
2682,5000003211,1000002421,20241225,2,2,13500.0,2700.0,24300.0
2683,5000003213,1000002423,20240829,2,2,16500.0,1650.0,31350.0
2684,5000003214,1000002424,20250712,2,3,15000.0,2250.0,42750.0
2685,5000003215,1000002425,20240307,1,1,12000.0,1200.0,10800.0
2686,5000003216,1000002425,20240307,1,1,12000.0,600.0,11400.0
2687,5000003217,1000002426,20240701,1,3,10800.0,648.0,31752.0
2688,5000003218,1000002426,20240701,1,3,12000.0,1800.0,34200.0
2689,5000003219,1000002427,20240216,2,3,15000.0,900.0,44100.0
2690,5000003220,1000002427,20240216,1,1,12000.0,240.0,11760.0
2691,5000003221,1000002428,20250107,2,2,15000.0,1500.0,28500.0
2692,5000003222,1000002428,20250107,2,1,15750.0,1575.0,14175.0
2693,5000003223,1000002429,20250717,2,3,13500.0,2025.0,38475.0
2694,5000003224,1000002430,20250704,2,1,15750.0,0.0,15750.0
2695,5000003225,1000002430,20250704,1,2,10800.0,2160.0,19440.0
2696,5000003226,1000002431,20250106,1,2,10800.0,0.0,21600.0
2697,5000003227,1000002432,20250829,1,1,10800.0,0.0,10800.0
2698,5000003228,1000002433,20241008,1,3,12000.0,720.0,35280.0
2699,5000003229,1000002434,20240127,2,1,15000.0,1500.0,13500.0
2700,5000003230,1000002435,20250826,1,1,12000.0,0.0,12000.0
2701,5000003231,1000002435,20250826,1,1,12000.0,240.0,11760.0
2702,5000003232,1000002436,20240402,1,2,12000.0,0.0,24000.0
2703,5000003233,1000002437,20240717,1,3,12000.0,720.0,35280.0
2704,5000003234,1000002438,20250424,1,2,12600.0,504.0,24696.0
2705,5000003237,1000002440,20240503,2,1,15000.0,750.0,14250.0
2706,5000003238,1000002441,20240607,1,3,12000.0,3600.0,32400.0
2707,5000003239,1000002441,20240607,1,2,12000.0,1200.0,22800.0
2708,5000003240,1000002442,20240322,1,3,12600.0,756.0,37044.0
2709,5000003241,1000002443,20250124,2,3,15000.0,0.0,45000.0
2710,5000003244,1000002445,20250622,1,1,12000.0,240.0,11760.0
2711,5000003245,1000002446,20240505,1,1,12600.0,0.0,12600.0
2712,5000003246,1000002447,20240404,2,3,15000.0,0.0,45000.0
2713,5000003247,1000002448,20240920,1,3,12000.0,1800.0,34200.0
2714,5000003248,1000002449,20240926,1,1,13200.0,1320.0,11880.0
2715,5000003249,1000002450,20241001,1,1,10800.0,540.0,10260.0
2716,5000003250,1000002450,20241001,1,3,10800.0,3240.0,29160.0
2717,5000003251,1000002450,20241001,1,1,12000.0,240.0,11760.0
2718,5000003252,1000002451,20240109,1,1,12000.0,600.0,11400.0
2719,5000003253,1000002451,20240109,2,3,15000.0,0.0,45000.0
2720,5000003254,1000002452,20241201,2,3,15000.0,0.0,45000.0
2721,5000003255,1000002453,20250327,1,3,10800.0,3240.0,29160.0
2722,5000003256,1000002454,20250719,2,3,15000.0,2250.0,42750.0
2723,5000003257,1000002455,20240102,1,2,12000.0,2400.0,21600.0
2724,5000003258,1000002455,20240102,1,2,12000.0,1200.0,22800.0
2725,5000003259,1000002455,20240102,2,3,15000.0,900.0,44100.0
2726,5000003260,1000002456,20240616,1,1,10800.0,216.0,10584.0
2727,5000003261,1000002457,20250427,2,2,15000.0,0.0,30000.0
2728,5000003262,1000002457,20250427,2,3,15000.0,900.0,44100.0
2729,5000003264,1000002459,20250402,1,2,12000.0,480.0,23520.0
2730,5000003265,1000002460,20240727,1,3,12000.0,0.0,36000.0
2731,5000003266,1000002461,20241127,2,1,15000.0,300.0,14700.0
2732,5000003267,1000002462,20241018,1,1,12000.0,0.0,12000.0
2733,5000003268,1000002463,20250206,1,1,12000.0,0.0,12000.0
2734,5000003269,1000002463,20250206,2,1,13500.0,675.0,12825.0
2735,5000003270,1000002464,20250130,2,3,15000.0,0.0,45000.0
2736,5000003271,1000002465,20241125,2,2,15000.0,600.0,29400.0
2737,5000003272,1000002466,20250122,1,3,10800.0,1620.0,30780.0
2738,5000003273,1000002466,20250122,2,2,16500.0,3300.0,29700.0
2739,5000003274,1000002467,20250725,1,2,10800.0,2160.0,19440.0
2740,5000003275,1000002468,20250927,1,3,12000.0,1800.0,34200.0
2741,5000003276,1000002469,20240729,1,3,12600.0,756.0,37044.0
2742,5000003277,1000002469,20240729,2,3,15000.0,900.0,44100.0
2743,5000003278,1000002469,20240729,2,3,15750.0,2362.5,44887.5
2744,5000003279,1000002470,20240628,2,3,15000.0,4500.0,40500.0
2745,5000003280,1000002471,20250727,1,1,12600.0,630.0,11970.0
2746,5000003281,1000002472,20240109,2,3,13500.0,0.0,40500.0
2747,5000003282,1000002473,20250823,1,1,12000.0,600.0,11400.0
2748,5000003283,1000002474,20241014,2,3,15750.0,945.0,46305.0
2749,5000003284,1000002475,20240623,2,3,15750.0,2362.5,44887.5
2750,5000003285,1000002476,20250326,1,1,12000.0,600.0,11400.0
2751,5000003289,1000002479,20250116,2,3,13500.0,4050.0,36450.0
2752,5000003290,1000002479,20250116,2,2,15000.0,3000.0,27000.0
2753,5000003291,1000002480,20240705,1,1,12000.0,0.0,12000.0
2754,5000003292,1000002481,20250924,1,1,13200.0,264.0,12936.0
2755,5000003293,1000002482,20250120,1,3,12000.0,3600.0,32400.0
2756,5000003294,1000002483,20240621,1,2,12000.0,0.0,24000.0
2757,5000003295,1000002484,20240928,2,3,15000.0,0.0,45000.0
2758,5000003296,1000002485,20250906,1,1,12000.0,600.0,11400.0
2759,5000003297,1000002485,20250906,2,2,15000.0,0.0,30000.0
2760,5000003299,1000002487,20240405,1,3,12000.0,0.0,36000.0
2761,5000003300,1000002488,20250506,2,2,15000.0,0.0,30000.0
2762,5000003301,1000002489,20240725,1,1,10800.0,1080.0,9720.0
2763,5000003302,1000002490,20241019,2,1,15000.0,1500.0,13500.0
2764,5000003303,1000002491,20240903,1,1,12600.0,252.0,12348.0
2765,5000003304,1000002492,20250816,1,3,10800.0,648.0,31752.0
2766,5000003306,1000002494,20250107,1,3,10800.0,1620.0,30780.0
2767,5000003307,1000002495,20240306,2,2,16500.0,0.0,33000.0
2768,5000003308,1000002495,20240306,1,2,12000.0,2400.0,21600.0
2769,5000003309,1000002496,20240131,1,1,10800.0,540.0,10260.0
2770,5000003310,1000002497,20240416,2,3,15750.0,0.0,47250.0
2771,5000003311,1000002498,20240506,2,3,15000.0,0.0,45000.0
2772,5000003312,1000002499,20250612,1,1,12000.0,1200.0,10800.0
2773,5000003313,1000002500,20240926,1,2,12000.0,2400.0,21600.0
2774,5000003314,1000002501,20240926,1,2,13200.0,528.0,25872.0
2775,5000003315,1000002502,20250613,2,1,15000.0,300.0,14700.0
2776,5000003316,1000002503,20250315,2,2,15750.0,3150.0,28350.0
2777,5000003317,1000002504,20240406,2,1,15750.0,1575.0,14175.0
2778,5000003318,1000002505,20250319,2,3,15750.0,0.0,47250.0
2779,5000003319,1000002505,20250319,2,3,15000.0,4500.0,40500.0
2780,5000003320,1000002505,20250319,2,3,15000.0,900.0,44100.0
2781,5000003321,1000002506,20250702,1,3,10800.0,3240.0,29160.0
2782,5000003322,1000002507,20250831,1,1,12000.0,600.0,11400.0
2783,5000003323,1000002508,20240804,1,3,12000.0,720.0,35280.0
2784,5000003324,1000002508,20240804,2,2,15750.0,3150.0,28350.0
2785,5000003327,1000002510,20241015,1,1,12000.0,600.0,11400.0
2786,5000003328,1000002511,20240319,1,1,12000.0,240.0,11760.0
2787,5000003329,1000002512,20241216,2,3,15000.0,2250.0,42750.0
2788,5000003330,1000002513,20241029,1,1,10800.0,0.0,10800.0
2789,5000003331,1000002514,20240711,2,3,15750.0,0.0,47250.0
2790,5000003332,1000002515,20250526,1,3,12000.0,0.0,36000.0
2791,5000003333,1000002516,20240228,1,2,12000.0,2400.0,21600.0
2792,5000003334,1000002517,20250215,1,2,13200.0,528.0,25872.0
2793,5000003335,1000002518,20240819,1,1,12000.0,240.0,11760.0
2794,5000003336,1000002519,20240804,1,1,12000.0,0.0,12000.0
2795,5000003337,1000002520,20240624,1,3,13200.0,0.0,39600.0
2796,5000003338,1000002521,20250716,2,3,15000.0,0.0,45000.0
2797,5000003339,1000002522,20250711,2,1,15000.0,1500.0,13500.0
2798,5000003340,1000002523,20240411,2,2,15750.0,630.0,30870.0
2799,5000003341,1000002524,20240229,2,1,15000.0,750.0,14250.0
2800,5000003342,1000002524,20240229,2,3,15750.0,2362.5,44887.5
2801,5000003343,1000002524,20240229,1,1,12000.0,600.0,11400.0
2802,5000003344,1000002525,20250730,2,3,15000.0,900.0,44100.0
2803,5000003345,1000002525,20250730,1,3,12000.0,720.0,35280.0
2804,5000003346,1000002526,20250403,2,2,16500.0,3300.0,29700.0
2805,5000003347,1000002527,20250615,2,1,15750.0,787.5,14962.5
2806,5000003348,1000002527,20250615,1,1,12000.0,240.0,11760.0
2807,5000003349,1000002528,20250329,1,3,10800.0,3240.0,29160.0
2808,5000003350,1000002529,20240216,1,2,10800.0,0.0,21600.0
2809,5000003351,1000002529,20240216,2,1,15000.0,0.0,15000.0
2810,5000003352,1000002529,20240216,1,3,10800.0,1620.0,30780.0
2811,5000003353,1000002530,20240908,1,2,12600.0,1260.0,23940.0
2812,5000003354,1000002531,20250107,1,2,10800.0,432.0,21168.0
2813,5000003355,1000002532,20250613,2,1,15750.0,1575.0,14175.0
2814,5000003356,1000002533,20240609,1,3,12600.0,3780.0,34020.0
2815,5000003357,1000002534,20240109,1,1,12000.0,240.0,11760.0
2816,5000003358,1000002534,20240109,1,1,12600.0,0.0,12600.0
2817,5000003359,1000002535,20240430,1,3,10800.0,648.0,31752.0
2818,5000003360,1000002535,20240430,1,1,10800.0,0.0,10800.0
2819,5000003361,1000002536,20240617,2,1,13500.0,675.0,12825.0
2820,5000003362,1000002537,20250502,1,2,12000.0,480.0,23520.0
2821,5000003364,1000002539,20240310,2,1,16500.0,1650.0,14850.0
2822,5000003365,1000002540,20240305,2,2,15000.0,1500.0,28500.0
2823,5000003366,1000002540,20240305,1,1,10800.0,216.0,10584.0
2824,5000003368,1000002542,20240914,1,2,12000.0,2400.0,21600.0
2825,5000003369,1000002543,20241121,2,3,15000.0,0.0,45000.0
2826,5000003370,1000002544,20250522,1,1,12000.0,0.0,12000.0
2827,5000003371,1000002545,20250113,1,1,12000.0,1200.0,10800.0
2828,5000003372,1000002545,20250113,2,1,13500.0,0.0,13500.0
2829,5000003373,1000002546,20240209,1,1,12000.0,600.0,11400.0
2830,5000003374,1000002546,20240209,2,1,13500.0,1350.0,12150.0
2831,5000003375,1000002547,20240719,2,2,15000.0,1500.0,28500.0
2832,5000003376,1000002548,20250912,2,3,15000.0,2250.0,42750.0
2833,5000003377,1000002548,20250912,1,2,12600.0,2520.0,22680.0
2834,5000003378,1000002549,20240505,2,1,15750.0,0.0,15750.0
2835,5000003379,1000002549,20240505,1,3,12000.0,720.0,35280.0
2836,5000003381,1000002551,20240727,1,1,12600.0,252.0,12348.0
2837,5000003382,1000002552,20240918,2,1,15750.0,787.5,14962.5
2838,5000003383,1000002553,20250918,1,3,12000.0,720.0,35280.0
2839,5000003384,1000002554,20240706,2,3,15000.0,4500.0,40500.0
2840,5000003385,1000002555,20240803,1,2,10800.0,0.0,21600.0
2841,5000003386,1000002556,20250521,1,1,10800.0,1080.0,9720.0
2842,5000003387,1000002557,20240513,2,1,15000.0,0.0,15000.0
2843,5000003388,1000002557,20240513,2,3,13500.0,2025.0,38475.0
2844,5000003389,1000002558,20250218,1,3,12600.0,3780.0,34020.0
2845,5000003391,1000002560,20250503,2,3,15000.0,0.0,45000.0
2846,5000003392,1000002561,20241201,2,2,15000.0,3000.0,27000.0
2847,5000003393,1000002562,20240621,1,3,12600.0,3780.0,34020.0
2848,5000003394,1000002563,20241219,2,3,15750.0,4725.0,42525.0
2849,5000003395,1000002563,20241219,2,3,13500.0,810.0,39690.0
2850,5000003396,1000002563,20241219,1,2,12000.0,480.0,23520.0
2851,5000003397,1000002564,20240116,1,3,13200.0,3960.0,35640.0
2852,5000003398,1000002565,20240711,2,1,13500.0,0.0,13500.0
2853,5000003399,1000002565,20240711,1,3,12600.0,3780.0,34020.0
2854,5000003400,1000002566,20250517,2,2,13500.0,2700.0,24300.0
2855,5000003401,1000002567,20250703,2,2,15000.0,600.0,29400.0
2856,5000003402,1000002568,20250122,1,2,12000.0,1200.0,22800.0
2857,5000003403,1000002569,20250509,1,1,12600.0,0.0,12600.0
2858,5000003404,1000002570,20241218,1,2,13200.0,528.0,25872.0
2859,5000003405,1000002570,20241218,1,2,10800.0,432.0,21168.0
2860,5000003406,1000002571,20250210,1,2,13200.0,528.0,25872.0
2861,5000003407,1000002571,20250210,1,1,12000.0,600.0,11400.0
2862,5000003408,1000002572,20250103,1,2,10800.0,2160.0,19440.0
2863,5000003409,1000002572,20250103,2,3,13500.0,2025.0,38475.0
2864,5000003410,1000002573,20241118,2,3,15000.0,2250.0,42750.0
2865,5000003411,1000002574,20250914,1,2,12000.0,480.0,23520.0
2866,5000003412,1000002575,20240727,1,3,12000.0,3600.0,32400.0
2867,5000003413,1000002575,20240727,1,3,12000.0,1800.0,34200.0
2868,5000003414,1000002576,20240503,1,3,12600.0,3780.0,34020.0
2869,5000003415,1000002577,20240406,2,2,15000.0,0.0,30000.0
2870,5000003416,1000002577,20240406,2,2,15000.0,0.0,30000.0
2871,5000003418,1000002579,20250921,2,2,13500.0,2700.0,24300.0
2872,5000003419,1000002580,20240906,1,2,10800.0,432.0,21168.0
2873,5000003420,1000002580,20240906,1,3,12000.0,0.0,36000.0
2874,5000003421,1000002581,20240303,1,2,12600.0,2520.0,22680.0
2875,5000003422,1000002581,20240303,2,1,15000.0,300.0,14700.0
2876,5000003423,1000002582,20240223,2,2,13500.0,540.0,26460.0
2877,5000003424,1000002582,20240223,1,2,12000.0,0.0,24000.0
2878,5000003425,1000002583,20250131,1,3,12000.0,3600.0,32400.0
2879,5000003426,1000002583,20250131,1,1,13200.0,0.0,13200.0
2880,5000003427,1000002584,20250207,2,1,15000.0,1500.0,13500.0
2881,5000003429,1000002586,20241220,1,2,13200.0,0.0,26400.0
2882,5000003430,1000002587,20250304,1,2,13200.0,0.0,26400.0
2883,5000003431,1000002587,20250304,2,1,15000.0,0.0,15000.0
2884,5000003432,1000002587,20250304,1,3,10800.0,0.0,32400.0
2885,5000003433,1000002588,20241013,1,2,10800.0,0.0,21600.0
2886,5000003434,1000002589,20241112,2,3,15000.0,4500.0,40500.0
2887,5000003438,1000002591,20250720,1,3,12000.0,0.0,36000.0
2888,5000003439,1000002591,20250720,1,3,12000.0,3600.0,32400.0
2889,5000003440,1000002592,20240615,1,1,12600.0,1260.0,11340.0
2890,5000003441,1000002592,20240615,1,3,12000.0,1800.0,34200.0
2891,5000003443,1000002594,20240924,2,3,15000.0,0.0,45000.0
2892,5000003444,1000002595,20240208,2,2,15000.0,3000.0,27000.0
2893,5000003449,1000002598,20240420,1,1,12000.0,0.0,12000.0
2894,5000003450,1000002599,20241007,2,2,15000.0,0.0,30000.0
2895,5000003451,1000002600,20250216,2,3,15750.0,945.0,46305.0
2896,5000003455,1000002603,20250705,2,3,15000.0,2250.0,42750.0
2897,5000003456,1000002603,20250705,1,3,10800.0,0.0,32400.0
2898,5000003457,1000002604,20240524,1,2,12000.0,1200.0,22800.0
2899,5000003458,1000002605,20240118,2,2,15000.0,0.0,30000.0
2900,5000003459,1000002606,20240115,1,1,13200.0,0.0,13200.0
2901,5000003460,1000002607,20240804,2,2,15000.0,600.0,29400.0
2902,5000003461,1000002608,20240617,1,3,13200.0,3960.0,35640.0
2903,5000003462,1000002609,20250821,1,3,12000.0,1800.0,34200.0
2904,5000003463,1000002610,20241105,1,2,12000.0,2400.0,21600.0
2905,5000003464,1000002611,20241029,1,3,13200.0,792.0,38808.0
2906,5000003465,1000002611,20241029,1,2,12600.0,0.0,25200.0
2907,5000003466,1000002611,20241029,2,3,15000.0,0.0,45000.0
2908,5000003467,1000002612,20250718,1,2,12000.0,480.0,23520.0
2909,5000003468,1000002613,20240816,1,1,12000.0,1200.0,10800.0
2910,5000003469,1000002614,20250217,1,2,12000.0,0.0,24000.0
2911,5000003470,1000002614,20250217,1,1,12600.0,252.0,12348.0
2912,5000003471,1000002615,20240925,1,3,12000.0,1800.0,34200.0
2913,5000003472,1000002616,20250915,1,3,12000.0,3600.0,32400.0
2914,5000003473,1000002616,20250915,1,2,12000.0,2400.0,21600.0
2915,5000003474,1000002617,20250519,1,2,12600.0,0.0,25200.0
2916,5000003475,1000002617,20250519,2,2,16500.0,3300.0,29700.0
2917,5000003476,1000002618,20240619,1,2,12000.0,0.0,24000.0
2918,5000003477,1000002619,20250918,1,1,10800.0,540.0,10260.0
2919,5000003479,1000002621,20250411,1,1,12600.0,252.0,12348.0
2920,5000003480,1000002621,20250411,2,1,15000.0,300.0,14700.0
2921,5000003481,1000002622,20240315,2,3,13500.0,2025.0,38475.0
2922,5000003482,1000002623,20240718,1,3,13200.0,792.0,38808.0
2923,5000003483,1000002624,20241104,1,3,10800.0,0.0,32400.0
2924,5000003484,1000002625,20250202,1,1,13200.0,0.0,13200.0
2925,5000003485,1000002626,20240521,2,2,15000.0,1500.0,28500.0
2926,5000003486,1000002626,20240521,2,3,15000.0,4500.0,40500.0
2927,5000003487,1000002627,20241106,2,2,15000.0,0.0,30000.0
2928,5000003488,1000002628,20240411,1,3,13200.0,3960.0,35640.0
2929,5000003489,1000002629,20241101,1,1,13200.0,0.0,13200.0
2930,5000003490,1000002630,20250512,2,1,15000.0,300.0,14700.0
2931,5000003491,1000002630,20250512,1,3,12000.0,3600.0,32400.0
2932,5000003492,1000002631,20240127,2,2,16500.0,1650.0,31350.0
2933,5000003493,1000002632,20241022,1,1,12600.0,1260.0,11340.0
2934,5000003494,1000002632,20241022,1,3,12000.0,0.0,36000.0
2935,5000003495,1000002633,20240607,1,3,12000.0,720.0,35280.0
2936,5000003496,1000002634,20240222,1,2,13200.0,2640.0,23760.0
2937,5000003497,1000002634,20240222,2,2,15000.0,1500.0,28500.0
2938,5000003498,1000002635,20250424,1,3,13200.0,792.0,38808.0
2939,5000003499,1000002636,20241209,2,3,15000.0,0.0,45000.0
2940,5000003502,1000002638,20250227,1,2,12000.0,2400.0,21600.0
2941,5000003503,1000002639,20241109,2,3,15750.0,4725.0,42525.0
2942,5000003504,1000002640,20241209,1,1,12000.0,600.0,11400.0
2943,5000003505,1000002641,20240603,1,3,12000.0,3600.0,32400.0
2944,5000003506,1000002642,20240110,2,2,15750.0,0.0,31500.0
2945,5000003507,1000002643,20250727,1,2,12000.0,480.0,23520.0
2946,5000003508,1000002643,20250727,1,1,12600.0,252.0,12348.0
2947,5000003509,1000002644,20240901,2,2,15000.0,600.0,29400.0
2948,5000003510,1000002645,20241226,2,3,15000.0,900.0,44100.0
2949,5000003511,1000002645,20241226,1,3,12000.0,720.0,35280.0
2950,5000003512,1000002646,20250222,2,2,15000.0,1500.0,28500.0
2951,5000003513,1000002647,20240511,1,2,12000.0,1200.0,22800.0
2952,5000003514,1000002648,20241202,1,1,10800.0,216.0,10584.0
2953,5000003515,1000002648,20241202,1,2,12000.0,1200.0,22800.0
2954,5000003516,1000002649,20240717,2,2,16500.0,1650.0,31350.0
2955,5000003517,1000002649,20240717,2,1,15750.0,0.0,15750.0
2956,5000003518,1000002650,20241110,2,1,13500.0,1350.0,12150.0
2957,5000003519,1000002651,20250604,1,3,12600.0,3780.0,34020.0
2958,5000003520,1000002651,20250604,2,2,15000.0,600.0,29400.0
2959,5000003521,1000002652,20250830,1,3,12000.0,3600.0,32400.0
2960,5000003522,1000002653,20250202,1,1,12000.0,600.0,11400.0
2961,5000003523,1000002654,20240406,2,3,15000.0,2250.0,42750.0
2962,5000003524,1000002655,20240126,2,3,15000.0,4500.0,40500.0
2963,5000003525,1000002655,20240126,1,2,13200.0,0.0,26400.0
2964,5000003526,1000002656,20240812,2,3,15000.0,900.0,44100.0
2965,5000003527,1000002657,20250509,1,2,13200.0,1320.0,25080.0
2966,5000003528,1000002658,20240602,1,3,12000.0,720.0,35280.0
2967,5000003529,1000002658,20240602,1,3,12000.0,0.0,36000.0
2968,5000003530,1000002658,20240602,2,1,15000.0,1500.0,13500.0
2969,5000003531,1000002659,20250504,2,3,16500.0,4950.0,44550.0
2970,5000003532,1000002659,20250504,1,3,12000.0,720.0,35280.0
2971,5000003534,1000002661,20250314,1,2,10800.0,432.0,21168.0
2972,5000003535,1000002662,20250419,2,2,13500.0,540.0,26460.0
2973,5000003536,1000002663,20240121,1,1,12000.0,0.0,12000.0
2974,5000003537,1000002664,20240722,2,2,15750.0,3150.0,28350.0
2975,5000003538,1000002665,20250224,2,1,16500.0,1650.0,14850.0
2976,5000003539,1000002666,20240803,2,2,15000.0,0.0,30000.0
2977,5000003540,1000002667,20240202,2,1,13500.0,270.0,13230.0
2978,5000003541,1000002668,20250927,2,2,15000.0,0.0,30000.0
2979,5000003542,1000002668,20250927,2,3,15750.0,0.0,47250.0
2980,5000003543,1000002669,20250103,2,3,16500.0,0.0,49500.0
2981,5000003547,1000002672,20250303,1,3,10800.0,1620.0,30780.0
2982,5000003548,1000002673,20240504,1,1,10800.0,0.0,10800.0
2983,5000003551,1000002675,20240511,2,2,15000.0,1500.0,28500.0
2984,5000003552,1000002676,20250106,2,2,15000.0,600.0,29400.0
2985,5000003553,1000002677,20250504,1,1,12000.0,600.0,11400.0
2986,5000003554,1000002677,20250504,1,2,12000.0,0.0,24000.0
2987,5000003555,1000002678,20240305,1,3,12000.0,720.0,35280.0
2988,5000003556,1000002678,20240305,1,3,10800.0,1620.0,30780.0
2989,5000003557,1000002679,20250427,1,3,12000.0,720.0,35280.0
2990,5000003558,1000002680,20240630,2,1,15000.0,750.0,14250.0
2991,5000003559,1000002681,20250201,2,1,15000.0,0.0,15000.0
2992,5000003560,1000002681,20250201,1,2,12000.0,0.0,24000.0
2993,5000003561,1000002682,20241122,2,1,15750.0,787.5,14962.5
2994,5000003562,1000002683,20240113,1,1,12000.0,1200.0,10800.0
2995,5000003564,1000002685,20250704,2,3,15000.0,0.0,45000.0
2996,5000003569,1000002688,20240403,2,2,16500.0,660.0,32340.0
2997,5000003570,1000002688,20240403,2,2,15000.0,0.0,30000.0
2998,5000003572,1000002690,20240303,2,1,15000.0,750.0,14250.0
2999,5000003573,1000002691,20240305,2,1,15000.0,750.0,14250.0
3000,5000003574,1000002692,20250917,1,3,12000.0,720.0,35280.0
3001,5000003575,1000002692,20250917,1,1,12000.0,240.0,11760.0
3002,5000003576,1000002693,20250831,1,3,12000.0,3600.0,32400.0
3003,5000003577,1000002693,20250831,1,1,12600.0,0.0,12600.0
3004,5000003578,1000002693,20250831,1,2,12000.0,480.0,23520.0
3005,5000003581,1000002695,20250821,2,2,13500.0,1350.0,25650.0
3006,5000003582,1000002696,20250607,2,2,15000.0,0.0,30000.0
3007,5000003585,1000002698,20240704,1,1,12000.0,1200.0,10800.0
3008,5000003586,1000002699,20241208,1,2,12000.0,480.0,23520.0
3009,5000003587,1000002699,20241208,1,3,12000.0,720.0,35280.0
3010,5000003588,1000002700,20240817,2,2,15750.0,0.0,31500.0
3011,5000003589,1000002700,20240817,2,1,15000.0,300.0,14700.0
3012,5000003590,1000002701,20250912,2,3,15000.0,4500.0,40500.0
3013,5000003591,1000002701,20250912,1,2,12600.0,2520.0,22680.0
3014,5000003592,1000002702,20241008,1,1,10800.0,540.0,10260.0
3015,5000003593,1000002703,20241207,2,3,15750.0,2362.5,44887.5
3016,5000003594,1000002704,20240708,2,3,16500.0,990.0,48510.0
3017,5000003595,1000002705,20250720,1,3,12000.0,3600.0,32400.0
3018,5000003596,1000002705,20250720,1,1,10800.0,540.0,10260.0
3019,5000003597,1000002706,20241220,2,1,16500.0,0.0,16500.0
3020,5000003598,1000002706,20241220,1,2,12000.0,480.0,23520.0
3021,5000003599,1000002707,20240404,1,3,12000.0,720.0,35280.0
3022,5000003600,1000002708,20240317,1,3,12000.0,0.0,36000.0
3023,5000003603,1000002710,20250109,1,2,12000.0,2400.0,21600.0
3024,5000003604,1000002711,20241216,1,2,13200.0,2640.0,23760.0
3025,5000003605,1000002712,20250906,2,1,15750.0,315.0,15435.0
3026,5000003606,1000002713,20250831,2,1,15750.0,0.0,15750.0
3027,5000003607,1000002714,20250203,2,1,16500.0,0.0,16500.0
3028,5000003608,1000002715,20240216,1,2,12000.0,2400.0,21600.0
3029,5000003609,1000002715,20240216,2,1,15750.0,1575.0,14175.0
3030,5000003610,1000002716,20250125,1,2,12000.0,480.0,23520.0
3031,5000003611,1000002716,20250125,1,1,12000.0,600.0,11400.0
3032,5000003612,1000002717,20240610,2,3,15000.0,900.0,44100.0
3033,5000003613,1000002717,20240610,1,1,12000.0,0.0,12000.0
3034,5000003614,1000002718,20250522,2,2,16500.0,1650.0,31350.0
3035,5000003615,1000002718,20250522,1,1,12000.0,240.0,11760.0
3036,5000003616,1000002719,20250622,1,1,10800.0,216.0,10584.0
3037,5000003621,1000002722,20241116,1,3,12000.0,0.0,36000.0
3038,5000003622,1000002723,20240915,1,2,12000.0,2400.0,21600.0
3039,5000003624,1000002725,20250816,1,1,12600.0,0.0,12600.0
3040,5000003627,1000002728,20241123,1,2,12000.0,1200.0,22800.0
3041,5000003628,1000002729,20240403,1,3,12000.0,1800.0,34200.0
3042,5000003630,1000002731,20250909,2,2,16500.0,660.0,32340.0
3043,5000003631,1000002732,20250202,1,3,12000.0,0.0,36000.0
3044,5000003632,1000002732,20250202,2,2,15000.0,3000.0,27000.0
3045,5000003633,1000002733,20250117,2,1,15000.0,300.0,14700.0
3046,5000003634,1000002733,20250117,1,3,13200.0,3960.0,35640.0
3047,5000003635,1000002733,20250117,1,3,12000.0,3600.0,32400.0
3048,5000003636,1000002734,20240706,2,3,15000.0,2250.0,42750.0
3049,5000003637,1000002734,20240706,1,3,12600.0,0.0,37800.0
3050,5000003638,1000002735,20250909,2,3,16500.0,4950.0,44550.0
3051,5000003639,1000002736,20250118,1,3,12000.0,0.0,36000.0
3052,5000003640,1000002736,20250118,1,2,12000.0,2400.0,21600.0
3053,5000003641,1000002737,20241014,1,2,10800.0,1080.0,20520.0
3054,5000003642,1000002737,20241014,1,2,12000.0,2400.0,21600.0
3055,5000003643,1000002738,20250223,1,2,12000.0,2400.0,21600.0
3056,5000003644,1000002738,20250223,2,3,16500.0,2475.0,47025.0
3057,5000003645,1000002739,20240710,1,2,12000.0,1200.0,22800.0
3058,5000003646,1000002739,20240710,1,1,10800.0,216.0,10584.0
3059,5000003647,1000002740,20240521,1,2,12600.0,2520.0,22680.0
3060,5000003648,1000002740,20240521,1,2,12000.0,1200.0,22800.0
3061,5000003649,1000002741,20250907,2,1,13500.0,675.0,12825.0
3062,5000003650,1000002741,20250907,2,1,15000.0,0.0,15000.0
3063,5000003651,1000002741,20250907,2,2,16500.0,0.0,33000.0
3064,5000003652,1000002742,20240702,2,3,13500.0,4050.0,36450.0
3065,5000003653,1000002743,20241026,2,3,13500.0,0.0,40500.0
3066,5000003654,1000002744,20250609,2,2,15750.0,630.0,30870.0
3067,5000003655,1000002745,20250326,1,3,12000.0,1800.0,34200.0
3068,5000003656,1000002746,20240114,1,3,12600.0,0.0,37800.0
3069,5000003657,1000002747,20250425,1,3,10800.0,1620.0,30780.0
3070,5000003658,1000002747,20250425,1,3,12000.0,1800.0,34200.0
3071,5000003659,1000002748,20241108,1,1,12000.0,240.0,11760.0
3072,5000003660,1000002748,20241108,1,2,12000.0,0.0,24000.0
3073,5000003664,1000002750,20250801,1,3,10800.0,1620.0,30780.0
3074,5000003665,1000002751,20250808,1,2,13200.0,1320.0,25080.0
3075,5000003666,1000002751,20250808,1,1,12600.0,252.0,12348.0
3076,5000003667,1000002752,20240606,2,3,15000.0,900.0,44100.0
3077,5000003668,1000002752,20240606,1,3,12000.0,3600.0,32400.0
3078,5000003671,1000002754,20241210,1,2,13200.0,528.0,25872.0
3079,5000003672,1000002754,20241210,2,1,15750.0,0.0,15750.0
3080,5000003673,1000002755,20240623,1,1,12600.0,0.0,12600.0
3081,5000003674,1000002756,20240728,2,1,15000.0,750.0,14250.0
3082,5000003675,1000002757,20250328,1,3,12000.0,3600.0,32400.0
3083,5000003676,1000002758,20240623,2,1,15000.0,750.0,14250.0
3084,5000003677,1000002758,20240623,1,2,10800.0,2160.0,19440.0
3085,5000003678,1000002758,20240623,1,1,12000.0,240.0,11760.0
3086,5000003681,1000002760,20250620,2,1,15000.0,0.0,15000.0
3087,5000003682,1000002760,20250620,2,1,15000.0,0.0,15000.0
3088,5000003683,1000002761,20250728,1,3,12600.0,1890.0,35910.0
3089,5000003684,1000002761,20250728,2,2,13500.0,0.0,27000.0
3090,5000003685,1000002762,20250526,1,3,12000.0,720.0,35280.0
3091,5000003686,1000002763,20250411,2,1,15000.0,0.0,15000.0
3092,5000003687,1000002764,20250901,1,2,12000.0,0.0,24000.0
3093,5000003688,1000002765,20240310,1,2,12000.0,2400.0,21600.0
3094,5000003689,1000002766,20250219,1,3,10800.0,648.0,31752.0
3095,5000003690,1000002767,20240615,1,3,12000.0,3600.0,32400.0
3096,5000003691,1000002768,20250411,1,1,10800.0,0.0,10800.0
3097,5000003692,1000002768,20250411,1,2,12000.0,2400.0,21600.0
3098,5000003695,1000002771,20241115,2,3,15000.0,0.0,45000.0
3099,5000003696,1000002772,20240406,1,3,12000.0,720.0,35280.0
3100,5000003697,1000002772,20240406,2,2,15000.0,0.0,30000.0
3101,5000003699,1000002774,20250126,2,2,15000.0,600.0,29400.0
3102,5000003700,1000002774,20250126,2,1,15750.0,787.5,14962.5
3103,5000003701,1000002775,20250410,2,3,15000.0,900.0,44100.0
3104,5000003702,1000002776,20250623,2,3,16500.0,2475.0,47025.0
3105,5000003703,1000002777,20240320,1,2,12000.0,2400.0,21600.0
3106,5000003704,1000002778,20250409,2,3,13500.0,810.0,39690.0
3107,5000003706,1000002780,20250225,1,2,10800.0,0.0,21600.0
3108,5000003707,1000002781,20250615,1,1,13200.0,660.0,12540.0
3109,5000003708,1000002781,20250615,2,3,13500.0,0.0,40500.0
3110,5000003709,1000002782,20250512,1,3,12000.0,3600.0,32400.0
3111,5000003710,1000002782,20250512,1,1,12000.0,1200.0,10800.0
3112,5000003712,1000002784,20250409,1,3,12600.0,1890.0,35910.0
3113,5000003713,1000002785,20241018,1,1,12600.0,630.0,11970.0
3114,5000003714,1000002786,20240815,2,1,15000.0,300.0,14700.0
3115,5000003715,1000002787,20250531,2,1,15000.0,750.0,14250.0
3116,5000003716,1000002788,20250711,2,1,15000.0,300.0,14700.0
3117,5000003717,1000002789,20240114,1,1,13200.0,1320.0,11880.0
3118,5000003718,1000002790,20240712,2,3,15000.0,0.0,45000.0
3119,5000003719,1000002790,20240712,1,2,12000.0,1200.0,22800.0
3120,5000003720,1000002791,20240531,2,1,15000.0,0.0,15000.0
3121,5000003725,1000002794,20250915,1,2,13200.0,1320.0,25080.0
3122,5000003726,1000002795,20250825,2,2,15000.0,0.0,30000.0
3123,5000003727,1000002796,20250108,2,2,15000.0,3000.0,27000.0
3124,5000003728,1000002797,20250317,1,1,13200.0,1320.0,11880.0
3125,5000003729,1000002797,20250317,1,2,12000.0,1200.0,22800.0
3126,5000003730,1000002798,20240428,1,2,12000.0,480.0,23520.0
3127,5000003731,1000002799,20250902,2,1,16500.0,330.0,16170.0
3128,5000003732,1000002800,20240601,1,2,12000.0,2400.0,21600.0
3129,5000003733,1000002801,20241208,1,2,12000.0,1200.0,22800.0
3130,5000003737,1000002803,20250805,1,1,12000.0,0.0,12000.0
3131,5000003738,1000002804,20241005,2,1,16500.0,825.0,15675.0
3132,5000003739,1000002805,20241208,1,1,12000.0,600.0,11400.0
3133,5000003740,1000002806,20240802,1,3,12000.0,0.0,36000.0
3134,5000003747,1000002810,20250511,1,1,12000.0,1200.0,10800.0
3135,5000003749,1000002812,20250216,2,2,13500.0,0.0,27000.0
3136,5000003750,1000002813,20240325,1,2,12000.0,1200.0,22800.0
3137,5000003751,1000002813,20240325,2,1,15000.0,0.0,15000.0
3138,5000003755,1000002815,20240419,2,1,13500.0,675.0,12825.0
3139,5000003756,1000002815,20240419,1,3,12000.0,3600.0,32400.0
3140,5000003757,1000002816,20240807,1,2,10800.0,432.0,21168.0
3141,5000003760,1000002819,20240223,1,2,13200.0,2640.0,23760.0
3142,5000003761,1000002820,20250727,1,3,12000.0,720.0,35280.0
3143,5000003764,1000002822,20241215,1,3,12000.0,720.0,35280.0
3144,5000003765,1000002823,20240324,1,3,10800.0,0.0,32400.0
3145,5000003766,1000002823,20240324,2,2,15000.0,3000.0,27000.0
3146,5000003767,1000002824,20241213,1,1,13200.0,660.0,12540.0
3147,5000003768,1000002824,20241213,2,2,13500.0,540.0,26460.0
3148,5000003769,1000002824,20241213,1,3,12000.0,3600.0,32400.0
3149,5000003770,1000002825,20240715,2,1,15000.0,750.0,14250.0
3150,5000003772,1000002827,20241002,2,3,15000.0,0.0,45000.0
3151,5000003774,1000002829,20250512,2,2,16500.0,0.0,33000.0
3152,5000003775,1000002830,20240917,1,3,10800.0,3240.0,29160.0
3153,5000003776,1000002831,20240912,2,2,15750.0,0.0,31500.0
3154,5000003777,1000002832,20241225,1,1,12000.0,1200.0,10800.0
3155,5000003778,1000002833,20240407,2,1,15000.0,1500.0,13500.0
3156,5000003779,1000002834,20240703,1,2,12000.0,0.0,24000.0
3157,5000003780,1000002834,20240703,2,1,15000.0,300.0,14700.0
3158,5000003781,1000002835,20250226,1,3,13200.0,1980.0,37620.0
3159,5000003782,1000002836,20250926,2,2,15000.0,3000.0,27000.0
3160,5000003783,1000002836,20250926,2,3,15000.0,900.0,44100.0
3161,5000003784,1000002836,20250926,1,3,13200.0,3960.0,35640.0
3162,5000003785,1000002837,20250602,1,1,12000.0,1200.0,10800.0
3163,5000003786,1000002837,20250602,2,3,15750.0,945.0,46305.0
3164,5000003787,1000002837,20250602,2,3,15000.0,4500.0,40500.0
3165,5000003790,1000002840,20241102,2,3,15000.0,4500.0,40500.0
3166,5000003791,1000002841,20250804,1,1,12000.0,1200.0,10800.0
3167,5000003792,1000002842,20250508,2,2,15750.0,3150.0,28350.0
3168,5000003795,1000002844,20250918,2,1,15750.0,1575.0,14175.0
3169,5000003796,1000002845,20240711,2,3,15750.0,0.0,47250.0
3170,5000003797,1000002846,20241008,2,2,15000.0,0.0,30000.0
3171,5000003798,1000002847,20240502,2,1,15000.0,0.0,15000.0
3172,5000003799,1000002848,20250824,1,1,12000.0,0.0,12000.0
3173,5000003800,1000002849,20240224,2,3,15000.0,900.0,44100.0
3174,5000003801,1000002850,20250629,1,3,12000.0,1800.0,34200.0
3175,5000003802,1000002851,20250121,1,3,12000.0,0.0,36000.0
3176,5000003804,1000002853,20250515,2,2,15000.0,3000.0,27000.0
3177,5000003805,1000002854,20250509,1,1,12600.0,0.0,12600.0
3178,5000003806,1000002855,20241218,1,3,10800.0,3240.0,29160.0
3179,5000003807,1000002856,20250627,1,3,12000.0,3600.0,32400.0
3180,5000003808,1000002857,20241004,2,1,15000.0,300.0,14700.0
3181,5000003809,1000002857,20241004,2,3,15000.0,900.0,44100.0
3182,5000003810,1000002857,20241004,1,3,12000.0,0.0,36000.0
3183,5000003811,1000002858,20250920,2,3,15000.0,0.0,45000.0
3184,5000003812,1000002859,20250625,2,2,15000.0,3000.0,27000.0
3185,5000003813,1000002859,20250625,1,2,10800.0,432.0,21168.0
3186,5000003816,1000002861,20240905,2,2,15750.0,3150.0,28350.0
3187,5000003817,1000002861,20240905,2,2,13500.0,1350.0,25650.0
3188,5000003818,1000002862,20250720,1,2,12000.0,1200.0,22800.0
3189,5000003819,1000002862,20250720,2,2,16500.0,660.0,32340.0
3190,5000003820,1000002863,20240528,1,1,12000.0,240.0,11760.0
3191,5000003821,1000002864,20240106,1,3,12000.0,0.0,36000.0
3192,5000003822,1000002865,20241009,1,3,10800.0,648.0,31752.0
3193,5000003823,1000002866,20240821,2,2,15000.0,1500.0,28500.0
3194,5000003824,1000002866,20240821,2,2,15000.0,3000.0,27000.0
3195,5000003825,1000002866,20240821,2,3,13500.0,810.0,39690.0
3196,5000003826,1000002867,20240719,1,3,12000.0,720.0,35280.0
3197,5000003828,1000002869,20240422,1,3,12000.0,0.0,36000.0
3198,5000003829,1000002869,20240422,1,3,12000.0,3600.0,32400.0
3199,5000003831,1000002871,20240222,2,2,15750.0,0.0,31500.0
3200,5000003832,1000002872,20250203,2,2,15750.0,0.0,31500.0
3201,5000003833,1000002872,20250203,1,2,12000.0,2400.0,21600.0
3202,5000003834,1000002873,20250216,2,1,15000.0,0.0,15000.0
3203,5000003835,1000002874,20250906,1,1,12000.0,600.0,11400.0
3204,5000003836,1000002875,20240416,2,2,15750.0,3150.0,28350.0
3205,5000003837,1000002876,20250708,2,1,15000.0,1500.0,13500.0
3206,5000003840,1000002878,20250912,2,1,15000.0,300.0,14700.0
3207,5000003841,1000002878,20250912,1,3,12000.0,720.0,35280.0
3208,5000003842,1000002879,20240929,2,3,15000.0,2250.0,42750.0
3209,5000003843,1000002879,20240929,2,2,15000.0,3000.0,27000.0
3210,5000003844,1000002880,20250714,2,1,16500.0,330.0,16170.0
3211,5000003845,1000002881,20250715,1,3,12000.0,1800.0,34200.0
3212,5000003846,1000002882,20240901,2,2,15000.0,1500.0,28500.0
3213,5000003847,1000002883,20250303,1,3,12600.0,3780.0,34020.0
3214,5000003848,1000002883,20250303,1,2,12000.0,2400.0,21600.0
3215,5000003849,1000002884,20240825,1,1,12000.0,240.0,11760.0
3216,5000003850,1000002884,20240825,2,3,13500.0,4050.0,36450.0
3217,5000003851,1000002885,20250414,2,3,13500.0,2025.0,38475.0
3218,5000003852,1000002886,20240823,1,1,12000.0,1200.0,10800.0
3219,5000003853,1000002886,20240823,2,2,15000.0,0.0,30000.0
3220,5000003854,1000002886,20240823,2,1,15000.0,750.0,14250.0
3221,5000003855,1000002887,20250720,1,2,13200.0,528.0,25872.0
3222,5000003856,1000002888,20250625,2,3,13500.0,2025.0,38475.0
3223,5000003857,1000002889,20250611,1,3,12000.0,1800.0,34200.0
3224,5000003858,1000002890,20240719,1,3,10800.0,1620.0,30780.0
3225,5000003859,1000002891,20250211,2,1,15000.0,1500.0,13500.0
3226,5000003860,1000002891,20250211,1,1,12000.0,600.0,11400.0
3227,5000003861,1000002892,20250806,1,3,12600.0,1890.0,35910.0
3228,5000003862,1000002892,20250806,1,3,12000.0,0.0,36000.0
3229,5000003863,1000002893,20241007,1,3,12600.0,1890.0,35910.0
3230,5000003864,1000002893,20241007,2,3,16500.0,2475.0,47025.0
3231,5000003865,1000002894,20240309,2,3,15750.0,0.0,47250.0
3232,5000003866,1000002895,20250627,2,3,13500.0,4050.0,36450.0
3233,5000003867,1000002896,20250628,2,1,15000.0,1500.0,13500.0
3234,5000003868,1000002897,20240213,1,3,12600.0,0.0,37800.0
3235,5000003869,1000002897,20240213,2,1,15750.0,315.0,15435.0
3236,5000003870,1000002898,20250426,2,1,15750.0,0.0,15750.0
3237,5000003871,1000002898,20250426,2,3,15000.0,4500.0,40500.0
3238,5000003872,1000002899,20240531,2,2,15000.0,3000.0,27000.0
3239,5000003873,1000002900,20240504,1,2,12000.0,480.0,23520.0
3240,5000003874,1000002900,20240504,1,2,10800.0,1080.0,20520.0
3241,5000003875,1000002901,20240702,1,2,10800.0,432.0,21168.0
3242,5000003876,1000002901,20240702,1,3,12600.0,3780.0,34020.0
3243,5000003877,1000002902,20250327,1,2,10800.0,1080.0,20520.0
3244,5000003878,1000002903,20241006,1,2,12600.0,0.0,25200.0
3245,5000003879,1000002904,20250126,2,2,15000.0,600.0,29400.0
3246,5000003880,1000002905,20240412,1,1,13200.0,264.0,12936.0
3247,5000003881,1000002905,20240412,1,1,12000.0,1200.0,10800.0
3248,5000003882,1000002906,20240822,1,2,12600.0,0.0,25200.0
3249,5000003883,1000002906,20240822,2,2,15000.0,1500.0,28500.0
3250,5000003884,1000002907,20240826,1,2,12000.0,0.0,24000.0
3251,5000003885,1000002907,20240826,2,1,15750.0,315.0,15435.0
3252,5000003886,1000002908,20241010,2,2,15000.0,0.0,30000.0
3253,5000003887,1000002909,20250312,2,1,15000.0,0.0,15000.0
3254,5000003888,1000002910,20240910,1,3,13200.0,0.0,39600.0
3255,5000003889,1000002911,20240602,1,3,12000.0,0.0,36000.0
3256,5000003890,1000002912,20241027,1,1,12000.0,600.0,11400.0
3257,5000003892,1000002914,20240314,1,1,10800.0,0.0,10800.0
3258,5000003894,1000002916,20240722,1,2,10800.0,2160.0,19440.0
3259,5000003895,1000002916,20240722,1,2,12000.0,1200.0,22800.0
3260,5000003896,1000002917,20250706,2,3,15000.0,900.0,44100.0
3261,5000003897,1000002917,20250706,1,2,12000.0,0.0,24000.0
3262,5000003898,1000002918,20240129,1,2,12000.0,0.0,24000.0
3263,5000003899,1000002919,20240215,2,1,15000.0,750.0,14250.0
3264,5000003900,1000002920,20250310,2,2,15000.0,3000.0,27000.0
3265,5000003901,1000002921,20240805,1,1,12000.0,600.0,11400.0
3266,5000003902,1000002922,20250222,1,3,12000.0,3600.0,32400.0
3267,5000003903,1000002922,20250222,2,1,15000.0,750.0,14250.0
3268,5000003904,1000002923,20250425,2,2,15000.0,0.0,30000.0
3269,5000003905,1000002923,20250425,2,1,15000.0,0.0,15000.0
3270,5000003906,1000002924,20250611,1,1,13200.0,1320.0,11880.0
3271,5000003907,1000002924,20250611,2,1,13500.0,675.0,12825.0
3272,5000003908,1000002925,20240121,2,2,13500.0,2700.0,24300.0
3273,5000003909,1000002926,20240130,1,3,12000.0,3600.0,32400.0
3274,5000003910,1000002927,20241008,2,3,15000.0,2250.0,42750.0
3275,5000003911,1000002927,20241008,2,2,13500.0,2700.0,24300.0
3276,5000003912,1000002927,20241008,1,2,12600.0,1260.0,23940.0
3277,5000003913,1000002928,20240610,1,1,10800.0,216.0,10584.0
3278,5000003914,1000002928,20240610,1,1,12000.0,240.0,11760.0
3279,5000003915,1000002929,20240312,2,3,15000.0,4500.0,40500.0
3280,5000003917,1000002931,20250131,1,1,13200.0,0.0,13200.0
3281,5000003918,1000002932,20250408,2,1,15000.0,300.0,14700.0
3282,5000003919,1000002933,20250516,2,1,13500.0,1350.0,12150.0
3283,5000003920,1000002933,20250516,1,2,12000.0,0.0,24000.0
3284,5000003921,1000002934,20250402,2,3,15750.0,2362.5,44887.5
3285,5000003922,1000002934,20250402,1,3,10800.0,3240.0,29160.0
3286,5000003924,1000002936,20240515,2,2,15750.0,0.0,31500.0
3287,5000003925,1000002937,20250220,1,1,12600.0,252.0,12348.0
3288,5000003926,1000002938,20241116,2,3,13500.0,810.0,39690.0
3289,5000003927,1000002939,20240902,2,3,15000.0,4500.0,40500.0
3290,5000003928,1000002940,20240926,1,2,10800.0,432.0,21168.0
3291,5000003929,1000002941,20250611,1,1,12000.0,240.0,11760.0
3292,5000003930,1000002942,20240224,1,2,12600.0,504.0,24696.0
3293,5000003931,1000002943,20241004,2,1,15750.0,315.0,15435.0
3294,5000003932,1000002943,20241004,2,1,13500.0,270.0,13230.0
3295,5000003933,1000002944,20240128,2,1,15000.0,1500.0,13500.0
3296,5000003935,1000002946,20240714,1,3,13200.0,1980.0,37620.0
3297,5000003936,1000002947,20250629,2,2,16500.0,660.0,32340.0
3298,5000003937,1000002948,20250121,2,1,13500.0,0.0,13500.0
3299,5000003938,1000002949,20250924,1,1,12000.0,600.0,11400.0
3300,5000003939,1000002949,20250924,1,3,12000.0,0.0,36000.0
3301,5000003940,1000002949,20250924,1,2,12000.0,1200.0,22800.0
3302,5000003941,1000002950,20250624,1,3,12600.0,1890.0,35910.0
3303,5000003942,1000002951,20240807,2,3,15000.0,4500.0,40500.0
3304,5000003943,1000002952,20241030,1,2,12000.0,0.0,24000.0
3305,5000003944,1000002952,20241030,2,3,15000.0,2250.0,42750.0
3306,5000003945,1000002953,20250927,2,2,16500.0,3300.0,29700.0
3307,5000003946,1000002954,20240901,1,1,10800.0,0.0,10800.0
3308,5000003947,1000002955,20240825,1,2,12000.0,1200.0,22800.0
3309,5000003949,1000002957,20240307,2,1,15000.0,0.0,15000.0
3310,5000003950,1000002958,20240909,2,2,15000.0,600.0,29400.0
3311,5000003951,1000002958,20240909,1,1,12000.0,240.0,11760.0
3312,5000003952,1000002959,20250613,1,1,12000.0,600.0,11400.0
3313,5000003953,1000002960,20250830,2,1,15000.0,0.0,15000.0
3314,5000003954,1000002961,20250914,1,3,12000.0,1800.0,34200.0
3315,5000003955,1000002962,20240204,2,2,15000.0,600.0,29400.0
3316,5000003956,1000002963,20240208,1,1,12000.0,240.0,11760.0
3317,5000003957,1000002963,20240208,1,2,12600.0,0.0,25200.0
3318,5000003958,1000002964,20250422,1,1,12600.0,630.0,11970.0
3319,5000003959,1000002965,20250429,1,1,12000.0,600.0,11400.0
3320,5000003960,1000002965,20250429,2,3,13500.0,2025.0,38475.0
3321,5000003961,1000002966,20240109,2,3,15000.0,0.0,45000.0
3322,5000003962,1000002967,20240201,2,1,15000.0,750.0,14250.0
3323,5000003963,1000002968,20250801,2,3,13500.0,810.0,39690.0
3324,5000003966,1000002970,20250922,2,3,15750.0,0.0,47250.0
3325,5000003967,1000002971,20250510,2,1,15000.0,750.0,14250.0
3326,5000003968,1000002972,20250525,1,1,12000.0,1200.0,10800.0
3327,5000003969,1000002973,20250612,2,1,16500.0,825.0,15675.0
3328,5000003970,1000002974,20250205,2,3,15000.0,2250.0,42750.0
3329,5000003971,1000002975,20241114,2,3,15000.0,2250.0,42750.0
3330,5000003972,1000002976,20250628,2,1,15000.0,750.0,14250.0
3331,5000003973,1000002977,20250418,1,1,12000.0,1200.0,10800.0
3332,5000003974,1000002977,20250418,1,1,12000.0,0.0,12000.0
3333,5000003976,1000002979,20240903,1,2,13200.0,2640.0,23760.0
3334,5000003977,1000002980,20240104,1,3,12000.0,1800.0,34200.0
3335,5000003978,1000002981,20250810,2,2,13500.0,2700.0,24300.0
3336,5000003979,1000002982,20240605,1,1,10800.0,216.0,10584.0
3337,5000003980,1000002983,20250916,2,3,16500.0,4950.0,44550.0
3338,5000003981,1000002984,20240618,1,3,12000.0,1800.0,34200.0
3339,5000003986,1000002988,20240214,2,2,15000.0,3000.0,27000.0
3340,5000003988,1000002990,20240706,1,3,12000.0,720.0,35280.0
3341,5000003989,1000002991,20241023,1,3,12000.0,1800.0,34200.0
3342,5000003990,1000002991,20241023,2,2,15750.0,1575.0,29925.0
3343,5000003991,1000002992,20241221,1,2,12000.0,480.0,23520.0
3344,5000003992,1000002992,20241221,1,2,13200.0,2640.0,23760.0
3345,5000003993,1000002993,20241006,2,2,15000.0,0.0,30000.0
3346,5000003994,1000002994,20240521,1,3,12000.0,3600.0,32400.0
3347,5000003996,1000002996,20240508,1,1,10800.0,0.0,10800.0
3348,5000003997,1000002996,20240508,1,2,13200.0,0.0,26400.0
3349,5000003998,1000002997,20240331,2,2,15000.0,0.0,30000.0
3350,5000003999,1000002998,20240306,2,2,15750.0,0.0,31500.0
3351,5000004000,1000002998,20240306,1,3,12000.0,0.0,36000.0
3352,5000004001,1000002999,20240127,2,1,15750.0,315.0,15435.0
3353,5000004002,1000002999,20240127,1,2,12000.0,2400.0,21600.0
3354,5000004003,1000003000,20240914,1,1,12000.0,600.0,11400.0
3355,5000004004,1000003001,20240216,1,1,12000.0,1200.0,10800.0
3356,5000004005,1000003001,20240216,2,3,15000.0,0.0,45000.0
3357,5000004006,1000003002,20240514,2,2,15750.0,630.0,30870.0
3358,5000004007,1000003002,20240514,1,2,12000.0,480.0,23520.0
3359,5000004008,1000003003,20240430,1,3,12000.0,3600.0,32400.0
3360,5000004009,1000003004,20250807,1,1,13200.0,1320.0,11880.0
3361,5000004010,1000003004,20250807,1,2,12000.0,2400.0,21600.0
3362,5000004011,1000003005,20250416,1,3,12000.0,1800.0,34200.0
3363,5000004012,1000003005,20250416,1,2,12000.0,1200.0,22800.0
3364,5000004013,1000003006,20250629,1,2,10800.0,432.0,21168.0
3365,5000004014,1000003006,20250629,1,1,12000.0,600.0,11400.0
3366,5000004015,1000003007,20250121,2,2,13500.0,2700.0,24300.0
3367,5000004016,1000003008,20240922,1,2,10800.0,432.0,21168.0
3368,5000004017,1000003008,20240922,2,3,15000.0,4500.0,40500.0
3369,5000004018,1000003009,20250810,1,1,12000.0,1200.0,10800.0
3370,5000004019,1000003010,20240313,2,1,15750.0,315.0,15435.0
3371,5000004020,1000003011,20250206,1,3,12000.0,1800.0,34200.0
3372,5000004021,1000003012,20240102,1,3,12000.0,3600.0,32400.0
3373,5000004022,1000003013,20250226,2,1,15000.0,0.0,15000.0
3374,5000004023,1000003014,20240510,1,1,12600.0,1260.0,11340.0
3375,5000004024,1000003015,20250425,2,2,16500.0,3300.0,29700.0
3376,5000004025,1000003015,20250425,2,1,15000.0,1500.0,13500.0
3377,5000004026,1000003016,20241217,2,2,15000.0,600.0,29400.0
3378,5000004027,1000003016,20241217,2,1,13500.0,270.0,13230.0
3379,5000004028,1000003016,20241217,1,2,12000.0,0.0,24000.0
3380,5000004029,1000003017,20250314,2,1,15000.0,300.0,14700.0
3381,5000004030,1000003017,20250314,2,2,15750.0,3150.0,28350.0
3382,5000004031,1000003018,20240211,1,3,12600.0,1890.0,35910.0
3383,5000004032,1000003019,20240214,2,2,15750.0,3150.0,28350.0
3384,5000004033,1000003019,20240214,2,2,16500.0,660.0,32340.0
3385,5000004035,1000003021,20250621,2,3,13500.0,2025.0,38475.0
3386,5000004041,1000003024,20240101,1,1,12600.0,252.0,12348.0
3387,5000004042,1000003025,20250416,1,1,12000.0,600.0,11400.0
3388,5000004043,1000003025,20250416,1,1,12600.0,1260.0,11340.0
3389,5000004044,1000003026,20250126,2,1,15000.0,750.0,14250.0
3390,5000004045,1000003027,20240419,2,2,16500.0,0.0,33000.0
3391,5000004047,1000003029,20250425,2,2,15000.0,1500.0,28500.0
3392,5000004048,1000003030,20250531,2,3,16500.0,2475.0,47025.0
3393,5000004049,1000003030,20250531,2,1,15750.0,1575.0,14175.0
3394,5000004050,1000003031,20241211,2,2,15750.0,3150.0,28350.0
3395,5000004051,1000003031,20241211,2,1,13500.0,1350.0,12150.0
3396,5000004052,1000003032,20241026,2,2,15000.0,3000.0,27000.0
3397,5000004053,1000003033,20240509,1,2,10800.0,0.0,21600.0
3398,5000004054,1000003033,20240509,2,3,15000.0,900.0,44100.0
3399,5000004055,1000003034,20240801,1,2,12000.0,1200.0,22800.0
3400,5000004056,1000003034,20240801,2,1,15000.0,1500.0,13500.0
3401,5000004057,1000003035,20241204,1,1,12000.0,0.0,12000.0
3402,5000004058,1000003035,20241204,1,2,12000.0,480.0,23520.0
3403,5000004059,1000003036,20250623,1,2,12000.0,0.0,24000.0
3404,5000004060,1000003036,20250623,2,2,15000.0,1500.0,28500.0
3405,5000004061,1000003037,20250519,1,2,12000.0,0.0,24000.0
3406,5000004062,1000003038,20250322,2,3,15000.0,0.0,45000.0
3407,5000004063,1000003038,20250322,2,1,15750.0,787.5,14962.5
3408,5000004064,1000003038,20250322,2,2,15000.0,3000.0,27000.0
3409,5000004065,1000003039,20250523,2,2,15750.0,1575.0,29925.0
3410,5000004066,1000003040,20250629,2,3,15750.0,945.0,46305.0
3411,5000004067,1000003040,20250629,1,1,12000.0,600.0,11400.0
3412,5000004068,1000003041,20240626,1,3,10800.0,648.0,31752.0
3413,5000004069,1000003042,20240227,1,3,12000.0,1800.0,34200.0
3414,5000004070,1000003043,20250624,1,1,12600.0,252.0,12348.0
3415,5000004071,1000003043,20250624,2,2,15000.0,3000.0,27000.0
3416,5000004072,1000003043,20250624,2,1,15000.0,750.0,14250.0
3417,5000004073,1000003044,20241210,1,3,12600.0,3780.0,34020.0
3418,5000004074,1000003044,20241210,2,1,15000.0,750.0,14250.0
3419,5000004075,1000003044,20241210,2,3,13500.0,4050.0,36450.0
3420,5000004077,1000003046,20240101,2,3,16500.0,990.0,48510.0
3421,5000004078,1000003047,20241024,1,2,13200.0,0.0,26400.0
3422,5000004079,1000003048,20241105,2,3,15000.0,0.0,45000.0
3423,5000004080,1000003049,20240822,1,3,12000.0,720.0,35280.0
3424,5000004081,1000003049,20240822,2,1,15000.0,300.0,14700.0
3425,5000004082,1000003050,20250824,1,2,12600.0,504.0,24696.0
3426,5000004083,1000003051,20250828,2,2,15000.0,1500.0,28500.0
3427,5000004084,1000003051,20250828,2,1,15000.0,300.0,14700.0
3428,5000004085,1000003051,20250828,2,1,15000.0,750.0,14250.0
3429,5000004086,1000003052,20250706,2,1,15000.0,300.0,14700.0
3430,5000004087,1000003053,20250915,1,1,12600.0,252.0,12348.0
3431,5000004088,1000003054,20241209,1,3,10800.0,1620.0,30780.0
3432,5000004089,1000003055,20240914,1,3,12600.0,3780.0,34020.0
3433,5000004090,1000003055,20240914,2,3,15750.0,4725.0,42525.0
3434,5000004091,1000003056,20250408,2,3,15000.0,0.0,45000.0
3435,5000004092,1000003057,20250216,2,2,15000.0,1500.0,28500.0
3436,5000004093,1000003058,20240213,1,1,12000.0,0.0,12000.0
3437,5000004094,1000003059,20240822,1,3,12000.0,720.0,35280.0
3438,5000004095,1000003060,20250906,1,2,12600.0,1260.0,23940.0
3439,5000004096,1000003061,20240212,2,2,15000.0,0.0,30000.0
3440,5000004097,1000003061,20240212,1,1,12000.0,600.0,11400.0
3441,5000004098,1000003062,20250408,1,1,12600.0,1260.0,11340.0
3442,5000004099,1000003062,20250408,1,1,10800.0,540.0,10260.0
3443,5000004100,1000003063,20240124,2,2,15000.0,1500.0,28500.0
3444,5000004101,1000003064,20250904,1,1,13200.0,0.0,13200.0
3445,5000004102,1000003065,20240214,2,3,15000.0,900.0,44100.0
3446,5000004103,1000003066,20240402,2,3,15000.0,0.0,45000.0
3447,5000004104,1000003066,20240402,1,1,12000.0,0.0,12000.0
3448,5000004105,1000003067,20250328,2,3,15000.0,2250.0,42750.0
3449,5000004106,1000003068,20240415,2,2,15000.0,0.0,30000.0
3450,5000004107,1000003068,20240415,2,2,15000.0,0.0,30000.0
3451,5000004108,1000003069,20250218,2,3,15000.0,4500.0,40500.0
3452,5000004109,1000003070,20240830,1,1,10800.0,1080.0,9720.0
3453,5000004110,1000003070,20240830,1,3,10800.0,0.0,32400.0
3454,5000004111,1000003071,20240819,1,2,12000.0,2400.0,21600.0
3455,5000004112,1000003072,20240212,1,2,12600.0,504.0,24696.0
3456,5000004113,1000003073,20240803,1,2,12000.0,1200.0,22800.0
3457,5000004114,1000003073,20240803,1,1,12000.0,0.0,12000.0
3458,5000004116,1000003075,20240605,1,3,12600.0,3780.0,34020.0
3459,5000004117,1000003075,20240605,1,3,12000.0,0.0,36000.0
3460,5000004118,1000003076,20240704,1,2,12000.0,480.0,23520.0
3461,5000004119,1000003076,20240704,1,2,12000.0,0.0,24000.0
3462,5000004120,1000003077,20240915,1,1,12000.0,0.0,12000.0
3463,5000004121,1000003078,20250604,2,3,15000.0,4500.0,40500.0
3464,5000004122,1000003079,20240919,1,2,12000.0,2400.0,21600.0
3465,5000004123,1000003080,20250222,1,1,12000.0,0.0,12000.0
3466,5000004124,1000003081,20250430,2,3,15750.0,2362.5,44887.5
3467,5000004125,1000003082,20241013,2,2,15000.0,1500.0,28500.0
3468,5000004126,1000003082,20241013,2,2,15750.0,3150.0,28350.0
3469,5000004127,1000003082,20241013,1,3,10800.0,1620.0,30780.0
3470,5000004128,1000003083,20241028,1,1,12000.0,0.0,12000.0
3471,5000004131,1000003085,20250815,1,1,12000.0,1200.0,10800.0
3472,5000004132,1000003086,20250919,1,3,12000.0,0.0,36000.0
3473,5000004133,1000003087,20250309,2,1,15750.0,315.0,15435.0
3474,5000004134,1000003088,20250901,1,2,12000.0,480.0,23520.0
3475,5000004136,1000003090,20240315,2,1,15000.0,300.0,14700.0
3476,5000004137,1000003091,20240715,1,1,12000.0,1200.0,10800.0
3477,5000004138,1000003092,20240803,2,2,15750.0,3150.0,28350.0
3478,5000004139,1000003093,20240315,1,3,12000.0,720.0,35280.0
3479,5000004140,1000003094,20240826,2,1,15000.0,300.0,14700.0
3480,5000004141,1000003094,20240826,1,3,12000.0,720.0,35280.0
3481,5000004142,1000003095,20250725,1,1,12600.0,0.0,12600.0
3482,5000004143,1000003096,20250419,2,3,15000.0,4500.0,40500.0
3483,5000004144,1000003097,20240905,1,1,12000.0,240.0,11760.0
3484,5000004145,1000003098,20250301,2,3,15750.0,0.0,47250.0
3485,5000004146,1000003099,20250124,2,3,15000.0,0.0,45000.0
3486,5000004147,1000003100,20250322,2,2,15000.0,1500.0,28500.0
3487,5000004148,1000003101,20240410,2,3,15000.0,4500.0,40500.0
3488,5000004149,1000003102,20240609,2,2,13500.0,2700.0,24300.0
3489,5000004150,1000003103,20250910,2,1,13500.0,270.0,13230.0
3490,5000004151,1000003103,20250910,2,3,15000.0,2250.0,42750.0
3491,5000004152,1000003103,20250910,2,1,15750.0,315.0,15435.0
3492,5000004153,1000003104,20240830,1,1,12000.0,1200.0,10800.0
3493,5000004154,1000003105,20250116,2,1,15000.0,0.0,15000.0
3494,5000004155,1000003106,20240820,1,1,13200.0,660.0,12540.0
3495,5000004156,1000003107,20250720,2,3,13500.0,0.0,40500.0
3496,5000004157,1000003107,20250720,1,3,12000.0,1800.0,34200.0
3497,5000004158,1000003108,20240629,1,1,12000.0,240.0,11760.0
3498,5000004159,1000003109,20240812,2,2,15000.0,0.0,30000.0
3499,5000004160,1000003110,20240716,2,3,15000.0,2250.0,42750.0
3500,5000004161,1000003111,20240607,1,1,12000.0,1200.0,10800.0
3501,5000004162,1000003111,20240607,1,1,12000.0,1200.0,10800.0
3502,5000004163,1000003112,20250202,1,2,13200.0,1320.0,25080.0
3503,5000004164,1000003113,20250324,1,1,12000.0,1200.0,10800.0
3504,5000004165,1000003114,20240415,2,2,13500.0,1350.0,25650.0
3505,5000004166,1000003115,20240810,1,1,12000.0,1200.0,10800.0
3506,5000004167,1000003115,20240810,1,2,12000.0,1200.0,22800.0
3507,5000004168,1000003116,20240512,2,3,15000.0,0.0,45000.0
3508,5000004169,1000003117,20240118,2,3,15000.0,2250.0,42750.0
3509,5000004170,1000003117,20240118,1,2,13200.0,2640.0,23760.0
3510,5000004171,1000003118,20240830,2,3,15000.0,4500.0,40500.0
3511,5000004172,1000003119,20240212,1,2,12000.0,2400.0,21600.0
3512,5000004174,1000003121,20241108,1,1,12000.0,0.0,12000.0
3513,5000004175,1000003122,20240401,1,2,12000.0,0.0,24000.0
3514,5000004176,1000003123,20250419,2,1,13500.0,1350.0,12150.0
3515,5000004177,1000003123,20250419,2,3,15000.0,2250.0,42750.0
3516,5000004178,1000003124,20240607,1,2,10800.0,432.0,21168.0
3517,5000004179,1000003125,20250319,1,1,10800.0,1080.0,9720.0
3518,5000004180,1000003126,20241111,1,1,12000.0,0.0,12000.0
3519,5000004181,1000003126,20241111,1,3,12000.0,720.0,35280.0
3520,5000004182,1000003126,20241111,2,3,15000.0,2250.0,42750.0
3521,5000004183,1000003127,20250210,2,1,15000.0,1500.0,13500.0
3522,5000004184,1000003127,20250210,2,1,13500.0,270.0,13230.0
3523,5000004185,1000003128,20250912,1,2,13200.0,2640.0,23760.0
3524,5000004186,1000003128,20250912,1,3,12000.0,1800.0,34200.0
3525,5000004187,1000003129,20250507,1,2,12000.0,2400.0,21600.0
3526,5000004188,1000003130,20240202,2,1,15750.0,0.0,15750.0
3527,5000004189,1000003131,20241203,1,1,12000.0,600.0,11400.0
3528,5000004190,1000003131,20241203,1,2,13200.0,528.0,25872.0
3529,5000004191,1000003132,20240827,1,1,10800.0,1080.0,9720.0
3530,5000004195,1000003134,20240610,1,1,10800.0,0.0,10800.0
3531,5000004196,1000003135,20240204,1,1,12000.0,240.0,11760.0
3532,5000004197,1000003135,20240204,2,2,13500.0,1350.0,25650.0
3533,5000004198,1000003135,20240204,2,1,15000.0,1500.0,13500.0
3534,5000004199,1000003136,20240824,1,3,10800.0,648.0,31752.0
3535,5000004200,1000003137,20250624,1,2,12000.0,2400.0,21600.0
3536,5000004201,1000003138,20250531,1,2,12600.0,504.0,24696.0
3537,5000004202,1000003139,20240724,1,2,13200.0,0.0,26400.0
3538,5000004203,1000003140,20241218,2,1,15000.0,0.0,15000.0
3539,5000004205,1000003142,20240915,1,1,12600.0,630.0,11970.0
3540,5000004206,1000003143,20250914,1,1,12000.0,1200.0,10800.0
3541,5000004207,1000003144,20240913,1,1,12000.0,600.0,11400.0
3542,5000004208,1000003144,20240913,2,2,16500.0,0.0,33000.0
3543,5000004209,1000003145,20240213,2,1,13500.0,1350.0,12150.0
3544,5000004210,1000003145,20240213,2,2,15750.0,3150.0,28350.0
3545,5000004211,1000003146,20250602,1,3,12600.0,756.0,37044.0
3546,5000004212,1000003146,20250602,1,1,12000.0,240.0,11760.0
3547,5000004213,1000003146,20250602,1,1,12000.0,240.0,11760.0
3548,5000004218,1000003149,20240925,2,3,15000.0,4500.0,40500.0
3549,5000004219,1000003150,20250731,2,1,16500.0,0.0,16500.0
3550,5000004222,1000003153,20250423,1,2,12000.0,1200.0,22800.0
3551,5000004223,1000003154,20240807,1,2,12600.0,0.0,25200.0
3552,5000004224,1000003155,20250603,1,1,12000.0,0.0,12000.0
3553,5000004225,1000003156,20250324,1,1,12000.0,240.0,11760.0
3554,5000004226,1000003157,20240915,1,2,12600.0,504.0,24696.0
3555,5000004227,1000003158,20240222,1,3,12000.0,720.0,35280.0
3556,5000004230,1000003160,20240717,1,2,12000.0,1200.0,22800.0
3557,5000004231,1000003161,20250616,2,2,13500.0,1350.0,25650.0
3558,5000004233,1000003163,20240530,1,1,12000.0,240.0,11760.0
3559,5000004234,1000003164,20250304,1,3,13200.0,792.0,38808.0
3560,5000004235,1000003164,20250304,1,3,10800.0,1620.0,30780.0
3561,5000004237,1000003166,20250712,2,2,15000.0,1500.0,28500.0
3562,5000004238,1000003166,20250712,1,2,12000.0,0.0,24000.0
3563,5000004239,1000003167,20250413,2,3,15000.0,900.0,44100.0
3564,5000004240,1000003168,20240618,1,2,12000.0,2400.0,21600.0
3565,5000004241,1000003169,20250520,2,2,15000.0,1500.0,28500.0
3566,5000004242,1000003170,20240515,1,2,12000.0,1200.0,22800.0
3567,5000004248,1000003175,20240914,2,3,13500.0,4050.0,36450.0
3568,5000004249,1000003176,20250804,1,2,12000.0,0.0,24000.0
3569,5000004250,1000003177,20250822,1,2,10800.0,0.0,21600.0
3570,5000004251,1000003178,20241007,1,3,10800.0,3240.0,29160.0
3571,5000004252,1000003179,20250213,1,3,12000.0,1800.0,34200.0
3572,5000004253,1000003180,20240803,2,2,15000.0,0.0,30000.0
3573,5000004254,1000003181,20250706,1,2,10800.0,1080.0,20520.0
3574,5000004255,1000003182,20250622,1,3,13200.0,792.0,38808.0
3575,5000004256,1000003182,20250622,1,2,12000.0,480.0,23520.0
3576,5000004257,1000003183,20241109,2,2,16500.0,1650.0,31350.0
3577,5000004260,1000003185,20250714,1,1,12000.0,600.0,11400.0
3578,5000004261,1000003186,20241016,1,3,12000.0,720.0,35280.0
3579,5000004265,1000003189,20250613,1,2,12600.0,1260.0,23940.0
3580,5000004266,1000003189,20250613,2,2,16500.0,0.0,33000.0
3581,5000004267,1000003190,20250419,2,3,16500.0,4950.0,44550.0
3582,5000004268,1000003191,20240814,2,3,15000.0,2250.0,42750.0
3583,5000004269,1000003191,20240814,2,3,15000.0,4500.0,40500.0
3584,5000004270,1000003192,20250313,2,3,15000.0,900.0,44100.0
3585,5000004271,1000003193,20240819,1,2,12600.0,504.0,24696.0
3586,5000004272,1000003193,20240819,2,2,15750.0,0.0,31500.0
3587,5000004273,1000003194,20240719,2,2,15000.0,600.0,29400.0
3588,5000004274,1000003195,20240131,1,2,12000.0,2400.0,21600.0
3589,5000004275,1000003196,20241029,2,2,15000.0,3000.0,27000.0
3590,5000004276,1000003196,20241029,2,3,13500.0,0.0,40500.0
3591,5000004277,1000003197,20241002,2,2,15000.0,1500.0,28500.0
3592,5000004278,1000003197,20241002,1,2,10800.0,2160.0,19440.0
3593,5000004279,1000003198,20250616,1,1,12600.0,0.0,12600.0
3594,5000004280,1000003199,20240525,1,2,12000.0,480.0,23520.0
3595,5000004281,1000003200,20240821,2,3,15000.0,4500.0,40500.0
3596,5000004282,1000003200,20240821,2,1,15000.0,1500.0,13500.0
3597,5000004284,1000003202,20250220,1,2,12600.0,0.0,25200.0
3598,5000004285,1000003203,20250613,2,1,15000.0,750.0,14250.0
3599,5000004286,1000003203,20250613,1,2,12000.0,2400.0,21600.0
3600,5000004287,1000003204,20240724,2,1,15000.0,1500.0,13500.0
3601,5000004288,1000003205,20240813,2,2,16500.0,660.0,32340.0
3602,5000004289,1000003206,20250601,2,3,13500.0,810.0,39690.0
3603,5000004291,1000003208,20240313,2,3,15000.0,2250.0,42750.0
3604,5000004292,1000003208,20240313,1,3,12000.0,0.0,36000.0
3605,5000004293,1000003209,20250902,1,3,10800.0,1620.0,30780.0
3606,5000004294,1000003210,20250817,2,3,15000.0,4500.0,40500.0
3607,5000004295,1000003211,20250914,2,3,15000.0,2250.0,42750.0
3608,5000004296,1000003211,20250914,2,2,13500.0,1350.0,25650.0
3609,5000004297,1000003212,20240607,1,3,12000.0,3600.0,32400.0
3610,5000004298,1000003213,20250213,1,1,12000.0,0.0,12000.0
3611,5000004299,1000003213,20250213,2,1,15000.0,0.0,15000.0
3612,5000004300,1000003214,20241212,1,1,12000.0,240.0,11760.0
3613,5000004301,1000003215,20240204,2,3,15000.0,4500.0,40500.0
3614,5000004302,1000003216,20250716,1,1,12000.0,600.0,11400.0
3615,5000004303,1000003217,20240102,1,3,12000.0,0.0,36000.0
3616,5000004305,1000003219,20240711,2,2,15000.0,1500.0,28500.0
3617,5000004306,1000003220,20250815,2,2,15000.0,600.0,29400.0
3618,5000004307,1000003220,20250815,1,1,12000.0,1200.0,10800.0
3619,5000004308,1000003220,20250815,1,3,10800.0,1620.0,30780.0
3620,5000004312,1000003223,20240520,1,2,12000.0,2400.0,21600.0
3621,5000004313,1000003224,20250626,1,1,12000.0,240.0,11760.0
3622,5000004314,1000003225,20250302,1,2,12000.0,2400.0,21600.0
3623,5000004315,1000003226,20240807,1,3,12000.0,0.0,36000.0
3624,5000004316,1000003227,20250207,2,2,15000.0,1500.0,28500.0
3625,5000004317,1000003228,20250223,1,2,12000.0,0.0,24000.0
3626,5000004318,1000003229,20240411,1,3,10800.0,0.0,32400.0
3627,5000004321,1000003232,20240417,2,3,16500.0,4950.0,44550.0
3628,5000004322,1000003233,20250901,2,3,15000.0,0.0,45000.0
3629,5000004323,1000003233,20250901,1,2,12000.0,0.0,24000.0
3630,5000004324,1000003234,20250302,1,2,12000.0,1200.0,22800.0
3631,5000004325,1000003235,20250128,1,1,10800.0,540.0,10260.0
3632,5000004326,1000003236,20240825,2,1,15000.0,750.0,14250.0
3633,5000004327,1000003237,20240913,1,1,12000.0,0.0,12000.0
3634,5000004328,1000003238,20240429,1,2,12000.0,0.0,24000.0
3635,5000004329,1000003239,20240225,1,2,12600.0,2520.0,22680.0
3636,5000004330,1000003240,20240706,1,3,12000.0,1800.0,34200.0
3637,5000004331,1000003241,20240926,2,3,15000.0,4500.0,40500.0
3638,5000004332,1000003242,20240721,2,3,15000.0,0.0,45000.0
3639,5000004334,1000003244,20250703,1,3,12600.0,0.0,37800.0
3640,5000004335,1000003245,20250318,1,1,12000.0,600.0,11400.0
3641,5000004336,1000003246,20240121,1,3,13200.0,1980.0,37620.0
3642,5000004337,1000003247,20240606,1,2,12000.0,1200.0,22800.0
3643,5000004338,1000003248,20250420,2,2,15000.0,600.0,29400.0
3644,5000004339,1000003249,20250522,2,2,15000.0,600.0,29400.0
3645,5000004340,1000003250,20241125,1,1,12000.0,0.0,12000.0
3646,5000004343,1000003252,20240506,1,1,12000.0,0.0,12000.0
3647,5000004344,1000003253,20240125,1,2,12000.0,1200.0,22800.0
3648,5000004345,1000003254,20250828,2,3,15750.0,0.0,47250.0
3649,5000004347,1000003256,20240504,2,2,13500.0,2700.0,24300.0
3650,5000004348,1000003256,20240504,1,3,12000.0,720.0,35280.0
3651,5000004349,1000003257,20250521,1,3,13200.0,792.0,38808.0
3652,5000004351,1000003259,20250218,1,2,10800.0,2160.0,19440.0
3653,5000004352,1000003260,20240227,2,2,13500.0,540.0,26460.0
3654,5000004353,1000003260,20240227,2,1,13500.0,0.0,13500.0
3655,5000004354,1000003261,20250913,2,2,15750.0,3150.0,28350.0
3656,5000004355,1000003261,20250913,1,3,10800.0,0.0,32400.0
3657,5000004356,1000003262,20240404,2,1,16500.0,825.0,15675.0
3658,5000004357,1000003263,20240608,2,3,16500.0,4950.0,44550.0
3659,5000004358,1000003264,20240418,1,1,12000.0,0.0,12000.0
3660,5000004359,1000003265,20240514,1,2,10800.0,0.0,21600.0
3661,5000004360,1000003266,20250807,1,1,13200.0,1320.0,11880.0
3662,5000004361,1000003266,20250807,2,1,16500.0,825.0,15675.0
3663,5000004362,1000003267,20250819,2,1,15000.0,750.0,14250.0
3664,5000004363,1000003267,20250819,2,3,15000.0,0.0,45000.0
3665,5000004364,1000003268,20240423,2,1,16500.0,825.0,15675.0
3666,5000004365,1000003269,20250824,1,3,10800.0,1620.0,30780.0
3667,5000004366,1000003269,20250824,1,2,12000.0,1200.0,22800.0
3668,5000004367,1000003269,20250824,1,3,12000.0,1800.0,34200.0
3669,5000004368,1000003270,20250709,1,2,12000.0,480.0,23520.0
3670,5000004369,1000003271,20241024,2,2,15000.0,600.0,29400.0
3671,5000004370,1000003272,20241231,2,3,15750.0,2362.5,44887.5
3672,5000004371,1000003273,20240417,1,3,12000.0,720.0,35280.0
3673,5000004372,1000003274,20250708,2,3,15000.0,900.0,44100.0
3674,5000004373,1000003275,20250704,2,2,13500.0,2700.0,24300.0
3675,5000004374,1000003275,20250704,2,3,15750.0,2362.5,44887.5
3676,5000004375,1000003276,20250325,1,1,10800.0,0.0,10800.0
3677,5000004376,1000003277,20250423,1,3,12000.0,1800.0,34200.0
3678,5000004377,1000003278,20250601,1,3,10800.0,648.0,31752.0
3679,5000004378,1000003279,20250929,1,2,12600.0,2520.0,22680.0
3680,5000004379,1000003279,20250929,1,1,12000.0,0.0,12000.0
3681,5000004380,1000003280,20240429,1,1,12000.0,600.0,11400.0
3682,5000004381,1000003280,20240429,2,3,15000.0,2250.0,42750.0
3683,5000004382,1000003281,20250115,1,2,12000.0,2400.0,21600.0
3684,5000004383,1000003282,20241023,2,2,13500.0,0.0,27000.0
3685,5000004384,1000003283,20241229,1,2,13200.0,528.0,25872.0
3686,5000004385,1000003283,20241229,2,1,15750.0,0.0,15750.0
3687,5000004386,1000003284,20241108,2,2,13500.0,1350.0,25650.0
3688,5000004387,1000003284,20241108,1,1,12600.0,252.0,12348.0
3689,5000004388,1000003284,20241108,1,2,12000.0,2400.0,21600.0
3690,5000004389,1000003285,20240508,2,2,15000.0,3000.0,27000.0
3691,5000004390,1000003286,20240619,1,2,12000.0,1200.0,22800.0
3692,5000004391,1000003287,20241221,1,2,12600.0,2520.0,22680.0
3693,5000004392,1000003287,20241221,1,3,12000.0,720.0,35280.0
3694,5000004393,1000003288,20250915,2,3,15000.0,0.0,45000.0
3695,5000004394,1000003289,20250811,1,1,12000.0,1200.0,10800.0
3696,5000004395,1000003290,20240923,1,3,12000.0,1800.0,34200.0
3697,5000004396,1000003291,20250623,2,2,13500.0,540.0,26460.0
3698,5000004397,1000003292,20240318,1,1,12000.0,1200.0,10800.0
3699,5000004398,1000003293,20240605,2,3,13500.0,2025.0,38475.0
3700,5000004399,1000003293,20240605,2,3,15000.0,0.0,45000.0
3701,5000004400,1000003294,20250317,2,1,15000.0,0.0,15000.0
3702,5000004401,1000003295,20241126,2,3,15000.0,4500.0,40500.0
3703,5000004402,1000003295,20241126,1,2,12000.0,480.0,23520.0
3704,5000004403,1000003296,20240830,2,1,15000.0,750.0,14250.0
3705,5000004404,1000003297,20240101,1,3,12000.0,1800.0,34200.0
3706,5000004405,1000003297,20240101,2,1,15750.0,787.5,14962.5
3707,5000004406,1000003298,20240719,2,2,15000.0,0.0,30000.0
3708,5000004407,1000003298,20240719,1,3,10800.0,1620.0,30780.0
3709,5000004408,1000003299,20250709,2,1,16500.0,0.0,16500.0
3710,5000004409,1000003300,20240331,2,3,15000.0,900.0,44100.0
3711,5000004410,1000003300,20240331,2,2,16500.0,0.0,33000.0
3712,5000004411,1000003301,20240318,1,1,12000.0,1200.0,10800.0
3713,5000004412,1000003302,20241001,1,3,12000.0,720.0,35280.0
3714,5000004413,1000003303,20240109,2,2,16500.0,660.0,32340.0
3715,5000004414,1000003303,20240109,2,3,15000.0,2250.0,42750.0
3716,5000004415,1000003304,20250706,1,1,12000.0,0.0,12000.0
3717,5000004416,1000003305,20250708,1,1,10800.0,216.0,10584.0
3718,5000004417,1000003305,20250708,2,1,15000.0,300.0,14700.0
3719,5000004418,1000003306,20240405,2,3,15000.0,2250.0,42750.0
3720,5000004419,1000003307,20250919,2,1,15000.0,750.0,14250.0
3721,5000004420,1000003307,20250919,1,1,12000.0,600.0,11400.0
3722,5000004424,1000003309,20250113,1,3,12000.0,0.0,36000.0
3723,5000004425,1000003310,20240701,2,3,13500.0,4050.0,36450.0
3724,5000004426,1000003311,20250403,1,1,13200.0,1320.0,11880.0
3725,5000004427,1000003312,20250215,2,2,15000.0,0.0,30000.0
3726,5000004429,1000003314,20240721,1,1,12000.0,240.0,11760.0
3727,5000004433,1000003316,20250724,2,3,16500.0,2475.0,47025.0
3728,5000004434,1000003317,20250730,1,3,12000.0,3600.0,32400.0
3729,5000004435,1000003318,20241021,2,3,15000.0,4500.0,40500.0
3730,5000004436,1000003319,20250121,1,1,12000.0,600.0,11400.0
3731,5000004437,1000003319,20250121,1,1,12600.0,0.0,12600.0
3732,5000004438,1000003320,20241221,2,1,16500.0,825.0,15675.0
3733,5000004440,1000003322,20240325,1,2,12000.0,0.0,24000.0
3734,5000004441,1000003323,20250915,1,2,12000.0,2400.0,21600.0
3735,5000004442,1000003324,20250930,1,3,12000.0,0.0,36000.0
3736,5000004443,1000003324,20250930,2,2,15000.0,1500.0,28500.0
3737,5000004444,1000003325,20240705,2,2,15000.0,3000.0,27000.0
3738,5000004445,1000003326,20241117,1,1,12000.0,600.0,11400.0
3739,5000004446,1000003326,20241117,1,3,12000.0,3600.0,32400.0
3740,5000004447,1000003327,20240906,2,1,15000.0,750.0,14250.0
3741,5000004448,1000003328,20250614,2,2,16500.0,3300.0,29700.0
3742,5000004449,1000003329,20250225,1,1,12000.0,1200.0,10800.0
3743,5000004450,1000003329,20250225,2,1,15750.0,1575.0,14175.0
3744,5000004451,1000003330,20240329,1,1,12000.0,240.0,11760.0
3745,5000004452,1000003330,20240329,2,1,15750.0,315.0,15435.0
3746,5000004453,1000003330,20240329,1,2,12000.0,480.0,23520.0
3747,5000004458,1000003333,20250702,1,3,10800.0,0.0,32400.0
3748,5000004460,1000003335,20250602,1,3,12000.0,0.0,36000.0
3749,5000004461,1000003336,20250331,2,2,15000.0,3000.0,27000.0
3750,5000004462,1000003336,20250331,1,2,10800.0,432.0,21168.0
3751,5000004463,1000003337,20241216,1,2,13200.0,0.0,26400.0
3752,5000004464,1000003338,20240628,2,3,15000.0,900.0,44100.0
3753,5000004465,1000003339,20240303,1,3,13200.0,1980.0,37620.0
3754,5000004466,1000003340,20241204,2,3,15000.0,2250.0,42750.0
3755,5000004467,1000003340,20241204,2,3,16500.0,2475.0,47025.0
3756,5000004468,1000003341,20240409,2,1,15750.0,787.5,14962.5
3757,5000004469,1000003342,20250607,1,1,12000.0,600.0,11400.0
3758,5000004470,1000003342,20250607,2,1,15000.0,1500.0,13500.0
3759,5000004471,1000003343,20250919,2,3,15000.0,4500.0,40500.0
3760,5000004472,1000003344,20240214,1,1,12000.0,240.0,11760.0
3761,5000004473,1000003345,20240216,2,3,15000.0,2250.0,42750.0
3762,5000004474,1000003345,20240216,2,3,15000.0,4500.0,40500.0
3763,5000004476,1000003347,20250804,2,3,15000.0,4500.0,40500.0
3764,5000004477,1000003347,20250804,2,2,15000.0,0.0,30000.0
3765,5000004478,1000003348,20241117,1,1,12600.0,0.0,12600.0
3766,5000004479,1000003349,20240216,1,1,12000.0,0.0,12000.0
3767,5000004480,1000003350,20240801,1,1,12000.0,600.0,11400.0
3768,5000004481,1000003350,20240801,2,2,16500.0,1650.0,31350.0
3769,5000004482,1000003351,20250821,1,3,12000.0,1800.0,34200.0
3770,5000004483,1000003352,20240226,2,2,15000.0,600.0,29400.0
3771,5000004484,1000003352,20240226,1,1,12000.0,600.0,11400.0
3772,5000004485,1000003353,20240821,2,1,15000.0,1500.0,13500.0
3773,5000004486,1000003354,20250718,2,1,15750.0,0.0,15750.0
3774,5000004487,1000003354,20250718,2,1,16500.0,1650.0,14850.0
3775,5000004488,1000003355,20250416,2,3,15000.0,900.0,44100.0
3776,5000004489,1000003356,20240710,1,1,12000.0,240.0,11760.0
3777,5000004490,1000003356,20240710,1,1,12000.0,1200.0,10800.0
3778,5000004491,1000003357,20250329,2,1,15000.0,300.0,14700.0
3779,5000004492,1000003358,20240716,1,3,12600.0,0.0,37800.0
3780,5000004493,1000003359,20250411,1,2,12000.0,480.0,23520.0
3781,5000004494,1000003359,20250411,1,3,12600.0,0.0,37800.0
3782,5000004495,1000003360,20250509,2,1,15000.0,300.0,14700.0
3783,5000004496,1000003361,20240317,2,1,15000.0,750.0,14250.0
3784,5000004497,1000003361,20240317,1,1,12000.0,240.0,11760.0
3785,5000004498,1000003362,20250915,1,1,12000.0,240.0,11760.0
3786,5000004499,1000003362,20250915,2,2,15000.0,0.0,30000.0
3787,5000004500,1000003363,20250927,2,2,15000.0,600.0,29400.0
3788,5000004501,1000003364,20240318,1,2,12000.0,1200.0,22800.0
3789,5000004503,1000003366,20250517,1,2,12000.0,480.0,23520.0
3790,5000004504,1000003367,20240822,1,3,12000.0,1800.0,34200.0
3791,5000004505,1000003368,20250317,2,3,15000.0,0.0,45000.0
3792,5000004506,1000003368,20250317,2,3,15000.0,2250.0,42750.0
3793,5000004507,1000003369,20240602,1,1,10800.0,1080.0,9720.0
3794,5000004509,1000003371,20241024,2,3,15000.0,0.0,45000.0
3795,5000004510,1000003372,20250831,2,1,15750.0,0.0,15750.0
3796,5000004511,1000003373,20240109,1,1,12000.0,600.0,11400.0
3797,5000004512,1000003373,20240109,1,2,12000.0,2400.0,21600.0
3798,5000004513,1000003374,20250912,2,3,15000.0,900.0,44100.0
3799,5000004514,1000003375,20240207,2,2,13500.0,540.0,26460.0
3800,5000004515,1000003375,20240207,1,1,12600.0,630.0,11970.0
3801,5000004516,1000003376,20250718,1,1,12600.0,1260.0,11340.0
3802,5000004517,1000003376,20250718,1,1,12000.0,0.0,12000.0
3803,5000004520,1000003379,20240529,2,2,15750.0,0.0,31500.0
3804,5000004521,1000003379,20240529,1,3,12000.0,1800.0,34200.0
3805,5000004522,1000003380,20240116,1,3,12000.0,1800.0,34200.0
3806,5000004523,1000003381,20240827,2,1,15000.0,0.0,15000.0
3807,5000004524,1000003382,20240522,2,2,15750.0,1575.0,29925.0
3808,5000004525,1000003382,20240522,2,1,15000.0,300.0,14700.0
3809,5000004526,1000003383,20250728,2,2,15000.0,3000.0,27000.0
3810,5000004528,1000003385,20241030,2,3,15000.0,0.0,45000.0
3811,5000004529,1000003386,20250516,2,3,15000.0,900.0,44100.0
3812,5000004530,1000003387,20240808,1,1,12000.0,0.0,12000.0
3813,5000004531,1000003387,20240808,1,3,12000.0,720.0,35280.0
3814,5000004532,1000003388,20250829,1,3,12000.0,720.0,35280.0
3815,5000004533,1000003388,20250829,1,1,12000.0,1200.0,10800.0
3816,5000004534,1000003389,20240308,2,1,15000.0,1500.0,13500.0
3817,5000004535,1000003390,20240223,1,2,12600.0,1260.0,23940.0
3818,5000004536,1000003391,20241205,1,3,12600.0,3780.0,34020.0
3819,5000004537,1000003391,20241205,1,3,12000.0,720.0,35280.0
3820,5000004539,1000003393,20240609,1,1,12000.0,240.0,11760.0
3821,5000004540,1000003393,20240609,1,1,12000.0,0.0,12000.0
3822,5000004541,1000003394,20250407,2,1,15000.0,0.0,15000.0
3823,5000004542,1000003394,20250407,1,1,12000.0,600.0,11400.0
3824,5000004543,1000003395,20250514,1,3,10800.0,3240.0,29160.0
3825,5000004544,1000003395,20250514,1,2,12000.0,480.0,23520.0
3826,5000004545,1000003396,20250828,1,3,12600.0,1890.0,35910.0
3827,5000004546,1000003397,20250524,2,2,15750.0,3150.0,28350.0
3828,5000004548,1000003399,20250414,1,3,10800.0,0.0,32400.0
3829,5000004549,1000003399,20250414,2,2,15000.0,600.0,29400.0
3830,5000004551,1000003401,20250411,2,2,15000.0,3000.0,27000.0
3831,5000004552,1000003401,20250411,1,3,12000.0,3600.0,32400.0
3832,5000004553,1000003402,20250620,1,2,12000.0,480.0,23520.0
3833,5000004554,1000003403,20240325,1,3,10800.0,3240.0,29160.0
3834,5000004555,1000003403,20240325,2,2,15750.0,1575.0,29925.0
3835,5000004556,1000003404,20250416,2,1,15000.0,750.0,14250.0
3836,5000004557,1000003404,20250416,2,2,16500.0,0.0,33000.0
3837,5000004558,1000003404,20250416,1,3,12000.0,0.0,36000.0
3838,5000004559,1000003405,20240106,1,1,12000.0,1200.0,10800.0
3839,5000004560,1000003406,20250726,1,2,13200.0,528.0,25872.0
3840,5000004561,1000003406,20250726,2,2,15000.0,600.0,29400.0
3841,5000004562,1000003407,20250125,1,2,12000.0,480.0,23520.0
3842,5000004563,1000003408,20241130,2,2,16500.0,1650.0,31350.0
3843,5000004564,1000003409,20240131,1,3,10800.0,1620.0,30780.0
3844,5000004565,1000003410,20240707,2,3,15000.0,4500.0,40500.0
3845,5000004566,1000003411,20240407,2,2,16500.0,0.0,33000.0
3846,5000004567,1000003412,20240204,2,1,15000.0,300.0,14700.0
3847,5000004568,1000003413,20240531,1,1,12000.0,240.0,11760.0
3848,5000004570,1000003415,20240922,1,2,13200.0,0.0,26400.0
3849,5000004573,1000003418,20240313,1,1,12000.0,1200.0,10800.0
3850,5000004574,1000003419,20241222,1,2,13200.0,1320.0,25080.0
3851,5000004575,1000003419,20241222,1,1,12000.0,1200.0,10800.0
3852,5000004576,1000003420,20240107,1,3,12000.0,1800.0,34200.0
3853,5000004577,1000003421,20250819,1,3,12000.0,720.0,35280.0
3854,5000004578,1000003421,20250819,2,1,13500.0,270.0,13230.0
3855,5000004579,1000003422,20240226,2,1,13500.0,270.0,13230.0
3856,5000004580,1000003422,20240226,1,3,12000.0,720.0,35280.0
3857,5000004581,1000003422,20240226,2,1,15000.0,750.0,14250.0
3858,5000004583,1000003424,20250412,1,1,12000.0,240.0,11760.0
3859,5000004585,1000003426,20240401,2,1,15000.0,300.0,14700.0
3860,5000004586,1000003427,20250213,1,1,12000.0,1200.0,10800.0
3861,5000004587,1000003428,20240828,1,1,12600.0,0.0,12600.0
3862,5000004588,1000003428,20240828,2,1,13500.0,270.0,13230.0
3863,5000004592,1000003430,20240419,2,3,15750.0,945.0,46305.0
3864,5000004593,1000003431,20241107,2,2,15000.0,1500.0,28500.0
3865,5000004594,1000003432,20250213,2,2,15750.0,1575.0,29925.0
3866,5000004595,1000003432,20250213,1,2,12000.0,0.0,24000.0
3867,5000004598,1000003434,20240524,1,2,13200.0,528.0,25872.0
3868,5000004599,1000003435,20240115,2,2,15000.0,600.0,29400.0
3869,5000004600,1000003435,20240115,2,3,13500.0,4050.0,36450.0
3870,5000004601,1000003436,20240519,1,1,12000.0,600.0,11400.0
3871,5000004602,1000003437,20250925,2,3,15000.0,0.0,45000.0
3872,5000004603,1000003438,20250417,1,2,12600.0,504.0,24696.0
3873,5000004604,1000003439,20240826,2,2,13500.0,540.0,26460.0
3874,5000004605,1000003439,20240826,2,3,15000.0,4500.0,40500.0
3875,5000004606,1000003440,20250710,2,3,15000.0,900.0,44100.0
3876,5000004607,1000003440,20250710,1,2,10800.0,432.0,21168.0
3877,5000004608,1000003441,20241005,2,3,16500.0,0.0,49500.0
3878,5000004609,1000003442,20250717,1,1,12000.0,600.0,11400.0
3879,5000004610,1000003443,20250514,1,3,12600.0,0.0,37800.0
3880,5000004611,1000003444,20250507,1,1,12000.0,0.0,12000.0
3881,5000004612,1000003445,20240320,2,3,15000.0,900.0,44100.0
3882,5000004613,1000003445,20240320,2,1,15000.0,0.0,15000.0
3883,5000004615,1000003447,20240113,1,2,12000.0,480.0,23520.0
3884,5000004616,1000003448,20250312,2,1,15750.0,315.0,15435.0
3885,5000004617,1000003448,20250312,2,1,13500.0,1350.0,12150.0
3886,5000004618,1000003449,20250314,1,1,12000.0,0.0,12000.0
3887,5000004621,1000003451,20240223,2,2,15000.0,0.0,30000.0
3888,5000004622,1000003452,20250809,1,1,12000.0,240.0,11760.0
3889,5000004623,1000003453,20240810,1,2,12000.0,1200.0,22800.0
3890,5000004624,1000003454,20250315,1,2,12600.0,2520.0,22680.0
3891,5000004625,1000003454,20250315,2,3,15000.0,4500.0,40500.0
3892,5000004626,1000003455,20250607,2,2,16500.0,1650.0,31350.0
3893,5000004627,1000003456,20250809,1,1,10800.0,216.0,10584.0
3894,5000004628,1000003457,20250507,2,3,15750.0,0.0,47250.0
3895,5000004629,1000003457,20250507,1,2,13200.0,528.0,25872.0
3896,5000004630,1000003458,20250924,1,3,12600.0,1890.0,35910.0
3897,5000004631,1000003458,20250924,1,2,13200.0,2640.0,23760.0
3898,5000004632,1000003458,20250924,2,2,15000.0,600.0,29400.0
3899,5000004634,1000003460,20240713,1,2,12600.0,504.0,24696.0
3900,5000004635,1000003461,20240601,1,2,10800.0,2160.0,19440.0
3901,5000004636,1000003462,20241202,2,1,15750.0,315.0,15435.0
3902,5000004637,1000003462,20241202,1,1,12000.0,1200.0,10800.0
3903,5000004638,1000003463,20241122,1,3,12000.0,1800.0,34200.0
3904,5000004639,1000003463,20241122,2,2,15000.0,600.0,29400.0
3905,5000004640,1000003464,20250828,1,2,12000.0,2400.0,21600.0
3906,5000004641,1000003465,20250902,2,2,15000.0,3000.0,27000.0
3907,5000004642,1000003466,20240711,1,2,12000.0,1200.0,22800.0
3908,5000004643,1000003466,20240711,1,1,12000.0,0.0,12000.0
3909,5000004644,1000003467,20250114,2,2,15000.0,0.0,30000.0
3910,5000004645,1000003467,20250114,2,1,15000.0,1500.0,13500.0
3911,5000004646,1000003468,20240710,2,3,16500.0,990.0,48510.0
3912,5000004648,1000003470,20240918,1,2,10800.0,432.0,21168.0
3913,5000004649,1000003471,20240801,1,2,10800.0,0.0,21600.0
3914,5000004650,1000003472,20240425,2,3,15750.0,0.0,47250.0
3915,5000004651,1000003473,20240428,2,3,16500.0,4950.0,44550.0
3916,5000004652,1000003474,20240926,2,1,13500.0,270.0,13230.0
3917,5000004653,1000003474,20240926,2,1,15000.0,300.0,14700.0
3918,5000004654,1000003475,20241021,2,1,16500.0,1650.0,14850.0
3919,5000004655,1000003476,20241019,2,2,15750.0,3150.0,28350.0
3920,5000004656,1000003477,20240831,1,2,13200.0,0.0,26400.0
3921,5000004657,1000003478,20240405,2,2,13500.0,1350.0,25650.0
3922,5000004658,1000003479,20240122,1,3,10800.0,0.0,32400.0
3923,5000004659,1000003480,20240308,2,1,13500.0,1350.0,12150.0
3924,5000004660,1000003481,20240514,1,1,12000.0,1200.0,10800.0
3925,5000004661,1000003481,20240514,2,3,16500.0,990.0,48510.0
3926,5000004665,1000003484,20241012,2,2,15750.0,0.0,31500.0
3927,5000004666,1000003485,20250601,1,2,12000.0,2400.0,21600.0
3928,5000004667,1000003486,20240617,2,3,15000.0,2250.0,42750.0
3929,5000004668,1000003487,20250813,2,2,15750.0,1575.0,29925.0
3930,5000004669,1000003488,20240930,2,1,15750.0,315.0,15435.0
3931,5000004670,1000003488,20240930,1,2,10800.0,432.0,21168.0
3932,5000004671,1000003488,20240930,1,2,12000.0,0.0,24000.0
3933,5000004672,1000003489,20240304,1,1,12600.0,252.0,12348.0
3934,5000004675,1000003491,20241129,1,1,12000.0,0.0,12000.0
3935,5000004676,1000003492,20240105,1,1,10800.0,1080.0,9720.0
3936,5000004677,1000003493,20250928,2,3,13500.0,0.0,40500.0
3937,5000004679,1000003495,20240508,1,1,10800.0,540.0,10260.0
3938,5000004680,1000003495,20240508,1,1,12000.0,240.0,11760.0
3939,5000004681,1000003496,20240403,1,3,12000.0,0.0,36000.0
3940,5000004682,1000003496,20240403,1,1,12000.0,600.0,11400.0
3941,5000004683,1000003497,20240620,2,2,15000.0,3000.0,27000.0
3942,5000004684,1000003498,20250102,2,1,15000.0,750.0,14250.0
3943,5000004685,1000003498,20250102,1,1,12000.0,0.0,12000.0
3944,5000004686,1000003499,20241124,1,2,12000.0,0.0,24000.0
3945,5000004687,1000003499,20241124,1,1,12000.0,240.0,11760.0
3946,5000004688,1000003500,20240312,2,3,15000.0,2250.0,42750.0
3947,5000004689,1000003501,20241225,2,1,15000.0,750.0,14250.0
3948,5000004690,1000003501,20241225,2,1,15000.0,0.0,15000.0
3949,5000004691,1000003502,20250211,1,3,12000.0,1800.0,34200.0
3950,5000004692,1000003502,20250211,1,3,12000.0,1800.0,34200.0
3951,5000004693,1000003503,20250702,2,1,15000.0,0.0,15000.0
3952,5000004694,1000003503,20250702,1,1,12600.0,630.0,11970.0
3953,5000004698,1000003506,20240217,2,2,13500.0,540.0,26460.0
3954,5000004699,1000003507,20240508,1,2,12000.0,2400.0,21600.0
3955,5000004700,1000003508,20250524,2,1,15000.0,0.0,15000.0
3956,5000004701,1000003509,20241011,2,1,15750.0,1575.0,14175.0
3957,5000004702,1000003510,20250919,2,3,13500.0,2025.0,38475.0
3958,5000004703,1000003511,20250810,2,1,15000.0,1500.0,13500.0
3959,5000004704,1000003512,20240518,1,2,12000.0,480.0,23520.0
3960,5000004705,1000003512,20240518,1,1,10800.0,216.0,10584.0
3961,5000004708,1000003515,20240301,2,3,15750.0,2362.5,44887.5
3962,5000004709,1000003515,20240301,1,3,12000.0,0.0,36000.0
3963,5000004710,1000003516,20240830,1,2,12000.0,1200.0,22800.0
3964,5000004711,1000003517,20250619,2,1,15000.0,750.0,14250.0
3965,5000004712,1000003518,20250602,2,1,15000.0,1500.0,13500.0
3966,5000004713,1000003519,20250706,1,3,12000.0,720.0,35280.0
3967,5000004714,1000003520,20240507,1,1,10800.0,540.0,10260.0
3968,5000004715,1000003520,20240507,1,3,12000.0,720.0,35280.0
3969,5000004719,1000003524,20250726,1,3,12000.0,1800.0,34200.0
3970,5000004720,1000003524,20250726,2,1,15750.0,787.5,14962.5
3971,5000004721,1000003525,20240224,2,1,15000.0,0.0,15000.0
3972,5000004723,1000003527,20250819,1,2,10800.0,1080.0,20520.0
3973,5000004724,1000003528,20240818,2,1,13500.0,0.0,13500.0
3974,5000004725,1000003528,20240818,2,3,13500.0,810.0,39690.0
3975,5000004727,1000003530,20240306,2,1,16500.0,330.0,16170.0
3976,5000004728,1000003531,20250903,1,1,12000.0,0.0,12000.0
3977,5000004729,1000003532,20250813,1,3,13200.0,792.0,38808.0
3978,5000004730,1000003532,20250813,1,3,10800.0,648.0,31752.0
3979,5000004731,1000003532,20250813,2,2,15000.0,0.0,30000.0
3980,5000004733,1000003534,20250222,2,3,16500.0,0.0,49500.0
3981,5000004734,1000003535,20240227,1,2,10800.0,0.0,21600.0
3982,5000004735,1000003535,20240227,1,1,10800.0,540.0,10260.0
3983,5000004737,1000003537,20240218,2,3,15000.0,2250.0,42750.0
3984,5000004738,1000003537,20240218,2,1,15750.0,787.5,14962.5
3985,5000004739,1000003538,20250506,2,1,15000.0,300.0,14700.0
3986,5000004740,1000003539,20241208,2,3,15750.0,4725.0,42525.0
3987,5000004741,1000003540,20250715,2,2,15000.0,0.0,30000.0
3988,5000004742,1000003541,20240525,2,3,15000.0,900.0,44100.0
3989,5000004743,1000003541,20240525,1,2,12000.0,1200.0,22800.0
3990,5000004745,1000003543,20241013,1,2,10800.0,432.0,21168.0
3991,5000004746,1000003544,20250525,2,3,16500.0,4950.0,44550.0
3992,5000004747,1000003545,20250117,1,2,10800.0,1080.0,20520.0
3993,5000004748,1000003545,20250117,2,1,16500.0,330.0,16170.0
3994,5000004749,1000003546,20240216,1,3,10800.0,1620.0,30780.0
3995,5000004750,1000003547,20250524,2,3,15000.0,4500.0,40500.0
3996,5000004752,1000003549,20241103,1,2,12000.0,2400.0,21600.0
3997,5000004753,1000003550,20250107,2,1,15000.0,300.0,14700.0
3998,5000004754,1000003551,20241015,1,1,12600.0,0.0,12600.0
3999,5000004756,1000003553,20240409,2,3,13500.0,2025.0,38475.0
4000,5000004757,1000003554,20240923,2,1,13500.0,675.0,12825.0
4001,5000004758,1000003555,20250501,2,1,15000.0,300.0,14700.0
4002,5000004759,1000003556,20240417,1,1,13200.0,1320.0,11880.0
4003,5000004760,1000003557,20250629,1,3,10800.0,3240.0,29160.0
4004,5000004761,1000003557,20250629,2,2,13500.0,540.0,26460.0
4005,5000004762,1000003558,20240519,1,3,10800.0,3240.0,29160.0
4006,5000004763,1000003559,20250622,2,3,13500.0,0.0,40500.0
4007,5000004764,1000003560,20241208,1,3,12000.0,1800.0,34200.0
4008,5000004765,1000003561,20241126,1,2,10800.0,2160.0,19440.0
4009,5000004766,1000003562,20250803,1,3,10800.0,648.0,31752.0
4010,5000004767,1000003562,20250803,1,1,12000.0,240.0,11760.0
4011,5000004768,1000003562,20250803,1,2,10800.0,2160.0,19440.0
4012,5000004769,1000003563,20241122,2,2,15750.0,3150.0,28350.0
4013,5000004770,1000003564,20250515,2,2,15000.0,1500.0,28500.0
4014,5000004771,1000003565,20240611,2,3,13500.0,0.0,40500.0
4015,5000004772,1000003565,20240611,2,1,15750.0,1575.0,14175.0
4016,5000004773,1000003566,20240103,2,3,15000.0,4500.0,40500.0
4017,5000004774,1000003567,20240130,2,2,15000.0,600.0,29400.0
4018,5000004775,1000003567,20240130,1,2,12600.0,504.0,24696.0
4019,5000004776,1000003568,20250421,1,1,12000.0,600.0,11400.0
4020,5000004777,1000003569,20250402,2,2,15000.0,1500.0,28500.0
4021,5000004780,1000003571,20240806,1,3,10800.0,648.0,31752.0
4022,5000004781,1000003572,20240503,2,3,15000.0,0.0,45000.0
4023,5000004782,1000003573,20241021,2,2,15000.0,600.0,29400.0
4024,5000004783,1000003574,20240317,2,1,15750.0,315.0,15435.0
4025,5000004784,1000003575,20250511,2,1,15000.0,750.0,14250.0
4026,5000004785,1000003576,20240413,1,3,12000.0,1800.0,34200.0
4027,5000004786,1000003577,20250219,2,1,15000.0,300.0,14700.0
4028,5000004787,1000003578,20240103,1,2,12600.0,0.0,25200.0
4029,5000004790,1000003580,20240502,1,1,12000.0,240.0,11760.0
4030,5000004791,1000003581,20250315,2,3,16500.0,990.0,48510.0
4031,5000004792,1000003582,20250120,2,1,15000.0,300.0,14700.0
4032,5000004793,1000003583,20240301,1,2,12000.0,1200.0,22800.0
4033,5000004794,1000003583,20240301,1,2,13200.0,0.0,26400.0
4034,5000004795,1000003584,20250522,1,2,13200.0,528.0,25872.0
4035,5000004797,1000003586,20250217,1,1,13200.0,1320.0,11880.0
4036,5000004798,1000003586,20250217,2,3,15000.0,2250.0,42750.0
4037,5000004799,1000003587,20240227,2,3,15000.0,0.0,45000.0
4038,5000004801,1000003589,20250625,2,3,15000.0,900.0,44100.0
4039,5000004802,1000003590,20250607,1,3,12000.0,720.0,35280.0
4040,5000004803,1000003591,20240813,1,2,10800.0,2160.0,19440.0
4041,5000004805,1000003593,20241018,2,1,15750.0,315.0,15435.0
4042,5000004806,1000003594,20240628,1,3,10800.0,648.0,31752.0
4043,5000004807,1000003594,20240628,1,2,12000.0,480.0,23520.0
4044,5000004808,1000003595,20241224,2,2,15000.0,600.0,29400.0
4045,5000004809,1000003595,20241224,2,2,15750.0,630.0,30870.0
4046,5000004810,1000003596,20240229,1,2,12000.0,480.0,23520.0
4047,5000004811,1000003596,20240229,2,2,13500.0,540.0,26460.0
4048,5000004812,1000003597,20241106,2,3,15000.0,2250.0,42750.0
4049,5000004813,1000003598,20240307,2,2,15000.0,0.0,30000.0
4050,5000004814,1000003599,20240115,2,3,16500.0,2475.0,47025.0
4051,5000004816,1000003601,20240907,2,3,15000.0,2250.0,42750.0
4052,5000004818,1000003603,20240106,2,1,15000.0,750.0,14250.0
4053,5000004819,1000003604,20241019,1,2,12600.0,0.0,25200.0
4054,5000004820,1000003604,20241019,1,3,12000.0,3600.0,32400.0
4055,5000004824,1000003607,20241107,1,2,12000.0,1200.0,22800.0
4056,5000004825,1000003608,20250228,1,3,13200.0,0.0,39600.0
4057,5000004828,1000003610,20240813,1,3,12000.0,720.0,35280.0
4058,5000004829,1000003610,20240813,2,2,15750.0,1575.0,29925.0
4059,5000004832,1000003612,20240215,2,1,15000.0,750.0,14250.0
4060,5000004833,1000003612,20240215,2,2,15000.0,3000.0,27000.0
4061,5000004834,1000003613,20240426,1,2,12000.0,480.0,23520.0
4062,5000004835,1000003614,20240228,1,2,12000.0,480.0,23520.0
4063,5000004836,1000003615,20241228,1,2,12600.0,1260.0,23940.0
4064,5000004837,1000003616,20250605,1,1,12000.0,0.0,12000.0
4065,5000004838,1000003616,20250605,2,3,15000.0,4500.0,40500.0
4066,5000004839,1000003617,20241228,2,3,15750.0,2362.5,44887.5
4067,5000004842,1000003619,20250922,2,2,15750.0,3150.0,28350.0
4068,5000004844,1000003621,20240719,2,2,15000.0,3000.0,27000.0
4069,5000004845,1000003622,20240329,2,2,16500.0,3300.0,29700.0
4070,5000004846,1000003623,20240107,1,2,12000.0,2400.0,21600.0
4071,5000004847,1000003624,20250706,1,1,12000.0,240.0,11760.0
4072,5000004848,1000003625,20240319,2,2,15750.0,1575.0,29925.0
4073,5000004850,1000003627,20240624,1,2,12000.0,1200.0,22800.0
4074,5000004851,1000003628,20240808,1,3,12600.0,1890.0,35910.0
4075,5000004852,1000003629,20250114,1,1,12000.0,1200.0,10800.0
4076,5000004853,1000003630,20240925,1,3,12000.0,0.0,36000.0
4077,5000004854,1000003631,20241111,2,2,15000.0,600.0,29400.0
4078,5000004856,1000003633,20250111,1,1,12000.0,0.0,12000.0
4079,5000004857,1000003634,20240327,1,3,12000.0,3600.0,32400.0
4080,5000004858,1000003635,20240831,1,3,12600.0,3780.0,34020.0
4081,5000004859,1000003636,20241110,2,1,15000.0,750.0,14250.0
4082,5000004860,1000003636,20241110,1,3,12000.0,720.0,35280.0
4083,5000004861,1000003636,20241110,2,2,15000.0,1500.0,28500.0
4084,5000004862,1000003637,20240827,1,1,12000.0,240.0,11760.0
4085,5000004863,1000003637,20240827,1,1,10800.0,0.0,10800.0
4086,5000004865,1000003639,20250225,2,3,15000.0,2250.0,42750.0
4087,5000004866,1000003640,20250815,2,1,15000.0,0.0,15000.0
4088,5000004867,1000003641,20240928,1,3,13200.0,792.0,38808.0
4089,5000004868,1000003642,20240911,2,1,13500.0,270.0,13230.0
4090,5000004869,1000003642,20240911,1,2,12000.0,480.0,23520.0
4091,5000004870,1000003643,20240512,1,1,12000.0,240.0,11760.0
4092,5000004871,1000003643,20240512,2,2,16500.0,3300.0,29700.0
4093,5000004872,1000003644,20240419,1,3,12000.0,0.0,36000.0
4094,5000004873,1000003644,20240419,1,1,12000.0,0.0,12000.0
4095,5000004874,1000003644,20240419,2,2,15750.0,3150.0,28350.0
4096,5000004877,1000003646,20240618,2,2,15750.0,3150.0,28350.0
4097,5000004878,1000003647,20240711,2,3,15750.0,945.0,46305.0
4098,5000004879,1000003648,20250919,2,1,15000.0,0.0,15000.0
4099,5000004880,1000003648,20250919,1,3,12600.0,3780.0,34020.0
4100,5000004881,1000003649,20240423,1,1,12600.0,0.0,12600.0
4101,5000004882,1000003650,20240825,1,3,12000.0,0.0,36000.0
4102,5000004883,1000003650,20240825,2,2,15750.0,630.0,30870.0
4103,5000004885,1000003652,20240208,1,3,12000.0,1800.0,34200.0
4104,5000004886,1000003653,20250412,1,2,12000.0,0.0,24000.0
4105,5000004887,1000003654,20240812,1,2,12000.0,0.0,24000.0
4106,5000004888,1000003654,20240812,1,3,12000.0,3600.0,32400.0
4107,5000004893,1000003658,20240608,1,2,12000.0,0.0,24000.0
4108,5000004896,1000003660,20240311,2,3,15000.0,0.0,45000.0
4109,5000004897,1000003660,20240311,2,1,16500.0,0.0,16500.0
4110,5000004899,1000003662,20240917,1,3,12000.0,0.0,36000.0
4111,5000004900,1000003663,20250701,2,1,15000.0,750.0,14250.0
4112,5000004901,1000003664,20241226,2,3,15000.0,2250.0,42750.0
4113,5000004902,1000003665,20241202,2,1,15000.0,1500.0,13500.0
4114,5000004903,1000003666,20240604,2,2,13500.0,2700.0,24300.0
4115,5000004904,1000003666,20240604,1,2,12000.0,0.0,24000.0
4116,5000004907,1000003669,20240522,1,3,12000.0,3600.0,32400.0
4117,5000004908,1000003670,20240319,1,1,12000.0,600.0,11400.0
4118,5000004909,1000003670,20240319,2,2,15000.0,0.0,30000.0
4119,5000004910,1000003671,20240331,1,3,12600.0,0.0,37800.0
4120,5000004912,1000003673,20250328,1,1,12000.0,240.0,11760.0
4121,5000004913,1000003674,20240325,1,3,12600.0,756.0,37044.0
4122,5000004914,1000003675,20241011,1,1,12600.0,1260.0,11340.0
4123,5000004917,1000003677,20241224,1,2,12000.0,1200.0,22800.0
4124,5000004918,1000003677,20241224,1,3,12000.0,3600.0,32400.0
4125,5000004919,1000003678,20240724,1,3,12000.0,3600.0,32400.0
4126,5000004920,1000003679,20240909,1,1,10800.0,540.0,10260.0
4127,5000004921,1000003680,20240119,2,1,15000.0,300.0,14700.0
4128,5000004922,1000003681,20250830,2,1,13500.0,270.0,13230.0
4129,5000004923,1000003682,20240305,1,1,13200.0,660.0,12540.0
4130,5000004924,1000003683,20240216,1,3,12600.0,1890.0,35910.0
4131,5000004926,1000003685,20250205,1,2,12000.0,480.0,23520.0
4132,5000004927,1000003686,20250201,2,3,15000.0,2250.0,42750.0
4133,5000004928,1000003686,20250201,1,3,12000.0,0.0,36000.0
4134,5000004929,1000003687,20241017,1,3,10800.0,648.0,31752.0
4135,5000004930,1000003688,20250221,1,2,10800.0,432.0,21168.0
4136,5000004931,1000003689,20240602,1,2,12600.0,0.0,25200.0
4137,5000004932,1000003690,20240930,2,1,15000.0,750.0,14250.0
4138,5000004933,1000003690,20240930,1,3,13200.0,3960.0,35640.0
4139,5000004934,1000003690,20240930,2,1,15000.0,1500.0,13500.0
4140,5000004935,1000003691,20240125,2,1,16500.0,825.0,15675.0
4141,5000004937,1000003693,20250104,2,2,16500.0,3300.0,29700.0
4142,5000004938,1000003694,20240617,2,2,13500.0,540.0,26460.0
4143,5000004939,1000003695,20250707,1,3,12000.0,0.0,36000.0
4144,5000004940,1000003695,20250707,1,3,12000.0,0.0,36000.0
4145,5000004941,1000003695,20250707,1,3,12000.0,0.0,36000.0
4146,5000004942,1000003696,20241127,1,3,12600.0,3780.0,34020.0
4147,5000004943,1000003697,20250103,1,3,12600.0,756.0,37044.0
4148,5000004945,1000003699,20250529,1,2,13200.0,0.0,26400.0
4149,5000004946,1000003700,20250126,2,1,15000.0,750.0,14250.0
4150,5000004947,1000003701,20240419,1,1,12000.0,0.0,12000.0
4151,5000004948,1000003702,20240310,2,2,13500.0,0.0,27000.0
4152,5000004949,1000003702,20240310,2,1,15000.0,300.0,14700.0
4153,5000004950,1000003703,20240909,1,2,12000.0,1200.0,22800.0
4154,5000004951,1000003704,20241230,1,3,13200.0,1980.0,37620.0
4155,5000004952,1000003705,20240509,2,1,15000.0,750.0,14250.0
4156,5000004953,1000003706,20240801,2,3,15750.0,2362.5,44887.5
4157,5000004954,1000003706,20240801,2,1,15000.0,1500.0,13500.0
4158,5000004955,1000003706,20240801,2,1,15000.0,750.0,14250.0
4159,5000004956,1000003707,20250202,1,2,12000.0,2400.0,21600.0
4160,5000004957,1000003708,20250131,2,2,16500.0,0.0,33000.0
4161,5000004958,1000003709,20240911,2,2,15000.0,1500.0,28500.0
4162,5000004959,1000003710,20250830,1,3,12000.0,720.0,35280.0
4163,5000004960,1000003711,20240430,2,3,15000.0,900.0,44100.0
4164,5000004961,1000003711,20240430,2,3,13500.0,0.0,40500.0
4165,5000004962,1000003712,20250113,1,2,12000.0,2400.0,21600.0
4166,5000004963,1000003712,20250113,1,1,10800.0,540.0,10260.0
4167,5000004965,1000003714,20250216,1,2,10800.0,0.0,21600.0
4168,5000004966,1000003714,20250216,2,3,15000.0,900.0,44100.0
4169,5000004968,1000003716,20250220,1,1,13200.0,0.0,13200.0
4170,5000004970,1000003718,20250817,1,2,12000.0,0.0,24000.0
4171,5000004971,1000003719,20250224,1,1,12000.0,240.0,11760.0
4172,5000004973,1000003721,20241114,2,1,15000.0,300.0,14700.0
4173,5000004974,1000003721,20241114,1,3,12000.0,3600.0,32400.0
4174,5000004975,1000003722,20241128,1,1,13200.0,660.0,12540.0
4175,5000004976,1000003722,20241128,2,2,16500.0,660.0,32340.0
4176,5000004977,1000003723,20250402,1,2,10800.0,1080.0,20520.0
4177,5000004978,1000003723,20250402,2,1,15000.0,1500.0,13500.0
4178,5000004980,1000003725,20250430,1,2,10800.0,432.0,21168.0
4179,5000004981,1000003726,20250629,1,3,13200.0,3960.0,35640.0
4180,5000004983,1000003728,20241108,1,1,12000.0,240.0,11760.0
4181,5000004984,1000003729,20250330,1,2,12000.0,0.0,24000.0
4182,5000004985,1000003729,20250330,1,2,12000.0,0.0,24000.0
4183,5000004986,1000003729,20250330,2,1,13500.0,270.0,13230.0
4184,5000004988,1000003731,20240513,2,2,15000.0,0.0,30000.0
4185,5000004989,1000003731,20240513,1,2,12000.0,480.0,23520.0
4186,5000004990,1000003732,20241029,1,2,12000.0,2400.0,21600.0
4187,5000004991,1000003732,20241029,1,3,10800.0,1620.0,30780.0
4188,5000004992,1000003733,20240526,1,1,13200.0,0.0,13200.0
4189,5000004993,1000003733,20240526,1,2,12000.0,480.0,23520.0
4190,5000004994,1000003733,20240526,2,2,15000.0,600.0,29400.0
4191,5000004995,1000003734,20240131,2,3,15000.0,2250.0,42750.0
4192,5000004996,1000003735,20240426,2,1,13500.0,270.0,13230.0
4193,5000004997,1000003736,20240922,1,2,12000.0,2400.0,21600.0
4194,5000004998,1000003737,20241204,2,1,13500.0,270.0,13230.0
4195,5000004999,1000003738,20250202,1,1,12000.0,0.0,12000.0
4196,5000005000,1000003739,20250622,2,3,15000.0,0.0,45000.0
4197,5000005001,1000003740,20250703,2,1,15000.0,750.0,14250.0
4198,5000005002,1000003741,20241028,1,2,13200.0,2640.0,23760.0
4199,5000005003,1000003741,20241028,1,3,12000.0,3600.0,32400.0
4200,5000005004,1000003742,20240806,2,3,15000.0,4500.0,40500.0
4201,5000005005,1000003743,20240516,2,3,13500.0,810.0,39690.0
4202,5000005006,1000003744,20241204,1,2,10800.0,432.0,21168.0
4203,5000005007,1000003745,20241124,2,3,15000.0,900.0,44100.0
4204,5000005008,1000003746,20250223,1,2,10800.0,432.0,21168.0
4205,5000005009,1000003747,20250326,1,3,10800.0,0.0,32400.0
4206,5000005010,1000003747,20250326,2,2,15000.0,600.0,29400.0
4207,5000005011,1000003748,20240323,2,3,15750.0,4725.0,42525.0
4208,5000005013,1000003750,20241009,2,2,15000.0,3000.0,27000.0
4209,5000005014,1000003751,20241203,2,2,13500.0,0.0,27000.0
4210,5000005016,1000003753,20240625,2,2,16500.0,0.0,33000.0
4211,5000005017,1000003753,20240625,1,3,12000.0,1800.0,34200.0
4212,5000005018,1000003753,20240625,1,1,12000.0,1200.0,10800.0
4213,5000005019,1000003754,20250531,2,2,15000.0,600.0,29400.0
4214,5000005020,1000003755,20240107,1,2,10800.0,1080.0,20520.0
4215,5000005021,1000003755,20240107,2,1,13500.0,1350.0,12150.0
4216,5000005022,1000003756,20241222,2,1,15750.0,1575.0,14175.0
4217,5000005023,1000003757,20250313,2,3,15000.0,4500.0,40500.0
4218,5000005024,1000003758,20250716,1,3,12000.0,720.0,35280.0
4219,5000005025,1000003758,20250716,2,3,15000.0,0.0,45000.0
4220,5000005026,1000003759,20250328,2,3,15000.0,4500.0,40500.0
4221,5000005027,1000003760,20250504,1,2,12000.0,1200.0,22800.0
4222,5000005028,1000003761,20240830,1,1,13200.0,660.0,12540.0
4223,5000005029,1000003762,20240425,2,3,15000.0,2250.0,42750.0
4224,5000005030,1000003763,20240626,1,1,13200.0,0.0,13200.0
4225,5000005031,1000003763,20240626,2,3,15000.0,2250.0,42750.0
4226,5000005032,1000003764,20250504,2,3,13500.0,0.0,40500.0
4227,5000005033,1000003765,20250206,1,3,10800.0,1620.0,30780.0
4228,5000005034,1000003766,20250406,1,3,12000.0,0.0,36000.0
4229,5000005035,1000003767,20240501,2,2,13500.0,0.0,27000.0
4230,5000005036,1000003767,20240501,2,2,15000.0,600.0,29400.0
4231,5000005037,1000003768,20250513,2,2,13500.0,540.0,26460.0
4232,5000005039,1000003770,20250617,1,1,12000.0,0.0,12000.0
4233,5000005040,1000003770,20250617,1,3,12000.0,3600.0,32400.0
4234,5000005041,1000003771,20240504,1,1,12000.0,600.0,11400.0
4235,5000005042,1000003772,20250817,2,1,15000.0,1500.0,13500.0
4236,5000005043,1000003773,20240904,2,1,15000.0,300.0,14700.0
4237,5000005046,1000003775,20240119,2,1,15000.0,750.0,14250.0
4238,5000005047,1000003776,20240819,1,1,12000.0,240.0,11760.0
4239,5000005048,1000003777,20240907,2,2,15000.0,3000.0,27000.0
4240,5000005049,1000003778,20240402,1,3,12000.0,1800.0,34200.0
4241,5000005050,1000003779,20250623,1,3,12000.0,1800.0,34200.0
4242,5000005052,1000003781,20250220,1,3,12600.0,0.0,37800.0
4243,5000005053,1000003782,20240822,1,1,12000.0,600.0,11400.0
4244,5000005054,1000003783,20250121,2,1,15750.0,1575.0,14175.0
4245,5000005055,1000003783,20250121,2,1,15750.0,0.0,15750.0
4246,5000005056,1000003783,20250121,2,2,15000.0,3000.0,27000.0
4247,5000005057,1000003784,20241016,2,1,15000.0,0.0,15000.0
4248,5000005058,1000003784,20241016,1,2,13200.0,1320.0,25080.0
4249,5000005059,1000003785,20250817,1,3,12000.0,3600.0,32400.0
4250,5000005060,1000003785,20250817,1,1,12000.0,600.0,11400.0
4251,5000005062,1000003787,20250716,2,3,15000.0,0.0,45000.0
4252,5000005063,1000003787,20250716,2,2,15000.0,1500.0,28500.0
4253,5000005064,1000003788,20240328,1,3,12000.0,720.0,35280.0
4254,5000005065,1000003789,20250712,2,3,15000.0,4500.0,40500.0
4255,5000005067,1000003791,20240828,2,3,15000.0,0.0,45000.0
4256,5000005068,1000003792,20240421,2,2,15000.0,0.0,30000.0
4257,5000005069,1000003792,20240421,1,1,12000.0,600.0,11400.0
4258,5000005070,1000003793,20241211,2,1,15000.0,300.0,14700.0
4259,5000005071,1000003794,20250410,1,2,12000.0,2400.0,21600.0
4260,5000005072,1000003794,20250410,1,3,12600.0,1890.0,35910.0
4261,5000005073,1000003795,20240821,2,3,15000.0,900.0,44100.0
4262,5000005074,1000003796,20240430,2,2,15000.0,1500.0,28500.0
4263,5000005075,1000003797,20250226,2,1,15750.0,0.0,15750.0
4264,5000005076,1000003798,20240426,2,3,15000.0,2250.0,42750.0
4265,5000005077,1000003799,20250925,2,1,15000.0,300.0,14700.0
4266,5000005078,1000003800,20250527,1,1,10800.0,0.0,10800.0
4267,5000005079,1000003800,20250527,1,2,10800.0,432.0,21168.0
4268,5000005080,1000003801,20240507,1,1,12000.0,240.0,11760.0
4269,5000005081,1000003801,20240507,1,2,13200.0,1320.0,25080.0
4270,5000005082,1000003802,20250928,1,1,13200.0,264.0,12936.0
4271,5000005083,1000003803,20250523,2,3,15750.0,0.0,47250.0
4272,5000005084,1000003803,20250523,2,2,15750.0,1575.0,29925.0
4273,5000005085,1000003804,20240217,2,1,15000.0,750.0,14250.0
4274,5000005086,1000003805,20241219,2,1,15000.0,300.0,14700.0
4275,5000005087,1000003805,20241219,2,2,15000.0,0.0,30000.0
4276,5000005088,1000003806,20241128,1,3,12000.0,1800.0,34200.0
4277,5000005089,1000003806,20241128,2,3,15000.0,900.0,44100.0
4278,5000005090,1000003807,20250524,1,3,13200.0,1980.0,37620.0
4279,5000005091,1000003808,20241223,1,3,12000.0,720.0,35280.0
4280,5000005092,1000003808,20241223,1,3,12000.0,720.0,35280.0
4281,5000005093,1000003808,20241223,2,2,15000.0,0.0,30000.0
4282,5000005095,1000003810,20241003,1,3,12000.0,720.0,35280.0
4283,5000005096,1000003811,20250422,1,3,12000.0,720.0,35280.0
4284,5000005099,1000003813,20241018,2,3,15000.0,0.0,45000.0
4285,5000005100,1000003813,20241018,1,1,12000.0,1200.0,10800.0
4286,5000005101,1000003814,20250504,2,2,15000.0,0.0,30000.0
4287,5000005103,1000003816,20250910,2,3,15000.0,0.0,45000.0
4288,5000005104,1000003817,20240709,1,3,12000.0,720.0,35280.0
4289,5000005105,1000003818,20250125,1,3,12000.0,0.0,36000.0
4290,5000005106,1000003819,20240102,2,3,15000.0,4500.0,40500.0
4291,5000005108,1000003821,20240215,1,3,13200.0,1980.0,37620.0
4292,5000005109,1000003822,20240822,1,2,12000.0,480.0,23520.0
4293,5000005110,1000003822,20240822,2,1,13500.0,270.0,13230.0
4294,5000005111,1000003823,20240511,1,1,10800.0,0.0,10800.0
4295,5000005112,1000003824,20240921,2,2,13500.0,540.0,26460.0
4296,5000005113,1000003825,20240413,1,3,12000.0,0.0,36000.0
4297,5000005114,1000003825,20240413,2,3,15000.0,2250.0,42750.0
4298,5000005115,1000003825,20240413,1,3,10800.0,0.0,32400.0
4299,5000005116,1000003826,20240731,1,3,12000.0,3600.0,32400.0
4300,5000005117,1000003827,20240821,1,3,12000.0,0.0,36000.0
4301,5000005118,1000003828,20240427,2,1,15000.0,0.0,15000.0
4302,5000005119,1000003829,20240725,1,3,12000.0,1800.0,34200.0
4303,5000005120,1000003829,20240725,1,3,13200.0,0.0,39600.0
4304,5000005121,1000003830,20240705,1,3,12000.0,1800.0,34200.0
4305,5000005122,1000003831,20250713,2,1,15000.0,0.0,15000.0
4306,5000005123,1000003832,20250915,1,2,13200.0,2640.0,23760.0
4307,5000005124,1000003833,20250331,2,3,13500.0,4050.0,36450.0
4308,5000005125,1000003833,20250331,2,2,15000.0,0.0,30000.0
4309,5000005126,1000003834,20240302,1,3,12000.0,1800.0,34200.0
4310,5000005127,1000003835,20241130,1,3,12600.0,3780.0,34020.0
4311,5000005129,1000003837,20250106,1,3,12000.0,1800.0,34200.0
4312,5000005130,1000003838,20240507,1,1,13200.0,1320.0,11880.0
4313,5000005131,1000003839,20250830,1,2,12000.0,2400.0,21600.0
4314,5000005132,1000003840,20240330,2,1,15000.0,1500.0,13500.0
4315,5000005133,1000003840,20240330,1,1,12000.0,600.0,11400.0
4316,5000005134,1000003841,20240313,1,3,12000.0,720.0,35280.0
4317,5000005135,1000003841,20240313,1,2,12000.0,2400.0,21600.0
4318,5000005136,1000003842,20241217,1,2,12600.0,1260.0,23940.0
4319,5000005137,1000003843,20240323,1,3,12000.0,0.0,36000.0
4320,5000005138,1000003843,20240323,1,1,12000.0,600.0,11400.0
4321,5000005140,1000003845,20241117,1,3,12600.0,0.0,37800.0
4322,5000005141,1000003845,20241117,2,3,15000.0,2250.0,42750.0
4323,5000005142,1000003846,20250212,1,2,12000.0,480.0,23520.0
4324,5000005143,1000003846,20250212,2,3,15000.0,4500.0,40500.0
4325,5000005144,1000003847,20241123,2,3,16500.0,990.0,48510.0
4326,5000005145,1000003848,20250914,1,1,12000.0,0.0,12000.0
4327,5000005146,1000003849,20241228,2,1,15750.0,315.0,15435.0
4328,5000005147,1000003849,20241228,1,3,12000.0,1800.0,34200.0
4329,5000005148,1000003850,20240421,1,2,12000.0,480.0,23520.0
4330,5000005149,1000003850,20240421,2,2,15000.0,600.0,29400.0
4331,5000005150,1000003851,20240923,2,1,15750.0,0.0,15750.0
4332,5000005151,1000003851,20240923,1,2,13200.0,2640.0,23760.0
4333,5000005152,1000003852,20240330,1,3,12000.0,3600.0,32400.0
4334,5000005153,1000003853,20250410,1,3,10800.0,648.0,31752.0
4335,5000005154,1000003854,20250131,1,2,12000.0,1200.0,22800.0
4336,5000005155,1000003855,20240118,1,1,12600.0,0.0,12600.0
4337,5000005156,1000003855,20240118,1,2,12000.0,2400.0,21600.0
4338,5000005159,1000003857,20250427,1,1,12000.0,600.0,11400.0
4339,5000005160,1000003858,20240518,2,1,15000.0,0.0,15000.0
4340,5000005161,1000003859,20240505,2,1,15000.0,0.0,15000.0
4341,5000005163,1000003861,20241020,1,3,12000.0,0.0,36000.0
4342,5000005164,1000003862,20240317,2,3,13500.0,810.0,39690.0
4343,5000005165,1000003863,20241201,1,1,12000.0,1200.0,10800.0
4344,5000005166,1000003864,20250121,1,2,12000.0,2400.0,21600.0
4345,5000005167,1000003864,20250121,1,2,12000.0,0.0,24000.0
4346,5000005168,1000003865,20250811,2,2,15000.0,0.0,30000.0
4347,5000005170,1000003867,20240827,1,2,12000.0,1200.0,22800.0
4348,5000005171,1000003868,20241222,1,3,12600.0,756.0,37044.0
4349,5000005172,1000003869,20240409,2,2,13500.0,540.0,26460.0
4350,5000005173,1000003870,20241007,2,1,15000.0,1500.0,13500.0
4351,5000005174,1000003870,20241007,2,2,15750.0,3150.0,28350.0
4352,5000005175,1000003870,20241007,2,1,15000.0,0.0,15000.0
4353,5000005179,1000003874,20240620,2,2,15000.0,1500.0,28500.0
4354,5000005180,1000003875,20250331,2,1,15000.0,300.0,14700.0
4355,5000005181,1000003876,20240605,1,2,12600.0,504.0,24696.0
4356,5000005182,1000003876,20240605,2,1,15000.0,300.0,14700.0
4357,5000005183,1000003877,20240616,2,1,13500.0,1350.0,12150.0
4358,5000005184,1000003878,20241009,1,3,12000.0,3600.0,32400.0
4359,5000005185,1000003878,20241009,1,2,12000.0,0.0,24000.0
4360,5000005186,1000003879,20250124,2,1,15000.0,1500.0,13500.0
4361,5000005187,1000003880,20240826,1,3,12000.0,3600.0,32400.0
4362,5000005188,1000003880,20240826,2,1,15000.0,750.0,14250.0
4363,5000005189,1000003881,20240822,1,3,12000.0,1800.0,34200.0
4364,5000005191,1000003883,20240324,2,3,15000.0,0.0,45000.0
4365,5000005192,1000003884,20240426,2,3,15000.0,900.0,44100.0
4366,5000005193,1000003885,20250415,1,3,12000.0,0.0,36000.0
4367,5000005194,1000003886,20240111,2,3,15000.0,900.0,44100.0
4368,5000005195,1000003887,20240422,1,3,13200.0,1980.0,37620.0
4369,5000005196,1000003887,20240422,1,3,13200.0,0.0,39600.0
4370,5000005197,1000003888,20241113,1,3,12600.0,1890.0,35910.0
4371,5000005198,1000003888,20241113,1,1,12600.0,630.0,11970.0
4372,5000005199,1000003889,20250515,2,2,15000.0,600.0,29400.0
4373,5000005200,1000003890,20241206,1,3,12000.0,1800.0,34200.0
4374,5000005201,1000003891,20250607,2,1,15000.0,750.0,14250.0
4375,5000005202,1000003892,20250207,2,1,15000.0,0.0,15000.0
4376,5000005204,1000003894,20250719,2,2,15000.0,1500.0,28500.0
4377,5000005206,1000003896,20250902,1,1,12000.0,600.0,11400.0
4378,5000005207,1000003896,20250902,1,1,12600.0,0.0,12600.0
4379,5000005208,1000003896,20250902,1,2,12000.0,1200.0,22800.0
4380,5000005209,1000003897,20240316,1,2,12000.0,2400.0,21600.0
4381,5000005210,1000003898,20240914,1,2,10800.0,432.0,21168.0
4382,5000005211,1000003899,20250313,2,3,15000.0,2250.0,42750.0
4383,5000005212,1000003900,20250906,2,3,15000.0,0.0,45000.0
4384,5000005213,1000003900,20250906,1,2,10800.0,432.0,21168.0
4385,5000005214,1000003901,20240705,2,2,16500.0,1650.0,31350.0
4386,5000005215,1000003902,20250201,2,2,15000.0,600.0,29400.0
4387,5000005216,1000003903,20250724,1,1,10800.0,540.0,10260.0
4388,5000005217,1000003903,20250724,2,2,15000.0,600.0,29400.0
4389,5000005220,1000003905,20241206,2,1,15000.0,750.0,14250.0
4390,5000005221,1000003906,20250104,1,2,10800.0,1080.0,20520.0
4391,5000005222,1000003907,20240915,1,2,10800.0,0.0,21600.0
4392,5000005223,1000003907,20240915,1,3,10800.0,1620.0,30780.0
4393,5000005224,1000003907,20240915,1,2,12000.0,1200.0,22800.0
4394,5000005225,1000003908,20250120,1,1,12000.0,1200.0,10800.0
4395,5000005226,1000003909,20240206,2,3,15000.0,0.0,45000.0
4396,5000005227,1000003910,20250512,2,2,13500.0,1350.0,25650.0
4397,5000005228,1000003911,20250417,2,2,15000.0,600.0,29400.0
4398,5000005229,1000003912,20250710,1,1,12000.0,0.0,12000.0
4399,5000005233,1000003915,20240912,2,1,13500.0,675.0,12825.0
4400,5000005234,1000003916,20250816,2,3,15000.0,4500.0,40500.0
4401,5000005235,1000003917,20241028,2,3,15000.0,4500.0,40500.0
4402,5000005236,1000003918,20250505,1,3,10800.0,648.0,31752.0
4403,5000005237,1000003919,20250405,2,2,15000.0,600.0,29400.0
4404,5000005238,1000003919,20250405,2,1,15750.0,1575.0,14175.0
4405,5000005239,1000003920,20250605,1,2,12000.0,2400.0,21600.0
4406,5000005240,1000003921,20241030,2,3,15000.0,2250.0,42750.0
4407,5000005242,1000003923,20241120,1,2,12000.0,480.0,23520.0
4408,5000005243,1000003924,20240622,1,3,10800.0,1620.0,30780.0
4409,5000005244,1000003925,20240302,2,3,15000.0,0.0,45000.0
4410,5000005245,1000003926,20250610,1,2,12600.0,504.0,24696.0
4411,5000005246,1000003926,20250610,2,2,15000.0,600.0,29400.0
4412,5000005253,1000003933,20240110,1,1,12000.0,1200.0,10800.0
4413,5000005254,1000003933,20240110,2,3,13500.0,4050.0,36450.0
4414,5000005255,1000003934,20240103,1,2,12000.0,1200.0,22800.0
4415,5000005256,1000003935,20241030,2,2,15000.0,0.0,30000.0
4416,5000005257,1000003936,20250609,2,2,15000.0,1500.0,28500.0
4417,5000005258,1000003937,20250526,2,2,15000.0,600.0,29400.0
4418,5000005260,1000003939,20240812,2,1,15750.0,1575.0,14175.0
4419,5000005261,1000003939,20240812,1,1,12000.0,0.0,12000.0
4420,5000005262,1000003940,20250708,1,2,10800.0,1080.0,20520.0
4421,5000005263,1000003941,20240814,1,3,12000.0,0.0,36000.0
4422,5000005264,1000003942,20240203,1,2,12000.0,2400.0,21600.0
4423,5000005265,1000003942,20240203,1,2,12000.0,480.0,23520.0
4424,5000005266,1000003943,20241212,2,2,15000.0,600.0,29400.0
4425,5000005267,1000003943,20241212,2,2,13500.0,1350.0,25650.0
4426,5000005268,1000003944,20250426,1,2,12600.0,0.0,25200.0
4427,5000005269,1000003945,20241122,2,2,16500.0,1650.0,31350.0
4428,5000005270,1000003945,20241122,1,3,12000.0,3600.0,32400.0
4429,5000005271,1000003946,20241225,2,2,15000.0,1500.0,28500.0
4430,5000005272,1000003947,20250418,1,1,12600.0,1260.0,11340.0
4431,5000005273,1000003948,20250621,1,3,10800.0,0.0,32400.0
4432,5000005274,1000003949,20240406,2,3,13500.0,2025.0,38475.0
4433,5000005275,1000003950,20241223,1,3,13200.0,1980.0,37620.0
4434,5000005276,1000003951,20250607,1,1,13200.0,1320.0,11880.0
4435,5000005277,1000003951,20250607,1,3,12000.0,1800.0,34200.0
4436,5000005278,1000003952,20250419,2,3,15750.0,2362.5,44887.5
4437,5000005279,1000003953,20241013,2,1,13500.0,0.0,13500.0
4438,5000005280,1000003954,20240915,2,1,15000.0,0.0,15000.0
4439,5000005281,1000003955,20240607,2,3,15000.0,4500.0,40500.0
4440,5000005282,1000003955,20240607,1,2,12600.0,1260.0,23940.0
4441,5000005283,1000003955,20240607,1,3,12600.0,756.0,37044.0
4442,5000005285,1000003957,20241211,1,3,12600.0,0.0,37800.0
4443,5000005286,1000003957,20241211,2,1,15000.0,1500.0,13500.0
4444,5000005287,1000003958,20240920,1,1,12000.0,240.0,11760.0
4445,5000005288,1000003958,20240920,1,2,12000.0,0.0,24000.0
4446,5000005289,1000003958,20240920,2,3,13500.0,2025.0,38475.0
4447,5000005290,1000003959,20241021,2,3,16500.0,4950.0,44550.0
4448,5000005292,1000003961,20250226,1,2,13200.0,2640.0,23760.0
4449,5000005293,1000003961,20250226,1,3,12000.0,1800.0,34200.0
4450,5000005295,1000003963,20250928,2,2,13500.0,1350.0,25650.0
4451,5000005298,1000003965,20250403,2,2,15000.0,600.0,29400.0
4452,5000005299,1000003966,20240113,1,3,12000.0,3600.0,32400.0
4453,5000005300,1000003967,20241217,1,2,12000.0,0.0,24000.0
4454,5000005301,1000003968,20250310,2,3,15000.0,900.0,44100.0
4455,5000005302,1000003969,20240903,2,2,13500.0,1350.0,25650.0
4456,5000005304,1000003971,20240702,2,1,15000.0,0.0,15000.0
4457,5000005305,1000003972,20240509,1,3,12000.0,1800.0,34200.0
4458,5000005306,1000003973,20240111,2,2,15750.0,630.0,30870.0
4459,5000005307,1000003974,20240908,2,2,15000.0,0.0,30000.0
4460,5000005308,1000003974,20240908,2,1,15000.0,750.0,14250.0
4461,5000005309,1000003975,20240917,2,3,15750.0,4725.0,42525.0
4462,5000005310,1000003976,20250309,1,2,12000.0,1200.0,22800.0
4463,5000005311,1000003977,20240816,2,3,16500.0,0.0,49500.0
4464,5000005312,1000003978,20250112,1,3,13200.0,3960.0,35640.0
4465,5000005313,1000003979,20250923,1,1,12000.0,240.0,11760.0
4466,5000005314,1000003980,20240225,2,1,13500.0,1350.0,12150.0
4467,5000005315,1000003980,20240225,2,3,15000.0,2250.0,42750.0
4468,5000005316,1000003981,20240203,2,2,15000.0,0.0,30000.0
4469,5000005317,1000003981,20240203,2,3,15000.0,2250.0,42750.0
4470,5000005318,1000003981,20240203,1,2,12000.0,2400.0,21600.0
4471,5000005319,1000003982,20250802,1,3,12000.0,1800.0,34200.0
4472,5000005320,1000003983,20241007,2,2,15750.0,0.0,31500.0
4473,5000005324,1000003986,20241028,1,2,12000.0,480.0,23520.0
4474,5000005325,1000003987,20250817,1,2,13200.0,528.0,25872.0
4475,5000005326,1000003988,20240202,2,2,15000.0,600.0,29400.0
4476,5000005327,1000003989,20240319,1,2,12000.0,0.0,24000.0
4477,5000005328,1000003989,20240319,1,1,10800.0,1080.0,9720.0
4478,5000005329,1000003990,20241012,1,2,12000.0,480.0,23520.0
4479,5000005330,1000003990,20241012,1,2,12000.0,0.0,24000.0
4480,5000005331,1000003990,20241012,2,1,15000.0,0.0,15000.0
4481,5000005332,1000003991,20240721,2,2,15000.0,1500.0,28500.0
4482,5000005333,1000003992,20240824,1,3,12600.0,0.0,37800.0
4483,5000005335,1000003994,20250411,2,2,15000.0,3000.0,27000.0
4484,5000005336,1000003995,20250101,2,2,13500.0,540.0,26460.0
4485,5000005337,1000003996,20241005,2,3,16500.0,990.0,48510.0
4486,5000005338,1000003997,20241013,1,1,12000.0,240.0,11760.0
4487,5000005339,1000003998,20250219,1,1,10800.0,540.0,10260.0
4488,5000005340,1000003999,20250703,1,1,12000.0,600.0,11400.0
4489,5000005341,1000004000,20250812,2,2,15000.0,600.0,29400.0
4490,5000005342,1000004000,20250812,1,1,12000.0,600.0,11400.0
4491,5000005343,1000004001,20240722,1,3,12600.0,1890.0,35910.0
4492,5000005344,1000004002,20250328,1,3,12000.0,0.0,36000.0
4493,5000005345,1000004003,20250617,2,2,15000.0,3000.0,27000.0
4494,5000005346,1000004003,20250617,2,1,15000.0,1500.0,13500.0
4495,5000005347,1000004003,20250617,2,2,15000.0,1500.0,28500.0
4496,5000005348,1000004004,20250515,1,3,10800.0,648.0,31752.0
4497,5000005349,1000004005,20240104,1,1,12000.0,600.0,11400.0
4498,5000005350,1000004006,20250725,2,3,13500.0,4050.0,36450.0
4499,5000005351,1000004007,20240430,1,2,12000.0,0.0,24000.0
4500,5000005352,1000004008,20250727,1,1,12600.0,1260.0,11340.0
4501,5000005355,1000004010,20250418,2,3,13500.0,0.0,40500.0
4502,5000005356,1000004010,20250418,1,1,10800.0,1080.0,9720.0
4503,5000005357,1000004011,20250218,2,3,16500.0,0.0,49500.0
4504,5000005359,1000004013,20250611,1,1,12600.0,0.0,12600.0
4505,5000005360,1000004013,20250611,2,2,15000.0,1500.0,28500.0
4506,5000005361,1000004014,20250521,2,3,13500.0,0.0,40500.0
4507,5000005362,1000004015,20250227,1,3,12000.0,0.0,36000.0
4508,5000005363,1000004015,20250227,1,2,10800.0,2160.0,19440.0
4509,5000005365,1000004017,20250412,1,1,12000.0,240.0,11760.0
4510,5000005366,1000004017,20250412,2,2,15000.0,1500.0,28500.0
4511,5000005367,1000004018,20250927,2,2,16500.0,1650.0,31350.0
4512,5000005368,1000004018,20250927,2,3,15000.0,4500.0,40500.0
4513,5000005370,1000004020,20240821,1,1,10800.0,216.0,10584.0
4514,5000005371,1000004020,20240821,1,2,12600.0,504.0,24696.0
4515,5000005372,1000004021,20241124,1,1,10800.0,540.0,10260.0
4516,5000005373,1000004022,20250429,2,1,15000.0,750.0,14250.0
4517,5000005374,1000004023,20250716,1,3,12000.0,0.0,36000.0
4518,5000005375,1000004023,20250716,2,1,15000.0,1500.0,13500.0
4519,5000005376,1000004024,20250426,2,2,13500.0,0.0,27000.0
4520,5000005377,1000004025,20240206,2,1,15750.0,787.5,14962.5
4521,5000005378,1000004026,20250804,1,2,12000.0,480.0,23520.0
4522,5000005381,1000004028,20240211,2,3,13500.0,2025.0,38475.0
4523,5000005382,1000004029,20250529,1,2,13200.0,0.0,26400.0
4524,5000005383,1000004030,20250417,2,3,16500.0,2475.0,47025.0
4525,5000005384,1000004030,20250417,1,2,12000.0,2400.0,21600.0
4526,5000005385,1000004031,20240818,2,2,15000.0,0.0,30000.0
4527,5000005386,1000004032,20250920,1,3,10800.0,0.0,32400.0
4528,5000005387,1000004032,20250920,1,1,12000.0,0.0,12000.0
4529,5000005388,1000004032,20250920,2,2,15000.0,600.0,29400.0
4530,5000005391,1000004034,20250928,1,2,12000.0,0.0,24000.0
4531,5000005392,1000004035,20250521,2,2,15000.0,3000.0,27000.0
4532,5000005393,1000004036,20250518,1,2,12000.0,2400.0,21600.0
4533,5000005394,1000004036,20250518,1,1,12000.0,240.0,11760.0
4534,5000005395,1000004037,20240527,2,2,13500.0,0.0,27000.0
4535,5000005396,1000004038,20241221,2,3,15000.0,0.0,45000.0
4536,5000005397,1000004038,20241221,1,1,13200.0,264.0,12936.0
4537,5000005400,1000004040,20240905,1,1,12000.0,240.0,11760.0
4538,5000005401,1000004040,20240905,1,2,13200.0,2640.0,23760.0
4539,5000005402,1000004041,20240517,1,3,13200.0,1980.0,37620.0
4540,5000005403,1000004042,20240911,1,1,10800.0,540.0,10260.0
4541,5000005404,1000004043,20240103,2,3,15000.0,0.0,45000.0
4542,5000005405,1000004044,20241203,1,3,10800.0,0.0,32400.0
4543,5000005407,1000004046,20240310,1,3,12000.0,1800.0,34200.0
4544,5000005408,1000004047,20240523,1,1,12600.0,252.0,12348.0
4545,5000005411,1000004049,20241021,1,2,10800.0,1080.0,20520.0
4546,5000005412,1000004049,20241021,2,1,13500.0,270.0,13230.0
4547,5000005413,1000004049,20241021,1,3,12000.0,3600.0,32400.0
4548,5000005414,1000004050,20250909,2,3,15000.0,4500.0,40500.0
4549,5000005415,1000004050,20250909,2,3,16500.0,0.0,49500.0
4550,5000005416,1000004051,20241015,2,2,16500.0,660.0,32340.0
4551,5000005417,1000004051,20241015,1,1,12000.0,240.0,11760.0
4552,5000005419,1000004053,20250609,1,3,12600.0,3780.0,34020.0
4553,5000005420,1000004054,20240509,1,3,12000.0,3600.0,32400.0
4554,5000005421,1000004055,20250110,2,3,15000.0,4500.0,40500.0
4555,5000005422,1000004056,20250915,2,3,16500.0,4950.0,44550.0
4556,5000005423,1000004057,20241226,1,3,12000.0,3600.0,32400.0
4557,5000005424,1000004057,20241226,1,2,12000.0,0.0,24000.0
4558,5000005425,1000004058,20250210,1,2,12600.0,1260.0,23940.0
4559,5000005426,1000004059,20240924,1,2,12000.0,1200.0,22800.0
4560,5000005427,1000004059,20240924,1,3,12600.0,3780.0,34020.0
4561,5000005428,1000004060,20250215,1,2,13200.0,0.0,26400.0
4562,5000005429,1000004061,20240811,2,3,15000.0,2250.0,42750.0
4563,5000005430,1000004061,20240811,1,1,12000.0,1200.0,10800.0
4564,5000005431,1000004062,20250705,1,1,12600.0,252.0,12348.0
4565,5000005432,1000004062,20250705,2,1,15750.0,0.0,15750.0
4566,5000005433,1000004063,20250310,1,2,12000.0,480.0,23520.0
4567,5000005434,1000004063,20250310,1,3,13200.0,0.0,39600.0
4568,5000005435,1000004064,20240228,2,2,15000.0,0.0,30000.0
4569,5000005437,1000004066,20241205,1,2,10800.0,1080.0,20520.0
4570,5000005438,1000004066,20241205,2,3,15750.0,0.0,47250.0
4571,5000005439,1000004066,20241205,2,1,13500.0,675.0,12825.0
4572,5000005442,1000004068,20240728,2,1,15000.0,750.0,14250.0
4573,5000005443,1000004069,20240502,2,2,15000.0,0.0,30000.0
4574,5000005444,1000004070,20240418,1,3,12000.0,0.0,36000.0
4575,5000005445,1000004071,20250513,1,2,12600.0,0.0,25200.0
4576,5000005446,1000004072,20250327,1,1,12000.0,600.0,11400.0
4577,5000005447,1000004072,20250327,2,3,15000.0,2250.0,42750.0
4578,5000005449,1000004074,20250608,2,1,15000.0,0.0,15000.0
4579,5000005450,1000004074,20250608,2,1,15000.0,750.0,14250.0
4580,5000005451,1000004075,20240324,1,3,12000.0,1800.0,34200.0
4581,5000005452,1000004076,20250401,1,2,12000.0,480.0,23520.0
4582,5000005453,1000004077,20240523,1,2,12000.0,2400.0,21600.0
4583,5000005454,1000004078,20241121,1,2,12000.0,2400.0,21600.0
4584,5000005455,1000004079,20240114,2,1,13500.0,0.0,13500.0
4585,5000005456,1000004080,20250114,1,2,12000.0,2400.0,21600.0
4586,5000005457,1000004081,20240303,1,2,12000.0,0.0,24000.0
4587,5000005458,1000004081,20240303,1,1,10800.0,1080.0,9720.0
4588,5000005459,1000004081,20240303,2,1,15000.0,750.0,14250.0
4589,5000005460,1000004082,20240524,1,3,12000.0,1800.0,34200.0
4590,5000005461,1000004083,20250710,1,2,12000.0,480.0,23520.0
4591,5000005462,1000004084,20240924,1,1,12000.0,600.0,11400.0
4592,5000005463,1000004084,20240924,2,2,15000.0,3000.0,27000.0
4593,5000005464,1000004085,20250510,2,3,15000.0,4500.0,40500.0
4594,5000005465,1000004086,20240709,1,3,12000.0,0.0,36000.0
4595,5000005466,1000004087,20250127,2,3,16500.0,0.0,49500.0
4596,5000005467,1000004087,20250127,1,2,12000.0,1200.0,22800.0
4597,5000005469,1000004089,20250717,2,1,15000.0,0.0,15000.0
4598,5000005470,1000004089,20250717,2,2,13500.0,1350.0,25650.0
4599,5000005471,1000004090,20240901,2,1,15000.0,1500.0,13500.0
4600,5000005475,1000004092,20240318,1,1,12000.0,1200.0,10800.0
4601,5000005477,1000004094,20250403,2,3,15750.0,4725.0,42525.0
4602,5000005478,1000004095,20250516,2,1,16500.0,825.0,15675.0
4603,5000005479,1000004095,20250516,2,1,16500.0,330.0,16170.0
4604,5000005480,1000004096,20240902,1,3,12600.0,0.0,37800.0
4605,5000005481,1000004096,20240902,2,1,16500.0,1650.0,14850.0
4606,5000005482,1000004097,20240804,1,2,12000.0,480.0,23520.0
4607,5000005483,1000004098,20240506,1,2,10800.0,2160.0,19440.0
4608,5000005485,1000004100,20250803,2,1,15000.0,300.0,14700.0
4609,5000005486,1000004100,20250803,2,3,15000.0,0.0,45000.0
4610,5000005487,1000004101,20240627,1,3,12000.0,3600.0,32400.0
4611,5000005488,1000004102,20250106,2,1,15000.0,750.0,14250.0
4612,5000005489,1000004102,20250106,2,3,15000.0,0.0,45000.0
4613,5000005490,1000004102,20250106,2,3,15750.0,2362.5,44887.5
4614,5000005491,1000004103,20240715,1,2,12000.0,1200.0,22800.0
4615,5000005492,1000004104,20241101,1,3,10800.0,0.0,32400.0
4616,5000005493,1000004105,20250929,1,2,12600.0,0.0,25200.0
4617,5000005494,1000004106,20240723,1,3,12000.0,1800.0,34200.0
4618,5000005495,1000004106,20240723,1,2,12000.0,0.0,24000.0
4619,5000005496,1000004107,20240112,1,3,12000.0,1800.0,34200.0
4620,5000005497,1000004108,20250327,1,3,10800.0,3240.0,29160.0
4621,5000005498,1000004108,20250327,2,1,13500.0,1350.0,12150.0
4622,5000005499,1000004109,20250825,1,2,10800.0,432.0,21168.0
4623,5000005500,1000004110,20240714,1,3,12600.0,1890.0,35910.0
4624,5000005501,1000004110,20240714,1,1,10800.0,216.0,10584.0
4625,5000005502,1000004110,20240714,2,1,15000.0,1500.0,13500.0
4626,5000005503,1000004111,20250815,1,3,12000.0,1800.0,34200.0
4627,5000005504,1000004111,20250815,1,1,12000.0,1200.0,10800.0
4628,5000005505,1000004112,20240410,1,2,12000.0,2400.0,21600.0
4629,5000005506,1000004112,20240410,2,1,13500.0,675.0,12825.0
4630,5000005507,1000004113,20250202,2,2,15000.0,0.0,30000.0
4631,5000005508,1000004113,20250202,2,1,15000.0,750.0,14250.0
4632,5000005509,1000004114,20240421,2,1,15000.0,300.0,14700.0
4633,5000005510,1000004114,20240421,1,1,12000.0,240.0,11760.0
4634,5000005511,1000004115,20240422,2,3,15750.0,2362.5,44887.5
4635,5000005512,1000004115,20240422,2,3,15000.0,0.0,45000.0
4636,5000005515,1000004118,20250708,1,2,12000.0,1200.0,22800.0
4637,5000005516,1000004119,20240613,1,2,12000.0,480.0,23520.0
4638,5000005517,1000004119,20240613,2,3,15000.0,900.0,44100.0
4639,5000005518,1000004120,20240308,1,1,12000.0,600.0,11400.0
4640,5000005519,1000004121,20240220,2,2,15000.0,600.0,29400.0
4641,5000005520,1000004122,20241218,1,3,10800.0,648.0,31752.0
4642,5000005521,1000004123,20241018,2,3,15000.0,4500.0,40500.0
4643,5000005522,1000004124,20241008,2,2,15000.0,3000.0,27000.0
4644,5000005523,1000004124,20241008,1,2,12000.0,0.0,24000.0
4645,5000005524,1000004124,20241008,2,2,13500.0,1350.0,25650.0
4646,5000005525,1000004125,20240422,2,2,15000.0,1500.0,28500.0
4647,5000005526,1000004126,20240802,2,3,15000.0,900.0,44100.0
4648,5000005527,1000004127,20250610,2,3,15000.0,0.0,45000.0
4649,5000005528,1000004128,20250223,1,2,12000.0,0.0,24000.0
4650,5000005529,1000004129,20240314,2,2,15000.0,600.0,29400.0
4651,5000005530,1000004130,20250314,2,2,13500.0,0.0,27000.0
4652,5000005531,1000004130,20250314,1,3,12000.0,1800.0,34200.0
4653,5000005532,1000004131,20241224,1,3,12000.0,1800.0,34200.0
4654,5000005533,1000004132,20240818,1,2,10800.0,1080.0,20520.0
4655,5000005534,1000004133,20250906,2,3,15000.0,4500.0,40500.0
4656,5000005535,1000004134,20240723,2,2,15000.0,1500.0,28500.0
4657,5000005536,1000004135,20250509,2,3,16500.0,4950.0,44550.0
4658,5000005537,1000004136,20240409,1,1,12000.0,0.0,12000.0
4659,5000005538,1000004137,20250408,1,3,12000.0,3600.0,32400.0
4660,5000005539,1000004138,20240705,2,1,13500.0,675.0,12825.0
4661,5000005540,1000004138,20240705,1,1,10800.0,216.0,10584.0
4662,5000005541,1000004139,20241104,1,1,12600.0,1260.0,11340.0
4663,5000005542,1000004140,20250530,1,1,12000.0,600.0,11400.0
4664,5000005543,1000004141,20250819,2,1,13500.0,0.0,13500.0
4665,5000005544,1000004142,20240129,1,2,12000.0,1200.0,22800.0
4666,5000005545,1000004143,20250914,2,2,16500.0,3300.0,29700.0
4667,5000005546,1000004144,20250907,2,2,15000.0,600.0,29400.0
4668,5000005547,1000004144,20250907,1,1,12000.0,0.0,12000.0
4669,5000005549,1000004146,20250515,2,3,15750.0,4725.0,42525.0
4670,5000005550,1000004146,20250515,1,3,12600.0,1890.0,35910.0
4671,5000005551,1000004147,20240328,1,3,13200.0,792.0,38808.0
4672,5000005552,1000004148,20241127,2,1,13500.0,0.0,13500.0
4673,5000005553,1000004149,20250629,2,3,15750.0,2362.5,44887.5
4674,5000005554,1000004150,20240910,2,3,15000.0,4500.0,40500.0
4675,5000005555,1000004151,20240224,1,3,12600.0,756.0,37044.0
4676,5000005556,1000004152,20240216,2,2,13500.0,540.0,26460.0
4677,5000005557,1000004152,20240216,2,3,15000.0,0.0,45000.0
4678,5000005558,1000004153,20250804,2,1,13500.0,270.0,13230.0
4679,5000005559,1000004154,20250405,2,1,16500.0,330.0,16170.0
4680,5000005560,1000004154,20250405,2,2,15000.0,3000.0,27000.0
4681,5000005561,1000004154,20250405,2,1,15750.0,0.0,15750.0
4682,5000005562,1000004155,20240801,1,1,12000.0,240.0,11760.0
4683,5000005563,1000004156,20240411,2,2,15000.0,1500.0,28500.0
4684,5000005564,1000004156,20240411,2,3,15750.0,4725.0,42525.0
4685,5000005565,1000004157,20250420,2,1,13500.0,270.0,13230.0
4686,5000005566,1000004157,20250420,2,2,15000.0,3000.0,27000.0
4687,5000005567,1000004157,20250420,2,2,15000.0,0.0,30000.0
4688,5000005569,1000004159,20250902,1,2,12600.0,0.0,25200.0
4689,5000005570,1000004159,20250902,1,1,12000.0,600.0,11400.0
4690,5000005572,1000004161,20250328,1,1,12000.0,0.0,12000.0
4691,5000005573,1000004162,20250512,2,3,15000.0,900.0,44100.0
4692,5000005574,1000004163,20240115,2,1,15000.0,750.0,14250.0
4693,5000005575,1000004164,20240424,1,2,12000.0,1200.0,22800.0
4694,5000005576,1000004164,20240424,1,3,12600.0,0.0,37800.0
4695,5000005577,1000004164,20240424,2,2,15000.0,3000.0,27000.0
4696,5000005578,1000004165,20240128,1,3,12000.0,720.0,35280.0
4697,5000005579,1000004166,20240520,2,1,15000.0,1500.0,13500.0
4698,5000005580,1000004167,20241008,1,1,12000.0,240.0,11760.0
4699,5000005581,1000004168,20240214,1,2,10800.0,0.0,21600.0
4700,5000005582,1000004168,20240214,1,3,12600.0,1890.0,35910.0
4701,5000005584,1000004170,20241120,1,2,12000.0,1200.0,22800.0
4702,5000005585,1000004170,20241120,2,2,13500.0,2700.0,24300.0
4703,5000005586,1000004171,20240409,2,1,15000.0,300.0,14700.0
4704,5000005587,1000004171,20240409,1,2,12000.0,2400.0,21600.0
4705,5000005588,1000004172,20240922,2,1,15000.0,0.0,15000.0
4706,5000005589,1000004173,20250810,1,3,12000.0,3600.0,32400.0
4707,5000005590,1000004174,20250529,2,3,15000.0,2250.0,42750.0
4708,5000005591,1000004175,20240115,1,1,12000.0,600.0,11400.0
4709,5000005592,1000004176,20240922,1,3,12600.0,0.0,37800.0
4710,5000005594,1000004178,20250708,2,3,13500.0,810.0,39690.0
4711,5000005595,1000004179,20241117,2,2,15000.0,600.0,29400.0
4712,5000005596,1000004180,20241230,1,2,12000.0,2400.0,21600.0
4713,5000005598,1000004182,20240116,1,2,12000.0,1200.0,22800.0
4714,5000005599,1000004183,20250607,2,2,15000.0,0.0,30000.0
4715,5000005600,1000004184,20250716,1,1,13200.0,264.0,12936.0
4716,5000005601,1000004184,20250716,1,3,12000.0,3600.0,32400.0
4717,5000005602,1000004185,20250508,1,1,12000.0,600.0,11400.0
4718,5000005603,1000004185,20250508,1,3,13200.0,792.0,38808.0
4719,5000005604,1000004186,20250212,2,3,15000.0,2250.0,42750.0
4720,5000005605,1000004187,20241107,2,3,15000.0,4500.0,40500.0
4721,5000005606,1000004188,20250418,1,2,10800.0,432.0,21168.0
4722,5000005607,1000004189,20240606,1,3,12000.0,720.0,35280.0
4723,5000005608,1000004190,20240720,1,3,12000.0,1800.0,34200.0
4724,5000005609,1000004190,20240720,1,3,12600.0,1890.0,35910.0
4725,5000005610,1000004191,20240416,2,2,15000.0,1500.0,28500.0
4726,5000005611,1000004192,20240816,1,1,12000.0,600.0,11400.0
4727,5000005612,1000004193,20241215,2,3,15000.0,0.0,45000.0
4728,5000005613,1000004194,20250917,2,3,15000.0,4500.0,40500.0
4729,5000005614,1000004195,20240102,1,1,12600.0,0.0,12600.0
4730,5000005615,1000004196,20250505,2,2,15000.0,0.0,30000.0
4731,5000005616,1000004196,20250505,1,1,12000.0,1200.0,10800.0
4732,5000005618,1000004198,20240107,2,2,15750.0,630.0,30870.0
4733,5000005619,1000004199,20250711,1,3,12000.0,720.0,35280.0
4734,5000005620,1000004199,20250711,1,2,12000.0,480.0,23520.0
4735,5000005621,1000004199,20250711,1,3,12600.0,3780.0,34020.0
4736,5000005624,1000004201,20241024,2,3,13500.0,4050.0,36450.0
4737,5000005625,1000004201,20241024,2,2,13500.0,1350.0,25650.0
4738,5000005626,1000004202,20250529,1,3,12000.0,0.0,36000.0
4739,5000005627,1000004203,20250501,1,2,10800.0,1080.0,20520.0
4740,5000005628,1000004204,20241101,2,2,15000.0,3000.0,27000.0
4741,5000005630,1000004206,20240418,1,3,12000.0,1800.0,34200.0
4742,5000005631,1000004207,20250729,2,1,15000.0,0.0,15000.0
4743,5000005632,1000004207,20250729,2,3,13500.0,4050.0,36450.0
4744,5000005633,1000004208,20250430,2,2,13500.0,2700.0,24300.0
4745,5000005636,1000004210,20240915,1,3,12000.0,0.0,36000.0
4746,5000005637,1000004211,20250803,1,2,12000.0,1200.0,22800.0
4747,5000005638,1000004212,20240428,1,3,10800.0,3240.0,29160.0
4748,5000005639,1000004213,20250305,2,2,15000.0,1500.0,28500.0
4749,5000005640,1000004213,20250305,2,2,15000.0,1500.0,28500.0
4750,5000005641,1000004214,20241222,1,1,12000.0,240.0,11760.0
4751,5000005642,1000004214,20241222,2,3,13500.0,810.0,39690.0
4752,5000005643,1000004214,20241222,1,2,10800.0,432.0,21168.0
4753,5000005644,1000004215,20241114,1,3,12000.0,3600.0,32400.0
4754,5000005645,1000004216,20240205,1,1,10800.0,216.0,10584.0
4755,5000005646,1000004217,20250204,2,1,15000.0,0.0,15000.0
4756,5000005647,1000004218,20250523,1,3,10800.0,3240.0,29160.0
4757,5000005648,1000004218,20250523,1,3,12600.0,0.0,37800.0
4758,5000005649,1000004219,20240108,1,1,12000.0,240.0,11760.0
4759,5000005651,1000004221,20240927,2,3,16500.0,2475.0,47025.0
4760,5000005653,1000004223,20241105,2,2,16500.0,1650.0,31350.0
4761,5000005654,1000004224,20250128,2,3,15000.0,0.0,45000.0
4762,5000005655,1000004225,20240822,2,3,15000.0,0.0,45000.0
4763,5000005656,1000004225,20240822,1,1,12000.0,0.0,12000.0
4764,5000005658,1000004227,20241104,2,2,15000.0,600.0,29400.0
4765,5000005659,1000004228,20240212,2,1,15000.0,300.0,14700.0
4766,5000005660,1000004229,20240901,2,3,15000.0,2250.0,42750.0
4767,5000005661,1000004230,20240726,2,3,15000.0,900.0,44100.0
4768,5000005662,1000004231,20250409,1,1,10800.0,0.0,10800.0
4769,5000005663,1000004232,20240816,2,2,15000.0,1500.0,28500.0
4770,5000005664,1000004233,20241203,1,3,12000.0,3600.0,32400.0
4771,5000005665,1000004233,20241203,2,3,15750.0,2362.5,44887.5
4772,5000005666,1000004233,20241203,1,3,12000.0,1800.0,34200.0
4773,5000005667,1000004234,20240823,1,2,12000.0,1200.0,22800.0
4774,5000005668,1000004234,20240823,2,1,15000.0,750.0,14250.0
4775,5000005669,1000004235,20250824,2,3,16500.0,2475.0,47025.0
4776,5000005670,1000004236,20250122,1,1,10800.0,216.0,10584.0
4777,5000005671,1000004236,20250122,2,3,15000.0,900.0,44100.0
4778,5000005672,1000004237,20240722,2,2,15750.0,1575.0,29925.0
4779,5000005673,1000004238,20250817,2,3,15750.0,4725.0,42525.0
4780,5000005674,1000004239,20250510,1,1,12000.0,1200.0,10800.0
4781,5000005675,1000004239,20250510,1,2,12000.0,0.0,24000.0
4782,5000005676,1000004239,20250510,1,1,12000.0,1200.0,10800.0
4783,5000005677,1000004240,20240730,2,1,15750.0,1575.0,14175.0
4784,5000005678,1000004240,20240730,2,3,16500.0,0.0,49500.0
4785,5000005679,1000004241,20250615,1,2,12000.0,0.0,24000.0
4786,5000005680,1000004242,20250329,1,2,10800.0,0.0,21600.0
4787,5000005681,1000004243,20240424,1,1,12600.0,252.0,12348.0
4788,5000005682,1000004243,20240424,1,3,12000.0,3600.0,32400.0
4789,5000005683,1000004243,20240424,2,1,15000.0,1500.0,13500.0
4790,5000005684,1000004244,20240206,2,2,15000.0,3000.0,27000.0
4791,5000005685,1000004244,20240206,2,1,15750.0,315.0,15435.0
4792,5000005686,1000004245,20250114,1,1,12600.0,1260.0,11340.0
4793,5000005687,1000004246,20250329,1,2,12000.0,480.0,23520.0
4794,5000005690,1000004248,20240224,1,1,12000.0,1200.0,10800.0
4795,5000005692,1000004250,20250910,2,3,15000.0,0.0,45000.0
4796,5000005693,1000004251,20241229,2,1,15000.0,750.0,14250.0
4797,5000005694,1000004252,20240917,1,2,12000.0,0.0,24000.0
4798,5000005696,1000004254,20240829,2,2,15000.0,1500.0,28500.0
4799,5000005697,1000004255,20240224,1,2,10800.0,2160.0,19440.0
4800,5000005698,1000004256,20250209,2,1,16500.0,330.0,16170.0
4801,5000005699,1000004257,20250718,1,2,12600.0,2520.0,22680.0
4802,5000005701,1000004259,20240304,2,3,13500.0,4050.0,36450.0
4803,5000005702,1000004260,20250725,2,2,15000.0,3000.0,27000.0
4804,5000005703,1000004260,20250725,1,2,12000.0,0.0,24000.0
4805,5000005704,1000004261,20250303,2,2,15000.0,1500.0,28500.0
4806,5000005705,1000004262,20240126,1,1,12000.0,240.0,11760.0
4807,5000005706,1000004263,20250517,1,3,10800.0,1620.0,30780.0
4808,5000005707,1000004264,20250105,1,2,12600.0,504.0,24696.0
4809,5000005708,1000004264,20250105,1,2,12000.0,0.0,24000.0
4810,5000005709,1000004265,20250630,2,1,15000.0,300.0,14700.0
4811,5000005710,1000004266,20240616,2,1,15000.0,1500.0,13500.0
4812,5000005711,1000004266,20240616,2,1,16500.0,330.0,16170.0
4813,5000005712,1000004266,20240616,2,2,15000.0,3000.0,27000.0
4814,5000005713,1000004267,20241201,1,2,12000.0,0.0,24000.0
4815,5000005715,1000004269,20250715,2,3,15000.0,900.0,44100.0
4816,5000005716,1000004270,20240620,1,1,12600.0,252.0,12348.0
4817,5000005717,1000004271,20241017,2,2,15000.0,0.0,30000.0
4818,5000005718,1000004271,20241017,2,2,13500.0,0.0,27000.0
4819,5000005719,1000004272,20240710,2,3,15000.0,2250.0,42750.0
4820,5000005721,1000004274,20250520,1,3,12000.0,0.0,36000.0
4821,5000005722,1000004275,20240428,2,1,15000.0,750.0,14250.0
4822,5000005723,1000004276,20240512,1,2,12000.0,1200.0,22800.0
4823,5000005726,1000004279,20250803,2,3,13500.0,4050.0,36450.0
4824,5000005727,1000004280,20250302,1,1,12600.0,0.0,12600.0
4825,5000005728,1000004281,20250215,1,3,12600.0,756.0,37044.0
4826,5000005729,1000004281,20250215,2,1,15000.0,0.0,15000.0
4827,5000005730,1000004282,20240501,2,1,15750.0,787.5,14962.5
4828,5000005731,1000004283,20240222,2,3,16500.0,4950.0,44550.0
4829,5000005732,1000004284,20250719,2,2,16500.0,0.0,33000.0
4830,5000005733,1000004284,20250719,2,3,15750.0,945.0,46305.0
4831,5000005734,1000004284,20250719,1,2,12000.0,0.0,24000.0
4832,5000005735,1000004285,20241206,1,1,12000.0,0.0,12000.0
4833,5000005736,1000004285,20241206,2,1,15750.0,315.0,15435.0
4834,5000005737,1000004286,20250117,2,3,13500.0,2025.0,38475.0
4835,5000005738,1000004286,20250117,1,3,12000.0,720.0,35280.0
4836,5000005739,1000004287,20240211,2,3,15750.0,945.0,46305.0
4837,5000005740,1000004288,20240406,1,1,12000.0,600.0,11400.0
4838,5000005741,1000004288,20240406,1,1,12000.0,240.0,11760.0
4839,5000005742,1000004289,20241205,2,1,15750.0,787.5,14962.5
4840,5000005743,1000004289,20241205,2,3,15750.0,4725.0,42525.0
4841,5000005744,1000004290,20241123,2,3,15750.0,0.0,47250.0
4842,5000005745,1000004291,20240209,1,3,12600.0,0.0,37800.0
4843,5000005746,1000004292,20250601,2,3,13500.0,0.0,40500.0
4844,5000005747,1000004292,20250601,1,2,12000.0,0.0,24000.0
4845,5000005749,1000004294,20241224,2,2,16500.0,0.0,33000.0
4846,5000005750,1000004295,20240426,2,2,13500.0,2700.0,24300.0
4847,5000005751,1000004296,20250201,1,2,10800.0,432.0,21168.0
4848,5000005753,1000004298,20240919,1,1,12600.0,630.0,11970.0
4849,5000005758,1000004302,20240906,2,1,16500.0,330.0,16170.0
4850,5000005759,1000004303,20241212,2,1,15000.0,1500.0,13500.0
4851,5000005760,1000004303,20241212,1,2,12600.0,2520.0,22680.0
4852,5000005761,1000004304,20240819,1,3,12000.0,3600.0,32400.0
4853,5000005762,1000004305,20240706,2,2,13500.0,1350.0,25650.0
4854,5000005763,1000004306,20250721,1,1,12600.0,630.0,11970.0
4855,5000005764,1000004307,20241203,1,1,13200.0,264.0,12936.0
4856,5000005765,1000004308,20240213,1,3,12600.0,756.0,37044.0
4857,5000005766,1000004308,20240213,1,1,12000.0,0.0,12000.0
4858,5000005767,1000004309,20250120,2,3,15000.0,2250.0,42750.0
4859,5000005768,1000004310,20250227,1,2,10800.0,0.0,21600.0
4860,5000005769,1000004311,20241120,2,1,16500.0,0.0,16500.0
4861,5000005770,1000004312,20250107,1,1,10800.0,540.0,10260.0
4862,5000005771,1000004313,20250612,2,1,15000.0,300.0,14700.0
4863,5000005772,1000004313,20250612,1,1,12600.0,0.0,12600.0
4864,5000005773,1000004314,20241019,1,1,12000.0,1200.0,10800.0
4865,5000005774,1000004314,20241019,2,1,13500.0,0.0,13500.0
4866,5000005775,1000004315,20240619,2,2,16500.0,1650.0,31350.0
4867,5000005776,1000004316,20250305,2,2,15000.0,600.0,29400.0
4868,5000005777,1000004317,20250921,1,1,12000.0,1200.0,10800.0
4869,5000005778,1000004318,20240430,2,1,15000.0,300.0,14700.0
4870,5000005779,1000004319,20240905,1,2,12600.0,0.0,25200.0
4871,5000005780,1000004320,20240710,1,1,12000.0,600.0,11400.0
4872,5000005781,1000004321,20240407,1,1,13200.0,264.0,12936.0
4873,5000005782,1000004321,20240407,1,2,12000.0,0.0,24000.0
4874,5000005783,1000004322,20240814,1,3,12000.0,1800.0,34200.0
4875,5000005784,1000004323,20250113,1,2,12000.0,0.0,24000.0
4876,5000005785,1000004324,20240218,2,2,16500.0,1650.0,31350.0
4877,5000005786,1000004325,20240905,2,2,15000.0,0.0,30000.0
4878,5000005787,1000004325,20240905,2,2,15000.0,0.0,30000.0
4879,5000005788,1000004326,20240927,1,2,12600.0,0.0,25200.0
4880,5000005789,1000004326,20240927,1,2,13200.0,1320.0,25080.0
4881,5000005791,1000004328,20250805,2,1,16500.0,330.0,16170.0
4882,5000005792,1000004329,20240131,2,1,15000.0,0.0,15000.0
4883,5000005795,1000004331,20241105,1,3,12000.0,720.0,35280.0
4884,5000005796,1000004331,20241105,2,2,15000.0,1500.0,28500.0
4885,5000005797,1000004331,20241105,1,1,12600.0,252.0,12348.0
4886,5000005798,1000004332,20240111,2,1,15000.0,1500.0,13500.0
4887,5000005799,1000004333,20241004,1,2,12000.0,0.0,24000.0
4888,5000005800,1000004334,20240322,1,3,12000.0,1800.0,34200.0
4889,5000005801,1000004334,20240322,2,1,15000.0,750.0,14250.0
4890,5000005804,1000004336,20250712,1,2,12000.0,0.0,24000.0
4891,5000005805,1000004337,20240419,2,2,15000.0,3000.0,27000.0
4892,5000005806,1000004338,20240318,2,1,16500.0,330.0,16170.0
4893,5000005807,1000004339,20240618,1,3,12000.0,1800.0,34200.0
4894,5000005808,1000004339,20240618,2,3,15000.0,4500.0,40500.0
4895,5000005809,1000004340,20240215,2,1,15000.0,1500.0,13500.0
4896,5000005810,1000004341,20250524,1,2,10800.0,432.0,21168.0
4897,5000005811,1000004341,20250524,1,2,12000.0,1200.0,22800.0
4898,5000005812,1000004342,20240903,1,3,12000.0,720.0,35280.0
4899,5000005813,1000004342,20240903,1,2,12600.0,1260.0,23940.0
4900,5000005814,1000004342,20240903,2,1,15000.0,300.0,14700.0
4901,5000005816,1000004344,20241109,2,2,15000.0,0.0,30000.0
4902,5000005817,1000004345,20241014,1,3,12000.0,1800.0,34200.0
4903,5000005821,1000004347,20250903,1,3,12000.0,720.0,35280.0
4904,5000005822,1000004348,20250201,1,1,10800.0,1080.0,9720.0
4905,5000005823,1000004349,20250511,1,2,12600.0,504.0,24696.0
4906,5000005824,1000004350,20250411,2,1,15000.0,300.0,14700.0
4907,5000005826,1000004352,20250420,2,3,16500.0,990.0,48510.0
4908,5000005827,1000004352,20250420,2,1,15000.0,1500.0,13500.0
4909,5000005828,1000004353,20241215,1,1,10800.0,1080.0,9720.0
4910,5000005829,1000004353,20241215,2,3,13500.0,2025.0,38475.0
4911,5000005832,1000004356,20250718,2,2,15000.0,600.0,29400.0
4912,5000005833,1000004356,20250718,1,3,12000.0,0.0,36000.0
4913,5000005834,1000004357,20240515,2,2,15000.0,0.0,30000.0
4914,5000005835,1000004358,20250422,2,1,15000.0,750.0,14250.0
4915,5000005836,1000004358,20250422,1,1,12600.0,252.0,12348.0
4916,5000005837,1000004359,20240527,2,1,15000.0,300.0,14700.0
4917,5000005839,1000004361,20250215,2,2,16500.0,3300.0,29700.0
4918,5000005840,1000004362,20241229,2,1,16500.0,825.0,15675.0
4919,5000005841,1000004363,20241004,2,3,13500.0,2025.0,38475.0
4920,5000005842,1000004364,20250120,2,2,15000.0,600.0,29400.0
4921,5000005843,1000004364,20250120,2,3,15000.0,4500.0,40500.0
4922,5000005844,1000004365,20240713,1,3,12000.0,720.0,35280.0
4923,5000005845,1000004366,20250719,1,3,10800.0,1620.0,30780.0
4924,5000005846,1000004367,20240910,1,2,12000.0,0.0,24000.0
4925,5000005847,1000004368,20240227,1,2,12600.0,504.0,24696.0
4926,5000005850,1000004370,20240918,1,2,12000.0,0.0,24000.0
4927,5000005851,1000004371,20250715,2,1,13500.0,1350.0,12150.0
4928,5000005853,1000004373,20250614,2,2,15000.0,600.0,29400.0
4929,5000005857,1000004376,20250212,1,2,12000.0,1200.0,22800.0
4930,5000005858,1000004377,20240322,1,3,10800.0,0.0,32400.0
4931,5000005859,1000004378,20250706,2,2,15750.0,3150.0,28350.0
4932,5000005860,1000004379,20240502,1,3,12000.0,0.0,36000.0
4933,5000005861,1000004380,20250401,2,2,15750.0,1575.0,29925.0
4934,5000005862,1000004381,20240714,2,2,16500.0,3300.0,29700.0
4935,5000005863,1000004382,20250103,1,1,10800.0,1080.0,9720.0
4936,5000005864,1000004383,20240911,2,1,15750.0,0.0,15750.0
4937,5000005865,1000004383,20240911,2,2,15000.0,1500.0,28500.0
4938,5000005866,1000004384,20250803,2,3,15000.0,900.0,44100.0
4939,5000005867,1000004385,20250406,2,2,15000.0,600.0,29400.0
4940,5000005872,1000004389,20250507,1,3,10800.0,1620.0,30780.0
4941,5000005873,1000004390,20250717,2,1,15750.0,0.0,15750.0
4942,5000005874,1000004391,20240524,1,2,12000.0,2400.0,21600.0
4943,5000005875,1000004391,20240524,2,1,16500.0,0.0,16500.0
4944,5000005876,1000004391,20240524,1,2,10800.0,1080.0,20520.0
4945,5000005877,1000004392,20250914,2,1,15000.0,0.0,15000.0
4946,5000005878,1000004393,20240218,2,2,15750.0,0.0,31500.0
4947,5000005879,1000004394,20241102,2,2,16500.0,0.0,33000.0
4948,5000005880,1000004395,20240701,2,2,15000.0,3000.0,27000.0
4949,5000005881,1000004396,20240923,1,1,12000.0,0.0,12000.0
4950,5000005882,1000004397,20250104,1,1,12600.0,252.0,12348.0
4951,5000005883,1000004398,20250805,1,3,10800.0,0.0,32400.0
4952,5000005884,1000004399,20250718,1,2,12000.0,480.0,23520.0
4953,5000005885,1000004399,20250718,1,2,10800.0,0.0,21600.0
4954,5000005886,1000004400,20250401,1,1,12600.0,0.0,12600.0
4955,5000005889,1000004402,20250409,1,2,12000.0,480.0,23520.0
4956,5000005890,1000004403,20241130,2,3,13500.0,810.0,39690.0
4957,5000005891,1000004404,20240127,1,3,12000.0,3600.0,32400.0
4958,5000005892,1000004404,20240127,2,2,15000.0,600.0,29400.0
4959,5000005893,1000004404,20240127,1,1,12600.0,0.0,12600.0
4960,5000005894,1000004405,20250412,1,1,10800.0,216.0,10584.0
4961,5000005895,1000004406,20250811,1,3,10800.0,3240.0,29160.0
4962,5000005896,1000004407,20250302,1,1,12600.0,1260.0,11340.0
4963,5000005897,1000004408,20240611,2,1,15000.0,1500.0,13500.0
4964,5000005898,1000004409,20250516,2,2,13500.0,0.0,27000.0
4965,5000005899,1000004410,20240128,1,1,13200.0,660.0,12540.0
4966,5000005900,1000004410,20240128,1,1,12600.0,630.0,11970.0
4967,5000005902,1000004412,20240315,2,3,15750.0,945.0,46305.0
4968,5000005905,1000004414,20250728,2,3,13500.0,0.0,40500.0
4969,5000005906,1000004415,20240217,2,2,15750.0,630.0,30870.0
4970,5000005907,1000004415,20240217,1,1,12000.0,240.0,11760.0
4971,5000005908,1000004416,20250404,2,3,15000.0,0.0,45000.0
4972,5000005909,1000004417,20240924,1,3,12000.0,0.0,36000.0
4973,5000005910,1000004418,20250511,2,2,15000.0,0.0,30000.0
4974,5000005911,1000004418,20250511,1,3,13200.0,1980.0,37620.0
4975,5000005912,1000004419,20240910,2,3,15000.0,0.0,45000.0
4976,5000005913,1000004419,20240910,1,2,12000.0,0.0,24000.0
4977,5000005914,1000004419,20240910,1,1,12000.0,1200.0,10800.0
4978,5000005915,1000004420,20250430,1,1,10800.0,0.0,10800.0
4979,5000005916,1000004420,20250430,1,2,12000.0,1200.0,22800.0
4980,5000005917,1000004420,20250430,1,1,12000.0,600.0,11400.0
4981,5000005918,1000004421,20250424,1,3,12000.0,3600.0,32400.0
4982,5000005919,1000004421,20250424,1,3,12000.0,0.0,36000.0
4983,5000005920,1000004422,20250317,2,1,13500.0,675.0,12825.0
4984,5000005921,1000004423,20250614,2,3,15000.0,900.0,44100.0
4985,5000005922,1000004424,20240506,1,3,13200.0,3960.0,35640.0
4986,5000005923,1000004425,20250809,1,2,12000.0,2400.0,21600.0
4987,5000005924,1000004425,20250809,2,2,15000.0,600.0,29400.0
4988,5000005925,1000004425,20250809,1,3,12000.0,1800.0,34200.0
4989,5000005926,1000004426,20250215,1,1,10800.0,540.0,10260.0
4990,5000005927,1000004427,20250912,2,3,15000.0,2250.0,42750.0
4991,5000005928,1000004428,20240203,1,2,10800.0,1080.0,20520.0
4992,5000005929,1000004428,20240203,1,3,12600.0,1890.0,35910.0
4993,5000005930,1000004429,20250225,2,1,15750.0,315.0,15435.0
4994,5000005931,1000004430,20250328,1,3,12000.0,1800.0,34200.0
4995,5000005932,1000004431,20240628,2,1,15750.0,315.0,15435.0
4996,5000005933,1000004432,20240420,1,1,12600.0,1260.0,11340.0
4997,5000005934,1000004433,20250402,1,3,10800.0,3240.0,29160.0
4998,5000005935,1000004434,20240812,1,2,12000.0,0.0,24000.0
4999,5000005936,1000004435,20240318,1,1,12600.0,252.0,12348.0
5000,5000005937,1000004435,20240318,2,2,15000.0,0.0,30000.0
5001,5000005938,1000004436,20250529,2,1,15000.0,750.0,14250.0
5002,5000005939,1000004436,20250529,2,3,15000.0,900.0,44100.0
5003,5000005940,1000004437,20240705,1,2,13200.0,0.0,26400.0
5004,5000005941,1000004438,20240908,1,1,12000.0,600.0,11400.0
5005,5000005942,1000004438,20240908,1,3,12600.0,756.0,37044.0
5006,5000005943,1000004439,20250613,2,1,15000.0,750.0,14250.0
5007,5000005944,1000004440,20240404,2,2,13500.0,2700.0,24300.0
5008,5000005948,1000004442,20250907,2,2,15000.0,0.0,30000.0
5009,5000005949,1000004443,20240722,2,3,15000.0,0.0,45000.0
5010,5000005950,1000004443,20240722,2,1,15000.0,1500.0,13500.0
5011,5000005953,1000004446,20241226,1,2,12000.0,2400.0,21600.0
5012,5000005954,1000004447,20240607,1,2,12000.0,480.0,23520.0
5013,5000005955,1000004448,20240717,2,1,15000.0,750.0,14250.0
5014,5000005956,1000004449,20250110,2,1,16500.0,1650.0,14850.0
5015,5000005957,1000004450,20240228,2,3,15750.0,0.0,47250.0
5016,5000005958,1000004450,20240228,2,3,15000.0,4500.0,40500.0
5017,5000005959,1000004451,20250209,1,2,12600.0,504.0,24696.0
5018,5000005960,1000004452,20250428,1,3,12600.0,0.0,37800.0
5019,5000005961,1000004452,20250428,2,3,15000.0,4500.0,40500.0
5020,5000005962,1000004453,20240810,1,3,12000.0,0.0,36000.0
5021,5000005963,1000004453,20240810,2,3,15750.0,945.0,46305.0
5022,5000005964,1000004454,20240625,1,1,12000.0,0.0,12000.0
5023,5000005965,1000004455,20240221,2,2,13500.0,540.0,26460.0
5024,5000005966,1000004456,20240720,1,2,12000.0,1200.0,22800.0
5025,5000005967,1000004457,20250210,1,1,13200.0,0.0,13200.0
5026,5000005968,1000004458,20250315,1,3,12600.0,3780.0,34020.0
5027,5000005971,1000004460,20240703,2,1,15000.0,750.0,14250.0
5028,5000005972,1000004461,20250316,1,1,12600.0,252.0,12348.0
5029,5000005973,1000004462,20250414,2,3,15000.0,2250.0,42750.0
5030,5000005974,1000004463,20250507,2,1,15000.0,0.0,15000.0
5031,5000005975,1000004464,20250417,1,3,12000.0,1800.0,34200.0
5032,5000005976,1000004465,20250623,2,1,15000.0,1500.0,13500.0
5033,5000005980,1000004467,20250815,2,3,15000.0,4500.0,40500.0
5034,5000005981,1000004467,20250815,2,1,15000.0,750.0,14250.0
5035,5000005982,1000004468,20240822,2,3,15000.0,2250.0,42750.0
5036,5000005984,1000004470,20240523,2,1,15750.0,787.5,14962.5
5037,5000005985,1000004471,20241004,2,3,15000.0,2250.0,42750.0
5038,5000005993,1000004476,20240501,1,2,12000.0,1200.0,22800.0
5039,5000005994,1000004477,20240328,1,3,10800.0,3240.0,29160.0
5040,5000005995,1000004478,20250924,2,3,15000.0,0.0,45000.0
5041,5000005996,1000004479,20240117,2,1,15000.0,0.0,15000.0
5042,5000005997,1000004479,20240117,1,3,13200.0,0.0,39600.0
5043,5000005998,1000004480,20250125,2,1,15000.0,0.0,15000.0
5044,5000005999,1000004481,20240508,2,2,15000.0,3000.0,27000.0
5045,5000006000,1000004482,20250703,1,3,12000.0,1800.0,34200.0
5046,5000006001,1000004483,20240730,1,2,12000.0,480.0,23520.0
5047,5000006002,1000004483,20240730,2,3,16500.0,2475.0,47025.0
5048,5000006003,1000004483,20240730,2,2,15750.0,0.0,31500.0
5049,5000006004,1000004484,20240204,1,2,12600.0,0.0,25200.0
5050,5000006005,1000004484,20240204,2,1,15000.0,0.0,15000.0
5051,5000006006,1000004485,20240928,1,1,12000.0,1200.0,10800.0
5052,5000006007,1000004486,20250621,1,1,12000.0,0.0,12000.0
5053,5000006008,1000004487,20240509,1,1,12000.0,600.0,11400.0
5054,5000006009,1000004488,20250912,1,2,13200.0,2640.0,23760.0
5055,5000006010,1000004488,20250912,2,1,15750.0,787.5,14962.5
5056,5000006011,1000004489,20250308,2,1,15000.0,1500.0,13500.0
5057,5000006012,1000004490,20241224,1,3,12000.0,1800.0,34200.0
5058,5000006013,1000004491,20241003,2,2,15000.0,1500.0,28500.0
5059,5000006014,1000004492,20250803,2,3,16500.0,990.0,48510.0
5060,5000006015,1000004492,20250803,2,3,15000.0,4500.0,40500.0
5061,5000006016,1000004492,20250803,2,2,15000.0,3000.0,27000.0
5062,5000006017,1000004493,20241018,1,1,12600.0,0.0,12600.0
5063,5000006018,1000004494,20250711,2,1,15000.0,1500.0,13500.0
5064,5000006019,1000004495,20250901,1,3,12000.0,720.0,35280.0
5065,5000006020,1000004495,20250901,1,3,12000.0,0.0,36000.0
5066,5000006021,1000004496,20250130,1,3,10800.0,648.0,31752.0
5067,5000006022,1000004497,20250921,2,3,15000.0,900.0,44100.0
5068,5000006023,1000004498,20250517,1,1,12000.0,600.0,11400.0
5069,5000006024,1000004498,20250517,2,3,15000.0,0.0,45000.0
5070,5000006025,1000004499,20241226,1,3,12600.0,1890.0,35910.0
5071,5000006026,1000004500,20240824,1,1,12600.0,0.0,12600.0
5072,5000006027,1000004501,20240723,1,1,12000.0,600.0,11400.0
5073,5000006028,1000004502,20250514,2,2,16500.0,1650.0,31350.0
5074,5000006031,1000004504,20240407,1,2,12000.0,1200.0,22800.0
5075,5000006032,1000004504,20240407,2,3,15000.0,4500.0,40500.0
5076,5000006033,1000004505,20250406,1,3,12000.0,3600.0,32400.0
5077,5000006034,1000004506,20240909,2,3,15000.0,0.0,45000.0
5078,5000006035,1000004506,20240909,1,3,12000.0,0.0,36000.0
5079,5000006036,1000004507,20240605,1,3,10800.0,648.0,31752.0
5080,5000006037,1000004507,20240605,1,2,10800.0,1080.0,20520.0
5081,5000006038,1000004508,20240918,2,3,15000.0,0.0,45000.0
5082,5000006039,1000004509,20240401,2,1,15000.0,750.0,14250.0
5083,5000006040,1000004510,20240615,2,1,15000.0,750.0,14250.0
5084,5000006041,1000004510,20240615,1,3,12000.0,720.0,35280.0
5085,5000006042,1000004511,20241008,1,2,12000.0,1200.0,22800.0
5086,5000006043,1000004511,20241008,1,2,10800.0,432.0,21168.0
5087,5000006044,1000004512,20240606,1,3,12000.0,720.0,35280.0
5088,5000006045,1000004512,20240606,2,2,15000.0,0.0,30000.0
5089,5000006046,1000004513,20250827,1,2,12000.0,0.0,24000.0
5090,5000006050,1000004517,20240308,1,3,10800.0,1620.0,30780.0
5091,5000006051,1000004518,20240524,2,2,13500.0,1350.0,25650.0
5092,5000006054,1000004520,20241218,2,3,15750.0,0.0,47250.0
5093,5000006055,1000004520,20241218,2,3,15750.0,945.0,46305.0
5094,5000006056,1000004521,20240914,1,1,12600.0,0.0,12600.0
5095,5000006057,1000004522,20250627,2,3,13500.0,0.0,40500.0
5096,5000006058,1000004523,20241217,1,3,10800.0,3240.0,29160.0
5097,5000006059,1000004524,20250523,1,3,13200.0,1980.0,37620.0
5098,5000006060,1000004525,20250123,1,2,12000.0,1200.0,22800.0
5099,5000006061,1000004525,20250123,1,1,12000.0,0.0,12000.0
5100,5000006063,1000004527,20240511,1,2,13200.0,2640.0,23760.0
5101,5000006064,1000004528,20240904,1,1,12000.0,240.0,11760.0
5102,5000006065,1000004529,20241029,2,1,13500.0,1350.0,12150.0
5103,5000006066,1000004529,20241029,1,1,10800.0,216.0,10584.0
5104,5000006067,1000004530,20240409,1,3,13200.0,792.0,38808.0
5105,5000006068,1000004530,20240409,1,3,12000.0,0.0,36000.0
5106,5000006069,1000004531,20241020,1,1,12000.0,240.0,11760.0
5107,5000006070,1000004532,20250209,1,2,13200.0,0.0,26400.0
5108,5000006071,1000004533,20240501,2,1,15000.0,0.0,15000.0
5109,5000006073,1000004535,20240222,2,2,16500.0,660.0,32340.0
5110,5000006074,1000004536,20250221,1,3,10800.0,3240.0,29160.0
5111,5000006075,1000004537,20250305,2,3,13500.0,2025.0,38475.0
5112,5000006076,1000004537,20250305,1,3,12000.0,720.0,35280.0
5113,5000006077,1000004538,20250627,1,3,10800.0,1620.0,30780.0
5114,5000006078,1000004538,20250627,2,2,13500.0,0.0,27000.0
5115,5000006079,1000004539,20250219,1,3,12000.0,3600.0,32400.0
5116,5000006080,1000004539,20250219,1,1,12000.0,1200.0,10800.0
5117,5000006081,1000004540,20240405,2,1,15000.0,1500.0,13500.0
5118,5000006082,1000004540,20240405,2,2,13500.0,2700.0,24300.0
5119,5000006083,1000004541,20250107,2,2,15000.0,0.0,30000.0
5120,5000006087,1000004545,20250215,2,2,15000.0,3000.0,27000.0
5121,5000006088,1000004545,20250215,1,3,12000.0,1800.0,34200.0
5122,5000006091,1000004548,20250912,1,3,12000.0,1800.0,34200.0
5123,5000006092,1000004549,20241119,1,1,10800.0,540.0,10260.0
5124,5000006093,1000004550,20250518,1,1,12000.0,0.0,12000.0
5125,5000006094,1000004551,20240701,2,3,15000.0,4500.0,40500.0
5126,5000006095,1000004551,20240701,1,2,12000.0,1200.0,22800.0
5127,5000006096,1000004552,20250825,2,3,15750.0,0.0,47250.0
5128,5000006097,1000004552,20250825,1,1,12600.0,1260.0,11340.0
5129,5000006098,1000004553,20240319,2,3,16500.0,0.0,49500.0
5130,5000006099,1000004553,20240319,2,2,15000.0,3000.0,27000.0
5131,5000006100,1000004554,20241231,2,2,15000.0,3000.0,27000.0
5132,5000006101,1000004555,20250317,1,3,12000.0,1800.0,34200.0
5133,5000006102,1000004555,20250317,1,2,12000.0,480.0,23520.0
5134,5000006103,1000004556,20250724,2,2,15000.0,0.0,30000.0
5135,5000006104,1000004556,20250724,1,2,12600.0,0.0,25200.0
5136,5000006105,1000004557,20241010,1,2,12000.0,480.0,23520.0
5137,5000006106,1000004557,20241010,1,2,12600.0,0.0,25200.0
5138,5000006107,1000004558,20241204,1,1,12000.0,0.0,12000.0
5139,5000006108,1000004559,20250727,1,2,12000.0,2400.0,21600.0
5140,5000006112,1000004561,20240523,2,2,15000.0,600.0,29400.0
5141,5000006113,1000004561,20240523,2,3,16500.0,4950.0,44550.0
5142,5000006114,1000004562,20240326,1,3,12000.0,3600.0,32400.0
5143,5000006115,1000004563,20250220,2,1,15000.0,300.0,14700.0
5144,5000006116,1000004564,20250715,2,2,15000.0,0.0,30000.0
5145,5000006117,1000004565,20240917,2,3,15000.0,900.0,44100.0
5146,5000006118,1000004566,20250219,2,1,15750.0,1575.0,14175.0
5147,5000006119,1000004566,20250219,1,3,12600.0,1890.0,35910.0
5148,5000006120,1000004567,20240909,2,2,13500.0,1350.0,25650.0
5149,5000006121,1000004568,20240814,2,2,15000.0,0.0,30000.0
5150,5000006122,1000004568,20240814,2,3,16500.0,4950.0,44550.0
5151,5000006124,1000004570,20240624,1,3,10800.0,0.0,32400.0
5152,5000006127,1000004572,20250608,2,3,13500.0,2025.0,38475.0
5153,5000006128,1000004572,20250608,2,2,15750.0,1575.0,29925.0
5154,5000006129,1000004573,20241221,1,2,12000.0,2400.0,21600.0
5155,5000006130,1000004573,20241221,2,1,15000.0,0.0,15000.0
5156,5000006131,1000004574,20250407,1,3,12000.0,3600.0,32400.0
5157,5000006132,1000004575,20240511,2,1,13500.0,1350.0,12150.0
5158,5000006133,1000004576,20240927,1,3,12000.0,720.0,35280.0
5159,5000006134,1000004576,20240927,1,3,12000.0,1800.0,34200.0
5160,5000006135,1000004577,20250919,1,2,12000.0,2400.0,21600.0
5161,5000006136,1000004577,20250919,1,2,12000.0,480.0,23520.0
5162,5000006137,1000004578,20250713,2,3,15750.0,0.0,47250.0
5163,5000006138,1000004579,20240821,2,1,15000.0,0.0,15000.0
5164,5000006139,1000004579,20240821,2,2,15750.0,0.0,31500.0
5165,5000006140,1000004580,20240117,2,2,15750.0,3150.0,28350.0
5166,5000006141,1000004580,20240117,2,1,15000.0,750.0,14250.0
5167,5000006142,1000004581,20240731,1,2,12600.0,504.0,24696.0
5168,5000006143,1000004581,20240731,1,2,12000.0,1200.0,22800.0
5169,5000006145,1000004583,20240928,2,3,13500.0,0.0,40500.0
5170,5000006146,1000004584,20240426,1,1,12000.0,0.0,12000.0
5171,5000006147,1000004585,20241213,1,1,13200.0,264.0,12936.0
5172,5000006148,1000004586,20250328,1,2,12600.0,0.0,25200.0
5173,5000006149,1000004586,20250328,2,2,15000.0,1500.0,28500.0
5174,5000006150,1000004586,20250328,1,1,12000.0,0.0,12000.0
5175,5000006151,1000004587,20240930,2,1,15000.0,750.0,14250.0
5176,5000006152,1000004588,20250712,1,1,12600.0,630.0,11970.0
5177,5000006153,1000004589,20250220,2,2,15000.0,0.0,30000.0
5178,5000006154,1000004590,20250806,1,3,12000.0,0.0,36000.0
5179,5000006155,1000004590,20250806,2,1,15000.0,750.0,14250.0
5180,5000006156,1000004590,20250806,1,2,13200.0,0.0,26400.0
5181,5000006157,1000004591,20240419,1,3,12000.0,1800.0,34200.0
5182,5000006158,1000004592,20240903,1,1,12000.0,1200.0,10800.0
5183,5000006159,1000004593,20250702,1,3,12000.0,1800.0,34200.0
5184,5000006160,1000004593,20250702,2,1,15000.0,1500.0,13500.0
5185,5000006161,1000004594,20250104,1,3,13200.0,3960.0,35640.0
5186,5000006162,1000004595,20250517,1,2,12000.0,0.0,24000.0
5187,5000006163,1000004596,20250916,2,2,15750.0,3150.0,28350.0
5188,5000006164,1000004597,20250813,1,3,10800.0,648.0,31752.0
5189,5000006165,1000004598,20250114,1,1,10800.0,540.0,10260.0
5190,5000006166,1000004598,20250114,2,1,15000.0,750.0,14250.0
5191,5000006167,1000004599,20250330,2,2,15000.0,3000.0,27000.0
5192,5000006168,1000004600,20240826,1,2,10800.0,1080.0,20520.0
5193,5000006169,1000004601,20240702,2,3,15000.0,2250.0,42750.0
5194,5000006170,1000004602,20250203,2,1,16500.0,0.0,16500.0
5195,5000006171,1000004603,20240301,2,3,13500.0,810.0,39690.0
5196,5000006172,1000004604,20240715,1,3,12000.0,1800.0,34200.0
5197,5000006173,1000004604,20240715,1,1,10800.0,216.0,10584.0
5198,5000006174,1000004605,20250221,2,1,15000.0,300.0,14700.0
5199,5000006175,1000004606,20240113,1,3,12000.0,1800.0,34200.0
5200,5000006176,1000004606,20240113,2,2,15000.0,3000.0,27000.0
5201,5000006178,1000004608,20240407,2,3,15750.0,945.0,46305.0
5202,5000006179,1000004608,20240407,1,2,12000.0,1200.0,22800.0
5203,5000006180,1000004608,20240407,2,2,15000.0,600.0,29400.0
5204,5000006181,1000004609,20250825,1,1,12000.0,240.0,11760.0
5205,5000006182,1000004610,20240720,1,3,12600.0,756.0,37044.0
5206,5000006183,1000004611,20240801,1,2,13200.0,528.0,25872.0
5207,5000006184,1000004612,20250509,1,2,12000.0,0.0,24000.0
5208,5000006185,1000004613,20250206,1,2,12000.0,0.0,24000.0
5209,5000006186,1000004614,20240915,2,1,15000.0,1500.0,13500.0
5210,5000006189,1000004616,20250902,2,3,15000.0,2250.0,42750.0
5211,5000006190,1000004617,20240729,2,1,15000.0,0.0,15000.0
5212,5000006191,1000004618,20250113,1,1,12000.0,0.0,12000.0
5213,5000006192,1000004619,20240411,2,1,15000.0,300.0,14700.0
5214,5000006194,1000004621,20240906,2,2,15750.0,0.0,31500.0
5215,5000006195,1000004622,20240118,2,2,13500.0,2700.0,24300.0
5216,5000006196,1000004623,20250919,2,3,13500.0,2025.0,38475.0
5217,5000006197,1000004624,20240216,2,2,15000.0,0.0,30000.0
5218,5000006198,1000004624,20240216,1,3,12000.0,0.0,36000.0
5219,5000006199,1000004625,20250425,1,2,12000.0,0.0,24000.0
5220,5000006200,1000004626,20250717,2,1,13500.0,270.0,13230.0
5221,5000006201,1000004627,20250202,1,2,12600.0,2520.0,22680.0
5222,5000006202,1000004628,20250517,1,3,12000.0,720.0,35280.0
5223,5000006203,1000004629,20240127,2,1,15000.0,0.0,15000.0
5224,5000006204,1000004630,20250422,1,3,10800.0,0.0,32400.0
5225,5000006206,1000004632,20250901,1,3,13200.0,3960.0,35640.0
5226,5000006207,1000004632,20250901,1,3,12600.0,1890.0,35910.0
5227,5000006208,1000004632,20250901,2,1,15750.0,787.5,14962.5
5228,5000006209,1000004633,20241220,1,3,12000.0,3600.0,32400.0
5229,5000006210,1000004633,20241220,1,3,10800.0,3240.0,29160.0
5230,5000006211,1000004634,20240531,1,2,12000.0,2400.0,21600.0
5231,5000006212,1000004635,20250120,2,1,15000.0,750.0,14250.0
5232,5000006213,1000004636,20240601,1,2,10800.0,0.0,21600.0
5233,5000006214,1000004637,20240108,1,3,13200.0,0.0,39600.0
5234,5000006215,1000004638,20250224,2,1,15750.0,1575.0,14175.0
5235,5000006216,1000004639,20240903,1,2,13200.0,528.0,25872.0
5236,5000006217,1000004640,20240319,1,2,12000.0,2400.0,21600.0
5237,5000006218,1000004641,20240115,1,2,13200.0,2640.0,23760.0
5238,5000006219,1000004642,20250927,1,1,12000.0,600.0,11400.0
5239,5000006220,1000004643,20240409,1,2,13200.0,1320.0,25080.0
5240,5000006222,1000004645,20240724,1,3,12000.0,0.0,36000.0
5241,5000006223,1000004646,20240713,1,2,12000.0,1200.0,22800.0
5242,5000006224,1000004647,20241126,2,2,15750.0,0.0,31500.0
5243,5000006225,1000004648,20240201,2,3,13500.0,2025.0,38475.0
5244,5000006227,1000004650,20240526,1,1,12000.0,0.0,12000.0
5245,5000006228,1000004651,20240821,1,3,10800.0,3240.0,29160.0
5246,5000006229,1000004652,20240509,2,1,15000.0,0.0,15000.0
5247,5000006230,1000004652,20240509,2,1,15000.0,750.0,14250.0
5248,5000006231,1000004652,20240509,2,3,15000.0,2250.0,42750.0
5249,5000006232,1000004653,20240621,1,3,12600.0,756.0,37044.0
5250,5000006234,1000004655,20241207,1,1,12000.0,240.0,11760.0
5251,5000006235,1000004656,20250410,2,3,13500.0,810.0,39690.0
5252,5000006236,1000004657,20240725,1,3,12000.0,1800.0,34200.0
5253,5000006237,1000004658,20240927,1,1,12000.0,600.0,11400.0
5254,5000006238,1000004658,20240927,2,1,15750.0,787.5,14962.5
5255,5000006243,1000004662,20250503,2,1,15000.0,0.0,15000.0
5256,5000006244,1000004662,20250503,1,2,12000.0,480.0,23520.0
5257,5000006245,1000004662,20250503,1,2,12000.0,1200.0,22800.0
5258,5000006246,1000004663,20241017,1,3,12000.0,3600.0,32400.0
5259,5000006247,1000004664,20240709,1,1,12600.0,252.0,12348.0
5260,5000006248,1000004665,20250913,1,2,12000.0,1200.0,22800.0
5261,5000006249,1000004666,20240130,1,1,12600.0,1260.0,11340.0
5262,5000006250,1000004666,20240130,1,2,12600.0,504.0,24696.0
5263,5000006251,1000004667,20250209,1,2,12600.0,504.0,24696.0
5264,5000006252,1000004668,20240518,2,1,15000.0,300.0,14700.0
5265,5000006253,1000004669,20250923,1,2,10800.0,1080.0,20520.0
5266,5000006254,1000004670,20240714,1,3,12600.0,3780.0,34020.0
5267,5000006255,1000004671,20241130,2,3,15000.0,2250.0,42750.0
5268,5000006256,1000004672,20250630,2,3,15000.0,4500.0,40500.0
5269,5000006257,1000004673,20240827,1,3,12000.0,3600.0,32400.0
5270,5000006258,1000004674,20250805,2,1,13500.0,675.0,12825.0
5271,5000006259,1000004675,20240312,2,1,15000.0,0.0,15000.0
5272,5000006260,1000004676,20250920,1,3,12600.0,0.0,37800.0
5273,5000006262,1000004678,20250308,2,1,15000.0,750.0,14250.0
5274,5000006264,1000004680,20250111,2,3,15000.0,2250.0,42750.0
5275,5000006265,1000004681,20250924,1,2,12000.0,0.0,24000.0
5276,5000006266,1000004682,20250801,2,2,15000.0,3000.0,27000.0
5277,5000006267,1000004682,20250801,1,3,10800.0,3240.0,29160.0
5278,5000006268,1000004683,20240225,1,1,12000.0,600.0,11400.0
5279,5000006269,1000004684,20240514,2,2,15000.0,600.0,29400.0
5280,5000006270,1000004685,20240923,2,3,15750.0,945.0,46305.0
5281,5000006271,1000004686,20240609,1,2,13200.0,528.0,25872.0
5282,5000006272,1000004687,20250224,1,2,12000.0,2400.0,21600.0
5283,5000006273,1000004687,20250224,2,1,15750.0,1575.0,14175.0
5284,5000006274,1000004688,20250421,1,1,10800.0,540.0,10260.0
5285,5000006275,1000004688,20250421,2,2,15000.0,1500.0,28500.0
5286,5000006276,1000004689,20240920,2,1,15750.0,1575.0,14175.0
5287,5000006277,1000004689,20240920,2,2,15000.0,0.0,30000.0
5288,5000006278,1000004689,20240920,1,3,10800.0,0.0,32400.0
5289,5000006279,1000004690,20240413,1,1,12000.0,0.0,12000.0
5290,5000006280,1000004691,20240604,2,1,15000.0,300.0,14700.0
5291,5000006281,1000004692,20250518,2,2,15000.0,1500.0,28500.0
5292,5000006282,1000004692,20250518,2,3,15000.0,900.0,44100.0
5293,5000006283,1000004693,20250502,2,3,13500.0,0.0,40500.0
5294,5000006284,1000004693,20250502,1,1,12000.0,0.0,12000.0
5295,5000006285,1000004694,20240620,1,1,12000.0,1200.0,10800.0
5296,5000006286,1000004694,20240620,2,1,15000.0,750.0,14250.0
5297,5000006287,1000004694,20240620,1,3,13200.0,792.0,38808.0
5298,5000006289,1000004696,20240323,1,1,12000.0,1200.0,10800.0
5299,5000006290,1000004697,20250815,1,1,12000.0,600.0,11400.0
5300,5000006292,1000004699,20240313,1,3,12000.0,1800.0,34200.0
5301,5000006293,1000004700,20250920,1,3,12600.0,1890.0,35910.0
5302,5000006294,1000004701,20250611,1,2,12600.0,504.0,24696.0
5303,5000006295,1000004702,20250512,2,3,15750.0,4725.0,42525.0
5304,5000006297,1000004704,20241125,1,2,10800.0,2160.0,19440.0
5305,5000006298,1000004704,20241125,2,2,15750.0,1575.0,29925.0
5306,5000006299,1000004705,20241026,2,2,15000.0,600.0,29400.0
5307,5000006300,1000004706,20250516,2,2,15000.0,1500.0,28500.0
5308,5000006301,1000004706,20250516,1,2,12000.0,2400.0,21600.0
5309,5000006302,1000004707,20240127,1,2,12000.0,480.0,23520.0
5310,5000006303,1000004708,20240719,2,1,15000.0,0.0,15000.0
5311,5000006304,1000004708,20240719,2,1,15000.0,750.0,14250.0
5312,5000006305,1000004709,20250401,1,3,12000.0,0.0,36000.0
5313,5000006306,1000004710,20250206,1,3,12000.0,1800.0,34200.0
5314,5000006309,1000004712,20250209,2,2,15000.0,3000.0,27000.0
5315,5000006311,1000004714,20240722,2,3,15000.0,0.0,45000.0
5316,5000006312,1000004714,20240722,1,3,12600.0,756.0,37044.0
5317,5000006313,1000004714,20240722,1,1,10800.0,0.0,10800.0
5318,5000006314,1000004715,20250303,1,1,10800.0,216.0,10584.0
5319,5000006315,1000004715,20250303,2,2,15000.0,600.0,29400.0
5320,5000006316,1000004716,20240924,1,1,12600.0,1260.0,11340.0
5321,5000006317,1000004717,20240628,2,2,15000.0,3000.0,27000.0
5322,5000006318,1000004717,20240628,1,3,12000.0,3600.0,32400.0
5323,5000006319,1000004717,20240628,1,3,10800.0,648.0,31752.0
5324,5000006320,1000004718,20250804,1,2,12600.0,0.0,25200.0
5325,5000006321,1000004719,20240716,2,1,13500.0,1350.0,12150.0
5326,5000006322,1000004720,20240809,2,3,15000.0,0.0,45000.0
5327,5000006325,1000004722,20240415,1,1,13200.0,660.0,12540.0
5328,5000006327,1000004724,20240608,2,2,15750.0,630.0,30870.0
5329,5000006328,1000004725,20240611,2,1,15000.0,1500.0,13500.0
5330,5000006329,1000004726,20240503,2,3,15000.0,900.0,44100.0
5331,5000006330,1000004727,20250805,2,1,15000.0,300.0,14700.0
5332,5000006331,1000004728,20250123,2,2,15000.0,600.0,29400.0
5333,5000006334,1000004730,20250402,2,3,15000.0,4500.0,40500.0
5334,5000006336,1000004732,20250311,2,1,15000.0,300.0,14700.0
5335,5000006337,1000004732,20250311,1,2,12000.0,0.0,24000.0
5336,5000006338,1000004733,20240511,2,3,16500.0,4950.0,44550.0
5337,5000006339,1000004734,20250203,1,1,10800.0,540.0,10260.0
5338,5000006340,1000004735,20240514,2,2,16500.0,0.0,33000.0
5339,5000006341,1000004736,20240716,1,3,12600.0,756.0,37044.0
5340,5000006344,1000004738,20250814,2,3,15750.0,945.0,46305.0
5341,5000006345,1000004738,20250814,2,2,13500.0,0.0,27000.0
5342,5000006346,1000004739,20250105,1,2,12000.0,2400.0,21600.0
5343,5000006347,1000004740,20240227,1,3,12000.0,720.0,35280.0
5344,5000006348,1000004741,20240719,2,2,15750.0,0.0,31500.0
5345,5000006349,1000004741,20240719,2,2,15000.0,600.0,29400.0
5346,5000006350,1000004742,20241103,2,2,15000.0,3000.0,27000.0
5347,5000006351,1000004742,20241103,1,3,12000.0,0.0,36000.0
5348,5000006352,1000004742,20241103,2,1,15000.0,1500.0,13500.0
5349,5000006353,1000004743,20250308,1,3,12000.0,720.0,35280.0
5350,5000006356,1000004745,20250704,1,3,12000.0,3600.0,32400.0
5351,5000006357,1000004746,20250922,1,3,13200.0,1980.0,37620.0
5352,5000006360,1000004748,20250203,2,2,15000.0,3000.0,27000.0
5353,5000006361,1000004749,20240609,2,1,16500.0,0.0,16500.0
5354,5000006362,1000004749,20240609,2,3,15750.0,4725.0,42525.0
5355,5000006363,1000004750,20240609,1,3,12000.0,1800.0,34200.0
5356,5000006364,1000004750,20240609,1,3,12000.0,0.0,36000.0
5357,5000006367,1000004752,20250428,2,2,15750.0,630.0,30870.0
5358,5000006368,1000004752,20250428,2,1,15000.0,1500.0,13500.0
5359,5000006369,1000004753,20241127,1,2,12000.0,1200.0,22800.0
5360,5000006370,1000004753,20241127,1,1,12600.0,0.0,12600.0
5361,5000006371,1000004754,20250518,2,3,13500.0,0.0,40500.0
5362,5000006372,1000004754,20250518,1,3,12600.0,0.0,37800.0
5363,5000006373,1000004755,20250603,1,2,12000.0,2400.0,21600.0
5364,5000006374,1000004756,20240701,1,2,12000.0,1200.0,22800.0
5365,5000006375,1000004757,20240420,2,1,13500.0,675.0,12825.0
5366,5000006376,1000004758,20250426,2,1,16500.0,825.0,15675.0
5367,5000006377,1000004759,20250105,1,3,10800.0,0.0,32400.0
5368,5000006380,1000004762,20240904,2,1,15750.0,0.0,15750.0
5369,5000006381,1000004763,20240203,1,1,12000.0,0.0,12000.0
5370,5000006382,1000004764,20250621,1,2,12600.0,1260.0,23940.0
5371,5000006383,1000004765,20240414,2,2,15000.0,1500.0,28500.0
5372,5000006384,1000004766,20240325,1,3,12600.0,0.0,37800.0
5373,5000006385,1000004767,20240826,1,2,13200.0,1320.0,25080.0
5374,5000006386,1000004768,20240112,1,1,12000.0,0.0,12000.0
5375,5000006387,1000004769,20250831,1,2,13200.0,1320.0,25080.0
5376,5000006388,1000004770,20240111,1,2,12600.0,0.0,25200.0
5377,5000006389,1000004771,20240328,2,3,15000.0,2250.0,42750.0
5378,5000006390,1000004772,20240216,2,3,15000.0,900.0,44100.0
5379,5000006393,1000004774,20240709,2,2,15000.0,1500.0,28500.0
5380,5000006394,1000004775,20250222,1,2,12000.0,2400.0,21600.0
5381,5000006395,1000004776,20240501,1,3,13200.0,792.0,38808.0
5382,5000006396,1000004776,20240501,2,2,15000.0,1500.0,28500.0
5383,5000006397,1000004776,20240501,2,2,13500.0,2700.0,24300.0
5384,5000006398,1000004777,20241111,1,3,12600.0,756.0,37044.0
5385,5000006399,1000004778,20250806,1,1,12000.0,600.0,11400.0
5386,5000006400,1000004779,20250411,1,1,10800.0,1080.0,9720.0
5387,5000006401,1000004780,20240803,1,2,12000.0,1200.0,22800.0
5388,5000006402,1000004781,20241012,1,1,13200.0,660.0,12540.0
5389,5000006403,1000004781,20241012,2,3,15000.0,4500.0,40500.0
5390,5000006404,1000004782,20250611,2,1,15000.0,1500.0,13500.0
5391,5000006405,1000004782,20250611,1,2,12000.0,0.0,24000.0
5392,5000006406,1000004783,20240627,2,3,15000.0,900.0,44100.0
5393,5000006407,1000004784,20240716,1,1,12000.0,240.0,11760.0
5394,5000006408,1000004785,20240723,2,3,15000.0,0.0,45000.0
5395,5000006409,1000004786,20240829,1,3,12000.0,3600.0,32400.0
5396,5000006410,1000004787,20250423,1,3,12000.0,3600.0,32400.0
5397,5000006411,1000004788,20241114,2,2,15750.0,0.0,31500.0
5398,5000006413,1000004790,20250510,1,2,10800.0,2160.0,19440.0
5399,5000006414,1000004791,20250411,2,3,15750.0,0.0,47250.0
5400,5000006415,1000004792,20250613,1,2,13200.0,2640.0,23760.0
5401,5000006417,1000004794,20240327,1,2,12600.0,1260.0,23940.0
5402,5000006418,1000004794,20240327,1,1,12000.0,0.0,12000.0
5403,5000006419,1000004795,20241130,2,2,15000.0,0.0,30000.0
5404,5000006420,1000004796,20250101,2,2,16500.0,1650.0,31350.0
5405,5000006421,1000004796,20250101,1,2,12600.0,2520.0,22680.0
5406,5000006422,1000004796,20250101,1,1,12000.0,240.0,11760.0
5407,5000006424,1000004798,20250315,1,3,12000.0,3600.0,32400.0
5408,5000006425,1000004798,20250315,1,3,12600.0,0.0,37800.0
5409,5000006426,1000004799,20240612,2,2,15000.0,600.0,29400.0
5410,5000006427,1000004799,20240612,2,1,15000.0,750.0,14250.0
5411,5000006428,1000004800,20241115,2,2,15000.0,1500.0,28500.0
5412,5000006429,1000004800,20241115,2,3,15000.0,900.0,44100.0
5413,5000006431,1000004802,20250503,1,3,12000.0,1800.0,34200.0
5414,5000006434,1000004804,20241104,1,2,12000.0,480.0,23520.0
5415,5000006435,1000004805,20240626,1,2,13200.0,0.0,26400.0
5416,5000006436,1000004806,20240224,2,2,15000.0,3000.0,27000.0
5417,5000006437,1000004806,20240224,1,1,10800.0,0.0,10800.0
5418,5000006438,1000004807,20250403,1,3,12000.0,3600.0,32400.0
5419,5000006439,1000004808,20241220,1,3,12600.0,3780.0,34020.0
5420,5000006440,1000004809,20240807,1,1,12000.0,1200.0,10800.0
5421,5000006441,1000004810,20240319,1,3,10800.0,0.0,32400.0
5422,5000006442,1000004811,20250206,1,2,12600.0,504.0,24696.0
5423,5000006444,1000004813,20240209,1,2,12000.0,1200.0,22800.0
5424,5000006445,1000004814,20240507,2,1,15750.0,0.0,15750.0
5425,5000006446,1000004814,20240507,2,1,15000.0,0.0,15000.0
5426,5000006449,1000004817,20240216,2,3,15000.0,2250.0,42750.0
5427,5000006450,1000004818,20250215,2,3,15000.0,2250.0,42750.0
5428,5000006452,1000004820,20240426,1,2,12000.0,0.0,24000.0
5429,5000006453,1000004821,20250415,1,3,13200.0,3960.0,35640.0
5430,5000006454,1000004822,20240814,2,3,15000.0,4500.0,40500.0
5431,5000006455,1000004822,20240814,1,1,12000.0,600.0,11400.0
5432,5000006456,1000004823,20240802,2,3,13500.0,0.0,40500.0
5433,5000006457,1000004824,20240609,1,2,12000.0,1200.0,22800.0
5434,5000006458,1000004824,20240609,1,3,12000.0,720.0,35280.0
5435,5000006459,1000004825,20250225,1,2,10800.0,2160.0,19440.0
5436,5000006461,1000004827,20241009,1,2,10800.0,0.0,21600.0
5437,5000006462,1000004828,20250827,2,1,15750.0,1575.0,14175.0
5438,5000006463,1000004829,20240520,2,2,15000.0,600.0,29400.0
5439,5000006464,1000004829,20240520,1,3,12000.0,3600.0,32400.0
5440,5000006465,1000004829,20240520,2,3,15000.0,4500.0,40500.0
5441,5000006466,1000004830,20250205,2,1,16500.0,825.0,15675.0
5442,5000006467,1000004831,20250530,1,2,12600.0,1260.0,23940.0
5443,5000006468,1000004831,20250530,2,3,15000.0,4500.0,40500.0
5444,5000006469,1000004832,20240318,1,3,12000.0,3600.0,32400.0
5445,5000006470,1000004832,20240318,1,3,12000.0,0.0,36000.0
5446,5000006471,1000004832,20240318,1,2,12000.0,480.0,23520.0
5447,5000006472,1000004833,20250116,2,2,15000.0,1500.0,28500.0
5448,5000006473,1000004834,20240825,1,1,12000.0,240.0,11760.0
5449,5000006474,1000004834,20240825,1,2,10800.0,432.0,21168.0
5450,5000006475,1000004835,20250723,2,3,15000.0,900.0,44100.0
5451,5000006476,1000004836,20241009,1,2,10800.0,432.0,21168.0
5452,5000006477,1000004836,20241009,1,3,12000.0,720.0,35280.0
5453,5000006478,1000004837,20250702,1,3,12000.0,3600.0,32400.0
5454,5000006479,1000004838,20240130,1,3,10800.0,1620.0,30780.0
5455,5000006483,1000004840,20241205,1,2,12000.0,480.0,23520.0
5456,5000006484,1000004840,20241205,1,3,12600.0,3780.0,34020.0
5457,5000006485,1000004841,20240120,2,2,15000.0,3000.0,27000.0
5458,5000006486,1000004841,20240120,2,1,16500.0,330.0,16170.0
5459,5000006487,1000004842,20240331,1,2,12000.0,1200.0,22800.0
5460,5000006488,1000004842,20240331,1,3,12000.0,0.0,36000.0
5461,5000006489,1000004843,20250330,2,3,16500.0,4950.0,44550.0
5462,5000006492,1000004845,20240725,1,2,12000.0,480.0,23520.0
5463,5000006493,1000004846,20240914,2,3,15000.0,4500.0,40500.0
5464,5000006494,1000004846,20240914,1,3,12000.0,3600.0,32400.0
5465,5000006495,1000004846,20240914,1,2,12000.0,2400.0,21600.0
5466,5000006496,1000004847,20240527,2,2,15000.0,1500.0,28500.0
5467,5000006497,1000004848,20250919,2,2,15000.0,3000.0,27000.0
5468,5000006498,1000004849,20250812,1,2,12000.0,2400.0,21600.0
5469,5000006499,1000004850,20240229,2,1,15000.0,1500.0,13500.0
5470,5000006500,1000004851,20250221,1,2,13200.0,1320.0,25080.0
5471,5000006501,1000004852,20241014,2,1,16500.0,0.0,16500.0
5472,5000006502,1000004853,20250307,2,2,15000.0,0.0,30000.0
5473,5000006503,1000004853,20250307,1,3,12000.0,0.0,36000.0
5474,5000006504,1000004854,20240528,2,2,15000.0,3000.0,27000.0
5475,5000006505,1000004855,20250212,2,2,16500.0,0.0,33000.0
5476,5000006506,1000004856,20241216,1,3,12000.0,720.0,35280.0
5477,5000006507,1000004856,20241216,2,3,15000.0,0.0,45000.0
5478,5000006508,1000004857,20250215,2,1,15000.0,0.0,15000.0
5479,5000006509,1000004858,20241111,2,3,15000.0,4500.0,40500.0
5480,5000006510,1000004859,20240814,1,2,12000.0,2400.0,21600.0
5481,5000006514,1000004861,20240827,1,1,13200.0,0.0,13200.0
5482,5000006515,1000004861,20240827,1,2,12000.0,2400.0,21600.0
5483,5000006516,1000004861,20240827,1,1,12000.0,600.0,11400.0
5484,5000006517,1000004862,20240322,1,2,13200.0,0.0,26400.0
5485,5000006518,1000004863,20240418,1,3,12000.0,720.0,35280.0
5486,5000006519,1000004864,20250828,2,3,15750.0,4725.0,42525.0
5487,5000006520,1000004864,20250828,1,3,12000.0,0.0,36000.0
5488,5000006521,1000004865,20241229,2,2,15000.0,3000.0,27000.0
5489,5000006522,1000004865,20241229,2,3,15000.0,4500.0,40500.0
5490,5000006523,1000004866,20241216,2,3,13500.0,2025.0,38475.0
5491,5000006525,1000004868,20240507,1,1,10800.0,540.0,10260.0
5492,5000006526,1000004868,20240507,2,1,13500.0,0.0,13500.0
5493,5000006528,1000004870,20250605,1,2,12000.0,0.0,24000.0
5494,5000006530,1000004872,20250907,1,2,12000.0,1200.0,22800.0
5495,5000006531,1000004872,20250907,2,3,13500.0,810.0,39690.0
5496,5000006532,1000004873,20250611,1,1,12000.0,0.0,12000.0
5497,5000006533,1000004873,20250611,2,1,15750.0,0.0,15750.0
5498,5000006534,1000004874,20241231,1,2,12600.0,504.0,24696.0
5499,5000006535,1000004874,20241231,2,1,15750.0,787.5,14962.5
5500,5000006536,1000004875,20240129,1,1,12600.0,1260.0,11340.0
5501,5000006537,1000004876,20240920,2,3,15750.0,0.0,47250.0
5502,5000006538,1000004877,20240510,1,1,12000.0,600.0,11400.0
5503,5000006539,1000004878,20240120,2,1,15750.0,0.0,15750.0
5504,5000006540,1000004879,20240821,2,3,13500.0,2025.0,38475.0
5505,5000006541,1000004880,20250908,2,1,15000.0,1500.0,13500.0
5506,5000006542,1000004880,20250908,2,2,15000.0,3000.0,27000.0
5507,5000006543,1000004881,20240421,1,3,13200.0,792.0,38808.0
5508,5000006544,1000004881,20240421,1,2,12000.0,1200.0,22800.0
5509,5000006545,1000004882,20250831,1,1,12600.0,0.0,12600.0
5510,5000006546,1000004882,20250831,2,1,15000.0,300.0,14700.0
5511,5000006550,1000004884,20250812,2,2,13500.0,540.0,26460.0
5512,5000006551,1000004884,20250812,1,3,12000.0,3600.0,32400.0
5513,5000006552,1000004885,20240716,1,2,10800.0,1080.0,20520.0
5514,5000006554,1000004887,20241029,1,3,12000.0,1800.0,34200.0
5515,5000006555,1000004888,20241005,1,3,12000.0,720.0,35280.0
5516,5000006556,1000004889,20240726,2,3,15000.0,2250.0,42750.0
5517,5000006557,1000004890,20240802,1,1,12000.0,240.0,11760.0
5518,5000006558,1000004890,20240802,1,1,12000.0,240.0,11760.0
5519,5000006559,1000004891,20240806,1,2,12000.0,1200.0,22800.0
5520,5000006560,1000004892,20250406,2,2,15000.0,1500.0,28500.0
5521,5000006561,1000004893,20241204,2,3,16500.0,0.0,49500.0
5522,5000006562,1000004894,20250507,1,1,12600.0,0.0,12600.0
5523,5000006563,1000004894,20250507,2,1,15000.0,300.0,14700.0
5524,5000006564,1000004895,20250123,2,2,15000.0,600.0,29400.0
5525,5000006565,1000004896,20241206,1,1,12600.0,0.0,12600.0
5526,5000006566,1000004897,20240125,2,1,15000.0,750.0,14250.0
5527,5000006567,1000004898,20250827,2,1,15000.0,750.0,14250.0
5528,5000006568,1000004898,20250827,2,1,15000.0,750.0,14250.0
5529,5000006569,1000004899,20250818,1,1,12000.0,1200.0,10800.0
5530,5000006570,1000004900,20250413,1,3,10800.0,3240.0,29160.0
5531,5000006571,1000004901,20250130,1,1,10800.0,0.0,10800.0
5532,5000006572,1000004902,20241022,2,3,15000.0,900.0,44100.0
5533,5000006573,1000004903,20240811,1,2,12600.0,0.0,25200.0
5534,5000006574,1000004904,20240818,1,1,13200.0,1320.0,11880.0
5535,5000006575,1000004905,20240121,1,2,13200.0,0.0,26400.0
5536,5000006578,1000004907,20250428,2,3,15750.0,2362.5,44887.5
5537,5000006582,1000004910,20241004,1,1,12000.0,240.0,11760.0
5538,5000006583,1000004910,20241004,1,2,12000.0,1200.0,22800.0
5539,5000006585,1000004912,20250512,1,2,12600.0,504.0,24696.0
5540,5000006586,1000004913,20240508,1,1,12000.0,1200.0,10800.0
5541,5000006587,1000004913,20240508,1,2,13200.0,1320.0,25080.0
5542,5000006588,1000004914,20250914,1,2,12600.0,504.0,24696.0
5543,5000006590,1000004916,20250713,1,2,12000.0,2400.0,21600.0
5544,5000006591,1000004916,20250713,1,1,12000.0,1200.0,10800.0
5545,5000006592,1000004917,20250502,1,1,12000.0,0.0,12000.0
5546,5000006594,1000004919,20250722,1,2,12000.0,0.0,24000.0
5547,5000006595,1000004920,20240902,1,3,12000.0,3600.0,32400.0
5548,5000006596,1000004921,20241013,2,2,15000.0,3000.0,27000.0
5549,5000006597,1000004921,20241013,2,3,15750.0,2362.5,44887.5
5550,5000006602,1000004924,20240213,2,2,15750.0,0.0,31500.0
5551,5000006603,1000004924,20240213,1,2,12000.0,0.0,24000.0
5552,5000006604,1000004925,20240823,2,1,15750.0,0.0,15750.0
5553,5000006605,1000004926,20240227,2,1,15000.0,750.0,14250.0
5554,5000006606,1000004927,20240126,2,1,13500.0,1350.0,12150.0
5555,5000006607,1000004928,20240408,1,3,12000.0,720.0,35280.0
5556,5000006608,1000004929,20250504,1,2,12000.0,480.0,23520.0
5557,5000006609,1000004930,20250905,2,1,15000.0,300.0,14700.0
5558,5000006611,1000004932,20240309,1,3,12000.0,0.0,36000.0
5559,5000006612,1000004933,20250509,1,3,12600.0,3780.0,34020.0
5560,5000006613,1000004934,20240827,1,3,12000.0,3600.0,32400.0
5561,5000006614,1000004935,20240501,2,1,13500.0,0.0,13500.0
5562,5000006615,1000004935,20240501,2,1,16500.0,1650.0,14850.0
5563,5000006616,1000004935,20240501,1,2,13200.0,0.0,26400.0
5564,5000006617,1000004936,20240116,1,2,12000.0,2400.0,21600.0
5565,5000006618,1000004937,20241009,1,3,10800.0,0.0,32400.0
5566,5000006620,1000004939,20250315,2,3,15000.0,2250.0,42750.0
5567,5000006621,1000004939,20250315,1,3,12000.0,0.0,36000.0
5568,5000006625,1000004942,20240912,2,3,13500.0,2025.0,38475.0
5569,5000006626,1000004943,20240620,2,1,15000.0,1500.0,13500.0
5570,5000006627,1000004944,20250219,2,1,15000.0,300.0,14700.0
5571,5000006628,1000004944,20250219,1,1,12000.0,1200.0,10800.0
5572,5000006629,1000004945,20240310,2,1,16500.0,330.0,16170.0
5573,5000006630,1000004945,20240310,1,2,10800.0,0.0,21600.0
5574,5000006631,1000004945,20240310,2,2,13500.0,1350.0,25650.0
5575,5000006632,1000004946,20250317,1,2,12600.0,1260.0,23940.0
5576,5000006634,1000004948,20250623,1,1,12000.0,1200.0,10800.0
5577,5000006635,1000004949,20240506,1,3,12000.0,3600.0,32400.0
5578,5000006636,1000004949,20240506,2,1,16500.0,825.0,15675.0
5579,5000006637,1000004949,20240506,1,3,10800.0,0.0,32400.0
5580,5000006638,1000004950,20240621,1,1,12000.0,600.0,11400.0
5581,5000006639,1000004951,20250705,2,3,15000.0,4500.0,40500.0
5582,5000006640,1000004952,20250413,2,2,15000.0,3000.0,27000.0
5583,5000006641,1000004953,20240625,2,2,13500.0,1350.0,25650.0
5584,5000006642,1000004953,20240625,2,3,15000.0,900.0,44100.0
5585,5000006644,1000004955,20250517,2,2,13500.0,0.0,27000.0
5586,5000006648,1000004957,20240216,2,2,15000.0,1500.0,28500.0
5587,5000006649,1000004958,20250323,1,2,12600.0,504.0,24696.0
5588,5000006650,1000004958,20250323,2,3,15000.0,2250.0,42750.0
5589,5000006653,1000004960,20240823,1,2,12000.0,1200.0,22800.0
5590,5000006654,1000004961,20240114,1,3,12600.0,756.0,37044.0
5591,5000006655,1000004962,20240908,1,1,12600.0,252.0,12348.0
5592,5000006656,1000004963,20250514,2,2,15000.0,3000.0,27000.0
5593,5000006657,1000004964,20250509,1,1,10800.0,0.0,10800.0
5594,5000006659,1000004966,20250124,2,2,15000.0,600.0,29400.0
5595,5000006660,1000004966,20250124,1,1,12000.0,1200.0,10800.0
5596,5000006661,1000004967,20241107,2,1,15750.0,315.0,15435.0
5597,5000006662,1000004967,20241107,2,3,15000.0,0.0,45000.0
5598,5000006664,1000004969,20250330,1,1,10800.0,540.0,10260.0
5599,5000006666,1000004971,20241022,2,1,15000.0,1500.0,13500.0
5600,5000006667,1000004972,20250507,1,3,13200.0,3960.0,35640.0
5601,5000006668,1000004972,20250507,1,1,12000.0,240.0,11760.0
5602,5000006669,1000004973,20250228,1,3,12600.0,0.0,37800.0
5603,5000006670,1000004973,20250228,1,2,12000.0,480.0,23520.0
5604,5000006671,1000004974,20250728,2,3,15000.0,0.0,45000.0
5605,5000006672,1000004974,20250728,1,3,12000.0,720.0,35280.0
5606,5000006673,1000004975,20250403,1,1,12000.0,1200.0,10800.0
5607,5000006674,1000004975,20250403,2,1,16500.0,330.0,16170.0
5608,5000006675,1000004976,20250922,1,3,12000.0,0.0,36000.0
5609,5000006676,1000004976,20250922,1,3,12000.0,3600.0,32400.0
5610,5000006677,1000004977,20240919,2,1,13500.0,0.0,13500.0
5611,5000006678,1000004977,20240919,2,1,15750.0,0.0,15750.0
5612,5000006679,1000004978,20241021,2,2,15750.0,0.0,31500.0
5613,5000006680,1000004979,20250523,2,1,13500.0,1350.0,12150.0
5614,5000006681,1000004980,20240214,2,2,15000.0,0.0,30000.0
5615,5000006682,1000004981,20250322,1,1,12000.0,1200.0,10800.0
5616,5000006683,1000004981,20250322,2,2,15750.0,3150.0,28350.0
5617,5000006684,1000004982,20240215,2,2,15000.0,1500.0,28500.0
5618,5000006685,1000004982,20240215,1,3,12000.0,1800.0,34200.0
5619,5000006686,1000004982,20240215,1,3,12000.0,720.0,35280.0
5620,5000006688,1000004984,20241201,1,2,12000.0,2400.0,21600.0
5621,5000006689,1000004985,20240526,2,2,15000.0,0.0,30000.0
5622,5000006690,1000004985,20240526,2,2,15000.0,0.0,30000.0
5623,5000006691,1000004985,20240526,1,3,10800.0,1620.0,30780.0
5624,5000006692,1000004986,20240716,1,3,13200.0,3960.0,35640.0
5625,5000006693,1000004986,20240716,2,3,15000.0,900.0,44100.0
5626,5000006694,1000004987,20240214,2,2,13500.0,540.0,26460.0
5627,5000006695,1000004988,20241107,1,2,12000.0,480.0,23520.0
5628,5000006696,1000004988,20241107,2,1,15000.0,0.0,15000.0
5629,5000006699,1000004990,20250418,1,1,12000.0,1200.0,10800.0
5630,5000006700,1000004991,20240601,1,2,10800.0,432.0,21168.0
5631,5000006702,1000004993,20240423,2,1,15000.0,750.0,14250.0
5632,5000006703,1000004994,20250517,2,1,13500.0,270.0,13230.0
5633,5000006704,1000004994,20250517,1,3,12000.0,0.0,36000.0
5634,5000006705,1000004995,20241017,1,1,10800.0,0.0,10800.0
5635,5000006706,1000004996,20250704,1,3,12000.0,1800.0,34200.0
5636,5000006707,1000004997,20250609,1,2,12000.0,0.0,24000.0
5637,5000006708,1000004998,20240511,2,2,15000.0,600.0,29400.0
5638,5000006709,1000004999,20241023,2,2,15000.0,0.0,30000.0
5639,5000006710,1000004999,20241023,2,1,15000.0,300.0,14700.0
5640,5000006711,1000005000,20240727,2,3,15000.0,0.0,45000.0
5641,5000006712,1000005001,20250717,2,1,15000.0,1500.0,13500.0
5642,5000006713,1000005001,20250717,2,2,15000.0,1500.0,28500.0
5643,5000006716,1000005003,20250204,1,1,10800.0,216.0,10584.0
5644,5000006717,1000005004,20250721,1,2,12000.0,480.0,23520.0
5645,5000006718,1000005004,20250721,1,3,12000.0,0.0,36000.0
5646,5000006719,1000005004,20250721,2,2,16500.0,660.0,32340.0
5647,5000006720,1000005005,20240111,2,1,15000.0,300.0,14700.0
5648,5000006721,1000005006,20240313,1,1,12600.0,0.0,12600.0
5649,5000006722,1000005006,20240313,1,1,12000.0,1200.0,10800.0
5650,5000006723,1000005007,20250117,1,3,10800.0,0.0,32400.0
5651,5000006724,1000005007,20250117,2,3,15000.0,0.0,45000.0
5652,5000006725,1000005008,20240724,1,3,10800.0,648.0,31752.0
5653,5000006726,1000005009,20250207,2,3,15000.0,900.0,44100.0
5654,5000006727,1000005010,20241229,2,1,15000.0,0.0,15000.0
5655,5000006728,1000005011,20240505,2,2,15000.0,3000.0,27000.0
5656,5000006729,1000005012,20240925,1,3,12000.0,0.0,36000.0
5657,5000006730,1000005013,20240916,2,2,15000.0,0.0,30000.0
5658,5000006733,1000005015,20241221,1,3,12000.0,1800.0,34200.0
5659,5000006734,1000005016,20250210,1,2,12000.0,0.0,24000.0
5660,5000006735,1000005017,20250204,1,1,12000.0,240.0,11760.0
5661,5000006736,1000005018,20240926,1,2,10800.0,2160.0,19440.0
5662,5000006740,1000005020,20241221,1,1,12000.0,600.0,11400.0
5663,5000006741,1000005020,20241221,1,2,10800.0,1080.0,20520.0
5664,5000006742,1000005021,20241224,2,2,15000.0,1500.0,28500.0
5665,5000006743,1000005021,20241224,2,3,13500.0,810.0,39690.0
5666,5000006745,1000005023,20240201,2,1,16500.0,330.0,16170.0
5667,5000006746,1000005023,20240201,1,1,12600.0,630.0,11970.0
5668,5000006748,1000005025,20241019,1,2,12000.0,0.0,24000.0
5669,5000006751,1000005028,20250314,1,1,12000.0,240.0,11760.0
5670,5000006752,1000005029,20240725,1,1,10800.0,540.0,10260.0
5671,5000006756,1000005031,20240623,1,1,12000.0,0.0,12000.0
5672,5000006757,1000005031,20240623,1,1,12000.0,600.0,11400.0
5673,5000006758,1000005032,20250830,1,3,12600.0,0.0,37800.0
5674,5000006759,1000005033,20240812,2,2,16500.0,1650.0,31350.0
5675,5000006760,1000005034,20250611,1,1,12000.0,1200.0,10800.0
5676,5000006761,1000005035,20241123,1,2,12000.0,2400.0,21600.0
5677,5000006762,1000005036,20250123,1,2,12000.0,2400.0,21600.0
5678,5000006763,1000005037,20240109,1,1,12000.0,240.0,11760.0
5679,5000006764,1000005038,20241018,1,3,10800.0,648.0,31752.0
5680,5000006765,1000005039,20250416,2,1,15000.0,300.0,14700.0
5681,5000006766,1000005039,20250416,2,2,15750.0,1575.0,29925.0
5682,5000006767,1000005040,20240819,1,3,12000.0,3600.0,32400.0
5683,5000006768,1000005041,20250808,1,3,12000.0,3600.0,32400.0
5684,5000006769,1000005041,20250808,2,3,13500.0,2025.0,38475.0
5685,5000006770,1000005042,20240422,2,1,15000.0,0.0,15000.0
5686,5000006771,1000005043,20240305,1,3,12000.0,3600.0,32400.0
5687,5000006772,1000005043,20240305,2,1,13500.0,675.0,12825.0
5688,5000006773,1000005044,20240906,1,1,12000.0,240.0,11760.0
5689,5000006774,1000005045,20240612,1,3,10800.0,3240.0,29160.0
5690,5000006775,1000005045,20240612,2,2,16500.0,660.0,32340.0
5691,5000006776,1000005046,20240716,2,1,15000.0,0.0,15000.0
5692,5000006777,1000005047,20241223,2,3,15000.0,900.0,44100.0
5693,5000006780,1000005049,20240628,1,2,12000.0,1200.0,22800.0
5694,5000006784,1000005051,20250920,2,2,13500.0,0.0,27000.0
5695,5000006785,1000005052,20250616,2,3,13500.0,810.0,39690.0
5696,5000006786,1000005052,20250616,1,1,12000.0,1200.0,10800.0
5697,5000006787,1000005053,20240921,1,2,12000.0,480.0,23520.0
5698,5000006788,1000005054,20250125,1,2,12000.0,0.0,24000.0
5699,5000006789,1000005054,20250125,1,1,12000.0,1200.0,10800.0
5700,5000006791,1000005056,20240305,2,1,15000.0,1500.0,13500.0
5701,5000006792,1000005056,20240305,2,3,15000.0,4500.0,40500.0
5702,5000006793,1000005056,20240305,2,1,15000.0,1500.0,13500.0
5703,5000006794,1000005057,20241011,1,1,10800.0,0.0,10800.0
5704,5000006795,1000005058,20240427,1,3,12000.0,3600.0,32400.0
5705,5000006796,1000005059,20250801,2,1,13500.0,1350.0,12150.0
5706,5000006799,1000005061,20240218,1,1,12000.0,240.0,11760.0
5707,5000006800,1000005062,20250410,2,2,15750.0,630.0,30870.0
5708,5000006801,1000005063,20240616,2,3,15000.0,900.0,44100.0
5709,5000006802,1000005064,20250430,1,1,13200.0,660.0,12540.0
5710,5000006804,1000005066,20250703,1,1,13200.0,660.0,12540.0
5711,5000006807,1000005068,20250308,2,2,15000.0,0.0,30000.0
5712,5000006808,1000005069,20250606,1,3,12000.0,1800.0,34200.0
5713,5000006810,1000005071,20250510,2,3,16500.0,4950.0,44550.0
5714,5000006811,1000005071,20250510,2,3,15000.0,4500.0,40500.0
5715,5000006812,1000005072,20250818,1,1,13200.0,264.0,12936.0
5716,5000006813,1000005073,20240609,1,1,12000.0,600.0,11400.0
5717,5000006814,1000005073,20240609,2,1,16500.0,1650.0,14850.0
5718,5000006817,1000005075,20250826,1,1,12000.0,240.0,11760.0
5719,5000006818,1000005076,20241126,1,1,12000.0,240.0,11760.0
5720,5000006819,1000005077,20240317,2,1,15000.0,1500.0,13500.0
5721,5000006820,1000005077,20240317,2,1,15000.0,1500.0,13500.0
5722,5000006821,1000005077,20240317,1,1,13200.0,660.0,12540.0
5723,5000006822,1000005078,20240615,1,1,12600.0,0.0,12600.0
5724,5000006823,1000005078,20240615,1,2,12000.0,1200.0,22800.0
5725,5000006824,1000005079,20250420,1,2,13200.0,1320.0,25080.0
5726,5000006826,1000005081,20240721,1,1,13200.0,264.0,12936.0
5727,5000006827,1000005081,20240721,1,3,12600.0,1890.0,35910.0
5728,5000006828,1000005082,20240828,2,3,15000.0,4500.0,40500.0
5729,5000006829,1000005083,20240527,1,1,12000.0,240.0,11760.0
5730,5000006830,1000005083,20240527,2,1,16500.0,825.0,15675.0
5731,5000006831,1000005084,20250520,1,2,12000.0,2400.0,21600.0
5732,5000006832,1000005085,20240206,1,2,12000.0,480.0,23520.0
5733,5000006833,1000005086,20240512,2,3,15000.0,900.0,44100.0
5734,5000006834,1000005087,20240125,2,3,15000.0,900.0,44100.0
5735,5000006835,1000005087,20240125,1,1,12600.0,1260.0,11340.0
5736,5000006836,1000005087,20240125,1,2,12000.0,1200.0,22800.0
5737,5000006837,1000005088,20240213,2,2,15000.0,0.0,30000.0
5738,5000006838,1000005089,20250217,1,3,12000.0,1800.0,34200.0
5739,5000006839,1000005090,20240218,2,2,15000.0,1500.0,28500.0
5740,5000006840,1000005091,20250220,2,2,16500.0,0.0,33000.0
5741,5000006841,1000005092,20250203,1,2,12000.0,1200.0,22800.0
5742,5000006842,1000005093,20250922,1,3,12000.0,720.0,35280.0
5743,5000006844,1000005095,20250629,2,2,13500.0,540.0,26460.0
5744,5000006845,1000005096,20241127,1,1,12000.0,600.0,11400.0
5745,5000006846,1000005097,20240207,1,1,12000.0,0.0,12000.0
5746,5000006847,1000005098,20250710,1,1,12000.0,240.0,11760.0
5747,5000006848,1000005099,20250119,1,3,10800.0,648.0,31752.0
5748,5000006849,1000005100,20241107,1,1,13200.0,660.0,12540.0
5749,5000006850,1000005100,20241107,2,2,15750.0,3150.0,28350.0
5750,5000006851,1000005100,20241107,1,3,12000.0,720.0,35280.0
5751,5000006854,1000005102,20240501,2,1,15000.0,0.0,15000.0
5752,5000006855,1000005103,20250111,1,1,12000.0,1200.0,10800.0
5753,5000006856,1000005104,20250825,1,2,12000.0,0.0,24000.0
5754,5000006857,1000005105,20240928,2,3,15000.0,0.0,45000.0
5755,5000006858,1000005105,20240928,2,3,15000.0,4500.0,40500.0
5756,5000006859,1000005106,20250704,1,2,12000.0,2400.0,21600.0
5757,5000006860,1000005107,20240109,1,3,12000.0,3600.0,32400.0
5758,5000006861,1000005108,20250420,1,2,12000.0,480.0,23520.0
5759,5000006862,1000005109,20241015,1,3,12000.0,3600.0,32400.0
5760,5000006863,1000005110,20241106,1,2,12000.0,480.0,23520.0
5761,5000006864,1000005110,20241106,2,3,13500.0,2025.0,38475.0
5762,5000006865,1000005110,20241106,2,1,15750.0,315.0,15435.0
5763,5000006866,1000005111,20240420,1,1,13200.0,660.0,12540.0
5764,5000006867,1000005112,20250216,1,3,12600.0,756.0,37044.0
5765,5000006868,1000005112,20250216,1,2,12600.0,504.0,24696.0
5766,5000006869,1000005113,20240904,2,3,15000.0,4500.0,40500.0
5767,5000006870,1000005114,20241003,1,3,12000.0,720.0,35280.0
5768,5000006873,1000005117,20241217,1,1,12000.0,0.0,12000.0
5769,5000006874,1000005117,20241217,2,2,15000.0,1500.0,28500.0
5770,5000006875,1000005118,20250105,1,2,12600.0,504.0,24696.0
5771,5000006876,1000005118,20250105,2,1,15000.0,750.0,14250.0
5772,5000006877,1000005119,20240102,2,2,15000.0,1500.0,28500.0
5773,5000006878,1000005119,20240102,2,2,15000.0,600.0,29400.0
5774,5000006879,1000005120,20240104,2,2,16500.0,660.0,32340.0
5775,5000006881,1000005122,20250203,2,1,16500.0,825.0,15675.0
5776,5000006882,1000005122,20250203,1,2,12000.0,2400.0,21600.0
5777,5000006883,1000005123,20250622,1,3,12000.0,1800.0,34200.0
5778,5000006884,1000005124,20250512,2,2,13500.0,1350.0,25650.0
5779,5000006885,1000005125,20250808,1,2,12000.0,2400.0,21600.0
5780,5000006886,1000005126,20250213,1,3,12000.0,3600.0,32400.0
5781,5000006887,1000005126,20250213,1,3,12600.0,0.0,37800.0
5782,5000006888,1000005127,20240320,2,3,15000.0,900.0,44100.0
5783,5000006889,1000005128,20241011,2,1,15000.0,750.0,14250.0
5784,5000006890,1000005129,20241206,1,1,12600.0,1260.0,11340.0
5785,5000006891,1000005129,20241206,1,3,12000.0,1800.0,34200.0
5786,5000006892,1000005129,20241206,1,2,12000.0,480.0,23520.0
5787,5000006894,1000005131,20240210,2,2,15750.0,3150.0,28350.0
5788,5000006895,1000005132,20241026,1,2,12000.0,480.0,23520.0
5789,5000006896,1000005133,20250212,2,3,13500.0,810.0,39690.0
5790,5000006897,1000005134,20240301,2,1,15000.0,0.0,15000.0
5791,5000006898,1000005135,20250616,2,3,15000.0,2250.0,42750.0
5792,5000006899,1000005136,20240815,1,1,12000.0,1200.0,10800.0
5793,5000006900,1000005137,20241112,1,3,12000.0,720.0,35280.0
5794,5000006902,1000005139,20250328,1,3,12000.0,1800.0,34200.0
5795,5000006904,1000005141,20250101,2,3,15000.0,0.0,45000.0
5796,5000006905,1000005142,20240109,1,3,12000.0,0.0,36000.0
5797,5000006906,1000005143,20250127,1,3,12600.0,1890.0,35910.0
5798,5000006907,1000005143,20250127,1,3,12000.0,1800.0,34200.0
5799,5000006908,1000005144,20241009,1,2,13200.0,2640.0,23760.0
5800,5000006909,1000005144,20241009,2,1,15000.0,750.0,14250.0
5801,5000006911,1000005146,20250301,1,1,12600.0,0.0,12600.0
5802,5000006914,1000005148,20250529,2,2,13500.0,2700.0,24300.0
5803,5000006915,1000005149,20240411,1,2,10800.0,432.0,21168.0
5804,5000006916,1000005150,20250609,1,3,10800.0,648.0,31752.0
5805,5000006917,1000005150,20250609,1,1,12000.0,0.0,12000.0
5806,5000006918,1000005151,20240209,1,2,13200.0,1320.0,25080.0
5807,5000006919,1000005152,20240317,2,1,13500.0,0.0,13500.0
5808,5000006921,1000005154,20240318,2,3,13500.0,0.0,40500.0
5809,5000006922,1000005155,20240328,1,2,12000.0,1200.0,22800.0
5810,5000006923,1000005156,20250312,1,1,10800.0,0.0,10800.0
5811,5000006924,1000005157,20250426,2,1,15750.0,0.0,15750.0
5812,5000006925,1000005157,20250426,1,3,13200.0,792.0,38808.0
5813,5000006926,1000005158,20241202,1,1,12000.0,600.0,11400.0
5814,5000006927,1000005159,20250801,2,3,13500.0,2025.0,38475.0
5815,5000006928,1000005160,20240726,1,1,13200.0,660.0,12540.0
5816,5000006929,1000005160,20240726,1,3,12000.0,0.0,36000.0
5817,5000006930,1000005161,20241014,1,2,12000.0,2400.0,21600.0
5818,5000006931,1000005162,20250502,1,2,12000.0,2400.0,21600.0
5819,5000006932,1000005162,20250502,1,2,12000.0,1200.0,22800.0
5820,5000006933,1000005162,20250502,2,1,13500.0,0.0,13500.0
5821,5000006934,1000005163,20250709,2,3,15000.0,2250.0,42750.0
5822,5000006935,1000005164,20240615,2,3,16500.0,0.0,49500.0
5823,5000006936,1000005165,20241201,2,1,15000.0,300.0,14700.0
5824,5000006937,1000005166,20240825,2,3,16500.0,0.0,49500.0
5825,5000006938,1000005166,20240825,2,3,15000.0,4500.0,40500.0
5826,5000006939,1000005167,20241217,1,3,12000.0,720.0,35280.0
5827,5000006940,1000005168,20250103,1,1,12000.0,240.0,11760.0
5828,5000006941,1000005169,20241109,1,2,10800.0,432.0,21168.0
5829,5000006942,1000005169,20241109,1,2,12000.0,480.0,23520.0
5830,5000006943,1000005170,20250627,1,2,12000.0,480.0,23520.0
5831,5000006944,1000005170,20250627,2,1,15000.0,750.0,14250.0
5832,5000006945,1000005171,20241031,1,3,12000.0,3600.0,32400.0
5833,5000006946,1000005172,20250505,2,3,15000.0,2250.0,42750.0
5834,5000006947,1000005173,20240212,1,2,12000.0,480.0,23520.0
5835,5000006948,1000005174,20240312,1,1,12000.0,0.0,12000.0
5836,5000006949,1000005175,20240524,2,3,15000.0,900.0,44100.0
5837,5000006950,1000005176,20250413,2,2,13500.0,1350.0,25650.0
5838,5000006951,1000005177,20250406,1,3,13200.0,792.0,38808.0
5839,5000006952,1000005178,20240206,2,3,13500.0,810.0,39690.0
5840,5000006953,1000005179,20250422,1,2,12000.0,2400.0,21600.0
5841,5000006954,1000005180,20240403,2,3,15750.0,0.0,47250.0
5842,5000006955,1000005181,20240722,2,3,15000.0,900.0,44100.0
5843,5000006956,1000005182,20240723,2,3,16500.0,0.0,49500.0
5844,5000006958,1000005184,20240417,1,3,12600.0,0.0,37800.0
5845,5000006959,1000005185,20240815,2,3,15000.0,4500.0,40500.0
5846,5000006960,1000005186,20240216,1,1,10800.0,1080.0,9720.0
5847,5000006961,1000005187,20241028,2,2,15000.0,1500.0,28500.0
5848,5000006963,1000005189,20250119,1,3,12000.0,3600.0,32400.0
5849,5000006964,1000005190,20250525,1,1,12600.0,252.0,12348.0
5850,5000006965,1000005191,20250830,2,1,15000.0,300.0,14700.0
5851,5000006966,1000005191,20250830,1,2,12000.0,480.0,23520.0
5852,5000006967,1000005192,20250109,1,2,12000.0,480.0,23520.0
5853,5000006968,1000005193,20240306,2,3,15000.0,0.0,45000.0
5854,5000006969,1000005194,20240828,2,2,15000.0,3000.0,27000.0
5855,5000006970,1000005195,20241030,2,3,15000.0,0.0,45000.0
5856,5000006971,1000005196,20250703,1,1,12000.0,0.0,12000.0
5857,5000006972,1000005197,20250310,2,3,15000.0,2250.0,42750.0
5858,5000006973,1000005198,20250616,1,2,12000.0,2400.0,21600.0
5859,5000006974,1000005199,20250128,1,2,12000.0,2400.0,21600.0
5860,5000006977,1000005202,20240826,2,1,15000.0,0.0,15000.0
5861,5000006978,1000005202,20240826,2,2,13500.0,2700.0,24300.0
5862,5000006979,1000005203,20250927,2,1,15000.0,1500.0,13500.0
5863,5000006980,1000005203,20250927,2,2,13500.0,2700.0,24300.0
5864,5000006981,1000005204,20240314,1,2,12600.0,0.0,25200.0
5865,5000006982,1000005205,20240920,1,3,12000.0,720.0,35280.0
5866,5000006983,1000005206,20250811,1,1,12000.0,240.0,11760.0
5867,5000006984,1000005207,20240927,1,1,13200.0,0.0,13200.0
5868,5000006985,1000005208,20241021,1,2,13200.0,0.0,26400.0
5869,5000006986,1000005209,20240519,2,1,13500.0,0.0,13500.0
5870,5000006987,1000005210,20250614,2,3,15000.0,900.0,44100.0
5871,5000006988,1000005211,20250523,1,3,12000.0,3600.0,32400.0
5872,5000006989,1000005212,20240915,1,3,12600.0,3780.0,34020.0
5873,5000006990,1000005213,20240603,1,1,12000.0,240.0,11760.0
5874,5000006991,1000005213,20240603,1,2,12000.0,480.0,23520.0
5875,5000006992,1000005214,20240831,1,2,12000.0,480.0,23520.0
5876,5000006993,1000005215,20240228,2,3,15000.0,4500.0,40500.0
5877,5000006994,1000005215,20240228,1,1,13200.0,1320.0,11880.0
5878,5000006995,1000005216,20240624,2,1,15000.0,0.0,15000.0
5879,5000006996,1000005217,20250802,2,2,15000.0,1500.0,28500.0
5880,5000006997,1000005218,20240706,2,3,13500.0,810.0,39690.0
5881,5000006998,1000005219,20250821,2,1,15750.0,315.0,15435.0
5882,5000006999,1000005220,20240321,2,2,16500.0,3300.0,29700.0
5883,5000007000,1000005221,20240618,1,1,12000.0,0.0,12000.0
5884,5000007001,1000005222,20241008,1,2,10800.0,432.0,21168.0
5885,5000007002,1000005223,20240914,2,2,15000.0,600.0,29400.0
5886,5000007003,1000005224,20240703,1,3,12000.0,3600.0,32400.0
5887,5000007006,1000005226,20250815,2,2,15000.0,600.0,29400.0
5888,5000007008,1000005228,20250617,2,2,15000.0,600.0,29400.0
5889,5000007009,1000005229,20240502,2,2,15000.0,600.0,29400.0
5890,5000007010,1000005230,20250907,1,3,12000.0,3600.0,32400.0
5891,5000007011,1000005231,20250224,1,2,13200.0,528.0,25872.0
5892,5000007012,1000005232,20250407,2,1,15000.0,1500.0,13500.0
5893,5000007013,1000005232,20250407,1,1,10800.0,1080.0,9720.0
5894,5000007014,1000005233,20250510,1,3,13200.0,3960.0,35640.0
5895,5000007015,1000005234,20250822,2,2,15000.0,600.0,29400.0
5896,5000007016,1000005234,20250822,2,1,15750.0,315.0,15435.0
5897,5000007017,1000005235,20250916,1,1,10800.0,0.0,10800.0
5898,5000007018,1000005235,20250916,1,1,12000.0,1200.0,10800.0
5899,5000007019,1000005236,20250418,2,2,15000.0,3000.0,27000.0
5900,5000007020,1000005237,20250520,1,3,12000.0,720.0,35280.0
5901,5000007021,1000005238,20250526,1,1,12000.0,240.0,11760.0
5902,5000007022,1000005239,20241031,2,3,13500.0,0.0,40500.0
5903,5000007023,1000005240,20240217,1,1,12600.0,630.0,11970.0
5904,5000007024,1000005241,20250815,2,1,13500.0,270.0,13230.0
5905,5000007025,1000005241,20250815,1,3,12000.0,720.0,35280.0
5906,5000007026,1000005241,20250815,1,1,12000.0,600.0,11400.0
5907,5000007029,1000005243,20250117,1,2,12000.0,2400.0,21600.0
5908,5000007030,1000005243,20250117,2,2,15000.0,600.0,29400.0
5909,5000007032,1000005245,20250825,1,3,12000.0,3600.0,32400.0
5910,5000007033,1000005246,20240302,2,3,16500.0,4950.0,44550.0
5911,5000007034,1000005246,20240302,2,3,15750.0,2362.5,44887.5
5912,5000007035,1000005247,20250809,1,1,12000.0,1200.0,10800.0
5913,5000007036,1000005247,20250809,1,3,13200.0,792.0,38808.0
5914,5000007037,1000005248,20250507,2,2,15000.0,600.0,29400.0
5915,5000007039,1000005250,20250613,2,1,15000.0,300.0,14700.0
5916,5000007042,1000005252,20250819,2,2,15000.0,1500.0,28500.0
5917,5000007043,1000005253,20241112,1,2,12600.0,0.0,25200.0
5918,5000007044,1000005254,20240929,1,1,12000.0,240.0,11760.0
5919,5000007045,1000005255,20250331,1,2,12000.0,480.0,23520.0
5920,5000007046,1000005256,20250323,1,2,12000.0,480.0,23520.0
5921,5000007047,1000005257,20240824,1,1,12600.0,0.0,12600.0
5922,5000007048,1000005258,20250806,2,3,15000.0,4500.0,40500.0
5923,5000007049,1000005259,20240425,1,2,12000.0,480.0,23520.0
5924,5000007050,1000005260,20240509,2,2,15000.0,1500.0,28500.0
5925,5000007055,1000005264,20250929,1,1,13200.0,264.0,12936.0
5926,5000007056,1000005265,20250806,1,3,10800.0,648.0,31752.0
5927,5000007057,1000005266,20240511,2,2,15750.0,630.0,30870.0
5928,5000007058,1000005267,20240705,2,3,15000.0,0.0,45000.0
5929,5000007059,1000005268,20250305,2,1,15000.0,0.0,15000.0
5930,5000007060,1000005269,20240715,2,3,15000.0,4500.0,40500.0
5931,5000007061,1000005269,20240715,2,2,15750.0,1575.0,29925.0
5932,5000007062,1000005270,20240123,1,1,12000.0,1200.0,10800.0
5933,5000007064,1000005272,20250208,2,3,15000.0,2250.0,42750.0
5934,5000007065,1000005273,20241207,1,3,12000.0,1800.0,34200.0
5935,5000007066,1000005274,20241004,2,2,15750.0,1575.0,29925.0
5936,5000007067,1000005275,20240627,2,1,15000.0,300.0,14700.0
5937,5000007070,1000005278,20250114,1,2,10800.0,0.0,21600.0
5938,5000007071,1000005278,20250114,2,1,15000.0,750.0,14250.0
5939,5000007072,1000005279,20240704,2,2,15000.0,600.0,29400.0
5940,5000007074,1000005281,20250815,2,3,15000.0,900.0,44100.0
5941,5000007075,1000005282,20240428,1,3,12000.0,0.0,36000.0
5942,5000007076,1000005283,20240121,1,1,13200.0,0.0,13200.0
5943,5000007079,1000005285,20250410,1,2,12000.0,1200.0,22800.0
5944,5000007080,1000005285,20250410,1,1,12000.0,0.0,12000.0
5945,5000007081,1000005286,20250428,2,2,15000.0,0.0,30000.0
5946,5000007082,1000005287,20240915,2,3,15000.0,0.0,45000.0
5947,5000007083,1000005288,20241221,2,1,15750.0,1575.0,14175.0
5948,5000007084,1000005289,20240716,1,3,12000.0,3600.0,32400.0
5949,5000007085,1000005289,20240716,1,1,12000.0,600.0,11400.0
5950,5000007086,1000005289,20240716,1,3,12000.0,720.0,35280.0
5951,5000007087,1000005290,20240628,1,2,12000.0,2400.0,21600.0
5952,5000007088,1000005291,20250812,2,3,13500.0,0.0,40500.0
5953,5000007089,1000005291,20250812,2,1,13500.0,675.0,12825.0
5954,5000007090,1000005292,20240825,1,2,12000.0,1200.0,22800.0
5955,5000007091,1000005293,20240515,2,3,15000.0,900.0,44100.0
5956,5000007092,1000005293,20240515,1,2,12000.0,2400.0,21600.0
5957,5000007093,1000005294,20240510,1,3,12000.0,720.0,35280.0
5958,5000007095,1000005296,20240418,1,1,12000.0,0.0,12000.0
5959,5000007096,1000005297,20240605,1,2,12600.0,1260.0,23940.0
5960,5000007097,1000005298,20240207,1,3,10800.0,0.0,32400.0
5961,5000007098,1000005298,20240207,2,2,15000.0,600.0,29400.0
5962,5000007099,1000005299,20250503,1,2,12000.0,2400.0,21600.0
5963,5000007100,1000005300,20250925,2,2,13500.0,2700.0,24300.0
5964,5000007101,1000005301,20240319,1,2,10800.0,2160.0,19440.0
5965,5000007102,1000005302,20250320,1,2,12000.0,1200.0,22800.0
5966,5000007103,1000005303,20240401,2,1,15000.0,0.0,15000.0
5967,5000007104,1000005303,20240401,2,3,15000.0,900.0,44100.0
5968,5000007105,1000005304,20250405,1,1,10800.0,216.0,10584.0
5969,5000007106,1000005305,20240711,1,3,12000.0,3600.0,32400.0
5970,5000007107,1000005305,20240711,1,2,13200.0,528.0,25872.0
5971,5000007108,1000005305,20240711,1,3,10800.0,0.0,32400.0
5972,5000007110,1000005307,20240709,2,2,15000.0,3000.0,27000.0
5973,5000007111,1000005307,20240709,2,1,15000.0,300.0,14700.0
5974,5000007113,1000005309,20250613,2,1,15000.0,300.0,14700.0
5975,5000007114,1000005309,20250613,2,3,13500.0,4050.0,36450.0
5976,5000007115,1000005309,20250613,1,2,12000.0,1200.0,22800.0
5977,5000007116,1000005310,20241117,1,1,12000.0,240.0,11760.0
5978,5000007117,1000005311,20241209,1,2,12600.0,1260.0,23940.0
5979,5000007118,1000005311,20241209,2,3,15000.0,4500.0,40500.0
5980,5000007119,1000005312,20240726,1,3,10800.0,648.0,31752.0
5981,5000007120,1000005313,20250202,1,3,12000.0,0.0,36000.0
5982,5000007121,1000005314,20240325,2,1,15000.0,300.0,14700.0
5983,5000007123,1000005316,20240702,1,2,12000.0,0.0,24000.0
5984,5000007124,1000005316,20240702,1,2,12000.0,1200.0,22800.0
5985,5000007125,1000005317,20250822,2,1,13500.0,1350.0,12150.0
5986,5000007126,1000005318,20240928,2,2,15000.0,1500.0,28500.0
5987,5000007127,1000005319,20240720,2,3,15750.0,0.0,47250.0
5988,5000007128,1000005320,20240803,1,3,12000.0,3600.0,32400.0
5989,5000007131,1000005322,20240808,1,3,12600.0,3780.0,34020.0
5990,5000007132,1000005322,20240808,1,1,12600.0,0.0,12600.0
5991,5000007133,1000005323,20250801,2,1,15000.0,750.0,14250.0
5992,5000007134,1000005324,20241201,1,1,12000.0,0.0,12000.0
5993,5000007135,1000005325,20240612,2,3,15000.0,2250.0,42750.0
5994,5000007136,1000005325,20240612,1,3,12000.0,720.0,35280.0
5995,5000007137,1000005326,20240323,1,3,10800.0,648.0,31752.0
5996,5000007138,1000005327,20240730,1,1,12000.0,600.0,11400.0
5997,5000007139,1000005328,20250824,2,3,15000.0,2250.0,42750.0
5998,5000007140,1000005329,20250202,2,3,15000.0,4500.0,40500.0
5999,5000007141,1000005330,20240501,2,1,15000.0,300.0,14700.0
6000,5000007142,1000005330,20240501,1,2,12000.0,0.0,24000.0
6001,5000007143,1000005330,20240501,2,3,15000.0,0.0,45000.0
6002,5000007144,1000005331,20250930,2,3,15000.0,0.0,45000.0
6003,5000007145,1000005332,20250819,2,2,15000.0,0.0,30000.0
6004,5000007146,1000005333,20240414,1,2,12600.0,0.0,25200.0
6005,5000007147,1000005334,20250107,2,2,15000.0,600.0,29400.0
6006,5000007149,1000005336,20241202,1,2,12000.0,1200.0,22800.0
6007,5000007150,1000005337,20250801,1,3,12000.0,720.0,35280.0
6008,5000007151,1000005337,20250801,2,2,13500.0,0.0,27000.0
6009,5000007152,1000005338,20240706,2,2,15000.0,600.0,29400.0
6010,5000007153,1000005339,20250221,2,1,15000.0,1500.0,13500.0
6011,5000007154,1000005340,20240622,2,2,15000.0,600.0,29400.0
6012,5000007158,1000005343,20250921,1,2,12000.0,0.0,24000.0
6013,5000007159,1000005343,20250921,1,2,10800.0,1080.0,20520.0
6014,5000007160,1000005344,20250204,1,2,12600.0,0.0,25200.0
6015,5000007161,1000005344,20250204,2,3,13500.0,4050.0,36450.0
6016,5000007162,1000005345,20241206,1,1,12000.0,600.0,11400.0
6017,5000007163,1000005346,20250207,2,3,15000.0,2250.0,42750.0
6018,5000007165,1000005348,20250913,1,3,12000.0,0.0,36000.0
6019,5000007166,1000005349,20240411,1,2,12000.0,0.0,24000.0
6020,5000007167,1000005349,20240411,1,3,12000.0,1800.0,34200.0
6021,5000007168,1000005350,20250315,2,3,15000.0,2250.0,42750.0
6022,5000007172,1000005353,20240511,2,2,15000.0,0.0,30000.0
6023,5000007173,1000005354,20250905,1,1,10800.0,0.0,10800.0
6024,5000007174,1000005354,20250905,1,3,12000.0,3600.0,32400.0
6025,5000007175,1000005355,20240504,2,2,15000.0,3000.0,27000.0
6026,5000007178,1000005357,20240612,1,1,12600.0,0.0,12600.0
6027,5000007179,1000005357,20240612,2,2,15000.0,600.0,29400.0
6028,5000007180,1000005358,20240925,1,3,13200.0,1980.0,37620.0
6029,5000007181,1000005359,20240427,2,1,15000.0,300.0,14700.0
6030,5000007183,1000005361,20250526,1,1,10800.0,1080.0,9720.0
6031,5000007184,1000005361,20250526,2,1,15000.0,0.0,15000.0
6032,5000007185,1000005362,20240117,1,3,13200.0,3960.0,35640.0
6033,5000007188,1000005364,20240303,1,2,10800.0,2160.0,19440.0
6034,5000007189,1000005365,20250708,2,3,15000.0,4500.0,40500.0
6035,5000007190,1000005366,20240827,1,1,12600.0,252.0,12348.0
6036,5000007191,1000005367,20250128,1,3,12000.0,0.0,36000.0
6037,5000007192,1000005367,20250128,2,3,15000.0,2250.0,42750.0
6038,5000007195,1000005369,20250520,1,3,12600.0,756.0,37044.0
6039,5000007196,1000005369,20250520,2,1,15750.0,315.0,15435.0
6040,5000007198,1000005371,20240221,2,3,15000.0,0.0,45000.0
6041,5000007199,1000005372,20240615,1,1,12000.0,1200.0,10800.0
6042,5000007200,1000005373,20240706,1,1,12000.0,1200.0,10800.0
6043,5000007201,1000005374,20250708,2,1,15000.0,750.0,14250.0
6044,5000007202,1000005375,20250524,1,1,12600.0,252.0,12348.0
6045,5000007203,1000005376,20241024,2,1,15000.0,1500.0,13500.0
6046,5000007204,1000005377,20241118,1,1,12600.0,1260.0,11340.0
6047,5000007205,1000005377,20241118,2,2,13500.0,2700.0,24300.0
6048,5000007206,1000005377,20241118,2,2,15000.0,1500.0,28500.0
6049,5000007210,1000005380,20250130,2,1,15000.0,750.0,14250.0
6050,5000007211,1000005381,20240730,1,3,12000.0,1800.0,34200.0
6051,5000007212,1000005382,20240106,2,2,13500.0,0.0,27000.0
6052,5000007213,1000005383,20241121,2,1,15000.0,1500.0,13500.0
6053,5000007216,1000005385,20250209,1,2,12000.0,2400.0,21600.0
6054,5000007218,1000005387,20250114,2,2,15000.0,600.0,29400.0
6055,5000007219,1000005387,20250114,1,1,12000.0,0.0,12000.0
6056,5000007220,1000005388,20250830,1,2,10800.0,432.0,21168.0
6057,5000007221,1000005388,20250830,1,2,10800.0,2160.0,19440.0
6058,5000007222,1000005389,20241124,2,3,15750.0,4725.0,42525.0
6059,5000007223,1000005390,20241202,2,2,15000.0,0.0,30000.0
6060,5000007224,1000005391,20250801,1,1,10800.0,1080.0,9720.0
6061,5000007225,1000005392,20240513,1,3,10800.0,3240.0,29160.0
6062,5000007226,1000005393,20240205,2,1,15000.0,300.0,14700.0
6063,5000007227,1000005394,20240822,2,1,13500.0,675.0,12825.0
6064,5000007228,1000005395,20240421,2,2,15000.0,600.0,29400.0
6065,5000007229,1000005395,20240421,1,3,12600.0,0.0,37800.0
6066,5000007230,1000005396,20250228,1,3,12000.0,3600.0,32400.0
6067,5000007231,1000005397,20240820,1,2,10800.0,1080.0,20520.0
6068,5000007232,1000005397,20240820,1,2,12000.0,480.0,23520.0
6069,5000007233,1000005398,20250505,1,3,12000.0,720.0,35280.0
6070,5000007234,1000005399,20250617,2,3,15000.0,900.0,44100.0
6071,5000007235,1000005400,20250301,2,3,16500.0,990.0,48510.0
6072,5000007236,1000005400,20250301,2,2,15000.0,3000.0,27000.0
6073,5000007239,1000005402,20240130,2,3,15000.0,2250.0,42750.0
6074,5000007240,1000005402,20240130,1,3,12000.0,3600.0,32400.0
6075,5000007241,1000005403,20250404,1,2,12000.0,1200.0,22800.0
6076,5000007242,1000005404,20250528,2,3,15750.0,4725.0,42525.0
6077,5000007243,1000005404,20250528,1,2,12600.0,2520.0,22680.0
6078,5000007244,1000005405,20240411,1,2,12000.0,480.0,23520.0
6079,5000007245,1000005406,20250705,2,1,15000.0,0.0,15000.0
6080,5000007247,1000005408,20250716,2,1,15000.0,750.0,14250.0
6081,5000007249,1000005410,20250530,1,1,12600.0,252.0,12348.0
6082,5000007250,1000005410,20250530,2,3,15000.0,2250.0,42750.0
6083,5000007251,1000005411,20241128,1,1,12000.0,0.0,12000.0
6084,5000007252,1000005412,20240303,2,2,16500.0,3300.0,29700.0
6085,5000007253,1000005413,20240320,2,1,16500.0,330.0,16170.0
6086,5000007254,1000005414,20240530,2,2,15000.0,600.0,29400.0
6087,5000007255,1000005415,20250505,1,1,12600.0,252.0,12348.0
6088,5000007256,1000005416,20241116,2,1,15000.0,300.0,14700.0
6089,5000007259,1000005418,20240127,1,3,10800.0,0.0,32400.0
6090,5000007260,1000005419,20250802,2,2,15000.0,1500.0,28500.0
6091,5000007261,1000005420,20250927,2,3,15000.0,2250.0,42750.0
6092,5000007262,1000005420,20250927,1,1,12000.0,1200.0,10800.0
6093,5000007263,1000005421,20240314,2,2,15000.0,3000.0,27000.0
6094,5000007264,1000005421,20240314,1,1,12000.0,1200.0,10800.0
6095,5000007265,1000005422,20240205,2,3,15000.0,0.0,45000.0
6096,5000007266,1000005423,20250907,2,3,15000.0,900.0,44100.0
6097,5000007267,1000005424,20250816,1,2,13200.0,528.0,25872.0
6098,5000007268,1000005424,20250816,2,1,15000.0,0.0,15000.0
6099,5000007269,1000005425,20250114,2,3,16500.0,0.0,49500.0
6100,5000007270,1000005425,20250114,2,1,15000.0,0.0,15000.0
6101,5000007271,1000005426,20240623,2,3,15000.0,2250.0,42750.0
6102,5000007272,1000005427,20241202,2,2,16500.0,3300.0,29700.0
6103,5000007273,1000005428,20240506,2,1,16500.0,330.0,16170.0
6104,5000007275,1000005430,20240823,1,1,12600.0,630.0,11970.0
6105,5000007276,1000005431,20240201,1,1,12600.0,1260.0,11340.0
6106,5000007277,1000005431,20240201,2,1,15000.0,300.0,14700.0
6107,5000007278,1000005432,20250224,1,3,12000.0,1800.0,34200.0
6108,5000007279,1000005433,20240510,2,3,15750.0,2362.5,44887.5
6109,5000007280,1000005434,20240805,2,2,15000.0,1500.0,28500.0
6110,5000007281,1000005435,20240928,1,2,13200.0,528.0,25872.0
6111,5000007282,1000005435,20240928,2,2,16500.0,1650.0,31350.0
6112,5000007283,1000005436,20250918,1,2,12000.0,2400.0,21600.0
6113,5000007284,1000005437,20240522,2,1,15750.0,315.0,15435.0
6114,5000007285,1000005438,20240706,2,3,15750.0,945.0,46305.0
6115,5000007286,1000005439,20240127,1,2,12000.0,1200.0,22800.0
6116,5000007288,1000005441,20241215,1,2,12600.0,0.0,25200.0
6117,5000007289,1000005442,20240813,2,3,15750.0,945.0,46305.0
6118,5000007290,1000005443,20250501,1,3,10800.0,0.0,32400.0
6119,5000007291,1000005444,20240413,1,1,10800.0,0.0,10800.0
6120,5000007292,1000005445,20240211,1,2,10800.0,432.0,21168.0
6121,5000007293,1000005446,20240321,2,1,15750.0,787.5,14962.5
6122,5000007294,1000005446,20240321,2,2,15000.0,0.0,30000.0
6123,5000007295,1000005447,20240611,2,3,15000.0,4500.0,40500.0
6124,5000007296,1000005448,20241021,1,3,12000.0,1800.0,34200.0
6125,5000007297,1000005448,20241021,1,1,12000.0,600.0,11400.0
6126,5000007298,1000005449,20240407,2,2,15000.0,1500.0,28500.0
6127,5000007299,1000005450,20250814,1,2,12000.0,1200.0,22800.0
6128,5000007300,1000005451,20250311,1,1,10800.0,540.0,10260.0
6129,5000007301,1000005451,20250311,1,2,13200.0,528.0,25872.0
6130,5000007302,1000005452,20250503,1,2,13200.0,1320.0,25080.0
6131,5000007303,1000005453,20241024,1,3,12000.0,0.0,36000.0
6132,5000007304,1000005454,20240630,1,2,12000.0,0.0,24000.0
6133,5000007305,1000005454,20240630,2,3,15000.0,2250.0,42750.0
6134,5000007306,1000005455,20240419,1,1,10800.0,1080.0,9720.0
6135,5000007307,1000005456,20240326,2,3,15000.0,4500.0,40500.0
6136,5000007308,1000005456,20240326,1,1,12000.0,0.0,12000.0
6137,5000007309,1000005457,20250927,1,1,12000.0,0.0,12000.0
6138,5000007310,1000005458,20240511,1,1,12000.0,1200.0,10800.0
6139,5000007311,1000005458,20240511,1,2,12000.0,0.0,24000.0
6140,5000007312,1000005459,20250901,1,3,12600.0,1890.0,35910.0
6141,5000007314,1000005461,20250101,1,2,12000.0,480.0,23520.0
6142,5000007315,1000005462,20241031,1,3,12000.0,0.0,36000.0
6143,5000007316,1000005462,20241031,1,2,12600.0,0.0,25200.0
6144,5000007317,1000005463,20250619,1,1,10800.0,540.0,10260.0
6145,5000007318,1000005464,20240219,2,1,15000.0,0.0,15000.0
6146,5000007319,1000005465,20240822,2,1,13500.0,270.0,13230.0
6147,5000007320,1000005465,20240822,1,2,12000.0,480.0,23520.0
6148,5000007321,1000005466,20250929,2,3,13500.0,810.0,39690.0
6149,5000007322,1000005467,20250920,2,2,15000.0,1500.0,28500.0
6150,5000007326,1000005470,20240717,1,3,12000.0,3600.0,32400.0
6151,5000007327,1000005471,20250220,2,2,13500.0,540.0,26460.0
6152,5000007328,1000005471,20250220,1,1,12000.0,600.0,11400.0
6153,5000007329,1000005472,20250217,1,3,12000.0,720.0,35280.0
6154,5000007330,1000005472,20250217,2,1,15000.0,750.0,14250.0
6155,5000007331,1000005473,20240501,1,3,12000.0,1800.0,34200.0
6156,5000007332,1000005473,20240501,1,3,10800.0,648.0,31752.0
6157,5000007333,1000005474,20250524,2,1,15000.0,1500.0,13500.0
6158,5000007334,1000005475,20240410,1,1,10800.0,540.0,10260.0
6159,5000007335,1000005476,20250512,2,3,15000.0,4500.0,40500.0
6160,5000007336,1000005477,20250825,1,1,12000.0,600.0,11400.0
6161,5000007338,1000005479,20241027,2,1,15000.0,1500.0,13500.0
6162,5000007339,1000005480,20240309,1,2,13200.0,528.0,25872.0
6163,5000007340,1000005481,20250810,2,2,16500.0,660.0,32340.0
6164,5000007341,1000005482,20250428,1,1,10800.0,0.0,10800.0
6165,5000007342,1000005483,20240416,1,3,12600.0,756.0,37044.0
6166,5000007343,1000005483,20240416,1,3,12000.0,0.0,36000.0
6167,5000007344,1000005484,20241209,2,1,15000.0,1500.0,13500.0
6168,5000007345,1000005485,20250206,2,2,15000.0,0.0,30000.0
6169,5000007346,1000005486,20240401,1,1,12000.0,240.0,11760.0
6170,5000007347,1000005487,20240717,1,2,12000.0,0.0,24000.0
6171,5000007348,1000005488,20250606,1,3,10800.0,1620.0,30780.0
6172,5000007349,1000005488,20250606,1,3,12000.0,3600.0,32400.0
6173,5000007350,1000005489,20240816,1,1,12000.0,0.0,12000.0
6174,5000007351,1000005490,20250621,2,1,15000.0,750.0,14250.0
6175,5000007352,1000005490,20250621,1,3,12600.0,0.0,37800.0
6176,5000007353,1000005491,20240625,2,2,15000.0,3000.0,27000.0
6177,5000007354,1000005491,20240625,2,1,15000.0,1500.0,13500.0
6178,5000007355,1000005492,20250206,2,3,15000.0,4500.0,40500.0
6179,5000007356,1000005493,20250428,1,3,12000.0,0.0,36000.0
6180,5000007357,1000005494,20241102,1,2,10800.0,0.0,21600.0
6181,5000007359,1000005496,20250602,1,3,12000.0,3600.0,32400.0
6182,5000007360,1000005497,20241216,1,1,12000.0,0.0,12000.0
6183,5000007364,1000005500,20240828,1,2,12000.0,480.0,23520.0
6184,5000007365,1000005501,20241215,2,1,15000.0,750.0,14250.0
6185,5000007367,1000005503,20250913,1,1,12000.0,0.0,12000.0
6186,5000007368,1000005504,20240603,2,2,15000.0,0.0,30000.0
6187,5000007369,1000005505,20250516,2,1,15000.0,1500.0,13500.0
6188,5000007370,1000005506,20240408,2,3,15750.0,0.0,47250.0
6189,5000007371,1000005506,20240408,2,3,15000.0,900.0,44100.0
6190,5000007372,1000005507,20240819,1,3,12600.0,1890.0,35910.0
6191,5000007373,1000005508,20240421,2,2,15000.0,3000.0,27000.0
6192,5000007374,1000005509,20241210,2,3,15750.0,2362.5,44887.5
6193,5000007375,1000005510,20250625,1,2,12000.0,0.0,24000.0
6194,5000007376,1000005511,20250320,2,1,15000.0,750.0,14250.0
6195,5000007377,1000005512,20240820,1,1,12000.0,1200.0,10800.0
6196,5000007378,1000005513,20250924,2,1,15000.0,750.0,14250.0
6197,5000007379,1000005514,20240707,2,3,15000.0,4500.0,40500.0
6198,5000007380,1000005515,20241123,2,1,13500.0,1350.0,12150.0
6199,5000007381,1000005515,20241123,1,3,13200.0,0.0,39600.0
6200,5000007382,1000005515,20241123,2,3,16500.0,2475.0,47025.0
6201,5000007383,1000005516,20250930,2,1,15000.0,300.0,14700.0
6202,5000007384,1000005517,20240722,2,1,16500.0,825.0,15675.0
6203,5000007385,1000005517,20240722,1,1,10800.0,1080.0,9720.0
6204,5000007386,1000005517,20240722,2,3,13500.0,810.0,39690.0
6205,5000007388,1000005519,20250410,1,2,12000.0,480.0,23520.0
6206,5000007389,1000005520,20240420,1,3,12000.0,0.0,36000.0
6207,5000007390,1000005520,20240420,1,3,12000.0,720.0,35280.0
6208,5000007391,1000005521,20250920,2,3,13500.0,2025.0,38475.0
6209,5000007392,1000005522,20240519,2,3,15000.0,900.0,44100.0
6210,5000007393,1000005522,20240519,1,2,10800.0,1080.0,20520.0
6211,5000007394,1000005523,20240729,2,1,13500.0,675.0,12825.0
6212,5000007395,1000005524,20250826,2,1,16500.0,0.0,16500.0
6213,5000007396,1000005525,20250514,1,1,12600.0,252.0,12348.0
6214,5000007397,1000005525,20250514,1,1,12000.0,0.0,12000.0
6215,5000007398,1000005526,20240102,1,1,10800.0,0.0,10800.0
6216,5000007399,1000005527,20250315,2,3,15000.0,900.0,44100.0
6217,5000007400,1000005528,20240127,1,1,12600.0,630.0,11970.0
6218,5000007403,1000005530,20250108,2,2,15000.0,1500.0,28500.0
6219,5000007404,1000005531,20240129,1,3,12600.0,0.0,37800.0
6220,5000007405,1000005532,20250228,2,3,15000.0,0.0,45000.0
6221,5000007406,1000005533,20250225,2,2,15000.0,3000.0,27000.0
6222,5000007407,1000005534,20250828,1,3,12600.0,756.0,37044.0
6223,5000007408,1000005535,20250521,2,1,13500.0,675.0,12825.0
6224,5000007409,1000005535,20250521,2,3,15000.0,900.0,44100.0
6225,5000007410,1000005535,20250521,1,1,12000.0,240.0,11760.0
6226,5000007411,1000005536,20250819,2,1,15000.0,300.0,14700.0
6227,5000007412,1000005536,20250819,2,3,15000.0,2250.0,42750.0
6228,5000007413,1000005537,20241120,1,2,13200.0,1320.0,25080.0
6229,5000007414,1000005537,20241120,1,1,12000.0,0.0,12000.0
6230,5000007415,1000005538,20240920,2,3,15000.0,900.0,44100.0
6231,5000007418,1000005540,20240702,2,1,15750.0,0.0,15750.0
6232,5000007419,1000005541,20241123,1,1,12600.0,0.0,12600.0
6233,5000007420,1000005541,20241123,2,3,16500.0,0.0,49500.0
6234,5000007421,1000005542,20250506,2,1,16500.0,825.0,15675.0
6235,5000007422,1000005542,20250506,1,3,10800.0,1620.0,30780.0
6236,5000007423,1000005543,20250412,1,2,12000.0,1200.0,22800.0
6237,5000007424,1000005544,20250424,1,1,10800.0,0.0,10800.0
6238,5000007426,1000005546,20240430,1,2,10800.0,2160.0,19440.0
6239,5000007427,1000005547,20241130,2,2,15750.0,630.0,30870.0
6240,5000007428,1000005548,20250418,2,2,15000.0,1500.0,28500.0
6241,5000007429,1000005549,20240901,2,1,13500.0,675.0,12825.0
6242,5000007431,1000005551,20250913,2,3,15000.0,4500.0,40500.0
6243,5000007432,1000005551,20250913,1,2,12000.0,0.0,24000.0
6244,5000007433,1000005552,20240702,2,2,15750.0,1575.0,29925.0
6245,5000007434,1000005552,20240702,2,1,15000.0,300.0,14700.0
6246,5000007435,1000005553,20250806,1,2,12000.0,0.0,24000.0
6247,5000007436,1000005554,20250224,1,2,12000.0,480.0,23520.0
6248,5000007437,1000005555,20240314,1,2,12000.0,480.0,23520.0
6249,5000007439,1000005557,20240401,2,2,15000.0,600.0,29400.0
6250,5000007440,1000005558,20240712,1,1,12600.0,252.0,12348.0
6251,5000007443,1000005561,20240612,1,1,12000.0,1200.0,10800.0
6252,5000007444,1000005562,20250503,2,1,13500.0,270.0,13230.0
6253,5000007446,1000005564,20240218,1,2,12000.0,2400.0,21600.0
6254,5000007449,1000005566,20240528,1,1,12000.0,1200.0,10800.0
6255,5000007450,1000005567,20250806,2,1,15000.0,0.0,15000.0
6256,5000007451,1000005568,20240106,1,1,12000.0,600.0,11400.0
6257,5000007452,1000005569,20241114,1,1,12000.0,240.0,11760.0
6258,5000007453,1000005570,20240715,2,3,15000.0,0.0,45000.0
6259,5000007454,1000005570,20240715,2,3,15000.0,900.0,44100.0
6260,5000007455,1000005571,20250419,2,3,15000.0,2250.0,42750.0
6261,5000007456,1000005572,20250927,1,3,12600.0,3780.0,34020.0
6262,5000007457,1000005573,20250331,2,3,15000.0,0.0,45000.0
6263,5000007458,1000005574,20240418,1,3,10800.0,0.0,32400.0
6264,5000007459,1000005575,20240312,1,2,12000.0,480.0,23520.0
6265,5000007460,1000005576,20250329,1,2,12600.0,504.0,24696.0
6266,5000007461,1000005577,20240731,2,3,15750.0,2362.5,44887.5
6267,5000007462,1000005578,20240707,2,3,13500.0,810.0,39690.0
6268,5000007465,1000005580,20250428,2,2,15000.0,3000.0,27000.0
6269,5000007466,1000005581,20241222,1,1,12000.0,240.0,11760.0
6270,5000007467,1000005581,20241222,2,3,13500.0,810.0,39690.0
6271,5000007468,1000005582,20241220,1,1,12000.0,1200.0,10800.0
6272,5000007469,1000005583,20240211,1,3,12600.0,3780.0,34020.0
6273,5000007470,1000005583,20240211,2,1,15000.0,1500.0,13500.0
6274,5000007472,1000005585,20240217,1,1,12000.0,240.0,11760.0
6275,5000007473,1000005585,20240217,1,1,12000.0,600.0,11400.0
6276,5000007474,1000005586,20241225,2,1,15000.0,300.0,14700.0
6277,5000007475,1000005587,20240723,1,2,12600.0,0.0,25200.0
6278,5000007476,1000005588,20240818,2,1,15750.0,315.0,15435.0
6279,5000007477,1000005589,20241003,1,1,13200.0,264.0,12936.0
6280,5000007478,1000005589,20241003,1,2,12000.0,480.0,23520.0
6281,5000007479,1000005589,20241003,1,1,12600.0,0.0,12600.0
6282,5000007481,1000005591,20240513,1,3,12600.0,1890.0,35910.0
6283,5000007482,1000005592,20240406,2,1,15000.0,0.0,15000.0
6284,5000007483,1000005592,20240406,2,1,15000.0,300.0,14700.0
6285,5000007484,1000005593,20250610,2,2,15750.0,0.0,31500.0
6286,5000007485,1000005593,20250610,2,1,16500.0,330.0,16170.0
6287,5000007486,1000005594,20240402,2,3,15750.0,945.0,46305.0
6288,5000007487,1000005595,20250217,2,1,15000.0,300.0,14700.0
6289,5000007488,1000005596,20250303,1,1,12000.0,1200.0,10800.0
6290,5000007489,1000005597,20241019,2,1,15000.0,300.0,14700.0
6291,5000007490,1000005598,20241205,2,3,15750.0,945.0,46305.0
6292,5000007491,1000005599,20241121,2,1,16500.0,825.0,15675.0
6293,5000007492,1000005600,20241203,2,2,15000.0,3000.0,27000.0
6294,5000007493,1000005600,20241203,1,3,12000.0,1800.0,34200.0
6295,5000007494,1000005601,20250422,1,1,10800.0,540.0,10260.0
6296,5000007495,1000005602,20250422,2,1,15750.0,315.0,15435.0
6297,5000007496,1000005603,20240415,2,1,15000.0,0.0,15000.0
6298,5000007497,1000005604,20240304,1,1,12600.0,1260.0,11340.0
6299,5000007498,1000005604,20240304,2,2,15750.0,0.0,31500.0
6300,5000007499,1000005605,20250304,1,3,12000.0,720.0,35280.0
6301,5000007500,1000005606,20240410,1,1,12000.0,600.0,11400.0
6302,5000007502,1000005608,20240414,1,1,12000.0,0.0,12000.0
6303,5000007503,1000005609,20250126,2,3,15000.0,2250.0,42750.0
6304,5000007504,1000005609,20250126,2,1,13500.0,675.0,12825.0
6305,5000007505,1000005609,20250126,2,1,15000.0,0.0,15000.0
6306,5000007507,1000005611,20241029,2,3,15000.0,900.0,44100.0
6307,5000007508,1000005611,20241029,1,3,12000.0,1800.0,34200.0
6308,5000007509,1000005612,20250708,2,2,15750.0,3150.0,28350.0
6309,5000007510,1000005613,20250526,2,1,15000.0,300.0,14700.0
6310,5000007511,1000005613,20250526,1,1,12000.0,1200.0,10800.0
6311,5000007512,1000005614,20240824,1,1,12600.0,630.0,11970.0
6312,5000007513,1000005615,20240705,2,3,15000.0,900.0,44100.0
6313,5000007514,1000005615,20240705,1,2,12000.0,2400.0,21600.0
6314,5000007515,1000005616,20250416,2,1,15750.0,315.0,15435.0
6315,5000007516,1000005616,20250416,2,2,16500.0,3300.0,29700.0
6316,5000007517,1000005617,20250712,1,1,12000.0,600.0,11400.0
6317,5000007520,1000005619,20240727,1,1,12000.0,600.0,11400.0
6318,5000007521,1000005619,20240727,1,3,13200.0,1980.0,37620.0
6319,5000007522,1000005620,20240309,2,2,15000.0,1500.0,28500.0
6320,5000007523,1000005620,20240309,1,1,13200.0,660.0,12540.0
6321,5000007524,1000005621,20250819,1,3,12000.0,3600.0,32400.0
6322,5000007525,1000005622,20250813,2,1,15750.0,315.0,15435.0
6323,5000007526,1000005622,20250813,1,2,12000.0,0.0,24000.0
6324,5000007527,1000005622,20250813,1,3,12000.0,0.0,36000.0
6325,5000007528,1000005623,20250904,1,2,10800.0,2160.0,19440.0
6326,5000007529,1000005624,20241005,1,2,10800.0,1080.0,20520.0
6327,5000007530,1000005625,20240422,2,1,15000.0,0.0,15000.0
6328,5000007532,1000005627,20240403,1,1,12600.0,0.0,12600.0
6329,5000007533,1000005627,20240403,2,3,15000.0,0.0,45000.0
6330,5000007534,1000005627,20240403,1,1,12600.0,0.0,12600.0
6331,5000007535,1000005628,20250919,2,3,16500.0,0.0,49500.0
6332,5000007536,1000005629,20241231,1,2,12000.0,0.0,24000.0
6333,5000007537,1000005629,20241231,1,3,12600.0,756.0,37044.0
6334,5000007538,1000005630,20250307,1,1,13200.0,660.0,12540.0
6335,5000007539,1000005631,20241229,2,3,13500.0,4050.0,36450.0
6336,5000007540,1000005632,20250826,1,2,12000.0,480.0,23520.0
6337,5000007541,1000005632,20250826,2,3,15000.0,2250.0,42750.0
6338,5000007542,1000005633,20241016,2,1,15000.0,300.0,14700.0
6339,5000007543,1000005633,20241016,1,1,12000.0,600.0,11400.0
6340,5000007545,1000005635,20250609,1,1,12000.0,1200.0,10800.0
6341,5000007546,1000005635,20250609,1,3,12000.0,0.0,36000.0
6342,5000007547,1000005636,20241206,1,3,12000.0,0.0,36000.0
6343,5000007548,1000005637,20250629,2,2,15000.0,600.0,29400.0
6344,5000007549,1000005637,20250629,1,3,12000.0,0.0,36000.0
6345,5000007550,1000005637,20250629,2,2,16500.0,660.0,32340.0
6346,5000007551,1000005638,20250521,1,3,10800.0,0.0,32400.0
6347,5000007552,1000005638,20250521,1,1,13200.0,1320.0,11880.0
6348,5000007553,1000005639,20241122,2,2,15000.0,0.0,30000.0
6349,5000007554,1000005640,20240128,1,1,10800.0,540.0,10260.0
6350,5000007555,1000005640,20240128,2,1,15000.0,750.0,14250.0
6351,5000007556,1000005640,20240128,2,3,15000.0,0.0,45000.0
6352,5000007557,1000005641,20240719,1,1,12000.0,1200.0,10800.0
6353,5000007558,1000005642,20240911,1,1,13200.0,660.0,12540.0
6354,5000007559,1000005643,20250814,1,3,12000.0,720.0,35280.0
6355,5000007560,1000005644,20240310,2,2,16500.0,1650.0,31350.0
6356,5000007561,1000005645,20240516,1,2,12000.0,1200.0,22800.0
6357,5000007562,1000005645,20240516,2,2,13500.0,540.0,26460.0
6358,5000007563,1000005646,20240325,2,1,15750.0,0.0,15750.0
6359,5000007564,1000005646,20240325,1,1,12000.0,240.0,11760.0
6360,5000007565,1000005647,20250502,1,2,10800.0,0.0,21600.0
6361,5000007566,1000005648,20240725,2,3,15000.0,2250.0,42750.0
6362,5000007567,1000005649,20240420,1,1,12000.0,600.0,11400.0
6363,5000007568,1000005650,20250805,1,3,13200.0,0.0,39600.0
6364,5000007569,1000005650,20250805,2,2,15000.0,1500.0,28500.0
6365,5000007570,1000005651,20250810,1,1,12000.0,600.0,11400.0
6366,5000007573,1000005653,20250605,2,2,13500.0,2700.0,24300.0
6367,5000007575,1000005655,20240330,1,1,12000.0,600.0,11400.0
6368,5000007576,1000005655,20240330,1,1,12000.0,0.0,12000.0
6369,5000007577,1000005656,20241115,1,1,12000.0,1200.0,10800.0
6370,5000007578,1000005657,20241008,2,2,15000.0,1500.0,28500.0
6371,5000007579,1000005658,20250315,2,3,15000.0,4500.0,40500.0
6372,5000007580,1000005658,20250315,1,3,10800.0,0.0,32400.0
6373,5000007581,1000005659,20241024,2,2,13500.0,540.0,26460.0
6374,5000007582,1000005660,20240223,1,2,12000.0,2400.0,21600.0
6375,5000007583,1000005660,20240223,2,3,15000.0,2250.0,42750.0
6376,5000007586,1000005662,20250304,2,2,15000.0,1500.0,28500.0
6377,5000007587,1000005663,20250521,1,1,13200.0,1320.0,11880.0
6378,5000007588,1000005663,20250521,2,2,13500.0,2700.0,24300.0
6379,5000007589,1000005663,20250521,1,3,12000.0,720.0,35280.0
6380,5000007590,1000005664,20240405,2,1,13500.0,1350.0,12150.0
6381,5000007593,1000005666,20240720,2,1,15000.0,0.0,15000.0
6382,5000007594,1000005666,20240720,2,1,15000.0,300.0,14700.0
6383,5000007595,1000005667,20250405,1,1,12000.0,1200.0,10800.0
6384,5000007596,1000005667,20250405,2,1,15000.0,1500.0,13500.0
6385,5000007597,1000005668,20250905,2,1,15000.0,750.0,14250.0
6386,5000007598,1000005668,20250905,2,1,15750.0,0.0,15750.0
6387,5000007599,1000005669,20250322,2,3,15000.0,2250.0,42750.0
6388,5000007600,1000005669,20250322,2,2,15000.0,1500.0,28500.0
6389,5000007604,1000005672,20250322,1,2,12000.0,2400.0,21600.0
6390,5000007605,1000005673,20240322,1,2,12000.0,480.0,23520.0
6391,5000007607,1000005675,20240331,1,1,12000.0,600.0,11400.0
6392,5000007608,1000005676,20250617,2,3,15000.0,4500.0,40500.0
6393,5000007609,1000005677,20240603,1,3,12000.0,0.0,36000.0
6394,5000007610,1000005677,20240603,2,2,15750.0,630.0,30870.0
6395,5000007611,1000005678,20250606,2,3,15000.0,900.0,44100.0
6396,5000007612,1000005678,20250606,1,1,12000.0,0.0,12000.0
6397,5000007613,1000005679,20250524,2,3,15000.0,2250.0,42750.0
6398,5000007614,1000005679,20250524,2,1,15000.0,0.0,15000.0
6399,5000007615,1000005680,20250319,1,2,12600.0,2520.0,22680.0
6400,5000007616,1000005681,20250816,1,3,12000.0,1800.0,34200.0
6401,5000007617,1000005682,20241123,2,3,15000.0,0.0,45000.0
6402,5000007618,1000005683,20241102,1,1,10800.0,0.0,10800.0
6403,5000007619,1000005684,20240531,1,2,13200.0,0.0,26400.0
6404,5000007620,1000005684,20240531,2,1,13500.0,0.0,13500.0
6405,5000007621,1000005685,20241126,2,3,15000.0,0.0,45000.0
6406,5000007622,1000005686,20240108,1,3,10800.0,0.0,32400.0
6407,5000007623,1000005687,20240731,1,2,12000.0,480.0,23520.0
6408,5000007624,1000005688,20240515,1,1,12000.0,1200.0,10800.0
6409,5000007625,1000005689,20240731,1,1,10800.0,540.0,10260.0
6410,5000007626,1000005689,20240731,2,2,15000.0,600.0,29400.0
6411,5000007628,1000005691,20250111,2,1,15750.0,1575.0,14175.0
6412,5000007630,1000005693,20240721,1,2,12000.0,2400.0,21600.0
6413,5000007631,1000005694,20240512,2,3,15000.0,900.0,44100.0
6414,5000007632,1000005694,20240512,2,1,16500.0,330.0,16170.0
6415,5000007633,1000005695,20240219,1,1,12000.0,1200.0,10800.0
6416,5000007636,1000005697,20241108,1,1,12000.0,600.0,11400.0
6417,5000007637,1000005698,20250211,1,1,12600.0,252.0,12348.0
6418,5000007638,1000005699,20250525,1,2,13200.0,0.0,26400.0
6419,5000007642,1000005702,20240101,2,1,15000.0,0.0,15000.0
6420,5000007643,1000005703,20240609,1,1,10800.0,540.0,10260.0
6421,5000007644,1000005704,20241011,1,1,10800.0,540.0,10260.0
6422,5000007645,1000005705,20241115,1,3,12000.0,720.0,35280.0
6423,5000007646,1000005705,20241115,2,2,15000.0,600.0,29400.0
6424,5000007647,1000005706,20240817,2,2,15000.0,1500.0,28500.0
6425,5000007648,1000005706,20240817,2,1,15000.0,300.0,14700.0
6426,5000007651,1000005708,20250318,1,3,12000.0,1800.0,34200.0
6427,5000007653,1000005710,20250627,1,2,10800.0,2160.0,19440.0
6428,5000007654,1000005711,20241206,2,3,15000.0,2250.0,42750.0
6429,5000007655,1000005712,20240711,1,2,12000.0,0.0,24000.0
6430,5000007656,1000005713,20250206,2,2,15000.0,600.0,29400.0
6431,5000007657,1000005713,20250206,1,1,12000.0,240.0,11760.0
6432,5000007658,1000005714,20250502,1,3,10800.0,648.0,31752.0
6433,5000007660,1000005716,20240110,1,2,13200.0,528.0,25872.0
6434,5000007661,1000005716,20240110,2,2,15750.0,3150.0,28350.0
6435,5000007662,1000005716,20240110,2,1,15000.0,0.0,15000.0
6436,5000007663,1000005717,20250826,2,3,15750.0,0.0,47250.0
6437,5000007666,1000005720,20241206,1,2,12000.0,1200.0,22800.0
6438,5000007667,1000005720,20241206,1,2,12600.0,1260.0,23940.0
6439,5000007668,1000005721,20250909,1,2,12000.0,480.0,23520.0
6440,5000007669,1000005722,20241113,1,1,12000.0,0.0,12000.0
6441,5000007670,1000005722,20241113,1,2,10800.0,1080.0,20520.0
6442,5000007671,1000005723,20240916,1,2,13200.0,1320.0,25080.0
6443,5000007672,1000005724,20240716,1,3,12000.0,720.0,35280.0
6444,5000007675,1000005727,20240106,1,1,12000.0,240.0,11760.0
6445,5000007676,1000005727,20240106,1,2,12600.0,2520.0,22680.0
6446,5000007677,1000005728,20240310,2,3,15000.0,4500.0,40500.0
6447,5000007678,1000005729,20240831,1,2,12000.0,2400.0,21600.0
6448,5000007679,1000005730,20241206,1,3,10800.0,1620.0,30780.0
6449,5000007680,1000005731,20240510,1,3,12000.0,3600.0,32400.0
6450,5000007683,1000005734,20240803,2,2,13500.0,2700.0,24300.0
6451,5000007684,1000005734,20240803,2,1,15000.0,750.0,14250.0
6452,5000007685,1000005735,20240223,1,3,12000.0,3600.0,32400.0
6453,5000007686,1000005736,20240815,1,2,13200.0,528.0,25872.0
6454,5000007687,1000005737,20250406,1,1,13200.0,0.0,13200.0
6455,5000007688,1000005737,20250406,2,3,16500.0,0.0,49500.0
6456,5000007689,1000005738,20240816,2,1,15000.0,750.0,14250.0
6457,5000007690,1000005738,20240816,2,1,15000.0,300.0,14700.0
6458,5000007692,1000005740,20250831,1,3,12000.0,0.0,36000.0
6459,5000007693,1000005741,20250105,2,1,16500.0,0.0,16500.0
6460,5000007694,1000005741,20250105,1,2,12000.0,2400.0,21600.0
6461,5000007695,1000005742,20250806,2,1,15750.0,315.0,15435.0
6462,5000007697,1000005744,20241205,1,1,12000.0,1200.0,10800.0
6463,5000007698,1000005744,20241205,2,1,15750.0,0.0,15750.0
6464,5000007699,1000005745,20240901,2,3,15000.0,2250.0,42750.0
6465,5000007701,1000005747,20240710,1,2,12000.0,2400.0,21600.0
6466,5000007702,1000005747,20240710,1,3,13200.0,792.0,38808.0
6467,5000007703,1000005748,20250525,1,3,12000.0,0.0,36000.0
6468,5000007704,1000005748,20250525,2,2,15750.0,1575.0,29925.0
6469,5000007705,1000005748,20250525,1,2,12000.0,480.0,23520.0
6470,5000007706,1000005749,20240322,2,2,13500.0,540.0,26460.0
6471,5000007707,1000005750,20241111,1,2,12000.0,2400.0,21600.0
6472,5000007709,1000005752,20240912,1,2,12600.0,1260.0,23940.0
6473,5000007710,1000005753,20250405,1,1,12000.0,240.0,11760.0
6474,5000007711,1000005754,20250307,1,3,13200.0,3960.0,35640.0
6475,5000007712,1000005755,20240808,2,3,15000.0,4500.0,40500.0
6476,5000007713,1000005755,20240808,2,2,15750.0,0.0,31500.0
6477,5000007714,1000005756,20240405,1,3,12000.0,3600.0,32400.0
6478,5000007715,1000005757,20240525,1,2,12000.0,2400.0,21600.0
6479,5000007716,1000005757,20240525,2,1,15000.0,300.0,14700.0
6480,5000007717,1000005758,20250626,1,1,12000.0,600.0,11400.0
6481,5000007718,1000005758,20250626,1,2,12000.0,1200.0,22800.0
6482,5000007719,1000005759,20240701,1,1,12600.0,630.0,11970.0
6483,5000007720,1000005760,20240224,1,1,12000.0,240.0,11760.0
6484,5000007721,1000005761,20241211,1,1,12000.0,1200.0,10800.0
6485,5000007722,1000005762,20250105,1,3,12000.0,1800.0,34200.0
6486,5000007723,1000005763,20250405,1,2,10800.0,432.0,21168.0
6487,5000007724,1000005763,20250405,2,1,15000.0,1500.0,13500.0
6488,5000007725,1000005764,20250724,1,3,12000.0,3600.0,32400.0
6489,5000007726,1000005765,20241124,1,2,12000.0,1200.0,22800.0
6490,5000007727,1000005765,20241124,1,2,10800.0,2160.0,19440.0
6491,5000007728,1000005766,20240607,1,3,12000.0,0.0,36000.0
6492,5000007729,1000005767,20250902,1,1,10800.0,0.0,10800.0
6493,5000007730,1000005768,20250326,2,3,16500.0,4950.0,44550.0
6494,5000007732,1000005770,20241026,2,2,15000.0,0.0,30000.0
6495,5000007733,1000005771,20240116,2,3,15000.0,0.0,45000.0
6496,5000007734,1000005772,20250905,1,2,12000.0,0.0,24000.0
6497,5000007735,1000005773,20250209,1,3,12000.0,3600.0,32400.0
6498,5000007736,1000005774,20241122,1,1,12000.0,600.0,11400.0
6499,5000007737,1000005775,20250718,1,2,13200.0,2640.0,23760.0
6500,5000007739,1000005777,20250403,2,2,15000.0,3000.0,27000.0
6501,5000007740,1000005777,20250403,1,1,13200.0,0.0,13200.0
6502,5000007741,1000005778,20250810,1,1,12000.0,0.0,12000.0
6503,5000007742,1000005779,20240427,1,1,12600.0,0.0,12600.0
6504,5000007743,1000005780,20250918,1,2,12000.0,2400.0,21600.0
6505,5000007744,1000005781,20240701,2,1,15750.0,0.0,15750.0
6506,5000007745,1000005782,20241019,2,1,16500.0,330.0,16170.0
6507,5000007746,1000005782,20241019,1,1,12000.0,600.0,11400.0
6508,5000007748,1000005784,20250116,1,1,12000.0,0.0,12000.0
6509,5000007749,1000005785,20240928,1,2,12000.0,1200.0,22800.0
6510,5000007750,1000005786,20240505,1,1,12000.0,240.0,11760.0
6511,5000007751,1000005787,20250121,1,1,12000.0,600.0,11400.0
6512,5000007752,1000005788,20250407,1,2,12000.0,0.0,24000.0
6513,5000007753,1000005789,20240117,2,2,15000.0,0.0,30000.0
6514,5000007754,1000005789,20240117,1,3,12000.0,3600.0,32400.0
6515,5000007755,1000005790,20250607,1,1,12000.0,240.0,11760.0
6516,5000007757,1000005792,20250912,1,1,12000.0,0.0,12000.0
6517,5000007758,1000005793,20250401,2,3,15000.0,900.0,44100.0
6518,5000007759,1000005793,20250401,2,2,15750.0,1575.0,29925.0
6519,5000007760,1000005794,20250602,1,3,10800.0,0.0,32400.0
6520,5000007761,1000005795,20250807,2,3,15000.0,900.0,44100.0
6521,5000007762,1000005796,20240910,2,2,15000.0,3000.0,27000.0
6522,5000007763,1000005797,20240125,1,2,12600.0,504.0,24696.0
6523,5000007764,1000005797,20240125,1,1,12000.0,600.0,11400.0
6524,5000007765,1000005798,20240714,2,3,13500.0,2025.0,38475.0
6525,5000007766,1000005799,20240809,1,3,12000.0,3600.0,32400.0
6526,5000007767,1000005800,20240201,1,3,12600.0,756.0,37044.0
6527,5000007768,1000005801,20250706,1,2,12000.0,2400.0,21600.0
6528,5000007769,1000005802,20250820,2,2,15000.0,600.0,29400.0
6529,5000007770,1000005803,20240329,2,2,15000.0,0.0,30000.0
6530,5000007771,1000005803,20240329,2,3,15000.0,0.0,45000.0
6531,5000007772,1000005803,20240329,2,1,15000.0,0.0,15000.0
6532,5000007773,1000005804,20240527,2,1,15000.0,300.0,14700.0
6533,5000007774,1000005805,20240903,1,3,12000.0,1800.0,34200.0
6534,5000007776,1000005807,20250520,1,2,12600.0,1260.0,23940.0
6535,5000007777,1000005808,20241105,2,2,15000.0,1500.0,28500.0
6536,5000007778,1000005809,20240812,1,2,12000.0,1200.0,22800.0
6537,5000007779,1000005810,20240328,1,2,10800.0,1080.0,20520.0
6538,5000007780,1000005810,20240328,1,1,12000.0,600.0,11400.0
6539,5000007782,1000005812,20240607,1,2,12000.0,2400.0,21600.0
6540,5000007785,1000005814,20250613,2,1,15000.0,1500.0,13500.0
6541,5000007786,1000005814,20250613,2,3,15000.0,0.0,45000.0
6542,5000007787,1000005815,20250315,1,2,12000.0,2400.0,21600.0
6543,5000007788,1000005816,20250612,1,3,12000.0,1800.0,34200.0
6544,5000007789,1000005817,20250329,1,2,12600.0,0.0,25200.0
6545,5000007790,1000005818,20241202,1,2,10800.0,2160.0,19440.0
6546,5000007791,1000005819,20241127,1,3,12000.0,0.0,36000.0
6547,5000007792,1000005820,20250716,1,1,12000.0,0.0,12000.0
6548,5000007793,1000005820,20250716,2,1,15000.0,750.0,14250.0
6549,5000007794,1000005821,20240321,1,2,12000.0,0.0,24000.0
6550,5000007795,1000005822,20241025,1,1,12600.0,252.0,12348.0
6551,5000007796,1000005822,20241025,1,1,12000.0,1200.0,10800.0
6552,5000007797,1000005823,20240324,1,2,12000.0,0.0,24000.0
6553,5000007798,1000005824,20250730,1,3,12000.0,3600.0,32400.0
6554,5000007799,1000005825,20241117,2,2,15000.0,600.0,29400.0
6555,5000007800,1000005826,20250210,2,1,15000.0,750.0,14250.0
6556,5000007801,1000005827,20250415,2,3,15000.0,900.0,44100.0
6557,5000007802,1000005828,20250414,1,3,12000.0,0.0,36000.0
6558,5000007804,1000005830,20240717,2,1,15000.0,300.0,14700.0
6559,5000007805,1000005830,20240717,1,3,12000.0,720.0,35280.0
6560,5000007806,1000005831,20240409,1,2,12600.0,504.0,24696.0
6561,5000007807,1000005832,20240312,1,3,10800.0,648.0,31752.0
6562,5000007808,1000005832,20240312,1,1,10800.0,0.0,10800.0
6563,5000007809,1000005833,20240911,1,2,13200.0,1320.0,25080.0
6564,5000007810,1000005834,20240723,1,1,13200.0,0.0,13200.0
6565,5000007811,1000005835,20240325,1,1,12000.0,0.0,12000.0
6566,5000007812,1000005835,20240325,2,2,15750.0,1575.0,29925.0
6567,5000007813,1000005836,20250915,1,1,10800.0,0.0,10800.0
6568,5000007814,1000005837,20241114,1,3,12000.0,3600.0,32400.0
6569,5000007815,1000005838,20250416,1,3,12000.0,3600.0,32400.0
6570,5000007816,1000005839,20250223,2,1,15000.0,750.0,14250.0
6571,5000007817,1000005840,20250830,1,3,12000.0,0.0,36000.0
6572,5000007818,1000005841,20250824,2,2,13500.0,1350.0,25650.0
6573,5000007819,1000005842,20240725,1,3,12000.0,720.0,35280.0
6574,5000007820,1000005843,20250522,2,1,15000.0,750.0,14250.0
6575,5000007821,1000005844,20250202,2,3,15000.0,900.0,44100.0
6576,5000007822,1000005845,20240717,1,3,12000.0,720.0,35280.0
6577,5000007823,1000005845,20240717,1,2,12000.0,2400.0,21600.0
6578,5000007824,1000005846,20240506,1,1,10800.0,0.0,10800.0
6579,5000007825,1000005847,20241030,2,2,15750.0,0.0,31500.0
6580,5000007826,1000005847,20241030,1,3,12000.0,720.0,35280.0
6581,5000007829,1000005849,20240416,1,3,12000.0,0.0,36000.0
6582,5000007830,1000005849,20240416,2,1,15750.0,315.0,15435.0
6583,5000007831,1000005850,20250831,1,2,12600.0,2520.0,22680.0
6584,5000007832,1000005850,20250831,1,3,13200.0,0.0,39600.0
6585,5000007833,1000005851,20240819,2,2,16500.0,0.0,33000.0
6586,5000007834,1000005852,20240425,2,3,15000.0,900.0,44100.0
6587,5000007835,1000005853,20250507,1,2,12000.0,480.0,23520.0
6588,5000007836,1000005854,20250919,2,1,16500.0,1650.0,14850.0
6589,5000007837,1000005854,20250919,1,3,12000.0,0.0,36000.0
6590,5000007838,1000005854,20250919,1,2,10800.0,432.0,21168.0
6591,5000007839,1000005855,20250826,1,3,12000.0,720.0,35280.0
6592,5000007840,1000005856,20250115,1,2,10800.0,1080.0,20520.0
6593,5000007841,1000005856,20250115,2,2,15000.0,600.0,29400.0
6594,5000007842,1000005857,20250111,2,3,15000.0,900.0,44100.0
6595,5000007843,1000005858,20240222,2,2,13500.0,2700.0,24300.0
6596,5000007844,1000005859,20250217,1,3,12000.0,720.0,35280.0
6597,5000007845,1000005860,20241020,1,3,12600.0,0.0,37800.0
6598,5000007846,1000005860,20241020,1,2,12000.0,0.0,24000.0
6599,5000007847,1000005861,20250626,2,1,15000.0,300.0,14700.0
6600,5000007850,1000005863,20240929,1,1,12000.0,1200.0,10800.0
6601,5000007851,1000005864,20240418,2,3,15000.0,900.0,44100.0
6602,5000007852,1000005865,20250107,2,3,15750.0,945.0,46305.0
6603,5000007853,1000005865,20250107,1,3,12000.0,1800.0,34200.0
6604,5000007857,1000005868,20240907,1,1,12000.0,600.0,11400.0
6605,5000007858,1000005869,20241007,1,3,10800.0,648.0,31752.0
6606,5000007859,1000005870,20250106,1,1,12000.0,600.0,11400.0
6607,5000007861,1000005872,20240719,1,1,12000.0,240.0,11760.0
6608,5000007862,1000005873,20240606,1,1,12000.0,600.0,11400.0
6609,5000007863,1000005874,20250605,1,1,12000.0,240.0,11760.0
6610,5000007864,1000005874,20250605,1,3,13200.0,1980.0,37620.0
6611,5000007865,1000005874,20250605,2,2,13500.0,0.0,27000.0
6612,5000007866,1000005875,20250212,2,2,16500.0,3300.0,29700.0
6613,5000007867,1000005875,20250212,2,1,15000.0,750.0,14250.0
6614,5000007868,1000005876,20250701,1,3,12000.0,0.0,36000.0
6615,5000007869,1000005877,20240317,2,2,15000.0,3000.0,27000.0
6616,5000007870,1000005878,20240915,1,1,12600.0,1260.0,11340.0
6617,5000007871,1000005878,20240915,1,2,10800.0,0.0,21600.0
6618,5000007872,1000005879,20250706,1,2,12000.0,480.0,23520.0
6619,5000007873,1000005880,20241118,1,3,13200.0,1980.0,37620.0
6620,5000007874,1000005880,20241118,1,1,10800.0,0.0,10800.0
6621,5000007875,1000005881,20240625,1,1,12600.0,0.0,12600.0
6622,5000007876,1000005881,20240625,2,1,15000.0,300.0,14700.0
6623,5000007877,1000005881,20240625,2,3,15000.0,900.0,44100.0
6624,5000007878,1000005882,20240924,2,2,15750.0,1575.0,29925.0
6625,5000007879,1000005883,20240921,2,3,15000.0,0.0,45000.0
6626,5000007880,1000005883,20240921,2,1,15000.0,1500.0,13500.0
6627,5000007881,1000005884,20240409,1,3,12000.0,0.0,36000.0
6628,5000007883,1000005886,20240621,1,1,12000.0,600.0,11400.0
6629,5000007884,1000005886,20240621,1,1,12000.0,1200.0,10800.0
6630,5000007885,1000005887,20240712,1,2,12000.0,2400.0,21600.0
6631,5000007886,1000005888,20250706,2,1,15000.0,0.0,15000.0
6632,5000007887,1000005889,20250803,2,1,15000.0,1500.0,13500.0
6633,5000007888,1000005889,20250803,2,3,15000.0,0.0,45000.0
6634,5000007889,1000005890,20240521,1,2,12000.0,480.0,23520.0
6635,5000007890,1000005891,20240118,2,1,16500.0,825.0,15675.0
6636,5000007895,1000005895,20240808,2,2,13500.0,1350.0,25650.0
6637,5000007896,1000005896,20240317,1,2,12000.0,2400.0,21600.0
6638,5000007897,1000005897,20240716,2,3,15750.0,4725.0,42525.0
6639,5000007898,1000005897,20240716,2,3,15000.0,0.0,45000.0
6640,5000007900,1000005899,20250228,2,3,15000.0,4500.0,40500.0
6641,5000007901,1000005900,20241029,2,3,13500.0,0.0,40500.0
6642,5000007902,1000005901,20241021,1,2,12000.0,1200.0,22800.0
6643,5000007903,1000005901,20241021,2,1,13500.0,1350.0,12150.0
6644,5000007904,1000005902,20240918,1,2,10800.0,2160.0,19440.0
6645,5000007905,1000005902,20240918,1,3,12000.0,0.0,36000.0
6646,5000007906,1000005903,20250607,2,2,15000.0,1500.0,28500.0
6647,5000007907,1000005904,20240410,2,2,15000.0,0.0,30000.0
6648,5000007908,1000005904,20240410,1,2,10800.0,2160.0,19440.0
6649,5000007909,1000005905,20240517,1,1,12000.0,600.0,11400.0
6650,5000007910,1000005906,20250108,1,3,12000.0,1800.0,34200.0
6651,5000007911,1000005907,20240610,1,1,12600.0,0.0,12600.0
6652,5000007912,1000005907,20240610,2,3,16500.0,990.0,48510.0
6653,5000007914,1000005909,20250511,2,1,15750.0,0.0,15750.0
6654,5000007916,1000005911,20250615,1,1,10800.0,216.0,10584.0
6655,5000007917,1000005911,20250615,1,3,12000.0,720.0,35280.0
6656,5000007918,1000005912,20241223,2,1,15000.0,0.0,15000.0
6657,5000007919,1000005912,20241223,1,1,10800.0,0.0,10800.0
6658,5000007921,1000005914,20241214,2,2,15750.0,630.0,30870.0
6659,5000007922,1000005915,20250427,2,1,15750.0,787.5,14962.5
6660,5000007923,1000005916,20250529,2,2,15000.0,1500.0,28500.0
6661,5000007924,1000005916,20250529,1,1,12000.0,600.0,11400.0
6662,5000007925,1000005917,20241023,2,2,15000.0,0.0,30000.0
6663,5000007926,1000005917,20241023,2,2,15000.0,3000.0,27000.0
6664,5000007927,1000005918,20240223,2,3,15000.0,900.0,44100.0
6665,5000007928,1000005919,20240723,2,2,15000.0,600.0,29400.0
6666,5000007930,1000005921,20250529,1,3,13200.0,1980.0,37620.0
6667,5000007931,1000005921,20250529,1,2,12600.0,0.0,25200.0
6668,5000007932,1000005922,20250903,1,1,12000.0,600.0,11400.0
6669,5000007933,1000005922,20250903,2,2,16500.0,3300.0,29700.0
6670,5000007934,1000005923,20241001,2,3,13500.0,2025.0,38475.0
6671,5000007936,1000005925,20250115,1,1,12600.0,0.0,12600.0
6672,5000007937,1000005926,20240905,1,1,10800.0,1080.0,9720.0
6673,5000007938,1000005927,20250805,2,2,15000.0,600.0,29400.0
6674,5000007939,1000005928,20241212,2,1,15000.0,300.0,14700.0
6675,5000007940,1000005928,20241212,2,2,15750.0,3150.0,28350.0
6676,5000007942,1000005930,20250413,2,2,15000.0,0.0,30000.0
6677,5000007943,1000005930,20250413,1,2,12000.0,480.0,23520.0
6678,5000007944,1000005931,20240501,2,1,15000.0,300.0,14700.0
6679,5000007945,1000005932,20250519,1,2,12000.0,2400.0,21600.0
6680,5000007946,1000005932,20250519,2,1,15000.0,300.0,14700.0
6681,5000007947,1000005933,20250125,1,3,12600.0,3780.0,34020.0
6682,5000007948,1000005933,20250125,1,3,12000.0,3600.0,32400.0
6683,5000007949,1000005934,20250527,1,2,10800.0,432.0,21168.0
6684,5000007950,1000005935,20250826,1,2,12000.0,2400.0,21600.0
6685,5000007951,1000005936,20241014,2,2,13500.0,2700.0,24300.0
6686,5000007952,1000005936,20241014,1,2,12000.0,0.0,24000.0
6687,5000007954,1000005938,20250329,1,1,12000.0,0.0,12000.0
6688,5000007955,1000005939,20250216,1,3,12000.0,0.0,36000.0
6689,5000007956,1000005939,20250216,1,3,12000.0,0.0,36000.0
6690,5000007957,1000005940,20241013,1,3,10800.0,0.0,32400.0
6691,5000007958,1000005941,20241123,2,2,15000.0,0.0,30000.0
6692,5000007959,1000005942,20250923,2,2,15000.0,1500.0,28500.0
6693,5000007960,1000005943,20240918,1,1,12000.0,0.0,12000.0
6694,5000007961,1000005943,20240918,2,2,16500.0,1650.0,31350.0
6695,5000007962,1000005944,20240224,1,2,12600.0,0.0,25200.0
6696,5000007963,1000005945,20240202,2,2,15000.0,3000.0,27000.0
6697,5000007964,1000005945,20240202,2,2,15750.0,3150.0,28350.0
6698,5000007965,1000005946,20240218,2,2,13500.0,1350.0,25650.0
6699,5000007966,1000005947,20250413,1,2,12600.0,504.0,24696.0
6700,5000007967,1000005948,20241006,2,1,15000.0,300.0,14700.0
6701,5000007968,1000005949,20250827,2,2,15000.0,3000.0,27000.0
6702,5000007969,1000005950,20241215,1,1,12600.0,252.0,12348.0
6703,5000007970,1000005950,20241215,2,1,13500.0,675.0,12825.0
6704,5000007972,1000005952,20250709,1,2,12000.0,1200.0,22800.0
6705,5000007973,1000005953,20250126,2,1,15000.0,1500.0,13500.0
6706,5000007974,1000005954,20250403,1,2,12000.0,480.0,23520.0
6707,5000007975,1000005955,20240125,1,1,10800.0,216.0,10584.0
6708,5000007976,1000005956,20240807,2,3,13500.0,4050.0,36450.0
6709,5000007979,1000005958,20240805,1,2,10800.0,432.0,21168.0
6710,5000007982,1000005960,20250125,2,2,15000.0,600.0,29400.0
6711,5000007983,1000005961,20250906,1,3,12000.0,0.0,36000.0
6712,5000007984,1000005962,20240129,1,3,12600.0,1890.0,35910.0
6713,5000007985,1000005962,20240129,2,2,15750.0,0.0,31500.0
6714,5000007986,1000005963,20240914,2,1,15000.0,300.0,14700.0
6715,5000007987,1000005963,20240914,1,3,12600.0,1890.0,35910.0
6716,5000007988,1000005964,20240118,1,2,10800.0,1080.0,20520.0
6717,5000007989,1000005965,20241204,2,1,13500.0,1350.0,12150.0
6718,5000007990,1000005965,20241204,2,3,15000.0,0.0,45000.0
6719,5000007991,1000005966,20250527,1,2,12000.0,0.0,24000.0
6720,5000007992,1000005967,20250812,1,3,13200.0,3960.0,35640.0
6721,5000007993,1000005967,20250812,1,2,10800.0,0.0,21600.0
6722,5000007994,1000005968,20250318,1,2,12000.0,0.0,24000.0
6723,5000007995,1000005969,20250920,1,1,12000.0,0.0,12000.0
6724,5000007996,1000005970,20250805,1,3,12000.0,3600.0,32400.0
6725,5000007997,1000005971,20250604,1,3,10800.0,0.0,32400.0
6726,5000007998,1000005972,20240715,1,2,12000.0,2400.0,21600.0
6727,5000007999,1000005973,20241204,2,1,15000.0,0.0,15000.0
6728,5000008000,1000005974,20240823,1,1,10800.0,1080.0,9720.0
6729,5000008001,1000005975,20241023,1,2,12000.0,480.0,23520.0
6730,5000008002,1000005976,20250605,2,3,15750.0,0.0,47250.0
6731,5000008003,1000005977,20241219,1,3,12000.0,720.0,35280.0
6732,5000008004,1000005978,20250422,2,1,15000.0,300.0,14700.0
6733,5000008005,1000005978,20250422,1,3,12600.0,3780.0,34020.0
6734,5000008006,1000005979,20240506,2,2,15000.0,3000.0,27000.0
6735,5000008007,1000005980,20241024,1,3,10800.0,3240.0,29160.0
6736,5000008008,1000005981,20250601,1,2,10800.0,1080.0,20520.0
6737,5000008009,1000005982,20240206,2,1,15000.0,300.0,14700.0
6738,5000008010,1000005983,20241212,1,3,12000.0,1800.0,34200.0
6739,5000008011,1000005984,20250512,2,3,13500.0,810.0,39690.0
6740,5000008013,1000005986,20240218,1,3,12000.0,720.0,35280.0
6741,5000008014,1000005986,20240218,2,1,15000.0,750.0,14250.0
6742,5000008015,1000005987,20250614,1,2,12000.0,2400.0,21600.0
6743,5000008016,1000005987,20250614,2,2,15750.0,0.0,31500.0
6744,5000008017,1000005987,20250614,2,3,13500.0,810.0,39690.0
6745,5000008020,1000005989,20250302,1,1,12600.0,1260.0,11340.0
6746,5000008021,1000005990,20240811,2,1,15000.0,750.0,14250.0
6747,5000008022,1000005991,20250207,2,2,15750.0,630.0,30870.0
6748,5000008023,1000005992,20250131,2,1,16500.0,330.0,16170.0
6749,5000008025,1000005994,20240921,1,1,12000.0,1200.0,10800.0
6750,5000008026,1000005995,20250925,2,2,15000.0,1500.0,28500.0
6751,5000008027,1000005996,20240212,2,2,15000.0,0.0,30000.0
6752,5000008028,1000005996,20240212,2,3,15000.0,4500.0,40500.0
6753,5000008030,1000005998,20240509,1,3,12000.0,1800.0,34200.0
6754,5000008031,1000005998,20240509,2,3,15000.0,4500.0,40500.0
6755,5000008032,1000005998,20240509,2,2,15000.0,3000.0,27000.0
6756,5000008033,1000005999,20241229,2,3,15750.0,2362.5,44887.5
6757,5000008034,1000006000,20240126,2,1,15000.0,300.0,14700.0
6758,5000008035,1000006000,20240126,2,3,16500.0,990.0,48510.0
6759,5000008036,1000006000,20240126,1,2,12000.0,480.0,23520.0
6760,5000008038,1000006002,20240719,1,3,12000.0,0.0,36000.0
6761,5000008039,1000006003,20240930,1,2,10800.0,2160.0,19440.0
6762,5000008040,1000006004,20240726,1,1,10800.0,540.0,10260.0
6763,5000008041,1000006005,20240204,1,2,12000.0,480.0,23520.0
6764,5000008042,1000006006,20240302,2,2,15000.0,600.0,29400.0
6765,5000008043,1000006006,20240302,1,3,12600.0,3780.0,34020.0
6766,5000008044,1000006007,20250304,1,2,12000.0,0.0,24000.0
6767,5000008045,1000006007,20250304,1,2,10800.0,432.0,21168.0
6768,5000008046,1000006008,20241210,2,1,15000.0,1500.0,13500.0
6769,5000008047,1000006008,20241210,1,1,12000.0,240.0,11760.0
6770,5000008048,1000006009,20250322,2,2,15750.0,3150.0,28350.0
6771,5000008049,1000006010,20241227,1,3,12000.0,0.0,36000.0
6772,5000008050,1000006011,20240609,2,1,15000.0,1500.0,13500.0
6773,5000008051,1000006011,20240609,1,1,12000.0,0.0,12000.0
6774,5000008053,1000006013,20241113,2,2,15000.0,600.0,29400.0
6775,5000008054,1000006013,20241113,1,1,12000.0,1200.0,10800.0
6776,5000008055,1000006013,20241113,1,3,12000.0,720.0,35280.0
6777,5000008056,1000006014,20241026,1,2,12000.0,1200.0,22800.0
6778,5000008057,1000006015,20240727,1,2,12000.0,480.0,23520.0
6779,5000008058,1000006015,20240727,1,1,13200.0,0.0,13200.0
6780,5000008059,1000006015,20240727,2,1,15000.0,1500.0,13500.0
6781,5000008060,1000006016,20250601,1,2,10800.0,0.0,21600.0
6782,5000008061,1000006017,20241211,2,3,15000.0,0.0,45000.0
6783,5000008062,1000006018,20250407,1,3,12000.0,720.0,35280.0
6784,5000008063,1000006018,20250407,1,1,13200.0,660.0,12540.0
6785,5000008064,1000006019,20240306,1,2,10800.0,432.0,21168.0
6786,5000008066,1000006021,20250826,2,2,16500.0,3300.0,29700.0
6787,5000008067,1000006022,20240813,1,1,10800.0,1080.0,9720.0
6788,5000008068,1000006023,20250131,1,3,12000.0,1800.0,34200.0
6789,5000008069,1000006024,20250319,1,3,12600.0,3780.0,34020.0
6790,5000008070,1000006025,20250609,2,2,15000.0,1500.0,28500.0
6791,5000008071,1000006026,20240816,2,1,13500.0,270.0,13230.0
6792,5000008073,1000006028,20250301,1,3,12000.0,3600.0,32400.0
6793,5000008074,1000006028,20250301,1,3,12000.0,720.0,35280.0
6794,5000008075,1000006029,20240611,1,1,10800.0,0.0,10800.0
6795,5000008076,1000006030,20241122,2,1,16500.0,0.0,16500.0
6796,5000008077,1000006031,20250106,2,2,16500.0,0.0,33000.0
6797,5000008078,1000006031,20250106,2,1,15750.0,315.0,15435.0
6798,5000008081,1000006033,20241106,1,2,10800.0,1080.0,20520.0
6799,5000008082,1000006034,20250308,1,2,12000.0,0.0,24000.0
6800,5000008083,1000006035,20240525,2,2,15750.0,1575.0,29925.0
6801,5000008086,1000006037,20250903,2,2,15000.0,0.0,30000.0
6802,5000008087,1000006038,20250210,1,3,12000.0,720.0,35280.0
6803,5000008088,1000006039,20240127,1,2,10800.0,0.0,21600.0
6804,5000008089,1000006040,20240406,2,3,15000.0,4500.0,40500.0
6805,5000008091,1000006042,20250726,2,3,15000.0,4500.0,40500.0
6806,5000008092,1000006042,20250726,1,2,12000.0,480.0,23520.0
6807,5000008093,1000006043,20241028,1,1,12600.0,1260.0,11340.0
6808,5000008094,1000006044,20240115,2,2,15750.0,630.0,30870.0
6809,5000008095,1000006044,20240115,1,2,12000.0,2400.0,21600.0
6810,5000008096,1000006045,20250515,2,3,15750.0,945.0,46305.0
6811,5000008097,1000006045,20250515,1,2,12000.0,2400.0,21600.0
6812,5000008098,1000006046,20240812,1,3,12000.0,0.0,36000.0
6813,5000008099,1000006047,20240331,2,3,15000.0,900.0,44100.0
6814,5000008100,1000006048,20241209,2,2,16500.0,3300.0,29700.0
6815,5000008101,1000006048,20241209,1,3,10800.0,0.0,32400.0
6816,5000008102,1000006049,20240808,1,1,12000.0,240.0,11760.0
6817,5000008103,1000006050,20240402,1,1,10800.0,0.0,10800.0
6818,5000008104,1000006051,20240218,1,2,13200.0,2640.0,23760.0
6819,5000008105,1000006051,20240218,2,2,15000.0,600.0,29400.0
6820,5000008108,1000006053,20250827,1,2,12000.0,2400.0,21600.0
6821,5000008109,1000006054,20250818,2,2,15750.0,1575.0,29925.0
6822,5000008110,1000006055,20250919,2,1,15000.0,0.0,15000.0
6823,5000008111,1000006055,20250919,1,2,12600.0,0.0,25200.0
6824,5000008112,1000006056,20250911,2,2,15000.0,0.0,30000.0
6825,5000008113,1000006057,20250721,1,2,12000.0,2400.0,21600.0
6826,5000008114,1000006057,20250721,1,3,13200.0,0.0,39600.0
6827,5000008115,1000006058,20240911,1,1,12000.0,240.0,11760.0
6828,5000008116,1000006059,20241222,2,2,15000.0,1500.0,28500.0
6829,5000008117,1000006060,20250303,2,3,13500.0,810.0,39690.0
6830,5000008118,1000006061,20240318,1,3,13200.0,1980.0,37620.0
6831,5000008119,1000006061,20240318,2,2,15000.0,3000.0,27000.0
6832,5000008120,1000006061,20240318,2,2,15000.0,600.0,29400.0
6833,5000008121,1000006062,20240102,1,1,10800.0,1080.0,9720.0
6834,5000008122,1000006063,20240131,1,2,10800.0,2160.0,19440.0
6835,5000008123,1000006063,20240131,1,2,12000.0,1200.0,22800.0
6836,5000008124,1000006064,20250918,1,2,12000.0,2400.0,21600.0
6837,5000008125,1000006065,20240711,1,2,12000.0,0.0,24000.0
6838,5000008126,1000006065,20240711,1,3,12000.0,3600.0,32400.0
6839,5000008128,1000006067,20241012,1,3,12000.0,0.0,36000.0
6840,5000008129,1000006067,20241012,2,2,13500.0,1350.0,25650.0
6841,5000008130,1000006068,20240624,1,3,12000.0,3600.0,32400.0
6842,5000008131,1000006069,20250406,2,1,13500.0,1350.0,12150.0
6843,5000008132,1000006070,20250508,1,3,12000.0,0.0,36000.0
6844,5000008133,1000006071,20241014,2,1,13500.0,0.0,13500.0
6845,5000008134,1000006071,20241014,1,3,12000.0,720.0,35280.0
6846,5000008135,1000006072,20250811,1,2,13200.0,528.0,25872.0
6847,5000008136,1000006073,20250601,1,1,12000.0,240.0,11760.0
6848,5000008137,1000006073,20250601,2,2,15000.0,600.0,29400.0
6849,5000008138,1000006073,20250601,2,2,15000.0,1500.0,28500.0
6850,5000008139,1000006074,20241230,1,1,10800.0,540.0,10260.0
6851,5000008140,1000006074,20241230,2,2,15000.0,0.0,30000.0
6852,5000008141,1000006075,20241220,2,3,16500.0,2475.0,47025.0
6853,5000008145,1000006078,20250117,2,2,15000.0,600.0,29400.0
6854,5000008146,1000006078,20250117,1,3,10800.0,3240.0,29160.0
6855,5000008149,1000006080,20250619,2,1,15000.0,0.0,15000.0
6856,5000008150,1000006080,20250619,1,2,12600.0,1260.0,23940.0
6857,5000008151,1000006081,20241221,2,1,15750.0,1575.0,14175.0
6858,5000008152,1000006082,20240126,2,3,16500.0,990.0,48510.0
6859,5000008153,1000006083,20240617,1,3,12000.0,3600.0,32400.0
6860,5000008154,1000006084,20240305,1,2,12000.0,1200.0,22800.0
6861,5000008155,1000006085,20241221,1,2,12600.0,0.0,25200.0
6862,5000008156,1000006086,20250328,1,2,10800.0,1080.0,20520.0
6863,5000008157,1000006087,20240502,2,2,15000.0,0.0,30000.0
6864,5000008158,1000006087,20240502,2,3,13500.0,810.0,39690.0
6865,5000008160,1000006089,20250928,1,2,12600.0,2520.0,22680.0
6866,5000008161,1000006090,20250116,2,2,15000.0,600.0,29400.0
6867,5000008162,1000006090,20250116,2,2,15000.0,3000.0,27000.0
6868,5000008163,1000006091,20241128,1,1,13200.0,264.0,12936.0
6869,5000008164,1000006091,20241128,2,1,15000.0,300.0,14700.0
6870,5000008165,1000006091,20241128,1,3,12000.0,720.0,35280.0
6871,5000008166,1000006092,20240421,1,3,12000.0,3600.0,32400.0
6872,5000008167,1000006093,20250519,1,3,12000.0,720.0,35280.0
6873,5000008168,1000006094,20250630,2,3,15750.0,2362.5,44887.5
6874,5000008169,1000006095,20250406,1,1,12000.0,240.0,11760.0
6875,5000008170,1000006096,20250714,2,1,13500.0,0.0,13500.0
6876,5000008171,1000006097,20250812,1,3,12600.0,0.0,37800.0
6877,5000008172,1000006098,20240801,1,1,12000.0,0.0,12000.0
6878,5000008173,1000006099,20250324,2,3,15000.0,900.0,44100.0
6879,5000008174,1000006100,20240702,1,3,12000.0,720.0,35280.0
6880,5000008175,1000006101,20240416,1,3,12000.0,720.0,35280.0
6881,5000008176,1000006101,20240416,2,2,15000.0,600.0,29400.0
6882,5000008177,1000006102,20240403,2,3,15000.0,2250.0,42750.0
6883,5000008178,1000006103,20240619,2,2,13500.0,2700.0,24300.0
6884,5000008179,1000006104,20250915,1,3,12000.0,3600.0,32400.0
6885,5000008180,1000006104,20250915,2,3,13500.0,2025.0,38475.0
6886,5000008181,1000006105,20250819,1,1,12000.0,600.0,11400.0
6887,5000008182,1000006106,20250924,2,1,15750.0,0.0,15750.0
6888,5000008183,1000006107,20240926,2,3,15750.0,945.0,46305.0
6889,5000008184,1000006108,20240607,1,2,12000.0,1200.0,22800.0
6890,5000008185,1000006109,20250521,1,3,12000.0,720.0,35280.0
6891,5000008187,1000006111,20240118,1,3,12000.0,720.0,35280.0
6892,5000008188,1000006112,20250529,1,1,10800.0,540.0,10260.0
6893,5000008189,1000006112,20250529,1,2,12000.0,0.0,24000.0
6894,5000008190,1000006113,20240903,2,2,15000.0,3000.0,27000.0
6895,5000008191,1000006114,20241119,2,2,15000.0,600.0,29400.0
6896,5000008192,1000006115,20250916,2,1,15750.0,787.5,14962.5
6897,5000008193,1000006116,20240902,2,1,15000.0,1500.0,13500.0
6898,5000008194,1000006117,20240703,2,2,15000.0,0.0,30000.0
6899,5000008195,1000006117,20240703,1,1,13200.0,1320.0,11880.0
6900,5000008198,1000006120,20250316,2,2,15750.0,3150.0,28350.0
6901,5000008199,1000006121,20240313,2,3,15750.0,0.0,47250.0
6902,5000008200,1000006122,20240725,1,2,12000.0,0.0,24000.0
6903,5000008201,1000006123,20241213,1,3,12600.0,3780.0,34020.0
6904,5000008202,1000006123,20241213,1,3,10800.0,1620.0,30780.0
6905,5000008203,1000006124,20250207,2,1,15000.0,0.0,15000.0
6906,5000008204,1000006125,20241129,2,1,15750.0,315.0,15435.0
6907,5000008205,1000006125,20241129,2,1,15750.0,0.0,15750.0
6908,5000008206,1000006126,20241118,2,1,15000.0,300.0,14700.0
6909,5000008207,1000006127,20241024,2,3,15000.0,4500.0,40500.0
6910,5000008210,1000006129,20241022,1,1,12000.0,1200.0,10800.0
6911,5000008211,1000006129,20241022,2,3,15000.0,0.0,45000.0
6912,5000008212,1000006130,20240924,1,1,12600.0,0.0,12600.0
6913,5000008214,1000006132,20250323,2,1,15000.0,300.0,14700.0
6914,5000008215,1000006132,20250323,2,1,15000.0,0.0,15000.0
6915,5000008216,1000006133,20240519,1,2,12000.0,0.0,24000.0
6916,5000008220,1000006137,20240805,2,2,15000.0,1500.0,28500.0
6917,5000008221,1000006138,20250418,1,1,12000.0,240.0,11760.0
6918,5000008222,1000006139,20240628,1,1,12600.0,0.0,12600.0
6919,5000008223,1000006139,20240628,2,2,16500.0,1650.0,31350.0
6920,5000008224,1000006140,20240305,1,3,12000.0,1800.0,34200.0
6921,5000008225,1000006140,20240305,1,1,13200.0,0.0,13200.0
6922,5000008226,1000006141,20250417,1,2,12000.0,480.0,23520.0
6923,5000008227,1000006142,20240703,2,3,15000.0,900.0,44100.0
6924,5000008230,1000006144,20250206,1,3,12000.0,1800.0,34200.0
6925,5000008231,1000006145,20250804,2,1,15000.0,1500.0,13500.0
6926,5000008232,1000006145,20250804,2,3,15000.0,2250.0,42750.0
6927,5000008233,1000006145,20250804,1,3,12000.0,1800.0,34200.0
6928,5000008235,1000006147,20240509,1,1,10800.0,0.0,10800.0
6929,5000008236,1000006147,20240509,2,3,15000.0,900.0,44100.0
6930,5000008237,1000006148,20250411,2,1,15000.0,300.0,14700.0
6931,5000008238,1000006148,20250411,2,3,16500.0,0.0,49500.0
6932,5000008239,1000006149,20250823,1,3,12000.0,1800.0,34200.0
6933,5000008240,1000006150,20240114,2,3,15000.0,2250.0,42750.0
6934,5000008246,1000006153,20240814,2,3,15000.0,4500.0,40500.0
6935,5000008247,1000006154,20240225,1,1,12000.0,0.0,12000.0
6936,5000008248,1000006155,20240927,2,2,15000.0,1500.0,28500.0
6937,5000008249,1000006155,20240927,1,1,10800.0,216.0,10584.0
6938,5000008250,1000006156,20250407,2,3,15000.0,0.0,45000.0
6939,5000008251,1000006156,20250407,1,3,12000.0,1800.0,34200.0
6940,5000008252,1000006157,20240408,1,2,12000.0,1200.0,22800.0
6941,5000008253,1000006157,20240408,1,2,12000.0,2400.0,21600.0
6942,5000008254,1000006158,20240504,1,1,12000.0,0.0,12000.0
6943,5000008255,1000006158,20240504,1,1,12600.0,252.0,12348.0
6944,5000008256,1000006159,20240818,1,2,12000.0,2400.0,21600.0
6945,5000008257,1000006159,20240818,2,2,15000.0,0.0,30000.0
6946,5000008258,1000006159,20240818,1,1,12000.0,600.0,11400.0
6947,5000008259,1000006160,20250530,1,2,13200.0,0.0,26400.0
6948,5000008260,1000006161,20240208,1,2,12000.0,1200.0,22800.0
6949,5000008261,1000006162,20240922,1,3,12000.0,3600.0,32400.0
6950,5000008262,1000006163,20250616,1,3,12000.0,720.0,35280.0
6951,5000008263,1000006164,20250410,1,1,12600.0,630.0,11970.0
6952,5000008264,1000006165,20250930,2,3,15000.0,0.0,45000.0
6953,5000008265,1000006165,20250930,1,1,12000.0,240.0,11760.0
6954,5000008266,1000006165,20250930,2,3,16500.0,4950.0,44550.0
6955,5000008267,1000006166,20240818,2,3,15750.0,0.0,47250.0
6956,5000008268,1000006167,20240412,1,2,12000.0,2400.0,21600.0
6957,5000008269,1000006168,20240317,1,3,13200.0,0.0,39600.0
6958,5000008270,1000006169,20240925,2,2,13500.0,0.0,27000.0
6959,5000008271,1000006170,20250516,2,2,13500.0,1350.0,25650.0
6960,5000008272,1000006171,20240703,2,1,15000.0,750.0,14250.0
6961,5000008273,1000006172,20240302,2,2,16500.0,3300.0,29700.0
6962,5000008275,1000006174,20240513,1,3,12000.0,0.0,36000.0
6963,5000008276,1000006175,20250317,2,1,13500.0,270.0,13230.0
6964,5000008277,1000006176,20240701,1,2,12000.0,2400.0,21600.0
6965,5000008278,1000006177,20250421,1,1,12600.0,0.0,12600.0
6966,5000008279,1000006178,20250610,2,3,15000.0,0.0,45000.0
6967,5000008280,1000006179,20240904,2,3,15000.0,2250.0,42750.0
6968,5000008281,1000006180,20240909,1,3,10800.0,648.0,31752.0
6969,5000008282,1000006180,20240909,1,3,12000.0,3600.0,32400.0
6970,5000008283,1000006181,20240303,2,1,15000.0,750.0,14250.0
6971,5000008284,1000006181,20240303,1,3,10800.0,0.0,32400.0
6972,5000008285,1000006182,20250921,1,3,13200.0,0.0,39600.0
6973,5000008286,1000006183,20250618,2,2,16500.0,0.0,33000.0
6974,5000008287,1000006183,20250618,1,1,12600.0,0.0,12600.0
6975,5000008288,1000006184,20240308,1,2,12000.0,2400.0,21600.0
6976,5000008289,1000006184,20240308,2,3,15000.0,2250.0,42750.0
6977,5000008290,1000006184,20240308,2,1,15000.0,300.0,14700.0
6978,5000008291,1000006185,20250924,1,3,10800.0,648.0,31752.0
6979,5000008292,1000006185,20250924,1,2,12000.0,480.0,23520.0
6980,5000008294,1000006187,20240323,2,2,15750.0,3150.0,28350.0
6981,5000008295,1000006187,20240323,1,3,12000.0,0.0,36000.0
6982,5000008296,1000006188,20240825,1,3,10800.0,1620.0,30780.0
6983,5000008297,1000006188,20240825,1,1,12000.0,0.0,12000.0
6984,5000008298,1000006189,20240202,1,1,12600.0,630.0,11970.0
6985,5000008299,1000006189,20240202,2,3,15000.0,900.0,44100.0
6986,5000008300,1000006190,20250627,1,2,12000.0,1200.0,22800.0
6987,5000008301,1000006191,20250315,1,2,12000.0,1200.0,22800.0
6988,5000008302,1000006192,20240620,2,2,16500.0,3300.0,29700.0
6989,5000008303,1000006193,20241228,1,3,12000.0,0.0,36000.0
6990,5000008306,1000006195,20240111,1,3,10800.0,648.0,31752.0
6991,5000008307,1000006196,20240103,2,2,16500.0,0.0,33000.0
6992,5000008308,1000006197,20241017,1,3,12000.0,3600.0,32400.0
6993,5000008313,1000006201,20241122,1,3,12000.0,3600.0,32400.0
6994,5000008314,1000006202,20250828,1,3,10800.0,648.0,31752.0
6995,5000008315,1000006203,20250301,2,2,15000.0,3000.0,27000.0
6996,5000008316,1000006204,20240226,1,3,12000.0,1800.0,34200.0
6997,5000008317,1000006205,20250208,1,2,12000.0,480.0,23520.0
6998,5000008318,1000006206,20250702,1,3,13200.0,3960.0,35640.0
6999,5000008321,1000006208,20240913,2,1,15000.0,0.0,15000.0
7000,5000008322,1000006208,20240913,2,1,16500.0,330.0,16170.0
7001,5000008324,1000006210,20240213,2,2,15750.0,630.0,30870.0
7002,5000008325,1000006211,20250824,1,1,12600.0,252.0,12348.0
7003,5000008326,1000006212,20240503,1,2,12000.0,2400.0,21600.0
7004,5000008327,1000006213,20240507,2,3,15750.0,945.0,46305.0
7005,5000008328,1000006213,20240507,1,1,12000.0,0.0,12000.0
7006,5000008329,1000006214,20240416,2,2,15000.0,0.0,30000.0
7007,5000008330,1000006214,20240416,1,1,12000.0,240.0,11760.0
7008,5000008332,1000006216,20241203,1,2,12000.0,1200.0,22800.0
7009,5000008333,1000006217,20250924,2,2,15000.0,1500.0,28500.0
7010,5000008334,1000006217,20250924,2,1,15750.0,1575.0,14175.0
7011,5000008336,1000006219,20250403,1,2,12000.0,0.0,24000.0
7012,5000008337,1000006219,20250403,1,2,12000.0,2400.0,21600.0
7013,5000008338,1000006219,20250403,1,3,12000.0,3600.0,32400.0
7014,5000008340,1000006221,20240315,1,2,12000.0,0.0,24000.0
7015,5000008341,1000006221,20240315,1,3,12000.0,720.0,35280.0
7016,5000008342,1000006221,20240315,2,3,15750.0,0.0,47250.0
7017,5000008343,1000006222,20250328,1,1,12600.0,630.0,11970.0
7018,5000008344,1000006223,20240405,1,1,12000.0,600.0,11400.0
7019,5000008345,1000006224,20250404,2,1,15000.0,1500.0,13500.0
7020,5000008346,1000006225,20240217,1,3,12000.0,3600.0,32400.0
7021,5000008347,1000006226,20240115,1,2,12000.0,480.0,23520.0
7022,5000008348,1000006227,20250529,1,3,12600.0,0.0,37800.0
7023,5000008349,1000006228,20250403,1,1,12600.0,0.0,12600.0
7024,5000008350,1000006229,20240604,1,1,12000.0,240.0,11760.0
7025,5000008351,1000006229,20240604,1,2,12000.0,0.0,24000.0
7026,5000008353,1000006231,20240329,1,3,12600.0,1890.0,35910.0
7027,5000008354,1000006231,20240329,1,1,12000.0,240.0,11760.0
7028,5000008355,1000006232,20250527,2,2,15000.0,1500.0,28500.0
7029,5000008358,1000006234,20240102,1,2,12000.0,480.0,23520.0
7030,5000008362,1000006236,20240515,1,1,12000.0,1200.0,10800.0
7031,5000008363,1000006236,20240515,1,3,12000.0,3600.0,32400.0
7032,5000008365,1000006238,20250531,2,2,15000.0,3000.0,27000.0
7033,5000008366,1000006239,20240704,2,2,13500.0,0.0,27000.0
7034,5000008367,1000006239,20240704,1,3,10800.0,0.0,32400.0
7035,5000008368,1000006239,20240704,1,1,12000.0,1200.0,10800.0
7036,5000008369,1000006240,20240421,1,1,12000.0,600.0,11400.0
7037,5000008370,1000006241,20241017,1,2,12000.0,480.0,23520.0
7038,5000008371,1000006241,20241017,2,1,15000.0,0.0,15000.0
7039,5000008372,1000006242,20250101,1,2,12000.0,2400.0,21600.0
7040,5000008373,1000006243,20250529,1,1,10800.0,540.0,10260.0
7041,5000008374,1000006244,20240228,1,2,10800.0,1080.0,20520.0
7042,5000008375,1000006245,20241119,1,1,12000.0,240.0,11760.0
7043,5000008376,1000006246,20240516,2,1,15750.0,787.5,14962.5
7044,5000008377,1000006247,20240413,2,2,15750.0,0.0,31500.0
7045,5000008378,1000006248,20250510,2,1,15000.0,750.0,14250.0
7046,5000008379,1000006249,20240328,1,2,12600.0,2520.0,22680.0
7047,5000008380,1000006250,20240604,1,3,10800.0,0.0,32400.0
7048,5000008381,1000006250,20240604,1,3,12600.0,3780.0,34020.0
7049,5000008382,1000006251,20250806,1,3,12000.0,0.0,36000.0
7050,5000008383,1000006251,20250806,1,2,12000.0,480.0,23520.0
7051,5000008384,1000006252,20240421,1,2,10800.0,432.0,21168.0
7052,5000008385,1000006252,20240421,2,2,13500.0,540.0,26460.0
7053,5000008386,1000006253,20250525,2,2,13500.0,1350.0,25650.0
7054,5000008387,1000006254,20240904,1,2,12000.0,2400.0,21600.0
7055,5000008388,1000006254,20240904,2,1,15000.0,750.0,14250.0
7056,5000008389,1000006255,20250612,2,2,13500.0,1350.0,25650.0
7057,5000008390,1000006256,20250425,2,1,15000.0,300.0,14700.0
7058,5000008391,1000006257,20240910,1,2,12000.0,0.0,24000.0
7059,5000008392,1000006258,20240417,2,3,15750.0,2362.5,44887.5
7060,5000008393,1000006259,20250208,1,1,10800.0,540.0,10260.0
7061,5000008394,1000006260,20240122,1,2,12000.0,2400.0,21600.0
7062,5000008395,1000006260,20240122,2,1,13500.0,1350.0,12150.0
7063,5000008396,1000006261,20250706,1,3,10800.0,1620.0,30780.0
7064,5000008397,1000006261,20250706,2,2,15000.0,0.0,30000.0
7065,5000008398,1000006262,20240515,2,3,15000.0,4500.0,40500.0
7066,5000008399,1000006263,20250729,2,2,15000.0,600.0,29400.0
7067,5000008400,1000006263,20250729,2,2,15000.0,1500.0,28500.0
7068,5000008401,1000006263,20250729,1,1,12000.0,600.0,11400.0
7069,5000008403,1000006265,20250505,1,2,12000.0,2400.0,21600.0
7070,5000008404,1000006266,20241020,1,3,12600.0,3780.0,34020.0
7071,5000008405,1000006267,20250115,1,1,12000.0,600.0,11400.0
7072,5000008406,1000006267,20250115,2,3,15750.0,4725.0,42525.0
7073,5000008408,1000006269,20250123,2,3,15000.0,4500.0,40500.0
7074,5000008409,1000006269,20250123,2,2,15000.0,600.0,29400.0
7075,5000008410,1000006270,20241104,2,1,15000.0,300.0,14700.0
7076,5000008411,1000006271,20250427,1,2,12000.0,0.0,24000.0
7077,5000008412,1000006271,20250427,2,2,16500.0,0.0,33000.0
7078,5000008413,1000006272,20240413,2,1,15000.0,300.0,14700.0
7079,5000008414,1000006273,20250819,2,1,15750.0,0.0,15750.0
7080,5000008415,1000006274,20250116,2,3,16500.0,990.0,48510.0
7081,5000008417,1000006276,20250303,1,2,12000.0,2400.0,21600.0
7082,5000008418,1000006277,20241128,1,2,10800.0,1080.0,20520.0
7083,5000008419,1000006278,20250731,2,2,15000.0,1500.0,28500.0
7084,5000008420,1000006279,20250116,2,3,15000.0,4500.0,40500.0
7085,5000008421,1000006280,20240218,1,1,12000.0,600.0,11400.0
7086,5000008422,1000006281,20250928,2,3,13500.0,0.0,40500.0
7087,5000008423,1000006281,20250928,2,1,15000.0,300.0,14700.0
7088,5000008424,1000006281,20250928,1,1,12000.0,240.0,11760.0
7089,5000008425,1000006282,20250222,2,2,15000.0,600.0,29400.0
7090,5000008426,1000006283,20241109,1,1,12000.0,0.0,12000.0
7091,5000008427,1000006283,20241109,1,1,12000.0,240.0,11760.0
7092,5000008428,1000006284,20250510,1,2,12000.0,0.0,24000.0
7093,5000008430,1000006286,20250515,1,2,12000.0,2400.0,21600.0
7094,5000008431,1000006287,20240215,2,1,15000.0,1500.0,13500.0
7095,5000008432,1000006288,20240116,1,1,13200.0,660.0,12540.0
7096,5000008433,1000006288,20240116,2,2,15000.0,1500.0,28500.0
7097,5000008434,1000006288,20240116,2,1,15000.0,1500.0,13500.0
7098,5000008435,1000006289,20240130,1,2,12000.0,2400.0,21600.0
7099,5000008436,1000006290,20240621,1,1,13200.0,264.0,12936.0
7100,5000008438,1000006292,20241203,1,3,12000.0,1800.0,34200.0
7101,5000008439,1000006293,20240205,2,1,15000.0,300.0,14700.0
7102,5000008440,1000006294,20240921,1,2,10800.0,2160.0,19440.0
7103,5000008441,1000006294,20240921,1,3,12000.0,1800.0,34200.0
7104,5000008442,1000006295,20240509,1,3,12600.0,1890.0,35910.0
7105,5000008444,1000006297,20250226,2,1,15000.0,0.0,15000.0
7106,5000008446,1000006299,20250522,1,3,13200.0,0.0,39600.0
7107,5000008447,1000006300,20240312,1,3,12600.0,3780.0,34020.0
7108,5000008448,1000006301,20241223,2,3,15000.0,0.0,45000.0
7109,5000008449,1000006302,20241008,2,2,15000.0,1500.0,28500.0
7110,5000008453,1000006304,20250426,1,3,10800.0,3240.0,29160.0
7111,5000008454,1000006304,20250426,1,3,12000.0,3600.0,32400.0
7112,5000008455,1000006305,20250420,1,2,12600.0,1260.0,23940.0
7113,5000008456,1000006306,20241111,1,2,12600.0,1260.0,23940.0
7114,5000008457,1000006307,20240715,1,3,13200.0,0.0,39600.0
7115,5000008458,1000006308,20240131,2,3,15000.0,2250.0,42750.0
7116,5000008459,1000006309,20250410,1,1,10800.0,0.0,10800.0
7117,5000008460,1000006310,20241026,1,1,12000.0,240.0,11760.0
7118,5000008461,1000006311,20240328,2,3,16500.0,4950.0,44550.0
7119,5000008462,1000006312,20250206,1,2,12000.0,2400.0,21600.0
7120,5000008463,1000006312,20250206,1,2,10800.0,2160.0,19440.0
7121,5000008464,1000006313,20250131,1,2,13200.0,1320.0,25080.0
7122,5000008465,1000006314,20240308,2,3,15000.0,4500.0,40500.0
7123,5000008466,1000006314,20240308,1,3,13200.0,792.0,38808.0
7124,5000008467,1000006315,20240609,2,1,15000.0,1500.0,13500.0
7125,5000008468,1000006316,20240305,2,1,15000.0,750.0,14250.0
7126,5000008469,1000006317,20240928,1,1,12600.0,0.0,12600.0
7127,5000008470,1000006318,20241205,2,1,13500.0,0.0,13500.0
7128,5000008471,1000006318,20241205,1,2,12000.0,1200.0,22800.0
7129,5000008473,1000006320,20250221,2,2,15000.0,600.0,29400.0
7130,5000008474,1000006320,20250221,1,3,12600.0,0.0,37800.0
7131,5000008475,1000006321,20241118,1,3,12000.0,1800.0,34200.0
7132,5000008476,1000006321,20241118,2,1,13500.0,0.0,13500.0
7133,5000008477,1000006322,20241212,1,2,13200.0,528.0,25872.0
7134,5000008479,1000006324,20250421,1,1,12600.0,1260.0,11340.0
7135,5000008480,1000006325,20240620,1,1,12000.0,1200.0,10800.0
7136,5000008481,1000006326,20250525,1,3,12000.0,3600.0,32400.0
7137,5000008482,1000006326,20250525,1,1,12000.0,240.0,11760.0
7138,5000008483,1000006326,20250525,1,2,10800.0,1080.0,20520.0
7139,5000008484,1000006327,20240928,2,1,13500.0,270.0,13230.0
7140,5000008485,1000006327,20240928,2,3,13500.0,4050.0,36450.0
7141,5000008486,1000006328,20250921,2,2,13500.0,1350.0,25650.0
7142,5000008487,1000006328,20250921,2,3,15750.0,945.0,46305.0
7143,5000008488,1000006328,20250921,1,3,12600.0,3780.0,34020.0
7144,5000008491,1000006330,20250501,2,2,15000.0,600.0,29400.0
7145,5000008492,1000006331,20240131,2,3,15000.0,4500.0,40500.0
7146,5000008493,1000006332,20240618,1,2,12600.0,504.0,24696.0
7147,5000008494,1000006333,20250225,2,1,15000.0,1500.0,13500.0
7148,5000008495,1000006334,20250108,2,1,15000.0,0.0,15000.0
7149,5000008496,1000006335,20250407,1,3,12000.0,1800.0,34200.0
7150,5000008497,1000006335,20250407,1,3,12000.0,720.0,35280.0
7151,5000008498,1000006336,20250625,1,2,12000.0,1200.0,22800.0
7152,5000008499,1000006337,20250316,2,1,13500.0,0.0,13500.0
7153,5000008500,1000006338,20240928,2,2,13500.0,1350.0,25650.0
7154,5000008501,1000006339,20250515,2,3,15000.0,0.0,45000.0
7155,5000008502,1000006339,20250515,2,1,15750.0,1575.0,14175.0
7156,5000008503,1000006340,20241118,1,3,10800.0,648.0,31752.0
7157,5000008504,1000006341,20250212,1,2,12000.0,2400.0,21600.0
7158,5000008505,1000006342,20250306,1,3,13200.0,3960.0,35640.0
7159,5000008506,1000006342,20250306,1,3,12600.0,3780.0,34020.0
7160,5000008509,1000006344,20240117,1,3,10800.0,0.0,32400.0
7161,5000008510,1000006344,20240117,2,2,15000.0,1500.0,28500.0
7162,5000008511,1000006345,20240203,2,1,15000.0,300.0,14700.0
7163,5000008514,1000006347,20250804,2,1,15000.0,0.0,15000.0
7164,5000008515,1000006347,20250804,1,3,13200.0,1980.0,37620.0
7165,5000008516,1000006348,20250510,2,1,15000.0,750.0,14250.0
7166,5000008518,1000006350,20241028,2,2,16500.0,3300.0,29700.0
7167,5000008519,1000006350,20241028,1,1,10800.0,0.0,10800.0
7168,5000008522,1000006352,20241222,2,3,15000.0,2250.0,42750.0
7169,5000008525,1000006354,20240814,1,3,10800.0,0.0,32400.0
7170,5000008526,1000006355,20240902,1,3,10800.0,1620.0,30780.0
7171,5000008527,1000006355,20240902,1,3,10800.0,3240.0,29160.0
7172,5000008528,1000006355,20240902,2,2,15000.0,600.0,29400.0
7173,5000008529,1000006356,20250406,2,3,15000.0,900.0,44100.0
7174,5000008530,1000006357,20240703,1,2,10800.0,432.0,21168.0
7175,5000008531,1000006358,20250209,1,1,12600.0,630.0,11970.0
7176,5000008532,1000006359,20250127,1,3,12000.0,0.0,36000.0
7177,5000008533,1000006360,20241031,2,1,15000.0,0.0,15000.0
7178,5000008534,1000006360,20241031,1,2,12000.0,2400.0,21600.0
7179,5000008535,1000006360,20241031,2,1,15000.0,1500.0,13500.0
7180,5000008536,1000006361,20240127,1,3,12000.0,3600.0,32400.0
7181,5000008537,1000006361,20240127,2,3,15000.0,4500.0,40500.0
7182,5000008539,1000006363,20250413,2,1,15000.0,750.0,14250.0
7183,5000008540,1000006364,20250210,1,2,12000.0,480.0,23520.0
7184,5000008541,1000006365,20241014,1,3,12000.0,0.0,36000.0
7185,5000008543,1000006367,20240628,2,2,15000.0,0.0,30000.0
7186,5000008544,1000006368,20240704,2,3,16500.0,990.0,48510.0
7187,5000008546,1000006370,20250828,1,2,12600.0,504.0,24696.0
7188,5000008547,1000006371,20250916,2,2,15000.0,600.0,29400.0
7189,5000008548,1000006371,20250916,1,2,12000.0,0.0,24000.0
7190,5000008549,1000006372,20240223,1,2,12000.0,1200.0,22800.0
7191,5000008550,1000006373,20240422,1,3,12000.0,3600.0,32400.0
7192,5000008551,1000006373,20240422,2,2,15000.0,0.0,30000.0
7193,5000008552,1000006374,20250416,2,3,15000.0,4500.0,40500.0
7194,5000008553,1000006374,20250416,1,3,12600.0,0.0,37800.0
7195,5000008554,1000006375,20240331,1,1,10800.0,0.0,10800.0
7196,5000008555,1000006376,20240122,2,2,15000.0,1500.0,28500.0
7197,5000008556,1000006377,20240930,1,1,12000.0,600.0,11400.0
7198,5000008558,1000006379,20240918,1,2,12600.0,2520.0,22680.0
7199,5000008561,1000006381,20250522,1,1,13200.0,0.0,13200.0
7200,5000008562,1000006382,20240126,2,2,13500.0,1350.0,25650.0
7201,5000008563,1000006383,20240803,2,1,13500.0,1350.0,12150.0
7202,5000008564,1000006383,20240803,1,2,12000.0,0.0,24000.0
7203,5000008565,1000006384,20240623,1,2,10800.0,2160.0,19440.0
7204,5000008566,1000006385,20240610,1,2,12000.0,0.0,24000.0
7205,5000008567,1000006385,20240610,2,3,13500.0,0.0,40500.0
7206,5000008568,1000006386,20240610,1,3,12000.0,1800.0,34200.0
7207,5000008569,1000006387,20240101,1,2,10800.0,432.0,21168.0
7208,5000008570,1000006387,20240101,1,2,12000.0,480.0,23520.0
7209,5000008573,1000006389,20240701,2,2,15000.0,0.0,30000.0
7210,5000008574,1000006389,20240701,1,1,13200.0,660.0,12540.0
7211,5000008575,1000006390,20250308,1,3,12000.0,720.0,35280.0
7212,5000008576,1000006390,20250308,2,2,15000.0,600.0,29400.0
7213,5000008578,1000006392,20240105,2,2,15000.0,0.0,30000.0
7214,5000008579,1000006393,20240524,2,3,13500.0,810.0,39690.0
7215,5000008580,1000006394,20250311,2,3,15000.0,900.0,44100.0
7216,5000008581,1000006395,20250905,2,2,15000.0,600.0,29400.0
7217,5000008582,1000006395,20250905,2,3,15000.0,4500.0,40500.0
7218,5000008583,1000006396,20240221,2,3,16500.0,2475.0,47025.0
7219,5000008584,1000006397,20250902,2,1,13500.0,1350.0,12150.0
7220,5000008586,1000006399,20250620,1,2,12600.0,0.0,25200.0
7221,5000008587,1000006400,20241113,2,3,16500.0,4950.0,44550.0
7222,5000008588,1000006401,20250118,1,2,12000.0,2400.0,21600.0
7223,5000008589,1000006402,20240911,2,2,15000.0,0.0,30000.0
7224,5000008590,1000006403,20250803,1,1,12000.0,600.0,11400.0
7225,5000008591,1000006404,20250517,1,1,12000.0,0.0,12000.0
7226,5000008592,1000006405,20250830,1,1,10800.0,216.0,10584.0
7227,5000008593,1000006406,20250228,2,1,15000.0,750.0,14250.0
7228,5000008595,1000006408,20241004,2,1,15000.0,750.0,14250.0
7229,5000008596,1000006409,20250114,1,2,12000.0,0.0,24000.0
7230,5000008597,1000006410,20240428,2,1,15000.0,1500.0,13500.0
7231,5000008598,1000006411,20240117,2,3,15000.0,4500.0,40500.0
7232,5000008600,1000006413,20240225,1,2,12000.0,2400.0,21600.0
7233,5000008601,1000006413,20240225,1,2,12000.0,1200.0,22800.0
7234,5000008602,1000006414,20241215,2,1,16500.0,1650.0,14850.0
7235,5000008603,1000006415,20241108,2,3,15750.0,4725.0,42525.0
7236,5000008604,1000006416,20240913,1,1,13200.0,1320.0,11880.0
7237,5000008605,1000006417,20250706,2,2,15000.0,600.0,29400.0
7238,5000008606,1000006417,20250706,2,1,15000.0,1500.0,13500.0
7239,5000008608,1000006419,20240530,1,1,12000.0,0.0,12000.0
7240,5000008609,1000006419,20240530,2,2,15000.0,3000.0,27000.0
7241,5000008610,1000006419,20240530,1,2,12000.0,0.0,24000.0
7242,5000008611,1000006420,20240312,1,3,10800.0,3240.0,29160.0
7243,5000008612,1000006420,20240312,2,2,13500.0,2700.0,24300.0
7244,5000008613,1000006421,20250116,2,1,13500.0,1350.0,12150.0
7245,5000008614,1000006422,20250214,1,3,13200.0,0.0,39600.0
7246,5000008615,1000006423,20250109,1,1,12000.0,240.0,11760.0
7247,5000008617,1000006425,20250121,2,3,15000.0,0.0,45000.0
7248,5000008619,1000006427,20241103,1,3,12600.0,1890.0,35910.0
7249,5000008620,1000006428,20250608,1,3,12000.0,0.0,36000.0
7250,5000008621,1000006428,20250608,1,3,12000.0,720.0,35280.0
7251,5000008622,1000006429,20250904,1,1,10800.0,0.0,10800.0
7252,5000008623,1000006430,20240613,2,2,13500.0,0.0,27000.0
7253,5000008624,1000006430,20240613,2,2,13500.0,540.0,26460.0
7254,5000008625,1000006430,20240613,2,3,15000.0,900.0,44100.0
7255,5000008628,1000006432,20250302,1,1,13200.0,660.0,12540.0
7256,5000008629,1000006432,20250302,2,3,15000.0,900.0,44100.0
7257,5000008630,1000006433,20250912,2,1,15000.0,1500.0,13500.0
7258,5000008631,1000006434,20240805,1,2,12000.0,480.0,23520.0
7259,5000008632,1000006435,20240324,2,3,15000.0,0.0,45000.0
7260,5000008633,1000006436,20250526,2,3,15000.0,900.0,44100.0
7261,5000008634,1000006437,20250319,1,2,12000.0,2400.0,21600.0
7262,5000008635,1000006438,20250428,2,1,15000.0,0.0,15000.0
7263,5000008636,1000006438,20250428,1,3,12000.0,1800.0,34200.0
7264,5000008637,1000006439,20240303,2,1,15000.0,750.0,14250.0
7265,5000008638,1000006440,20240718,1,1,12600.0,1260.0,11340.0
7266,5000008639,1000006440,20240718,1,2,12000.0,480.0,23520.0
7267,5000008640,1000006441,20250607,1,1,12600.0,252.0,12348.0
7268,5000008641,1000006441,20250607,2,1,15000.0,300.0,14700.0
7269,5000008642,1000006442,20241227,1,3,12000.0,720.0,35280.0
7270,5000008643,1000006443,20241107,2,3,16500.0,4950.0,44550.0
7271,5000008646,1000006446,20250318,1,1,12000.0,240.0,11760.0
7272,5000008647,1000006446,20250318,2,3,15000.0,0.0,45000.0
7273,5000008648,1000006447,20250107,2,2,15000.0,1500.0,28500.0
7274,5000008649,1000006448,20250926,1,1,12000.0,1200.0,10800.0
7275,5000008650,1000006449,20241209,1,1,12000.0,1200.0,10800.0
7276,5000008651,1000006450,20240804,2,1,15750.0,1575.0,14175.0
7277,5000008652,1000006450,20240804,1,1,12000.0,600.0,11400.0
7278,5000008653,1000006451,20241112,1,1,10800.0,1080.0,9720.0
7279,5000008654,1000006452,20250128,1,3,12000.0,3600.0,32400.0
7280,5000008655,1000006453,20241020,1,3,12000.0,3600.0,32400.0
7281,5000008656,1000006453,20241020,2,3,15000.0,2250.0,42750.0
7282,5000008659,1000006456,20241106,1,1,12000.0,600.0,11400.0
7283,5000008660,1000006457,20250826,2,2,15000.0,600.0,29400.0
7284,5000008661,1000006458,20240227,1,2,12000.0,2400.0,21600.0
7285,5000008662,1000006459,20241210,1,2,10800.0,1080.0,20520.0
7286,5000008663,1000006460,20250704,2,2,15000.0,3000.0,27000.0
7287,5000008664,1000006461,20240523,2,2,15000.0,3000.0,27000.0
7288,5000008665,1000006462,20240929,2,3,15750.0,4725.0,42525.0
7289,5000008666,1000006463,20240310,2,3,13500.0,0.0,40500.0
7290,5000008667,1000006463,20240310,2,3,15000.0,0.0,45000.0
7291,5000008668,1000006464,20240616,1,2,12600.0,0.0,25200.0
7292,5000008669,1000006465,20241125,2,1,15000.0,300.0,14700.0
7293,5000008670,1000006465,20241125,2,1,15000.0,300.0,14700.0
7294,5000008671,1000006466,20241123,1,2,12000.0,0.0,24000.0
7295,5000008672,1000006467,20240401,1,3,12000.0,720.0,35280.0
7296,5000008673,1000006467,20240401,1,2,12600.0,504.0,24696.0
7297,5000008674,1000006468,20240313,1,2,12000.0,2400.0,21600.0
7298,5000008675,1000006468,20240313,1,2,12000.0,0.0,24000.0
7299,5000008677,1000006470,20250309,2,1,13500.0,675.0,12825.0
7300,5000008678,1000006471,20250725,1,1,12000.0,600.0,11400.0
7301,5000008679,1000006472,20250403,2,1,15000.0,0.0,15000.0
7302,5000008680,1000006473,20240512,1,3,12000.0,0.0,36000.0
7303,5000008681,1000006474,20240707,1,1,12600.0,630.0,11970.0
7304,5000008682,1000006475,20240212,1,2,12000.0,480.0,23520.0
7305,5000008683,1000006476,20250523,1,1,12600.0,630.0,11970.0
7306,5000008684,1000006476,20250523,1,2,12600.0,2520.0,22680.0
7307,5000008685,1000006476,20250523,2,1,15000.0,0.0,15000.0
7308,5000008686,1000006477,20241214,1,1,12000.0,1200.0,10800.0
7309,5000008687,1000006478,20240105,1,3,12000.0,3600.0,32400.0
7310,5000008688,1000006479,20250324,2,2,16500.0,0.0,33000.0
7311,5000008689,1000006480,20241115,2,2,15000.0,1500.0,28500.0
7312,5000008690,1000006480,20241115,1,1,12000.0,600.0,11400.0
7313,5000008691,1000006481,20250709,1,3,12000.0,720.0,35280.0
7314,5000008692,1000006482,20240301,2,3,16500.0,4950.0,44550.0
7315,5000008693,1000006482,20240301,2,3,13500.0,0.0,40500.0
7316,5000008694,1000006482,20240301,2,2,15000.0,0.0,30000.0
7317,5000008696,1000006484,20240803,2,1,15000.0,300.0,14700.0
7318,5000008697,1000006485,20250830,2,1,15000.0,0.0,15000.0
7319,5000008698,1000006485,20250830,2,2,15000.0,0.0,30000.0
7320,5000008699,1000006486,20250607,1,3,10800.0,1620.0,30780.0
7321,5000008700,1000006486,20250607,2,2,15000.0,1500.0,28500.0
7322,5000008703,1000006488,20240220,2,1,16500.0,330.0,16170.0
7323,5000008704,1000006488,20240220,2,1,16500.0,330.0,16170.0
7324,5000008705,1000006489,20240303,2,2,15000.0,1500.0,28500.0
7325,5000008706,1000006490,20240630,1,3,12000.0,3600.0,32400.0
7326,5000008707,1000006490,20240630,1,3,10800.0,0.0,32400.0
7327,5000008708,1000006491,20250329,2,1,16500.0,330.0,16170.0
7328,5000008709,1000006492,20250726,1,2,12000.0,1200.0,22800.0
7329,5000008710,1000006493,20241208,2,1,15000.0,750.0,14250.0
7330,5000008711,1000006493,20241208,2,3,15000.0,0.0,45000.0
7331,5000008712,1000006493,20241208,2,1,15000.0,300.0,14700.0
7332,5000008713,1000006494,20240719,1,3,13200.0,1980.0,37620.0
7333,5000008714,1000006495,20240219,1,3,12000.0,1800.0,34200.0
7334,5000008716,1000006497,20250829,2,1,15750.0,1575.0,14175.0
7335,5000008717,1000006497,20250829,1,1,13200.0,264.0,12936.0
7336,5000008718,1000006498,20240723,2,1,15000.0,750.0,14250.0
7337,5000008719,1000006499,20240916,1,2,12600.0,0.0,25200.0
7338,5000008720,1000006500,20240823,2,2,13500.0,0.0,27000.0
7339,5000008722,1000006502,20241107,2,1,16500.0,825.0,15675.0
7340,5000008724,1000006504,20240527,2,3,16500.0,990.0,48510.0
7341,5000008725,1000006504,20240527,1,1,12000.0,240.0,11760.0
7342,5000008726,1000006505,20240318,2,2,13500.0,0.0,27000.0
7343,5000008727,1000006506,20241022,1,2,12000.0,480.0,23520.0
7344,5000008728,1000006506,20241022,1,1,12000.0,0.0,12000.0
7345,5000008729,1000006507,20250220,2,1,15000.0,0.0,15000.0
7346,5000008730,1000006508,20250716,1,1,12000.0,240.0,11760.0
7347,5000008731,1000006508,20250716,2,2,15000.0,600.0,29400.0
7348,5000008732,1000006509,20250529,2,2,15000.0,1500.0,28500.0
7349,5000008733,1000006509,20250529,2,2,15000.0,600.0,29400.0
7350,5000008734,1000006509,20250529,1,3,12000.0,1800.0,34200.0
7351,5000008735,1000006510,20250309,2,3,15000.0,4500.0,40500.0
7352,5000008736,1000006510,20250309,1,2,12000.0,2400.0,21600.0
7353,5000008737,1000006511,20250309,1,2,12000.0,480.0,23520.0
7354,5000008738,1000006511,20250309,1,3,12600.0,0.0,37800.0
7355,5000008739,1000006512,20240128,1,2,13200.0,2640.0,23760.0
7356,5000008740,1000006513,20240812,1,1,13200.0,264.0,12936.0
7357,5000008741,1000006514,20250622,2,1,15000.0,750.0,14250.0
7358,5000008742,1000006515,20250226,2,1,15000.0,0.0,15000.0
7359,5000008743,1000006515,20250226,2,2,15750.0,630.0,30870.0
7360,5000008744,1000006516,20240402,1,2,10800.0,2160.0,19440.0
7361,5000008745,1000006517,20250708,1,3,12000.0,0.0,36000.0
7362,5000008746,1000006518,20240823,2,2,13500.0,540.0,26460.0
7363,5000008747,1000006518,20240823,2,1,15000.0,300.0,14700.0
7364,5000008748,1000006519,20250714,1,1,12000.0,240.0,11760.0
7365,5000008749,1000006520,20240517,1,2,12000.0,2400.0,21600.0
7366,5000008750,1000006521,20241010,1,3,12600.0,0.0,37800.0
7367,5000008751,1000006522,20241102,2,3,15000.0,4500.0,40500.0
7368,5000008752,1000006522,20241102,2,3,15750.0,2362.5,44887.5
7369,5000008754,1000006524,20250117,1,3,10800.0,3240.0,29160.0
7370,5000008755,1000006525,20250816,2,3,15750.0,945.0,46305.0
7371,5000008756,1000006526,20241012,1,1,12000.0,1200.0,10800.0
7372,5000008757,1000006527,20250921,1,2,12000.0,1200.0,22800.0
7373,5000008758,1000006527,20250921,1,3,10800.0,648.0,31752.0
7374,5000008759,1000006528,20240918,2,2,15750.0,1575.0,29925.0
7375,5000008760,1000006529,20240915,2,3,15000.0,2250.0,42750.0
7376,5000008761,1000006530,20241208,2,2,16500.0,1650.0,31350.0
7377,5000008763,1000006532,20240127,2,3,15000.0,0.0,45000.0
7378,5000008764,1000006533,20240204,2,2,15000.0,0.0,30000.0
7379,5000008766,1000006535,20250112,1,2,13200.0,1320.0,25080.0
7380,5000008767,1000006536,20250308,2,3,16500.0,0.0,49500.0
7381,5000008768,1000006536,20250308,1,1,10800.0,540.0,10260.0
7382,5000008769,1000006537,20241012,2,1,13500.0,1350.0,12150.0
7383,5000008770,1000006538,20240229,2,2,15000.0,1500.0,28500.0
7384,5000008771,1000006539,20250110,2,1,15000.0,1500.0,13500.0
7385,5000008772,1000006540,20240827,1,1,13200.0,660.0,12540.0
7386,5000008775,1000006542,20250209,2,1,15750.0,787.5,14962.5
7387,5000008776,1000006542,20250209,2,1,15000.0,1500.0,13500.0
7388,5000008777,1000006543,20250718,1,2,12000.0,1200.0,22800.0
7389,5000008778,1000006544,20240630,1,3,12000.0,0.0,36000.0
7390,5000008779,1000006545,20250118,1,3,12000.0,720.0,35280.0
7391,5000008780,1000006545,20250118,1,1,12000.0,1200.0,10800.0
7392,5000008781,1000006546,20250716,1,2,12600.0,1260.0,23940.0
7393,5000008782,1000006546,20250716,2,1,15000.0,1500.0,13500.0
7394,5000008783,1000006547,20250818,2,1,15000.0,750.0,14250.0
7395,5000008784,1000006547,20250818,1,1,12600.0,0.0,12600.0
7396,5000008785,1000006548,20250811,2,1,15750.0,1575.0,14175.0
7397,5000008786,1000006549,20240221,2,1,15750.0,0.0,15750.0
7398,5000008787,1000006550,20250914,2,2,15750.0,630.0,30870.0
7399,5000008788,1000006551,20240522,1,2,13200.0,0.0,26400.0
7400,5000008789,1000006552,20250217,2,3,15000.0,4500.0,40500.0
7401,5000008791,1000006554,20241226,1,2,12000.0,480.0,23520.0
7402,5000008792,1000006555,20250322,2,2,15000.0,3000.0,27000.0
7403,5000008793,1000006556,20241208,2,1,15000.0,0.0,15000.0
7404,5000008794,1000006557,20240120,1,3,12600.0,756.0,37044.0
7405,5000008795,1000006558,20250226,1,1,12000.0,0.0,12000.0
7406,5000008796,1000006559,20240105,1,3,12000.0,720.0,35280.0
7407,5000008797,1000006560,20241222,2,1,15750.0,315.0,15435.0
7408,5000008798,1000006561,20250610,2,1,16500.0,1650.0,14850.0
7409,5000008799,1000006562,20250917,1,2,12000.0,480.0,23520.0
7410,5000008800,1000006563,20250123,1,2,13200.0,528.0,25872.0
7411,5000008802,1000006565,20240930,2,2,13500.0,2700.0,24300.0
7412,5000008804,1000006567,20240128,2,2,15000.0,3000.0,27000.0
7413,5000008805,1000006568,20250621,2,3,13500.0,0.0,40500.0
7414,5000008806,1000006569,20240713,2,1,15000.0,750.0,14250.0
7415,5000008807,1000006570,20241011,1,2,12000.0,0.0,24000.0
7416,5000008808,1000006571,20240423,2,1,15000.0,0.0,15000.0
7417,5000008812,1000006573,20250827,1,3,10800.0,3240.0,29160.0
7418,5000008814,1000006575,20240407,2,1,16500.0,0.0,16500.0
7419,5000008815,1000006576,20240211,1,1,12000.0,600.0,11400.0
7420,5000008816,1000006576,20240211,2,3,15000.0,0.0,45000.0
7421,5000008817,1000006577,20250310,1,1,12000.0,0.0,12000.0
7422,5000008818,1000006577,20250310,2,1,16500.0,1650.0,14850.0
7423,5000008819,1000006578,20240401,1,3,10800.0,0.0,32400.0
7424,5000008820,1000006578,20240401,1,1,12000.0,0.0,12000.0
7425,5000008821,1000006579,20240420,1,2,12600.0,2520.0,22680.0
7426,5000008822,1000006579,20240420,1,3,13200.0,3960.0,35640.0
7427,5000008823,1000006580,20250824,2,3,13500.0,0.0,40500.0
7428,5000008824,1000006581,20241123,2,2,15000.0,0.0,30000.0
7429,5000008825,1000006581,20241123,1,1,13200.0,1320.0,11880.0
7430,5000008826,1000006581,20241123,2,2,13500.0,0.0,27000.0
7431,5000008827,1000006582,20241231,1,3,12000.0,1800.0,34200.0
7432,5000008828,1000006583,20250326,1,3,12000.0,720.0,35280.0
7433,5000008829,1000006583,20250326,1,3,12000.0,3600.0,32400.0
7434,5000008830,1000006583,20250326,2,1,15000.0,300.0,14700.0
7435,5000008831,1000006584,20250507,1,3,12000.0,0.0,36000.0
7436,5000008832,1000006584,20250507,1,3,12600.0,3780.0,34020.0
7437,5000008834,1000006586,20250724,1,1,13200.0,660.0,12540.0
7438,5000008837,1000006588,20250124,1,2,12000.0,480.0,23520.0
7439,5000008838,1000006588,20250124,2,1,16500.0,330.0,16170.0
7440,5000008839,1000006588,20250124,1,1,12000.0,600.0,11400.0
7441,5000008840,1000006589,20240613,2,3,13500.0,0.0,40500.0
7442,5000008841,1000006590,20240710,2,2,15000.0,0.0,30000.0
7443,5000008843,1000006592,20240917,2,2,15750.0,3150.0,28350.0
7444,5000008844,1000006592,20240917,2,3,15000.0,900.0,44100.0
7445,5000008845,1000006592,20240917,2,3,13500.0,2025.0,38475.0
7446,5000008847,1000006594,20240904,1,2,12600.0,2520.0,22680.0
7447,5000008848,1000006595,20240604,1,3,12000.0,720.0,35280.0
7448,5000008849,1000006596,20241231,2,1,13500.0,0.0,13500.0
7449,5000008850,1000006597,20250415,1,3,12000.0,1800.0,34200.0
7450,5000008851,1000006598,20241208,2,3,13500.0,4050.0,36450.0
7451,5000008852,1000006599,20250409,1,2,12000.0,1200.0,22800.0
7452,5000008853,1000006600,20240403,1,3,10800.0,648.0,31752.0
7453,5000008854,1000006601,20240329,2,3,15750.0,945.0,46305.0
7454,5000008855,1000006602,20240208,2,1,13500.0,675.0,12825.0
7455,5000008856,1000006603,20240919,2,2,15000.0,0.0,30000.0
7456,5000008857,1000006603,20240919,2,2,15750.0,3150.0,28350.0
7457,5000008858,1000006604,20240920,1,1,12600.0,252.0,12348.0
7458,5000008859,1000006604,20240920,1,3,12000.0,720.0,35280.0
7459,5000008860,1000006605,20240605,2,3,15000.0,4500.0,40500.0
7460,5000008861,1000006605,20240605,1,1,12000.0,240.0,11760.0
7461,5000008862,1000006605,20240605,1,1,12000.0,1200.0,10800.0
7462,5000008863,1000006606,20240921,1,2,12000.0,480.0,23520.0
7463,5000008864,1000006607,20250903,2,3,15000.0,0.0,45000.0
7464,5000008865,1000006608,20250417,2,1,16500.0,0.0,16500.0
7465,5000008866,1000006609,20241114,2,3,15000.0,0.0,45000.0
7466,5000008869,1000006611,20240706,2,1,13500.0,0.0,13500.0
7467,5000008870,1000006611,20240706,1,2,12000.0,1200.0,22800.0
7468,5000008871,1000006612,20240602,1,3,12600.0,756.0,37044.0
7469,5000008872,1000006613,20250725,1,1,13200.0,1320.0,11880.0
7470,5000008873,1000006613,20250725,2,2,15000.0,1500.0,28500.0
7471,5000008874,1000006614,20240720,1,3,12000.0,1800.0,34200.0
7472,5000008875,1000006614,20240720,2,3,15000.0,4500.0,40500.0
7473,5000008878,1000006616,20250613,2,3,13500.0,4050.0,36450.0
7474,5000008879,1000006616,20250613,1,1,12000.0,240.0,11760.0
7475,5000008880,1000006617,20240212,1,1,12000.0,240.0,11760.0
7476,5000008881,1000006617,20240212,1,3,12000.0,3600.0,32400.0
7477,5000008882,1000006618,20241214,1,3,13200.0,792.0,38808.0
7478,5000008883,1000006619,20250624,1,1,12000.0,600.0,11400.0
7479,5000008884,1000006619,20250624,1,2,12600.0,1260.0,23940.0
7480,5000008885,1000006620,20250501,2,1,15000.0,300.0,14700.0
7481,5000008886,1000006620,20250501,2,1,15000.0,0.0,15000.0
7482,5000008887,1000006621,20240517,2,1,15000.0,300.0,14700.0
7483,5000008889,1000006623,20250810,1,3,12000.0,1800.0,34200.0
7484,5000008890,1000006624,20241220,2,1,15000.0,0.0,15000.0
7485,5000008891,1000006625,20250812,2,1,15000.0,300.0,14700.0
7486,5000008892,1000006626,20240114,2,3,15000.0,2250.0,42750.0
7487,5000008893,1000006626,20240114,2,3,15000.0,4500.0,40500.0
7488,5000008894,1000006626,20240114,2,1,16500.0,1650.0,14850.0
7489,5000008896,1000006628,20240228,2,2,13500.0,540.0,26460.0
7490,5000008898,1000006630,20240313,1,2,12600.0,1260.0,23940.0
7491,5000008899,1000006631,20240707,1,3,12000.0,1800.0,34200.0
7492,5000008900,1000006632,20250911,1,3,13200.0,0.0,39600.0
7493,5000008901,1000006633,20240914,2,1,13500.0,675.0,12825.0
7494,5000008902,1000006634,20250205,1,2,10800.0,432.0,21168.0
7495,5000008903,1000006635,20250916,2,1,15000.0,750.0,14250.0
7496,5000008904,1000006636,20250303,1,1,12000.0,600.0,11400.0
7497,5000008905,1000006637,20250103,1,1,12600.0,252.0,12348.0
7498,5000008906,1000006637,20250103,1,3,12000.0,1800.0,34200.0
7499,5000008907,1000006638,20250506,2,2,15000.0,1500.0,28500.0
7500,5000008911,1000006641,20240128,1,2,10800.0,2160.0,19440.0
7501,5000008912,1000006641,20240128,1,2,12000.0,480.0,23520.0
7502,5000008915,1000006643,20250731,1,2,13200.0,2640.0,23760.0
7503,5000008916,1000006643,20250731,1,1,12000.0,600.0,11400.0
7504,5000008917,1000006644,20250901,2,2,15750.0,630.0,30870.0
7505,5000008918,1000006644,20250901,1,2,12600.0,0.0,25200.0
7506,5000008919,1000006645,20241119,2,2,15000.0,600.0,29400.0
7507,5000008920,1000006646,20240430,2,2,15000.0,3000.0,27000.0
7508,5000008921,1000006646,20240430,1,3,12000.0,0.0,36000.0
7509,5000008922,1000006647,20240910,2,2,15000.0,3000.0,27000.0
7510,5000008923,1000006648,20240119,1,1,12600.0,1260.0,11340.0
7511,5000008924,1000006649,20250730,2,3,13500.0,2025.0,38475.0
7512,5000008927,1000006651,20250823,1,3,12000.0,0.0,36000.0
7513,5000008928,1000006652,20250502,2,1,15000.0,1500.0,13500.0
7514,5000008929,1000006653,20240828,2,2,15000.0,0.0,30000.0
7515,5000008930,1000006654,20250119,2,2,16500.0,3300.0,29700.0
7516,5000008934,1000006657,20241213,2,1,15000.0,750.0,14250.0
7517,5000008935,1000006658,20250228,2,3,16500.0,2475.0,47025.0
7518,5000008936,1000006659,20250721,2,1,16500.0,1650.0,14850.0
7519,5000008937,1000006659,20250721,2,2,15000.0,0.0,30000.0
7520,5000008938,1000006660,20250730,1,3,12000.0,0.0,36000.0
7521,5000008939,1000006660,20250730,2,1,15750.0,787.5,14962.5
7522,5000008940,1000006661,20240827,2,1,15000.0,300.0,14700.0
7523,5000008941,1000006662,20240307,2,1,15750.0,0.0,15750.0
7524,5000008942,1000006663,20240104,1,1,13200.0,1320.0,11880.0
7525,5000008944,1000006665,20250414,1,2,12000.0,1200.0,22800.0
7526,5000008945,1000006665,20250414,2,2,15000.0,1500.0,28500.0
7527,5000008946,1000006666,20250615,2,3,15000.0,4500.0,40500.0
7528,5000008947,1000006666,20250615,2,2,15000.0,1500.0,28500.0
7529,5000008949,1000006668,20240812,1,1,12000.0,0.0,12000.0
7530,5000008950,1000006669,20240228,1,1,12000.0,0.0,12000.0
7531,5000008951,1000006670,20240727,1,2,12000.0,2400.0,21600.0
7532,5000008953,1000006672,20250427,1,1,12000.0,600.0,11400.0
7533,5000008954,1000006672,20250427,1,2,12000.0,0.0,24000.0
7534,5000008955,1000006672,20250427,2,1,15000.0,750.0,14250.0
7535,5000008956,1000006673,20240816,2,2,15750.0,3150.0,28350.0
7536,5000008957,1000006673,20240816,2,2,15000.0,3000.0,27000.0
7537,5000008958,1000006674,20240325,1,3,12000.0,720.0,35280.0
7538,5000008959,1000006675,20240418,2,3,15000.0,0.0,45000.0
7539,5000008960,1000006676,20240316,1,3,10800.0,1620.0,30780.0
7540,5000008961,1000006676,20240316,1,1,12000.0,240.0,11760.0
7541,5000008963,1000006678,20250908,1,3,10800.0,1620.0,30780.0
7542,5000008964,1000006679,20241015,2,3,13500.0,810.0,39690.0
7543,5000008965,1000006680,20250930,1,3,12600.0,756.0,37044.0
7544,5000008966,1000006681,20250506,1,1,12000.0,240.0,11760.0
7545,5000008967,1000006682,20240713,1,2,12000.0,2400.0,21600.0
7546,5000008968,1000006682,20240713,2,1,13500.0,675.0,12825.0
7547,5000008970,1000006684,20241208,2,2,15000.0,1500.0,28500.0
7548,5000008971,1000006685,20241102,2,1,15000.0,300.0,14700.0
7549,5000008973,1000006687,20250730,2,3,13500.0,0.0,40500.0
7550,5000008974,1000006687,20250730,1,1,12000.0,0.0,12000.0
7551,5000008975,1000006687,20250730,2,3,16500.0,990.0,48510.0
7552,5000008976,1000006688,20240522,2,3,15750.0,2362.5,44887.5
7553,5000008977,1000006689,20240204,2,1,15000.0,750.0,14250.0
7554,5000008978,1000006690,20240201,2,3,15000.0,900.0,44100.0
7555,5000008979,1000006690,20240201,1,3,12000.0,1800.0,34200.0
7556,5000008980,1000006691,20240714,1,3,12000.0,0.0,36000.0
7557,5000008981,1000006692,20241231,1,2,13200.0,1320.0,25080.0
7558,5000008983,1000006694,20250401,1,3,10800.0,1620.0,30780.0
7559,5000008985,1000006696,20250502,2,2,13500.0,0.0,27000.0
7560,5000008986,1000006697,20240719,2,1,13500.0,675.0,12825.0
7561,5000008987,1000006698,20240925,1,2,12000.0,0.0,24000.0
7562,5000008989,1000006700,20240515,1,3,12000.0,720.0,35280.0
7563,5000008990,1000006701,20241012,1,2,12000.0,480.0,23520.0
7564,5000008991,1000006701,20241012,2,3,13500.0,810.0,39690.0
7565,5000008992,1000006702,20240710,1,3,12000.0,1800.0,34200.0
7566,5000008993,1000006703,20240205,2,1,15000.0,750.0,14250.0
7567,5000008994,1000006704,20240308,2,1,15000.0,750.0,14250.0
7568,5000008997,1000006706,20241202,1,3,12600.0,3780.0,34020.0
7569,5000008998,1000006706,20241202,1,2,12000.0,0.0,24000.0
7570,5000008999,1000006707,20240127,2,1,15000.0,750.0,14250.0
7571,5000009003,1000006709,20250426,1,3,12000.0,3600.0,32400.0
7572,5000009004,1000006709,20250426,1,1,12600.0,252.0,12348.0
7573,5000009005,1000006710,20240825,1,1,12000.0,0.0,12000.0
7574,5000009006,1000006711,20240622,1,2,12600.0,0.0,25200.0
7575,5000009008,1000006713,20250725,1,1,10800.0,1080.0,9720.0
7576,5000009009,1000006714,20250128,1,1,12600.0,252.0,12348.0
7577,5000009010,1000006715,20250315,2,2,15000.0,0.0,30000.0
7578,5000009011,1000006716,20240211,2,2,13500.0,0.0,27000.0
7579,5000009012,1000006716,20240211,2,2,15000.0,0.0,30000.0
7580,5000009013,1000006717,20241012,2,2,15000.0,600.0,29400.0
7581,5000009014,1000006718,20241014,1,1,12000.0,0.0,12000.0
7582,5000009015,1000006719,20250123,2,1,16500.0,825.0,15675.0
7583,5000009016,1000006720,20240811,2,3,15750.0,2362.5,44887.5
7584,5000009018,1000006722,20240809,1,1,12000.0,240.0,11760.0
7585,5000009019,1000006723,20250408,1,3,12000.0,1800.0,34200.0
7586,5000009020,1000006724,20241111,2,1,15000.0,1500.0,13500.0
7587,5000009022,1000006726,20240509,1,1,12000.0,240.0,11760.0
7588,5000009023,1000006726,20240509,2,1,15750.0,0.0,15750.0
7589,5000009024,1000006727,20250312,1,3,12000.0,720.0,35280.0
7590,5000009025,1000006727,20250312,2,3,15000.0,2250.0,42750.0
7591,5000009026,1000006727,20250312,1,1,12000.0,240.0,11760.0
7592,5000009027,1000006728,20240923,2,2,13500.0,1350.0,25650.0
7593,5000009028,1000006729,20240804,1,1,12000.0,1200.0,10800.0
7594,5000009029,1000006730,20250819,1,3,12600.0,1890.0,35910.0
7595,5000009030,1000006731,20240227,2,2,15000.0,0.0,30000.0
7596,5000009031,1000006732,20240319,1,3,12000.0,3600.0,32400.0
7597,5000009032,1000006733,20240624,1,2,13200.0,1320.0,25080.0
7598,5000009033,1000006734,20250618,2,3,16500.0,2475.0,47025.0
7599,5000009034,1000006734,20250618,1,3,12000.0,3600.0,32400.0
7600,5000009035,1000006735,20250223,1,1,12000.0,600.0,11400.0
7601,5000009036,1000006736,20240629,1,3,13200.0,0.0,39600.0
7602,5000009037,1000006736,20240629,2,2,15000.0,600.0,29400.0
7603,5000009038,1000006737,20250825,2,2,15000.0,0.0,30000.0
7604,5000009039,1000006738,20250609,1,2,12000.0,2400.0,21600.0
7605,5000009040,1000006739,20250731,2,3,15000.0,0.0,45000.0
7606,5000009041,1000006740,20250128,1,3,12000.0,0.0,36000.0
7607,5000009042,1000006740,20250128,1,3,13200.0,1980.0,37620.0
7608,5000009043,1000006741,20241022,2,3,15000.0,4500.0,40500.0
7609,5000009044,1000006742,20240518,2,2,13500.0,0.0,27000.0
7610,5000009045,1000006742,20240518,1,3,12000.0,1800.0,34200.0
7611,5000009048,1000006744,20240202,1,1,10800.0,1080.0,9720.0
7612,5000009049,1000006745,20250524,2,3,15000.0,4500.0,40500.0
7613,5000009050,1000006745,20250524,1,2,12000.0,1200.0,22800.0
7614,5000009051,1000006746,20240511,1,1,12600.0,0.0,12600.0
7615,5000009052,1000006747,20250716,2,3,15750.0,2362.5,44887.5
7616,5000009056,1000006750,20240312,2,3,15000.0,0.0,45000.0
7617,5000009057,1000006751,20240725,1,3,10800.0,1620.0,30780.0
7618,5000009058,1000006751,20240725,2,1,15750.0,315.0,15435.0
7619,5000009059,1000006752,20250131,2,3,15000.0,0.0,45000.0
7620,5000009060,1000006752,20250131,2,1,15000.0,300.0,14700.0
7621,5000009061,1000006753,20250223,1,3,12000.0,0.0,36000.0
7622,5000009062,1000006754,20250715,2,3,15000.0,2250.0,42750.0
7623,5000009063,1000006755,20240614,2,1,16500.0,330.0,16170.0
7624,5000009064,1000006756,20250910,2,1,15000.0,750.0,14250.0
7625,5000009065,1000006756,20250910,1,2,12000.0,480.0,23520.0
7626,5000009066,1000006757,20240407,2,3,15750.0,0.0,47250.0
7627,5000009067,1000006758,20250126,2,2,15000.0,3000.0,27000.0
7628,5000009068,1000006759,20240723,1,1,12600.0,0.0,12600.0
7629,5000009069,1000006760,20240709,2,3,15750.0,945.0,46305.0
7630,5000009070,1000006761,20250804,2,1,15750.0,1575.0,14175.0
7631,5000009071,1000006761,20250804,2,1,13500.0,0.0,13500.0
7632,5000009072,1000006762,20241207,1,1,12600.0,1260.0,11340.0
7633,5000009073,1000006763,20250215,2,1,15000.0,750.0,14250.0
7634,5000009074,1000006764,20250411,1,1,12000.0,600.0,11400.0
7635,5000009075,1000006765,20240915,1,1,13200.0,660.0,12540.0
7636,5000009076,1000006765,20240915,2,1,15000.0,1500.0,13500.0
7637,5000009077,1000006765,20240915,1,1,13200.0,660.0,12540.0
7638,5000009078,1000006766,20250621,2,1,15000.0,1500.0,13500.0
7639,5000009079,1000006767,20250310,1,2,12000.0,0.0,24000.0
7640,5000009080,1000006767,20250310,2,2,15000.0,3000.0,27000.0
7641,5000009081,1000006768,20250429,1,2,12000.0,2400.0,21600.0
7642,5000009082,1000006768,20250429,2,1,13500.0,0.0,13500.0
7643,5000009083,1000006769,20240126,2,3,15000.0,900.0,44100.0
7644,5000009084,1000006770,20240120,1,3,12000.0,0.0,36000.0
7645,5000009085,1000006771,20241212,2,1,15000.0,1500.0,13500.0
7646,5000009087,1000006773,20250430,2,1,15000.0,0.0,15000.0
7647,5000009088,1000006773,20250430,1,2,12000.0,0.0,24000.0
7648,5000009089,1000006773,20250430,1,3,10800.0,0.0,32400.0
7649,5000009090,1000006774,20241213,1,3,12000.0,720.0,35280.0
7650,5000009091,1000006774,20241213,1,1,12000.0,1200.0,10800.0
7651,5000009092,1000006775,20241008,1,3,12600.0,0.0,37800.0
7652,5000009093,1000006776,20240125,1,1,12000.0,1200.0,10800.0
7653,5000009094,1000006777,20241123,1,3,12000.0,3600.0,32400.0
7654,5000009095,1000006777,20241123,2,2,15000.0,1500.0,28500.0
7655,5000009096,1000006778,20250408,1,1,10800.0,540.0,10260.0
7656,5000009098,1000006780,20240505,1,3,12600.0,1890.0,35910.0
7657,5000009099,1000006781,20241103,1,2,12600.0,2520.0,22680.0
7658,5000009100,1000006782,20250405,2,1,15000.0,750.0,14250.0
7659,5000009101,1000006783,20240711,2,3,15000.0,0.0,45000.0
7660,5000009102,1000006783,20240711,1,1,12000.0,1200.0,10800.0
7661,5000009103,1000006784,20250822,1,2,12000.0,0.0,24000.0
7662,5000009104,1000006784,20250822,1,1,12600.0,1260.0,11340.0
7663,5000009105,1000006785,20250118,2,3,15750.0,2362.5,44887.5
7664,5000009107,1000006787,20240411,2,3,16500.0,990.0,48510.0
7665,5000009108,1000006788,20250321,2,2,15000.0,3000.0,27000.0
7666,5000009109,1000006789,20250125,1,3,12600.0,1890.0,35910.0
7667,5000009111,1000006791,20240623,1,3,13200.0,1980.0,37620.0
7668,5000009112,1000006792,20250515,1,3,10800.0,0.0,32400.0
7669,5000009113,1000006793,20241010,2,3,13500.0,810.0,39690.0
7670,5000009115,1000006795,20250630,2,3,15000.0,2250.0,42750.0
7671,5000009116,1000006796,20250506,2,3,15750.0,2362.5,44887.5
7672,5000009117,1000006797,20240829,2,3,15000.0,0.0,45000.0
7673,5000009118,1000006798,20250201,1,1,12000.0,600.0,11400.0
7674,5000009119,1000006799,20250603,1,1,12000.0,600.0,11400.0
7675,5000009120,1000006800,20250420,1,3,13200.0,3960.0,35640.0
7676,5000009122,1000006802,20250910,2,3,15000.0,900.0,44100.0
7677,5000009123,1000006803,20240714,2,2,15750.0,0.0,31500.0
7678,5000009124,1000006803,20240714,1,1,12000.0,0.0,12000.0
7679,5000009125,1000006803,20240714,1,2,12000.0,0.0,24000.0
7680,5000009126,1000006804,20240314,1,2,10800.0,1080.0,20520.0
7681,5000009127,1000006805,20241121,2,3,15000.0,2250.0,42750.0
7682,5000009128,1000006805,20241121,1,3,12600.0,3780.0,34020.0
7683,5000009129,1000006806,20240428,1,1,12600.0,252.0,12348.0
7684,5000009130,1000006807,20240326,2,3,15000.0,4500.0,40500.0
7685,5000009131,1000006807,20240326,2,3,15000.0,4500.0,40500.0
7686,5000009132,1000006808,20250807,2,2,15000.0,3000.0,27000.0
7687,5000009133,1000006808,20250807,2,3,15000.0,2250.0,42750.0
7688,5000009134,1000006808,20250807,1,3,12600.0,1890.0,35910.0
7689,5000009135,1000006809,20250810,2,3,15000.0,2250.0,42750.0
7690,5000009136,1000006810,20250903,1,1,12000.0,600.0,11400.0
7691,5000009138,1000006812,20240518,2,2,15000.0,0.0,30000.0
7692,5000009143,1000006816,20250722,1,3,12600.0,1890.0,35910.0
7693,5000009144,1000006817,20250407,1,3,12000.0,1800.0,34200.0
7694,5000009146,1000006819,20250718,2,3,13500.0,4050.0,36450.0
7695,5000009147,1000006820,20240413,1,2,12000.0,0.0,24000.0
7696,5000009148,1000006820,20240413,2,3,15000.0,900.0,44100.0
7697,5000009149,1000006821,20240415,2,1,15750.0,1575.0,14175.0
7698,5000009150,1000006822,20240421,1,2,12000.0,2400.0,21600.0
7699,5000009151,1000006822,20240421,2,2,16500.0,660.0,32340.0
7700,5000009152,1000006822,20240421,1,3,12000.0,720.0,35280.0
7701,5000009153,1000006823,20241006,2,3,13500.0,0.0,40500.0
7702,5000009154,1000006824,20240518,2,3,15000.0,900.0,44100.0
7703,5000009156,1000006826,20240720,2,3,15000.0,900.0,44100.0
7704,5000009157,1000006826,20240720,1,1,12000.0,240.0,11760.0
7705,5000009158,1000006827,20240124,2,3,13500.0,810.0,39690.0
7706,5000009159,1000006827,20240124,1,2,10800.0,2160.0,19440.0
7707,5000009161,1000006829,20241002,2,3,15000.0,2250.0,42750.0
7708,5000009162,1000006830,20240424,1,1,12000.0,0.0,12000.0
7709,5000009163,1000006831,20241121,2,2,15000.0,1500.0,28500.0
7710,5000009164,1000006832,20240718,1,3,12000.0,3600.0,32400.0
7711,5000009165,1000006833,20240827,2,3,13500.0,4050.0,36450.0
7712,5000009166,1000006833,20240827,1,3,12000.0,1800.0,34200.0
7713,5000009167,1000006834,20250312,1,2,12000.0,480.0,23520.0
7714,5000009168,1000006835,20240105,1,3,12000.0,720.0,35280.0
7715,5000009169,1000006836,20250113,1,2,12000.0,2400.0,21600.0
7716,5000009170,1000006837,20240912,1,1,12000.0,0.0,12000.0
7717,5000009171,1000006838,20250724,2,2,15000.0,600.0,29400.0
7718,5000009172,1000006839,20241209,2,1,15750.0,1575.0,14175.0
7719,5000009173,1000006839,20241209,1,3,12000.0,1800.0,34200.0
7720,5000009175,1000006841,20250108,1,3,10800.0,0.0,32400.0
7721,5000009176,1000006842,20250729,2,2,15000.0,600.0,29400.0
7722,5000009177,1000006843,20250923,2,1,16500.0,330.0,16170.0
7723,5000009179,1000006845,20250115,1,3,12000.0,3600.0,32400.0
7724,5000009180,1000006845,20250115,1,2,12000.0,1200.0,22800.0
7725,5000009181,1000006845,20250115,1,1,12000.0,600.0,11400.0
7726,5000009182,1000006846,20250812,1,2,12000.0,480.0,23520.0
7727,5000009183,1000006846,20250812,2,1,15000.0,1500.0,13500.0
7728,5000009184,1000006847,20240906,2,3,13500.0,4050.0,36450.0
7729,5000009185,1000006848,20250615,2,3,13500.0,0.0,40500.0
7730,5000009186,1000006849,20240118,2,1,13500.0,270.0,13230.0
7731,5000009187,1000006849,20240118,1,2,10800.0,432.0,21168.0
7732,5000009188,1000006850,20250720,1,1,12000.0,0.0,12000.0
7733,5000009189,1000006850,20250720,1,2,12000.0,0.0,24000.0
7734,5000009190,1000006851,20240911,2,1,13500.0,1350.0,12150.0
7735,5000009193,1000006853,20250303,1,1,10800.0,1080.0,9720.0
7736,5000009194,1000006853,20250303,2,3,15000.0,2250.0,42750.0
7737,5000009195,1000006854,20240215,2,3,15000.0,4500.0,40500.0
7738,5000009196,1000006855,20240908,2,3,13500.0,2025.0,38475.0
7739,5000009197,1000006856,20240114,1,1,10800.0,216.0,10584.0
7740,5000009198,1000006857,20250915,2,1,15000.0,1500.0,13500.0
7741,5000009199,1000006857,20250915,1,3,12000.0,0.0,36000.0
7742,5000009200,1000006858,20241014,2,1,15000.0,750.0,14250.0
7743,5000009201,1000006858,20241014,1,1,12000.0,240.0,11760.0
7744,5000009202,1000006859,20240102,1,1,10800.0,540.0,10260.0
7745,5000009203,1000006860,20240915,2,1,15000.0,300.0,14700.0
7746,5000009204,1000006861,20250615,2,1,13500.0,1350.0,12150.0
7747,5000009205,1000006862,20250114,1,2,12000.0,2400.0,21600.0
7748,5000009206,1000006863,20240523,1,1,12000.0,1200.0,10800.0
7749,5000009207,1000006864,20250704,1,1,12000.0,240.0,11760.0
7750,5000009208,1000006865,20250823,1,2,12000.0,2400.0,21600.0
7751,5000009209,1000006866,20250310,2,2,15750.0,3150.0,28350.0
7752,5000009210,1000006867,20250131,2,2,15000.0,0.0,30000.0
7753,5000009211,1000006868,20240314,2,2,16500.0,660.0,32340.0
7754,5000009212,1000006868,20240314,2,2,15000.0,600.0,29400.0
7755,5000009213,1000006869,20240127,1,2,12000.0,2400.0,21600.0
7756,5000009214,1000006870,20241106,2,1,13500.0,675.0,12825.0
7757,5000009215,1000006871,20250814,1,2,12000.0,2400.0,21600.0
7758,5000009216,1000006872,20240328,1,3,12000.0,0.0,36000.0
7759,5000009217,1000006873,20240919,1,1,12000.0,240.0,11760.0
7760,5000009218,1000006874,20250922,1,1,12000.0,600.0,11400.0
7761,5000009219,1000006874,20250922,1,1,12000.0,0.0,12000.0
7762,5000009220,1000006874,20250922,1,1,12000.0,1200.0,10800.0
7763,5000009221,1000006875,20250608,2,1,15750.0,787.5,14962.5
7764,5000009222,1000006876,20250215,1,2,12000.0,480.0,23520.0
7765,5000009223,1000006877,20240804,1,1,13200.0,264.0,12936.0
7766,5000009224,1000006878,20250510,1,2,12600.0,0.0,25200.0
7767,5000009225,1000006879,20250516,1,3,13200.0,0.0,39600.0
7768,5000009226,1000006880,20241123,1,2,12000.0,2400.0,21600.0
7769,5000009227,1000006881,20241114,2,1,16500.0,0.0,16500.0
7770,5000009228,1000006882,20240508,1,1,13200.0,0.0,13200.0
7771,5000009230,1000006884,20250704,1,3,10800.0,1620.0,30780.0
7772,5000009231,1000006884,20250704,2,3,16500.0,2475.0,47025.0
7773,5000009232,1000006885,20250511,1,1,13200.0,1320.0,11880.0
7774,5000009233,1000006886,20250113,1,2,12000.0,0.0,24000.0
7775,5000009234,1000006887,20240518,2,1,15000.0,0.0,15000.0
7776,5000009235,1000006887,20240518,2,1,15000.0,1500.0,13500.0
7777,5000009236,1000006888,20240714,2,1,15000.0,0.0,15000.0
7778,5000009238,1000006890,20250511,1,3,12600.0,756.0,37044.0
7779,5000009239,1000006890,20250511,2,1,15000.0,300.0,14700.0
7780,5000009240,1000006891,20250510,1,2,12600.0,2520.0,22680.0
7781,5000009241,1000006892,20240410,2,2,13500.0,1350.0,25650.0
7782,5000009242,1000006893,20250719,1,2,12600.0,2520.0,22680.0
7783,5000009243,1000006893,20250719,2,1,15750.0,0.0,15750.0
7784,5000009247,1000006896,20250702,1,2,12000.0,480.0,23520.0
7785,5000009248,1000006897,20240105,2,3,15000.0,0.0,45000.0
7786,5000009249,1000006898,20240320,1,2,12000.0,480.0,23520.0
7787,5000009254,1000006901,20240626,1,3,12000.0,3600.0,32400.0
7788,5000009256,1000006903,20240623,2,2,13500.0,1350.0,25650.0
7789,5000009259,1000006905,20250329,2,3,15000.0,900.0,44100.0
7790,5000009260,1000006905,20250329,2,2,15000.0,1500.0,28500.0
7791,5000009261,1000006906,20241022,2,1,15750.0,1575.0,14175.0
7792,5000009262,1000006906,20241022,1,3,12000.0,1800.0,34200.0
7793,5000009263,1000006907,20250916,2,3,16500.0,4950.0,44550.0
7794,5000009265,1000006909,20240310,1,2,12000.0,2400.0,21600.0
7795,5000009266,1000006910,20250409,2,2,15000.0,600.0,29400.0
7796,5000009267,1000006911,20240110,2,1,15750.0,787.5,14962.5
7797,5000009268,1000006911,20240110,1,1,10800.0,1080.0,9720.0
7798,5000009269,1000006912,20250210,1,1,12000.0,600.0,11400.0
7799,5000009270,1000006913,20250827,1,3,10800.0,648.0,31752.0
7800,5000009271,1000006913,20250827,2,2,15000.0,1500.0,28500.0
7801,5000009272,1000006914,20240222,2,3,15000.0,2250.0,42750.0
7802,5000009273,1000006915,20250507,1,1,12000.0,1200.0,10800.0
7803,5000009274,1000006916,20240303,1,2,12000.0,480.0,23520.0
7804,5000009275,1000006916,20240303,1,3,12000.0,1800.0,34200.0
7805,5000009276,1000006917,20250108,1,1,10800.0,0.0,10800.0
7806,5000009277,1000006918,20240420,2,1,15000.0,300.0,14700.0
7807,5000009278,1000006919,20240125,1,3,12000.0,0.0,36000.0
7808,5000009279,1000006920,20250413,2,1,16500.0,0.0,16500.0
7809,5000009280,1000006920,20250413,2,1,15000.0,750.0,14250.0
7810,5000009281,1000006921,20240312,1,2,12600.0,504.0,24696.0
7811,5000009282,1000006922,20241219,2,1,15000.0,750.0,14250.0
7812,5000009285,1000006924,20250715,2,3,15000.0,2250.0,42750.0
7813,5000009286,1000006925,20240211,1,1,10800.0,540.0,10260.0
7814,5000009287,1000006925,20240211,1,1,12000.0,0.0,12000.0
7815,5000009289,1000006927,20240813,1,2,10800.0,0.0,21600.0
7816,5000009290,1000006927,20240813,1,2,12000.0,0.0,24000.0
7817,5000009291,1000006928,20250412,1,2,12000.0,0.0,24000.0
7818,5000009292,1000006929,20240802,1,2,12000.0,1200.0,22800.0
7819,5000009293,1000006930,20250928,2,2,13500.0,1350.0,25650.0
7820,5000009294,1000006930,20250928,1,2,13200.0,2640.0,23760.0
7821,5000009295,1000006931,20240418,2,1,15000.0,300.0,14700.0
7822,5000009296,1000006931,20240418,1,3,12000.0,3600.0,32400.0
7823,5000009297,1000006932,20240924,2,1,13500.0,675.0,12825.0
7824,5000009298,1000006932,20240924,1,3,12000.0,0.0,36000.0
7825,5000009299,1000006932,20240924,1,3,13200.0,0.0,39600.0
7826,5000009300,1000006933,20250203,1,1,12000.0,600.0,11400.0
7827,5000009301,1000006933,20250203,1,3,12000.0,3600.0,32400.0
7828,5000009302,1000006934,20240620,1,1,12000.0,600.0,11400.0
7829,5000009303,1000006935,20240219,2,3,15000.0,0.0,45000.0
7830,5000009304,1000006935,20240219,1,3,12000.0,0.0,36000.0
7831,5000009305,1000006936,20241026,1,2,12600.0,0.0,25200.0
7832,5000009306,1000006937,20240102,2,2,15000.0,600.0,29400.0
7833,5000009307,1000006938,20250408,2,2,15000.0,600.0,29400.0
7834,5000009308,1000006939,20240222,2,2,15000.0,1500.0,28500.0
7835,5000009309,1000006940,20240501,2,1,15750.0,315.0,15435.0
7836,5000009310,1000006941,20240619,1,3,12000.0,0.0,36000.0
7837,5000009311,1000006942,20240507,1,2,12000.0,2400.0,21600.0
7838,5000009313,1000006944,20250913,2,3,13500.0,4050.0,36450.0
7839,5000009314,1000006945,20250914,1,2,12000.0,2400.0,21600.0
7840,5000009315,1000006946,20241215,2,3,16500.0,2475.0,47025.0
7841,5000009316,1000006946,20241215,2,2,15000.0,0.0,30000.0
7842,5000009319,1000006948,20250723,2,2,16500.0,1650.0,31350.0
7843,5000009320,1000006948,20250723,2,3,15000.0,0.0,45000.0
7844,5000009321,1000006949,20241108,1,3,12000.0,0.0,36000.0
7845,5000009322,1000006950,20240531,1,3,13200.0,0.0,39600.0
7846,5000009323,1000006950,20240531,1,1,12000.0,0.0,12000.0
7847,5000009324,1000006951,20250309,1,2,12000.0,480.0,23520.0
7848,5000009325,1000006951,20250309,2,3,15750.0,2362.5,44887.5
7849,5000009326,1000006952,20250214,1,2,12000.0,1200.0,22800.0
7850,5000009327,1000006952,20250214,2,2,13500.0,2700.0,24300.0
7851,5000009328,1000006953,20250322,2,3,15000.0,0.0,45000.0
7852,5000009331,1000006955,20250804,1,2,12000.0,1200.0,22800.0
7853,5000009332,1000006956,20250330,1,3,12000.0,3600.0,32400.0
7854,5000009335,1000006958,20241213,2,2,15000.0,1500.0,28500.0
7855,5000009336,1000006959,20241116,2,3,15000.0,900.0,44100.0
7856,5000009342,1000006963,20241226,2,3,15000.0,4500.0,40500.0
7857,5000009343,1000006963,20241226,1,1,12600.0,0.0,12600.0
7858,5000009344,1000006964,20240321,2,3,16500.0,990.0,48510.0
7859,5000009346,1000006966,20250607,2,3,15000.0,900.0,44100.0
7860,5000009347,1000006966,20250607,1,3,13200.0,3960.0,35640.0
7861,5000009348,1000006966,20250607,1,1,12000.0,600.0,11400.0
7862,5000009349,1000006967,20241225,1,2,12000.0,480.0,23520.0
7863,5000009350,1000006967,20241225,2,1,15000.0,1500.0,13500.0
7864,5000009351,1000006967,20241225,2,1,15000.0,0.0,15000.0
7865,5000009353,1000006969,20240117,2,1,15750.0,0.0,15750.0
7866,5000009354,1000006970,20241020,2,2,15000.0,600.0,29400.0
7867,5000009356,1000006972,20250612,1,3,12000.0,3600.0,32400.0
7868,5000009357,1000006972,20250612,2,1,16500.0,330.0,16170.0
7869,5000009358,1000006973,20250616,1,1,12600.0,0.0,12600.0
7870,5000009359,1000006973,20250616,1,3,12000.0,3600.0,32400.0
7871,5000009360,1000006974,20250423,1,2,12600.0,504.0,24696.0
7872,5000009361,1000006975,20240920,2,1,16500.0,1650.0,14850.0
7873,5000009362,1000006976,20241104,1,3,12600.0,0.0,37800.0
7874,5000009363,1000006977,20250709,1,3,10800.0,648.0,31752.0
7875,5000009365,1000006979,20240708,2,3,15000.0,0.0,45000.0
7876,5000009366,1000006980,20241230,1,1,12000.0,0.0,12000.0
7877,5000009368,1000006982,20250203,2,3,15000.0,4500.0,40500.0
7878,5000009371,1000006984,20240512,2,3,13500.0,0.0,40500.0
7879,5000009372,1000006985,20240114,1,2,12000.0,0.0,24000.0
7880,5000009373,1000006986,20250630,2,1,15000.0,1500.0,13500.0
7881,5000009374,1000006986,20250630,1,2,12000.0,1200.0,22800.0
7882,5000009375,1000006987,20240316,2,3,15000.0,4500.0,40500.0
7883,5000009376,1000006988,20250828,1,3,12000.0,0.0,36000.0
7884,5000009377,1000006989,20240402,1,3,12000.0,0.0,36000.0
7885,5000009378,1000006990,20250427,1,1,12000.0,0.0,12000.0
7886,5000009379,1000006991,20250922,2,2,13500.0,2700.0,24300.0
7887,5000009380,1000006992,20250829,2,3,15000.0,2250.0,42750.0
7888,5000009381,1000006992,20250829,1,3,12600.0,3780.0,34020.0
7889,5000009382,1000006992,20250829,2,2,13500.0,2700.0,24300.0
7890,5000009383,1000006993,20240811,1,1,12600.0,1260.0,11340.0
7891,5000009384,1000006993,20240811,1,1,12000.0,240.0,11760.0
7892,5000009386,1000006995,20240625,1,3,13200.0,3960.0,35640.0
7893,5000009387,1000006995,20240625,1,1,12000.0,600.0,11400.0
7894,5000009388,1000006996,20250908,1,1,13200.0,0.0,13200.0
7895,5000009389,1000006997,20250710,1,2,12000.0,2400.0,21600.0
7896,5000009390,1000006997,20250710,2,1,15000.0,300.0,14700.0
7897,5000009391,1000006998,20240607,2,3,15000.0,0.0,45000.0
7898,5000009392,1000006999,20250129,2,1,13500.0,675.0,12825.0
7899,5000009393,1000007000,20250823,2,1,15000.0,750.0,14250.0
7900,5000009395,1000007002,20241123,2,3,15750.0,945.0,46305.0
7901,5000009397,1000007004,20250621,2,3,15750.0,0.0,47250.0
7902,5000009398,1000007004,20250621,1,1,12000.0,1200.0,10800.0
7903,5000009399,1000007004,20250621,1,1,13200.0,264.0,12936.0
7904,5000009400,1000007005,20240213,1,2,13200.0,0.0,26400.0
7905,5000009401,1000007005,20240213,1,2,12000.0,0.0,24000.0
7906,5000009402,1000007006,20240117,2,1,16500.0,1650.0,14850.0
7907,5000009403,1000007006,20240117,2,2,13500.0,0.0,27000.0
7908,5000009404,1000007006,20240117,2,2,15000.0,3000.0,27000.0
7909,5000009405,1000007007,20250706,1,2,13200.0,2640.0,23760.0
7910,5000009406,1000007008,20250203,1,1,12000.0,240.0,11760.0
7911,5000009407,1000007009,20250303,2,3,15000.0,4500.0,40500.0
7912,5000009408,1000007010,20250930,1,1,13200.0,264.0,12936.0
7913,5000009409,1000007010,20250930,2,3,15750.0,2362.5,44887.5
7914,5000009410,1000007011,20250904,1,1,12000.0,1200.0,10800.0
7915,5000009413,1000007013,20240324,2,1,15000.0,0.0,15000.0
7916,5000009414,1000007014,20241230,1,1,13200.0,1320.0,11880.0
7917,5000009415,1000007014,20241230,1,1,10800.0,540.0,10260.0
7918,5000009416,1000007015,20241203,1,1,13200.0,0.0,13200.0
7919,5000009417,1000007016,20240409,2,3,15000.0,900.0,44100.0
7920,5000009418,1000007017,20240413,2,2,15750.0,3150.0,28350.0
7921,5000009419,1000007017,20240413,1,3,12000.0,720.0,35280.0
7922,5000009420,1000007018,20250729,1,2,12000.0,480.0,23520.0
7923,5000009421,1000007018,20250729,1,2,12000.0,1200.0,22800.0
7924,5000009422,1000007019,20240914,2,1,15000.0,0.0,15000.0
7925,5000009423,1000007019,20240914,1,3,12600.0,756.0,37044.0
7926,5000009424,1000007019,20240914,1,1,12000.0,0.0,12000.0
7927,5000009425,1000007020,20250715,2,1,15000.0,750.0,14250.0
7928,5000009426,1000007021,20240926,2,2,15000.0,3000.0,27000.0
7929,5000009427,1000007022,20240917,1,3,12600.0,1890.0,35910.0
7930,5000009428,1000007022,20240917,2,2,15000.0,3000.0,27000.0
7931,5000009429,1000007023,20250824,1,1,12000.0,240.0,11760.0
7932,5000009430,1000007023,20250824,2,3,13500.0,4050.0,36450.0
7933,5000009431,1000007024,20240117,1,1,10800.0,216.0,10584.0
7934,5000009432,1000007025,20241220,1,2,12000.0,2400.0,21600.0
7935,5000009433,1000007026,20240515,2,2,13500.0,1350.0,25650.0
7936,5000009434,1000007026,20240515,1,1,12000.0,1200.0,10800.0
7937,5000009435,1000007027,20240113,1,3,12000.0,720.0,35280.0
7938,5000009436,1000007028,20240103,1,3,13200.0,1980.0,37620.0
7939,5000009437,1000007028,20240103,1,2,12000.0,1200.0,22800.0
7940,5000009438,1000007028,20240103,2,2,13500.0,1350.0,25650.0
7941,5000009439,1000007029,20241028,2,2,15000.0,3000.0,27000.0
7942,5000009440,1000007030,20240316,2,3,13500.0,4050.0,36450.0
7943,5000009441,1000007030,20240316,2,2,13500.0,2700.0,24300.0
7944,5000009442,1000007031,20250205,2,1,16500.0,1650.0,14850.0
7945,5000009443,1000007032,20241026,1,2,12000.0,2400.0,21600.0
7946,5000009444,1000007033,20250524,1,1,12000.0,1200.0,10800.0
7947,5000009445,1000007034,20240220,1,1,10800.0,1080.0,9720.0
7948,5000009446,1000007035,20240923,2,1,15000.0,750.0,14250.0
7949,5000009447,1000007036,20240223,2,2,15000.0,0.0,30000.0
7950,5000009448,1000007037,20250331,2,2,15750.0,3150.0,28350.0
7951,5000009449,1000007037,20250331,1,2,13200.0,2640.0,23760.0
7952,5000009450,1000007038,20250722,2,3,15000.0,0.0,45000.0
7953,5000009451,1000007038,20250722,2,1,16500.0,825.0,15675.0
7954,5000009452,1000007039,20250713,1,2,12000.0,0.0,24000.0
7955,5000009453,1000007039,20250713,1,3,12000.0,0.0,36000.0
7956,5000009454,1000007040,20240617,2,2,15000.0,1500.0,28500.0
7957,5000009455,1000007041,20250323,1,1,12600.0,252.0,12348.0
7958,5000009456,1000007041,20250323,1,1,12000.0,240.0,11760.0
7959,5000009457,1000007041,20250323,2,1,16500.0,330.0,16170.0
7960,5000009458,1000007042,20240910,1,3,10800.0,1620.0,30780.0
7961,5000009459,1000007043,20240628,1,2,12000.0,2400.0,21600.0
7962,5000009461,1000007045,20240201,2,3,15000.0,0.0,45000.0
7963,5000009462,1000007046,20240705,1,1,12000.0,0.0,12000.0
7964,5000009464,1000007048,20240921,1,1,12000.0,0.0,12000.0
7965,5000009465,1000007049,20250308,2,2,15000.0,0.0,30000.0
7966,5000009468,1000007052,20241006,1,3,12000.0,1800.0,34200.0
7967,5000009469,1000007053,20240101,1,2,12600.0,504.0,24696.0
7968,5000009470,1000007054,20240126,1,1,12000.0,240.0,11760.0
7969,5000009471,1000007054,20240126,1,1,12000.0,0.0,12000.0
7970,5000009472,1000007055,20250313,2,2,15000.0,3000.0,27000.0
7971,5000009473,1000007056,20250829,2,1,15750.0,787.5,14962.5
7972,5000009474,1000007057,20241004,2,2,16500.0,0.0,33000.0
7973,5000009475,1000007057,20241004,2,3,15750.0,945.0,46305.0
7974,5000009476,1000007057,20241004,1,1,12000.0,600.0,11400.0
7975,5000009477,1000007058,20240107,1,1,10800.0,540.0,10260.0
7976,5000009478,1000007058,20240107,1,1,12000.0,240.0,11760.0
7977,5000009481,1000007060,20250813,2,2,15750.0,630.0,30870.0
7978,5000009482,1000007061,20250524,1,3,13200.0,792.0,38808.0
7979,5000009483,1000007062,20250909,1,2,12600.0,1260.0,23940.0
7980,5000009484,1000007063,20240314,2,2,15750.0,3150.0,28350.0
7981,5000009485,1000007064,20250629,1,2,12000.0,2400.0,21600.0
7982,5000009486,1000007064,20250629,2,1,13500.0,270.0,13230.0
7983,5000009487,1000007065,20241127,1,1,12000.0,240.0,11760.0
7984,5000009488,1000007065,20241127,1,3,10800.0,3240.0,29160.0
7985,5000009489,1000007065,20241127,2,3,15000.0,4500.0,40500.0
7986,5000009490,1000007066,20241009,2,2,13500.0,0.0,27000.0
7987,5000009491,1000007067,20240519,2,3,15000.0,2250.0,42750.0
7988,5000009492,1000007068,20250306,1,3,12000.0,1800.0,34200.0
7989,5000009493,1000007069,20240223,2,2,15000.0,600.0,29400.0
7990,5000009494,1000007069,20240223,1,3,12000.0,1800.0,34200.0
7991,5000009495,1000007070,20240724,2,3,15000.0,2250.0,42750.0
7992,5000009496,1000007070,20240724,2,3,15750.0,0.0,47250.0
7993,5000009497,1000007071,20250312,2,1,15000.0,750.0,14250.0
7994,5000009498,1000007071,20250312,2,1,13500.0,270.0,13230.0
7995,5000009501,1000007073,20240503,1,1,12600.0,630.0,11970.0
7996,5000009502,1000007074,20240531,2,2,13500.0,1350.0,25650.0
7997,5000009503,1000007074,20240531,2,1,15000.0,1500.0,13500.0
7998,5000009504,1000007075,20240920,2,3,15000.0,0.0,45000.0
7999,5000009505,1000007075,20240920,2,1,15000.0,750.0,14250.0
8000,5000009507,1000007077,20250823,2,1,15750.0,1575.0,14175.0
8001,5000009508,1000007078,20240208,1,3,12000.0,0.0,36000.0
8002,5000009509,1000007079,20240613,2,3,15000.0,4500.0,40500.0
8003,5000009510,1000007079,20240613,1,2,10800.0,1080.0,20520.0
8004,5000009511,1000007080,20240312,1,1,13200.0,0.0,13200.0
8005,5000009512,1000007081,20240609,2,3,15000.0,2250.0,42750.0
8006,5000009513,1000007082,20240104,2,3,15000.0,4500.0,40500.0
8007,5000009514,1000007082,20240104,2,3,13500.0,4050.0,36450.0
8008,5000009515,1000007082,20240104,2,1,15000.0,0.0,15000.0
8009,5000009516,1000007083,20250805,1,2,12000.0,0.0,24000.0
8010,5000009517,1000007084,20250528,1,1,12000.0,1200.0,10800.0
8011,5000009518,1000007084,20250528,2,3,16500.0,0.0,49500.0
8012,5000009519,1000007085,20241126,1,3,12000.0,0.0,36000.0
8013,5000009520,1000007086,20240924,2,1,15000.0,0.0,15000.0
8014,5000009521,1000007087,20240326,1,3,10800.0,0.0,32400.0
8015,5000009522,1000007088,20241207,1,1,12000.0,600.0,11400.0
8016,5000009523,1000007088,20241207,1,2,12000.0,2400.0,21600.0
8017,5000009524,1000007089,20240721,1,1,12000.0,0.0,12000.0
8018,5000009525,1000007090,20250618,1,1,12600.0,252.0,12348.0
8019,5000009526,1000007091,20240822,2,1,15000.0,300.0,14700.0
8020,5000009527,1000007092,20240822,2,2,13500.0,1350.0,25650.0
8021,5000009528,1000007093,20240109,1,3,13200.0,1980.0,37620.0
8022,5000009529,1000007093,20240109,2,1,15000.0,750.0,14250.0
8023,5000009531,1000007095,20250315,1,1,12000.0,240.0,11760.0
8024,5000009532,1000007095,20250315,1,3,12000.0,1800.0,34200.0
8025,5000009533,1000007096,20240827,1,2,12600.0,0.0,25200.0
8026,5000009534,1000007097,20250417,1,3,12000.0,0.0,36000.0
8027,5000009537,1000007099,20250912,1,1,10800.0,0.0,10800.0
8028,5000009538,1000007100,20250312,2,3,15000.0,0.0,45000.0
8029,5000009539,1000007101,20250519,1,3,12000.0,0.0,36000.0
8030,5000009540,1000007102,20241202,2,3,13500.0,2025.0,38475.0
8031,5000009541,1000007103,20240130,1,1,12000.0,600.0,11400.0
8032,5000009542,1000007104,20240617,1,3,12000.0,720.0,35280.0
8033,5000009543,1000007105,20250929,1,1,13200.0,660.0,12540.0
8034,5000009544,1000007106,20250828,2,1,16500.0,330.0,16170.0
8035,5000009545,1000007107,20250330,2,3,15000.0,0.0,45000.0
8036,5000009546,1000007107,20250330,1,2,13200.0,1320.0,25080.0
8037,5000009547,1000007108,20250605,1,2,12000.0,2400.0,21600.0
8038,5000009548,1000007108,20250605,1,1,10800.0,0.0,10800.0
8039,5000009549,1000007108,20250605,2,1,15000.0,300.0,14700.0
8040,5000009552,1000007110,20240204,1,1,13200.0,0.0,13200.0
8041,5000009553,1000007110,20240204,2,3,16500.0,990.0,48510.0
8042,5000009554,1000007111,20240522,1,3,12000.0,0.0,36000.0
8043,5000009555,1000007112,20250501,1,2,12000.0,2400.0,21600.0
8044,5000009556,1000007113,20250325,2,2,15000.0,1500.0,28500.0
8045,5000009557,1000007114,20250605,2,3,15000.0,0.0,45000.0
8046,5000009558,1000007115,20240831,1,1,12000.0,600.0,11400.0
8047,5000009559,1000007116,20250803,1,2,12000.0,0.0,24000.0
8048,5000009560,1000007117,20250130,1,3,10800.0,1620.0,30780.0
8049,5000009561,1000007118,20250422,1,3,12000.0,3600.0,32400.0
8050,5000009562,1000007119,20241215,2,2,13500.0,1350.0,25650.0
8051,5000009563,1000007120,20250227,1,2,13200.0,2640.0,23760.0
8052,5000009564,1000007121,20250626,2,2,15000.0,1500.0,28500.0
8053,5000009565,1000007122,20250818,2,2,16500.0,1650.0,31350.0
8054,5000009566,1000007122,20250818,2,3,15000.0,900.0,44100.0
8055,5000009569,1000007124,20240907,2,3,15750.0,0.0,47250.0
8056,5000009570,1000007125,20240303,2,3,15000.0,0.0,45000.0
8057,5000009571,1000007126,20250607,1,3,12000.0,0.0,36000.0
8058,5000009572,1000007126,20250607,1,3,10800.0,3240.0,29160.0
8059,5000009573,1000007127,20240311,1,3,12000.0,1800.0,34200.0
8060,5000009574,1000007128,20250924,1,3,12000.0,3600.0,32400.0
8061,5000009576,1000007130,20240311,1,2,10800.0,2160.0,19440.0
8062,5000009577,1000007131,20240422,2,2,15750.0,0.0,31500.0
8063,5000009579,1000007133,20240605,1,1,12000.0,1200.0,10800.0
8064,5000009580,1000007134,20250112,1,1,12600.0,0.0,12600.0
8065,5000009581,1000007134,20250112,1,3,10800.0,3240.0,29160.0
8066,5000009584,1000007136,20250328,2,1,16500.0,330.0,16170.0
8067,5000009585,1000007137,20250204,2,3,15000.0,4500.0,40500.0
8068,5000009586,1000007138,20250412,1,1,12600.0,1260.0,11340.0
8069,5000009588,1000007140,20250220,2,2,15000.0,3000.0,27000.0
8070,5000009589,1000007140,20250220,2,3,15000.0,4500.0,40500.0
8071,5000009590,1000007141,20241221,2,2,15000.0,1500.0,28500.0
8072,5000009592,1000007143,20240830,2,1,15000.0,1500.0,13500.0
8073,5000009593,1000007144,20240822,1,1,12000.0,0.0,12000.0
8074,5000009594,1000007144,20240822,2,3,13500.0,4050.0,36450.0
8075,5000009595,1000007145,20241229,2,1,15000.0,300.0,14700.0
8076,5000009596,1000007146,20250730,2,2,13500.0,1350.0,25650.0
8077,5000009597,1000007146,20250730,1,2,12000.0,0.0,24000.0
8078,5000009598,1000007146,20250730,2,2,15000.0,3000.0,27000.0
8079,5000009599,1000007147,20240507,2,2,15000.0,3000.0,27000.0
8080,5000009600,1000007147,20240507,2,1,15750.0,1575.0,14175.0
8081,5000009601,1000007148,20250723,1,2,12000.0,2400.0,21600.0
8082,5000009602,1000007149,20250709,2,3,15000.0,2250.0,42750.0
8083,5000009603,1000007150,20241217,2,2,15000.0,1500.0,28500.0
8084,5000009604,1000007151,20250721,2,3,15750.0,945.0,46305.0
8085,5000009605,1000007151,20250721,1,3,12000.0,0.0,36000.0
8086,5000009606,1000007151,20250721,2,3,15000.0,2250.0,42750.0
8087,5000009607,1000007152,20250905,1,3,12000.0,3600.0,32400.0
8088,5000009608,1000007153,20250730,1,3,12000.0,0.0,36000.0
8089,5000009609,1000007154,20250906,2,3,15750.0,2362.5,44887.5
8090,5000009610,1000007155,20240914,1,2,12000.0,1200.0,22800.0
8091,5000009611,1000007156,20250927,1,3,12600.0,0.0,37800.0
8092,5000009612,1000007156,20250927,2,3,15000.0,4500.0,40500.0
8093,5000009613,1000007157,20240928,1,3,12000.0,1800.0,34200.0
8094,5000009614,1000007157,20240928,2,3,15000.0,0.0,45000.0
8095,5000009615,1000007158,20250823,2,3,15000.0,0.0,45000.0
8096,5000009616,1000007159,20240929,2,3,15000.0,2250.0,42750.0
8097,5000009617,1000007160,20241023,2,1,16500.0,330.0,16170.0
8098,5000009618,1000007161,20240622,1,1,12000.0,600.0,11400.0
8099,5000009619,1000007162,20250520,1,1,10800.0,0.0,10800.0
8100,5000009620,1000007163,20240118,1,1,10800.0,216.0,10584.0
8101,5000009621,1000007163,20240118,2,1,15750.0,1575.0,14175.0
8102,5000009622,1000007163,20240118,1,2,10800.0,432.0,21168.0
8103,5000009623,1000007164,20241024,2,2,13500.0,2700.0,24300.0
8104,5000009625,1000007166,20240614,2,2,15000.0,3000.0,27000.0
8105,5000009626,1000007167,20250210,1,3,13200.0,3960.0,35640.0
8106,5000009627,1000007167,20250210,2,2,15000.0,1500.0,28500.0
8107,5000009628,1000007168,20250109,1,3,12600.0,0.0,37800.0
8108,5000009629,1000007169,20250911,1,1,12000.0,600.0,11400.0
8109,5000009630,1000007170,20250402,1,2,12000.0,2400.0,21600.0
8110,5000009631,1000007170,20250402,2,2,15000.0,600.0,29400.0
8111,5000009632,1000007171,20250126,1,2,12000.0,1200.0,22800.0
8112,5000009633,1000007172,20250712,2,3,15750.0,0.0,47250.0
8113,5000009634,1000007173,20250114,1,3,10800.0,3240.0,29160.0
8114,5000009635,1000007174,20250101,1,3,12600.0,1890.0,35910.0
8115,5000009636,1000007175,20250103,1,3,12000.0,0.0,36000.0
8116,5000009637,1000007175,20250103,1,2,12000.0,0.0,24000.0
8117,5000009638,1000007176,20240904,1,2,12000.0,480.0,23520.0
8118,5000009639,1000007177,20250408,1,1,10800.0,1080.0,9720.0
8119,5000009640,1000007178,20241013,2,1,15750.0,787.5,14962.5
8120,5000009641,1000007178,20241013,1,2,13200.0,0.0,26400.0
8121,5000009646,1000007181,20240229,1,2,12000.0,1200.0,22800.0
8122,5000009647,1000007181,20240229,1,2,12600.0,1260.0,23940.0
8123,5000009648,1000007182,20250516,1,1,10800.0,540.0,10260.0
8124,5000009649,1000007183,20240718,2,2,15000.0,600.0,29400.0
8125,5000009650,1000007183,20240718,1,3,12000.0,720.0,35280.0
8126,5000009651,1000007184,20240222,1,1,12000.0,1200.0,10800.0
8127,5000009652,1000007185,20250122,1,1,12000.0,600.0,11400.0
8128,5000009653,1000007185,20250122,1,1,12000.0,240.0,11760.0
8129,5000009656,1000007187,20240101,1,2,12000.0,0.0,24000.0
8130,5000009657,1000007188,20241224,2,2,15000.0,0.0,30000.0
8131,5000009658,1000007189,20240705,1,2,12000.0,0.0,24000.0
8132,5000009659,1000007190,20240523,1,3,12000.0,3600.0,32400.0
8133,5000009660,1000007191,20241122,2,3,16500.0,0.0,49500.0
8134,5000009661,1000007192,20250423,1,3,13200.0,0.0,39600.0
8135,5000009662,1000007193,20241119,2,2,15000.0,600.0,29400.0
8136,5000009663,1000007193,20241119,1,2,12000.0,1200.0,22800.0
8137,5000009664,1000007194,20240203,1,1,10800.0,216.0,10584.0
8138,5000009665,1000007195,20240627,1,2,12000.0,2400.0,21600.0
8139,5000009666,1000007196,20240903,2,1,15000.0,0.0,15000.0
8140,5000009667,1000007197,20250612,1,1,12000.0,1200.0,10800.0
8141,5000009668,1000007197,20250612,2,2,15000.0,0.0,30000.0
8142,5000009669,1000007197,20250612,2,2,15000.0,3000.0,27000.0
8143,5000009670,1000007198,20241012,1,2,10800.0,2160.0,19440.0
8144,5000009671,1000007198,20241012,1,3,13200.0,792.0,38808.0
8145,5000009672,1000007199,20250111,2,3,15000.0,0.0,45000.0
8146,5000009673,1000007199,20250111,2,1,15750.0,315.0,15435.0
8147,5000009674,1000007200,20240417,2,3,15750.0,0.0,47250.0
8148,5000009675,1000007201,20250123,2,1,15000.0,1500.0,13500.0
8149,5000009676,1000007202,20250125,2,2,16500.0,660.0,32340.0
8150,5000009677,1000007203,20241029,1,3,10800.0,0.0,32400.0
8151,5000009678,1000007204,20241115,1,2,12000.0,1200.0,22800.0
8152,5000009679,1000007204,20241115,2,1,15000.0,0.0,15000.0
8153,5000009680,1000007204,20241115,2,1,15000.0,750.0,14250.0
8154,5000009681,1000007205,20250311,1,1,10800.0,540.0,10260.0
8155,5000009682,1000007206,20250313,1,1,12600.0,0.0,12600.0
8156,5000009683,1000007207,20250819,1,1,12000.0,600.0,11400.0
8157,5000009684,1000007208,20250606,1,2,10800.0,432.0,21168.0
8158,5000009687,1000007210,20250428,1,2,10800.0,432.0,21168.0
8159,5000009688,1000007211,20250604,1,3,12000.0,720.0,35280.0
8160,5000009689,1000007212,20250819,2,3,15750.0,2362.5,44887.5
8161,5000009690,1000007212,20250819,2,1,15750.0,315.0,15435.0
8162,5000009691,1000007213,20250605,1,1,12000.0,1200.0,10800.0
8163,5000009692,1000007214,20250528,1,2,10800.0,1080.0,20520.0
8164,5000009694,1000007216,20241223,1,2,12000.0,2400.0,21600.0
8165,5000009695,1000007217,20241122,2,1,16500.0,330.0,16170.0
8166,5000009696,1000007217,20241122,1,3,12600.0,756.0,37044.0
8167,5000009697,1000007217,20241122,1,2,12000.0,480.0,23520.0
8168,5000009698,1000007218,20240806,2,2,16500.0,3300.0,29700.0
8169,5000009699,1000007219,20250713,1,3,12000.0,3600.0,32400.0
8170,5000009700,1000007220,20240705,1,3,12000.0,720.0,35280.0
8171,5000009701,1000007221,20250730,1,1,12000.0,600.0,11400.0
8172,5000009702,1000007221,20250730,2,3,15000.0,4500.0,40500.0
8173,5000009703,1000007222,20250113,2,1,15000.0,300.0,14700.0
8174,5000009704,1000007222,20250113,2,2,15000.0,0.0,30000.0
8175,5000009705,1000007223,20250615,1,3,12000.0,3600.0,32400.0
8176,5000009706,1000007224,20250519,2,1,15750.0,315.0,15435.0
8177,5000009707,1000007225,20250303,1,1,12000.0,1200.0,10800.0
8178,5000009708,1000007226,20240708,2,2,16500.0,660.0,32340.0
8179,5000009709,1000007227,20250820,1,3,12000.0,0.0,36000.0
8180,5000009710,1000007228,20240127,1,3,12000.0,3600.0,32400.0
8181,5000009711,1000007229,20250601,2,1,15750.0,315.0,15435.0
8182,5000009714,1000007231,20250302,2,1,15000.0,750.0,14250.0
8183,5000009715,1000007231,20250302,1,3,12000.0,1800.0,34200.0
8184,5000009716,1000007232,20241208,1,1,12000.0,1200.0,10800.0
8185,5000009717,1000007232,20241208,1,2,12600.0,1260.0,23940.0
8186,5000009718,1000007233,20240526,1,2,10800.0,0.0,21600.0
8187,5000009719,1000007233,20240526,1,3,12000.0,3600.0,32400.0
8188,5000009720,1000007234,20240825,2,1,15750.0,0.0,15750.0
8189,5000009721,1000007234,20240825,2,1,13500.0,0.0,13500.0
8190,5000009722,1000007235,20250730,2,2,15000.0,1500.0,28500.0
8191,5000009723,1000007236,20240719,2,1,15000.0,0.0,15000.0
8192,5000009724,1000007236,20240719,2,1,15000.0,1500.0,13500.0
8193,5000009725,1000007236,20240719,2,3,13500.0,4050.0,36450.0
8194,5000009728,1000007238,20250911,2,1,15750.0,1575.0,14175.0
8195,5000009729,1000007238,20250911,1,1,12000.0,240.0,11760.0
8196,5000009730,1000007239,20240217,1,3,10800.0,0.0,32400.0
8197,5000009731,1000007239,20240217,1,1,12600.0,252.0,12348.0
8198,5000009735,1000007242,20250528,1,1,12000.0,0.0,12000.0
8199,5000009736,1000007242,20250528,1,2,12000.0,2400.0,21600.0
8200,5000009737,1000007243,20250830,2,1,15000.0,1500.0,13500.0
8201,5000009738,1000007244,20250326,1,3,10800.0,0.0,32400.0
8202,5000009739,1000007244,20250326,2,3,15000.0,4500.0,40500.0
8203,5000009740,1000007244,20250326,1,3,12600.0,1890.0,35910.0
8204,5000009741,1000007245,20240211,1,1,12000.0,0.0,12000.0
8205,5000009742,1000007245,20240211,1,3,10800.0,0.0,32400.0
8206,5000009743,1000007246,20241111,1,3,12000.0,3600.0,32400.0
8207,5000009744,1000007247,20250515,1,2,10800.0,0.0,21600.0
8208,5000009745,1000007248,20240703,2,1,13500.0,1350.0,12150.0
8209,5000009746,1000007249,20250215,2,3,15000.0,0.0,45000.0
8210,5000009747,1000007250,20241202,1,2,13200.0,528.0,25872.0
8211,5000009748,1000007251,20250119,1,3,12600.0,3780.0,34020.0
8212,5000009749,1000007252,20241113,2,2,16500.0,1650.0,31350.0
8213,5000009750,1000007253,20250923,2,3,13500.0,0.0,40500.0
8214,5000009751,1000007254,20240608,2,2,15000.0,600.0,29400.0
8215,5000009752,1000007255,20241029,1,1,12600.0,1260.0,11340.0
8216,5000009753,1000007256,20241216,2,3,15000.0,0.0,45000.0
8217,5000009754,1000007257,20250628,2,3,15000.0,2250.0,42750.0
8218,5000009755,1000007258,20250224,1,3,10800.0,1620.0,30780.0
8219,5000009756,1000007259,20241016,1,3,12000.0,1800.0,34200.0
8220,5000009757,1000007259,20241016,2,2,16500.0,0.0,33000.0
8221,5000009758,1000007260,20250523,1,3,12600.0,756.0,37044.0
8222,5000009759,1000007261,20240729,1,2,12600.0,504.0,24696.0
8223,5000009760,1000007262,20241013,1,1,12000.0,600.0,11400.0
8224,5000009761,1000007263,20240521,1,3,12000.0,1800.0,34200.0
8225,5000009762,1000007264,20240325,2,1,15750.0,315.0,15435.0
8226,5000009763,1000007264,20240325,1,1,12600.0,0.0,12600.0
8227,5000009764,1000007265,20250101,1,2,10800.0,0.0,21600.0
8228,5000009765,1000007265,20250101,2,2,15000.0,3000.0,27000.0
8229,5000009766,1000007266,20250208,1,3,12000.0,1800.0,34200.0
8230,5000009767,1000007267,20250616,2,1,15750.0,0.0,15750.0
8231,5000009768,1000007268,20241206,1,3,10800.0,1620.0,30780.0
8232,5000009769,1000007268,20241206,2,1,15000.0,0.0,15000.0
8233,5000009770,1000007269,20250902,1,3,12000.0,720.0,35280.0
8234,5000009771,1000007269,20250902,2,2,15000.0,0.0,30000.0
8235,5000009772,1000007270,20241105,2,2,16500.0,0.0,33000.0
8236,5000009773,1000007271,20250424,1,2,12000.0,0.0,24000.0
8237,5000009774,1000007271,20250424,1,3,12000.0,1800.0,34200.0
8238,5000009778,1000007273,20240321,2,2,16500.0,1650.0,31350.0
8239,5000009779,1000007274,20250907,1,1,12000.0,1200.0,10800.0
8240,5000009780,1000007275,20240124,1,2,12600.0,504.0,24696.0
8241,5000009781,1000007276,20250723,2,3,15000.0,4500.0,40500.0
8242,5000009783,1000007278,20250604,1,2,12600.0,504.0,24696.0
8243,5000009784,1000007279,20250406,2,2,15750.0,630.0,30870.0
8244,5000009785,1000007280,20250328,2,3,15000.0,900.0,44100.0
8245,5000009786,1000007281,20250126,1,2,12000.0,2400.0,21600.0
8246,5000009787,1000007282,20240706,2,2,15750.0,0.0,31500.0
8247,5000009788,1000007283,20240125,2,2,13500.0,1350.0,25650.0
8248,5000009789,1000007284,20240705,2,3,13500.0,4050.0,36450.0
8249,5000009790,1000007285,20240922,1,2,12000.0,1200.0,22800.0
8250,5000009791,1000007285,20240922,2,3,15000.0,0.0,45000.0
8251,5000009793,1000007287,20250716,2,1,15000.0,300.0,14700.0
8252,5000009794,1000007288,20250124,2,2,13500.0,2700.0,24300.0
8253,5000009795,1000007289,20240729,2,1,15000.0,300.0,14700.0
8254,5000009796,1000007290,20250527,2,3,15000.0,900.0,44100.0
8255,5000009797,1000007291,20241110,1,2,12000.0,1200.0,22800.0
8256,5000009798,1000007292,20241103,2,2,15750.0,3150.0,28350.0
8257,5000009799,1000007293,20250206,1,3,12000.0,720.0,35280.0
8258,5000009800,1000007293,20250206,1,1,12000.0,0.0,12000.0
8259,5000009801,1000007293,20250206,2,1,13500.0,675.0,12825.0
8260,5000009802,1000007294,20250711,1,2,12000.0,480.0,23520.0
8261,5000009803,1000007295,20250520,2,1,15000.0,300.0,14700.0
8262,5000009804,1000007296,20241101,2,3,15000.0,2250.0,42750.0
8263,5000009805,1000007296,20241101,1,3,13200.0,3960.0,35640.0
8264,5000009806,1000007297,20240528,1,1,12000.0,1200.0,10800.0
8265,5000009807,1000007298,20240927,1,1,12600.0,252.0,12348.0
8266,5000009808,1000007298,20240927,2,1,15000.0,1500.0,13500.0
8267,5000009809,1000007298,20240927,1,1,12000.0,600.0,11400.0
8268,5000009810,1000007299,20250316,1,1,12000.0,240.0,11760.0
8269,5000009811,1000007300,20240510,1,1,10800.0,540.0,10260.0
8270,5000009812,1000007300,20240510,2,2,15000.0,1500.0,28500.0
8271,5000009815,1000007302,20250411,2,3,15000.0,0.0,45000.0
8272,5000009816,1000007303,20250619,2,1,15000.0,300.0,14700.0
8273,5000009817,1000007304,20240620,2,3,15000.0,2250.0,42750.0
8274,5000009818,1000007304,20240620,1,1,12000.0,1200.0,10800.0
8275,5000009819,1000007305,20250308,1,3,10800.0,0.0,32400.0
8276,5000009820,1000007306,20241216,2,3,15000.0,4500.0,40500.0
8277,5000009821,1000007307,20241112,2,3,15000.0,900.0,44100.0
8278,5000009822,1000007307,20241112,1,3,10800.0,648.0,31752.0
8279,5000009823,1000007307,20241112,1,3,12000.0,1800.0,34200.0
8280,5000009824,1000007308,20240412,1,3,10800.0,648.0,31752.0
8281,5000009825,1000007309,20241222,2,1,15000.0,750.0,14250.0
8282,5000009826,1000007310,20241004,2,2,15750.0,3150.0,28350.0
8283,5000009828,1000007312,20240514,1,3,12000.0,0.0,36000.0
8284,5000009830,1000007314,20250227,2,2,15750.0,630.0,30870.0
8285,5000009831,1000007315,20240610,2,1,16500.0,825.0,15675.0
8286,5000009832,1000007316,20250905,1,3,12000.0,0.0,36000.0
8287,5000009833,1000007317,20240220,1,2,12000.0,2400.0,21600.0
8288,5000009834,1000007318,20240714,1,2,12600.0,2520.0,22680.0
8289,5000009835,1000007319,20240501,1,1,12000.0,600.0,11400.0
8290,5000009836,1000007319,20240501,2,1,15000.0,0.0,15000.0
8291,5000009837,1000007319,20240501,2,2,15000.0,0.0,30000.0
8292,5000009839,1000007321,20250618,1,3,12000.0,1800.0,34200.0
8293,5000009840,1000007321,20250618,1,2,12000.0,0.0,24000.0
8294,5000009841,1000007322,20250602,2,1,16500.0,1650.0,14850.0
8295,5000009842,1000007323,20250213,1,3,12000.0,1800.0,34200.0
8296,5000009843,1000007324,20241112,1,3,12000.0,720.0,35280.0
8297,5000009844,1000007325,20240927,1,3,12000.0,3600.0,32400.0
8298,5000009845,1000007326,20240413,2,3,15000.0,0.0,45000.0
8299,5000009846,1000007327,20241115,1,1,12000.0,1200.0,10800.0
8300,5000009847,1000007328,20241210,1,3,10800.0,648.0,31752.0
8301,5000009848,1000007328,20241210,1,3,12000.0,3600.0,32400.0
8302,5000009849,1000007329,20250523,2,3,15000.0,900.0,44100.0
8303,5000009850,1000007330,20250417,2,3,15000.0,900.0,44100.0
8304,5000009851,1000007331,20240715,2,2,16500.0,3300.0,29700.0
8305,5000009852,1000007332,20250917,1,3,12000.0,3600.0,32400.0
8306,5000009853,1000007333,20241022,1,2,12000.0,2400.0,21600.0
8307,5000009854,1000007333,20241022,2,3,15000.0,2250.0,42750.0
8308,5000009855,1000007334,20240815,1,3,12000.0,3600.0,32400.0
8309,5000009856,1000007335,20250707,1,2,12600.0,504.0,24696.0
8310,5000009857,1000007335,20250707,2,3,15000.0,900.0,44100.0
8311,5000009858,1000007335,20250707,1,2,12000.0,0.0,24000.0
8312,5000009859,1000007336,20250205,1,1,12000.0,1200.0,10800.0
8313,5000009860,1000007336,20250205,1,3,12000.0,0.0,36000.0
8314,5000009861,1000007337,20240223,1,2,12000.0,2400.0,21600.0
8315,5000009862,1000007337,20240223,1,2,10800.0,0.0,21600.0
8316,5000009865,1000007340,20241001,2,1,16500.0,825.0,15675.0
8317,5000009866,1000007341,20250212,2,1,15000.0,750.0,14250.0
8318,5000009867,1000007342,20240801,1,1,10800.0,540.0,10260.0
8319,5000009868,1000007343,20240708,2,3,15000.0,2250.0,42750.0
8320,5000009869,1000007343,20240708,2,3,16500.0,990.0,48510.0
8321,5000009870,1000007343,20240708,1,2,13200.0,2640.0,23760.0
8322,5000009871,1000007344,20250325,2,2,15000.0,0.0,30000.0
8323,5000009872,1000007345,20250730,2,2,13500.0,540.0,26460.0
8324,5000009874,1000007347,20250224,2,3,13500.0,4050.0,36450.0
8325,5000009875,1000007348,20241010,1,3,10800.0,3240.0,29160.0
8326,5000009876,1000007349,20250627,1,2,13200.0,528.0,25872.0
8327,5000009877,1000007350,20240315,1,1,12000.0,600.0,11400.0
8328,5000009878,1000007351,20240604,2,2,15000.0,600.0,29400.0
8329,5000009879,1000007351,20240604,2,3,15000.0,4500.0,40500.0
8330,5000009880,1000007352,20240519,1,3,10800.0,0.0,32400.0
8331,5000009881,1000007352,20240519,1,2,12000.0,1200.0,22800.0
8332,5000009882,1000007352,20240519,2,2,15750.0,0.0,31500.0
8333,5000009884,1000007354,20240427,1,2,12600.0,504.0,24696.0
8334,5000009885,1000007354,20240427,1,1,12000.0,0.0,12000.0
8335,5000009888,1000007356,20250605,2,1,15000.0,1500.0,13500.0
8336,5000009889,1000007357,20240523,2,1,15000.0,750.0,14250.0
8337,5000009890,1000007358,20250705,1,2,12000.0,2400.0,21600.0
8338,5000009891,1000007359,20250614,1,2,13200.0,1320.0,25080.0
8339,5000009892,1000007360,20240606,2,2,15000.0,0.0,30000.0
8340,5000009893,1000007361,20241002,2,3,15000.0,4500.0,40500.0
8341,5000009894,1000007362,20250628,2,1,15000.0,300.0,14700.0
8342,5000009895,1000007363,20250112,1,3,12000.0,1800.0,34200.0
8343,5000009896,1000007363,20250112,1,1,12000.0,0.0,12000.0
8344,5000009897,1000007364,20240314,2,2,15000.0,0.0,30000.0
8345,5000009900,1000007366,20250406,1,1,12000.0,240.0,11760.0
8346,5000009901,1000007367,20250510,1,3,12000.0,1800.0,34200.0
8347,5000009903,1000007369,20240109,1,3,12000.0,3600.0,32400.0
8348,5000009904,1000007369,20240109,2,2,15000.0,600.0,29400.0
8349,5000009905,1000007369,20240109,2,1,15000.0,0.0,15000.0
8350,5000009906,1000007370,20240518,2,1,15000.0,0.0,15000.0
8351,5000009907,1000007370,20240518,1,3,12000.0,0.0,36000.0
8352,5000009912,1000007374,20241007,2,2,15000.0,0.0,30000.0
8353,5000009913,1000007375,20241008,1,2,12000.0,480.0,23520.0
8354,5000009914,1000007375,20241008,2,2,13500.0,540.0,26460.0
8355,5000009915,1000007376,20250902,2,3,15000.0,900.0,44100.0
8356,5000009916,1000007376,20250902,2,3,15000.0,4500.0,40500.0
8357,5000009917,1000007376,20250902,2,1,15000.0,300.0,14700.0
8358,5000009918,1000007377,20240930,1,3,12000.0,720.0,35280.0
8359,5000009919,1000007377,20240930,2,2,15000.0,3000.0,27000.0
8360,5000009920,1000007378,20241001,1,3,10800.0,0.0,32400.0
8361,5000009921,1000007379,20240726,2,3,16500.0,2475.0,47025.0
8362,5000009922,1000007379,20240726,2,2,15750.0,1575.0,29925.0
8363,5000009923,1000007380,20250213,2,1,13500.0,0.0,13500.0
8364,5000009924,1000007380,20250213,2,3,15000.0,4500.0,40500.0
8365,5000009925,1000007381,20250718,1,3,12000.0,3600.0,32400.0
8366,5000009926,1000007381,20250718,2,3,16500.0,2475.0,47025.0
8367,5000009927,1000007382,20240908,1,3,13200.0,3960.0,35640.0
8368,5000009928,1000007383,20240222,1,2,12000.0,1200.0,22800.0
8369,5000009929,1000007383,20240222,1,3,12600.0,0.0,37800.0
8370,5000009931,1000007385,20241214,2,1,15000.0,300.0,14700.0
8371,5000009932,1000007386,20240726,2,3,13500.0,2025.0,38475.0
8372,5000009933,1000007387,20240821,1,2,12000.0,0.0,24000.0
8373,5000009934,1000007388,20240229,2,1,16500.0,0.0,16500.0
8374,5000009935,1000007388,20240229,1,1,12000.0,0.0,12000.0
8375,5000009936,1000007389,20240902,1,1,12000.0,0.0,12000.0
8376,5000009937,1000007390,20240726,2,3,16500.0,4950.0,44550.0
8377,5000009938,1000007390,20240726,2,2,15000.0,1500.0,28500.0
8378,5000009939,1000007391,20250426,1,3,12000.0,720.0,35280.0
8379,5000009941,1000007393,20240111,2,3,15000.0,4500.0,40500.0
8380,5000009943,1000007395,20240615,1,3,12000.0,3600.0,32400.0
8381,5000009944,1000007396,20250903,1,2,12000.0,0.0,24000.0
8382,5000009945,1000007397,20241217,1,2,12000.0,1200.0,22800.0
8383,5000009947,1000007399,20250517,2,2,13500.0,0.0,27000.0
8384,5000009948,1000007399,20250517,2,1,15000.0,1500.0,13500.0
8385,5000009949,1000007399,20250517,2,1,15750.0,0.0,15750.0
8386,5000009950,1000007400,20240109,2,1,15000.0,300.0,14700.0
8387,5000009951,1000007400,20240109,1,3,13200.0,0.0,39600.0
8388,5000009952,1000007401,20240514,1,3,12000.0,1800.0,34200.0
8389,5000009953,1000007402,20241229,2,2,16500.0,1650.0,31350.0
8390,5000009954,1000007403,20241225,1,3,12000.0,0.0,36000.0
8391,5000009955,1000007404,20241126,1,3,12600.0,756.0,37044.0
8392,5000009956,1000007405,20250311,2,2,15000.0,0.0,30000.0
8393,5000009957,1000007405,20250311,2,3,15750.0,2362.5,44887.5
8394,5000009958,1000007406,20241012,2,2,16500.0,660.0,32340.0
8395,5000009959,1000007407,20240325,2,2,16500.0,660.0,32340.0
8396,5000009960,1000007407,20240325,2,2,15000.0,3000.0,27000.0
8397,5000009961,1000007408,20240407,1,2,12000.0,2400.0,21600.0
8398,5000009962,1000007409,20250917,2,2,15000.0,0.0,30000.0
8399,5000009963,1000007410,20240707,1,3,12000.0,0.0,36000.0
8400,5000009964,1000007411,20241115,1,1,10800.0,540.0,10260.0
8401,5000009966,1000007413,20240424,1,1,13200.0,264.0,12936.0
8402,5000009967,1000007414,20250805,1,3,12600.0,3780.0,34020.0
8403,5000009968,1000007415,20250129,2,3,16500.0,990.0,48510.0
8404,5000009969,1000007415,20250129,2,3,16500.0,0.0,49500.0
8405,5000009970,1000007416,20240331,1,3,12000.0,720.0,35280.0
8406,5000009971,1000007417,20240518,1,1,10800.0,540.0,10260.0
8407,5000009972,1000007418,20250810,2,3,16500.0,990.0,48510.0
8408,5000009973,1000007418,20250810,1,2,12000.0,0.0,24000.0
8409,5000009975,1000007420,20250331,2,3,15000.0,4500.0,40500.0
8410,5000009976,1000007421,20250805,1,3,12000.0,720.0,35280.0
8411,5000009977,1000007422,20250823,1,2,12000.0,1200.0,22800.0
8412,5000009978,1000007423,20250221,1,2,13200.0,1320.0,25080.0
8413,5000009982,1000007425,20250609,2,3,15000.0,2250.0,42750.0
8414,5000009983,1000007426,20240505,1,1,10800.0,540.0,10260.0
8415,5000009984,1000007427,20241220,1,1,12000.0,600.0,11400.0
8416,5000009985,1000007428,20250618,1,3,12600.0,3780.0,34020.0
8417,5000009986,1000007429,20240901,1,2,12000.0,480.0,23520.0
8418,5000009987,1000007430,20241126,2,1,16500.0,1650.0,14850.0
8419,5000009988,1000007431,20240219,2,2,15000.0,600.0,29400.0
8420,5000009989,1000007432,20240302,1,1,10800.0,216.0,10584.0
8421,5000009990,1000007433,20250227,1,1,12600.0,0.0,12600.0
8422,5000009991,1000007434,20250922,1,1,12000.0,1200.0,10800.0
8423,5000009992,1000007435,20240425,1,1,12000.0,1200.0,10800.0
8424,5000009993,1000007436,20240303,2,3,15000.0,900.0,44100.0
8425,5000009994,1000007437,20240130,1,2,12000.0,2400.0,21600.0
8426,5000009995,1000007438,20250516,1,2,10800.0,432.0,21168.0
8427,5000009996,1000007439,20250604,1,1,12000.0,240.0,11760.0
8428,5000009999,1000007442,20250202,2,1,16500.0,825.0,15675.0
8429,5000010000,1000007443,20241208,1,3,12600.0,756.0,37044.0
8430,5000010001,1000007443,20241208,2,1,16500.0,330.0,16170.0
8431,5000010002,1000007444,20250527,2,2,15000.0,0.0,30000.0
8432,5000010003,1000007444,20250527,1,3,12600.0,756.0,37044.0
8433,5000010004,1000007444,20250527,2,2,15000.0,600.0,29400.0
8434,5000010005,1000007445,20250617,2,2,15000.0,0.0,30000.0
8435,5000010006,1000007446,20250407,2,1,15750.0,787.5,14962.5
8436,5000010007,1000007447,20240918,1,2,12000.0,1200.0,22800.0
8437,5000010008,1000007447,20240918,2,3,15000.0,4500.0,40500.0
8438,5000010009,1000007448,20241120,2,2,15000.0,3000.0,27000.0
8439,5000010010,1000007449,20240224,2,2,15750.0,0.0,31500.0
8440,5000010011,1000007450,20250918,1,2,12000.0,480.0,23520.0
8441,5000010012,1000007450,20250918,1,2,10800.0,0.0,21600.0
8442,5000010013,1000007451,20250502,2,2,13500.0,2700.0,24300.0
8443,5000010015,1000007453,20250927,1,2,12000.0,2400.0,21600.0
8444,5000010016,1000007454,20240626,2,2,15000.0,600.0,29400.0
8445,5000010017,1000007454,20240626,2,1,15000.0,1500.0,13500.0
8446,5000010018,1000007455,20240505,1,3,12000.0,1800.0,34200.0
8447,5000010019,1000007455,20240505,2,1,15000.0,0.0,15000.0
8448,5000010020,1000007456,20240409,1,3,12000.0,720.0,35280.0
8449,5000010021,1000007457,20241110,2,1,15000.0,1500.0,13500.0
8450,5000010022,1000007458,20250323,1,1,12000.0,0.0,12000.0
8451,5000010023,1000007459,20240324,2,1,15000.0,1500.0,13500.0
8452,5000010024,1000007460,20250219,2,1,15000.0,300.0,14700.0
8453,5000010026,1000007462,20240426,2,1,13500.0,675.0,12825.0
8454,5000010027,1000007463,20250919,1,3,12600.0,0.0,37800.0
8455,5000010029,1000007465,20240828,1,3,12000.0,0.0,36000.0
8456,5000010030,1000007466,20240406,2,1,15000.0,750.0,14250.0
8457,5000010031,1000007467,20250122,1,2,12000.0,480.0,23520.0
8458,5000010032,1000007468,20240228,2,2,13500.0,2700.0,24300.0
8459,5000010033,1000007469,20250602,2,3,16500.0,2475.0,47025.0
8460,5000010034,1000007469,20250602,2,2,15750.0,630.0,30870.0
8461,5000010035,1000007470,20241119,1,1,13200.0,1320.0,11880.0
8462,5000010036,1000007471,20250328,1,1,12600.0,630.0,11970.0
8463,5000010037,1000007471,20250328,2,3,15750.0,2362.5,44887.5
8464,5000010038,1000007472,20240721,2,3,16500.0,0.0,49500.0
8465,5000010039,1000007473,20240626,1,3,12000.0,1800.0,34200.0
8466,5000010040,1000007474,20250423,2,3,15000.0,900.0,44100.0
8467,5000010041,1000007474,20250423,2,2,13500.0,540.0,26460.0
8468,5000010042,1000007475,20250825,1,3,12000.0,720.0,35280.0
8469,5000010043,1000007476,20240625,1,2,12000.0,0.0,24000.0
8470,5000010044,1000007476,20240625,1,2,12000.0,0.0,24000.0
8471,5000010045,1000007477,20241212,2,3,13500.0,0.0,40500.0
8472,5000010047,1000007479,20250620,1,3,12000.0,0.0,36000.0
8473,5000010048,1000007480,20240302,1,1,12000.0,1200.0,10800.0
8474,5000010050,1000007482,20250330,2,2,15000.0,600.0,29400.0
8475,5000010051,1000007483,20250412,1,2,12000.0,2400.0,21600.0
8476,5000010052,1000007484,20250916,2,2,13500.0,0.0,27000.0
8477,5000010053,1000007485,20240317,2,2,16500.0,1650.0,31350.0
8478,5000010054,1000007485,20240317,1,3,12000.0,3600.0,32400.0
8479,5000010055,1000007485,20240317,1,2,10800.0,0.0,21600.0
8480,5000010056,1000007486,20250912,1,3,12000.0,3600.0,32400.0
8481,5000010057,1000007487,20240818,1,1,13200.0,264.0,12936.0
8482,5000010058,1000007487,20240818,1,3,12000.0,720.0,35280.0
8483,5000010059,1000007488,20240303,1,2,13200.0,2640.0,23760.0
8484,5000010060,1000007489,20240525,2,3,15750.0,4725.0,42525.0
8485,5000010061,1000007490,20250314,1,2,12600.0,2520.0,22680.0
8486,5000010062,1000007491,20240814,2,1,15000.0,1500.0,13500.0
8487,5000010063,1000007492,20240320,1,2,12000.0,480.0,23520.0
8488,5000010064,1000007493,20240403,2,2,15000.0,600.0,29400.0
8489,5000010065,1000007494,20250519,1,2,12600.0,2520.0,22680.0
8490,5000010066,1000007495,20240514,1,1,13200.0,1320.0,11880.0
8491,5000010067,1000007496,20241108,2,1,15000.0,1500.0,13500.0
8492,5000010068,1000007497,20250101,2,2,15000.0,3000.0,27000.0
8493,5000010069,1000007498,20240716,1,1,12600.0,1260.0,11340.0
8494,5000010072,1000007500,20250204,1,1,12600.0,0.0,12600.0
8495,5000010073,1000007501,20241007,2,3,15000.0,0.0,45000.0
8496,5000010074,1000007502,20240604,1,1,12000.0,1200.0,10800.0
8497,5000010075,1000007503,20240523,2,1,15000.0,300.0,14700.0
8498,5000010076,1000007504,20250523,1,1,12000.0,1200.0,10800.0
8499,5000010077,1000007504,20250523,1,3,12000.0,3600.0,32400.0
8500,5000010078,1000007504,20250523,1,1,10800.0,0.0,10800.0
8501,5000010079,1000007505,20240305,2,3,13500.0,810.0,39690.0
8502,5000010080,1000007506,20240505,1,3,13200.0,1980.0,37620.0
8503,5000010081,1000007507,20240101,2,1,15750.0,315.0,15435.0
8504,5000010082,1000007507,20240101,1,1,12000.0,600.0,11400.0
8505,5000010083,1000007507,20240101,1,2,12000.0,480.0,23520.0
8506,5000010085,1000007509,20250412,1,1,10800.0,0.0,10800.0
8507,5000010086,1000007510,20250728,1,3,12600.0,756.0,37044.0
8508,5000010088,1000007512,20241124,2,3,15000.0,0.0,45000.0
8509,5000010089,1000007512,20241124,2,2,15000.0,600.0,29400.0
8510,5000010090,1000007513,20240915,1,3,12000.0,3600.0,32400.0
8511,5000010091,1000007513,20240915,2,1,15000.0,300.0,14700.0
8512,5000010092,1000007514,20241109,1,3,12000.0,0.0,36000.0
8513,5000010093,1000007515,20241230,2,2,15000.0,0.0,30000.0
8514,5000010094,1000007516,20250111,2,1,15000.0,750.0,14250.0
8515,5000010095,1000007517,20240829,1,2,12000.0,1200.0,22800.0
8516,5000010096,1000007518,20240124,2,3,15000.0,4500.0,40500.0
8517,5000010097,1000007519,20241207,1,3,12000.0,3600.0,32400.0
8518,5000010098,1000007520,20240318,2,3,15000.0,4500.0,40500.0
8519,5000010099,1000007521,20241004,1,3,10800.0,0.0,32400.0
8520,5000010101,1000007523,20240907,2,1,13500.0,675.0,12825.0
8521,5000010102,1000007523,20240907,1,2,10800.0,432.0,21168.0
8522,5000010103,1000007524,20240926,2,3,15750.0,2362.5,44887.5
8523,5000010104,1000007524,20240926,2,3,15000.0,0.0,45000.0
8524,5000010105,1000007524,20240926,2,2,13500.0,540.0,26460.0
8525,5000010106,1000007525,20240831,1,3,12000.0,1800.0,34200.0
8526,5000010107,1000007526,20240528,2,1,15750.0,0.0,15750.0
8527,5000010108,1000007526,20240528,1,2,12000.0,480.0,23520.0
8528,5000010109,1000007527,20250908,2,3,15000.0,4500.0,40500.0
8529,5000010110,1000007528,20250507,1,1,12000.0,0.0,12000.0
8530,5000010111,1000007529,20250724,1,3,12600.0,0.0,37800.0
8531,5000010112,1000007530,20240322,2,3,15000.0,4500.0,40500.0
8532,5000010113,1000007530,20240322,2,3,15000.0,900.0,44100.0
8533,5000010114,1000007531,20250222,1,2,12000.0,1200.0,22800.0
8534,5000010118,1000007534,20240622,2,3,15000.0,4500.0,40500.0
8535,5000010119,1000007535,20250520,1,2,12000.0,480.0,23520.0
8536,5000010120,1000007536,20240822,2,2,13500.0,0.0,27000.0
8537,5000010121,1000007537,20240918,1,3,12000.0,1800.0,34200.0
8538,5000010122,1000007537,20240918,1,2,10800.0,432.0,21168.0
8539,5000010123,1000007538,20250531,2,2,13500.0,1350.0,25650.0
8540,5000010124,1000007539,20240519,1,1,12000.0,240.0,11760.0
8541,5000010125,1000007539,20240519,1,2,12000.0,1200.0,22800.0
8542,5000010126,1000007540,20240323,2,1,15000.0,300.0,14700.0
8543,5000010129,1000007542,20250206,2,1,15000.0,1500.0,13500.0
8544,5000010130,1000007543,20240830,1,1,12000.0,600.0,11400.0
8545,5000010131,1000007544,20240208,1,1,10800.0,0.0,10800.0
8546,5000010132,1000007545,20250416,2,3,16500.0,2475.0,47025.0
8547,5000010133,1000007546,20250809,1,2,10800.0,2160.0,19440.0
8548,5000010134,1000007547,20250523,1,2,12000.0,1200.0,22800.0
8549,5000010135,1000007548,20240613,1,2,12000.0,480.0,23520.0
8550,5000010136,1000007549,20240920,1,2,12000.0,0.0,24000.0
8551,5000010137,1000007550,20240102,1,1,13200.0,264.0,12936.0
8552,5000010139,1000007552,20240512,1,3,12600.0,756.0,37044.0
8553,5000010140,1000007553,20240310,1,2,10800.0,0.0,21600.0
8554,5000010141,1000007554,20250602,1,2,10800.0,1080.0,20520.0
8555,5000010142,1000007555,20250703,2,1,15000.0,300.0,14700.0
8556,5000010144,1000007557,20240525,1,3,12000.0,0.0,36000.0
8557,5000010145,1000007558,20240124,1,1,13200.0,264.0,12936.0
8558,5000010146,1000007559,20241001,2,2,15000.0,3000.0,27000.0
8559,5000010147,1000007559,20241001,1,2,12000.0,1200.0,22800.0
8560,5000010149,1000007561,20241107,2,2,15000.0,1500.0,28500.0
8561,5000010150,1000007562,20240129,1,3,12000.0,0.0,36000.0
8562,5000010151,1000007562,20240129,2,3,15000.0,4500.0,40500.0
8563,5000010152,1000007563,20250113,2,2,15000.0,600.0,29400.0
8564,5000010153,1000007564,20240411,1,2,13200.0,1320.0,25080.0
8565,5000010154,1000007565,20250614,2,2,16500.0,660.0,32340.0
8566,5000010155,1000007566,20241024,2,1,15000.0,750.0,14250.0
8567,5000010156,1000007566,20241024,2,3,13500.0,4050.0,36450.0
8568,5000010157,1000007566,20241024,1,1,12600.0,1260.0,11340.0
8569,5000010158,1000007567,20240707,2,3,16500.0,2475.0,47025.0
8570,5000010159,1000007568,20240226,2,1,16500.0,330.0,16170.0
8571,5000010160,1000007568,20240226,2,3,15000.0,4500.0,40500.0
8572,5000010161,1000007569,20240110,2,3,15750.0,945.0,46305.0
8573,5000010162,1000007570,20250919,1,3,10800.0,0.0,32400.0
8574,5000010163,1000007570,20250919,1,2,12000.0,2400.0,21600.0
8575,5000010165,1000007572,20240629,1,3,12000.0,720.0,35280.0
8576,5000010166,1000007573,20250705,1,1,12000.0,1200.0,10800.0
8577,5000010167,1000007573,20250705,1,3,12000.0,3600.0,32400.0
8578,5000010168,1000007574,20240914,2,2,15000.0,3000.0,27000.0
8579,5000010169,1000007575,20240201,2,3,15000.0,900.0,44100.0
8580,5000010170,1000007575,20240201,2,2,15000.0,1500.0,28500.0
8581,5000010171,1000007576,20240716,2,2,13500.0,0.0,27000.0
8582,5000010172,1000007577,20240727,1,1,10800.0,0.0,10800.0
8583,5000010173,1000007577,20240727,2,2,16500.0,1650.0,31350.0
8584,5000010174,1000007578,20250418,1,3,13200.0,0.0,39600.0
8585,5000010175,1000007579,20250412,2,3,15000.0,900.0,44100.0
8586,5000010177,1000007581,20240616,1,3,12000.0,1800.0,34200.0
8587,5000010180,1000007583,20240910,1,1,12000.0,0.0,12000.0
8588,5000010181,1000007583,20240910,1,3,12000.0,720.0,35280.0
8589,5000010183,1000007585,20250610,2,3,15000.0,4500.0,40500.0
8590,5000010184,1000007586,20250622,1,1,12600.0,0.0,12600.0
8591,5000010185,1000007587,20250129,1,2,12000.0,0.0,24000.0
8592,5000010186,1000007588,20240409,1,3,12000.0,3600.0,32400.0
8593,5000010187,1000007588,20240409,1,1,13200.0,264.0,12936.0
8594,5000010188,1000007589,20240803,1,1,12600.0,252.0,12348.0
8595,5000010189,1000007590,20250824,1,2,12600.0,2520.0,22680.0
8596,5000010190,1000007591,20250621,1,1,12000.0,600.0,11400.0
8597,5000010191,1000007591,20250621,1,2,10800.0,432.0,21168.0
8598,5000010192,1000007591,20250621,2,3,15750.0,945.0,46305.0
8599,5000010193,1000007592,20241002,2,2,15000.0,0.0,30000.0
8600,5000010194,1000007593,20240928,1,1,12000.0,600.0,11400.0
8601,5000010195,1000007593,20240928,1,2,12000.0,1200.0,22800.0
8602,5000010196,1000007594,20240219,1,1,12600.0,252.0,12348.0
8603,5000010197,1000007595,20250728,1,3,12000.0,1800.0,34200.0
8604,5000010198,1000007596,20240524,2,3,15000.0,0.0,45000.0
8605,5000010199,1000007597,20240806,2,3,15000.0,900.0,44100.0
8606,5000010200,1000007598,20250317,2,3,15000.0,2250.0,42750.0
8607,5000010201,1000007598,20250317,1,1,12600.0,252.0,12348.0
8608,5000010202,1000007599,20250909,1,3,12000.0,0.0,36000.0
8609,5000010203,1000007599,20250909,1,2,12000.0,1200.0,22800.0
8610,5000010204,1000007600,20250303,2,3,15000.0,2250.0,42750.0
8611,5000010205,1000007600,20250303,2,2,15000.0,600.0,29400.0
8612,5000010206,1000007601,20250222,1,3,12000.0,1800.0,34200.0
8613,5000010207,1000007602,20240331,1,1,13200.0,264.0,12936.0
8614,5000010208,1000007602,20240331,2,1,15750.0,787.5,14962.5
8615,5000010211,1000007605,20250118,2,2,15000.0,600.0,29400.0
8616,5000010212,1000007605,20250118,1,3,10800.0,0.0,32400.0
8617,5000010213,1000007606,20241109,2,3,15000.0,4500.0,40500.0
8618,5000010214,1000007607,20241224,1,2,12000.0,480.0,23520.0
8619,5000010215,1000007608,20250205,2,2,15750.0,3150.0,28350.0
8620,5000010217,1000007610,20250117,2,2,16500.0,0.0,33000.0
8621,5000010218,1000007611,20240323,2,3,13500.0,2025.0,38475.0
8622,5000010219,1000007612,20250420,1,1,12600.0,0.0,12600.0
8623,5000010223,1000007614,20241205,1,3,12000.0,720.0,35280.0
8624,5000010224,1000007614,20241205,2,1,15000.0,1500.0,13500.0
8625,5000010225,1000007614,20241205,1,3,12000.0,0.0,36000.0
8626,5000010227,1000007616,20250107,2,3,13500.0,4050.0,36450.0
8627,5000010228,1000007616,20250107,2,2,13500.0,1350.0,25650.0
8628,5000010229,1000007617,20240831,1,2,10800.0,432.0,21168.0
8629,5000010230,1000007618,20250317,2,3,15000.0,2250.0,42750.0
8630,5000010231,1000007619,20240816,1,3,13200.0,792.0,38808.0
8631,5000010232,1000007620,20240908,2,2,13500.0,0.0,27000.0
8632,5000010233,1000007620,20240908,1,2,12600.0,1260.0,23940.0
8633,5000010234,1000007620,20240908,2,3,15750.0,0.0,47250.0
8634,5000010235,1000007621,20240724,2,3,15000.0,0.0,45000.0
8635,5000010236,1000007622,20241006,1,1,12000.0,600.0,11400.0
8636,5000010237,1000007622,20241006,2,1,16500.0,0.0,16500.0
8637,5000010238,1000007623,20241015,2,1,15000.0,750.0,14250.0
8638,5000010239,1000007624,20250419,2,1,15750.0,0.0,15750.0
8639,5000010240,1000007625,20250512,1,1,12000.0,0.0,12000.0
8640,5000010241,1000007626,20240122,1,3,12600.0,1890.0,35910.0
8641,5000010242,1000007626,20240122,1,2,13200.0,2640.0,23760.0
8642,5000010243,1000007627,20240608,1,3,13200.0,792.0,38808.0
8643,5000010246,1000007629,20250421,2,1,15000.0,1500.0,13500.0
8644,5000010247,1000007629,20250421,2,3,13500.0,2025.0,38475.0
8645,5000010248,1000007630,20250222,2,3,15000.0,0.0,45000.0
8646,5000010249,1000007631,20240727,2,3,15000.0,900.0,44100.0
8647,5000010250,1000007631,20240727,1,3,13200.0,1980.0,37620.0
8648,5000010253,1000007633,20250513,1,3,12000.0,720.0,35280.0
8649,5000010254,1000007633,20250513,1,2,12000.0,0.0,24000.0
8650,5000010255,1000007634,20240814,1,1,12000.0,240.0,11760.0
8651,5000010256,1000007635,20240704,2,1,13500.0,1350.0,12150.0
8652,5000010257,1000007635,20240704,1,2,13200.0,2640.0,23760.0
8653,5000010258,1000007636,20240316,1,1,12000.0,240.0,11760.0
8654,5000010259,1000007637,20250414,1,2,12000.0,480.0,23520.0
8655,5000010260,1000007637,20250414,1,3,12600.0,0.0,37800.0
8656,5000010261,1000007638,20240914,2,3,13500.0,810.0,39690.0
8657,5000010262,1000007639,20250817,2,1,15750.0,315.0,15435.0
8658,5000010263,1000007639,20250817,1,1,12600.0,0.0,12600.0
8659,5000010264,1000007640,20241108,1,1,12000.0,240.0,11760.0
8660,5000010265,1000007640,20241108,1,2,12000.0,480.0,23520.0
8661,5000010266,1000007641,20250926,2,1,15000.0,0.0,15000.0
8662,5000010269,1000007644,20250122,1,1,12000.0,0.0,12000.0
8663,5000010270,1000007644,20250122,1,1,10800.0,0.0,10800.0
8664,5000010272,1000007646,20250926,2,2,15000.0,3000.0,27000.0
8665,5000010273,1000007647,20240824,1,3,12000.0,1800.0,34200.0
8666,5000010274,1000007648,20250415,1,2,12600.0,504.0,24696.0
8667,5000010275,1000007649,20240628,2,3,13500.0,2025.0,38475.0
8668,5000010276,1000007649,20240628,1,3,12000.0,0.0,36000.0
8669,5000010277,1000007650,20250101,2,3,15000.0,2250.0,42750.0
8670,5000010278,1000007651,20250725,1,2,12000.0,1200.0,22800.0
8671,5000010280,1000007653,20241225,1,2,12000.0,0.0,24000.0
8672,5000010281,1000007654,20240625,2,1,16500.0,330.0,16170.0
8673,5000010282,1000007654,20240625,1,3,12000.0,3600.0,32400.0
8674,5000010283,1000007655,20240208,1,2,12000.0,2400.0,21600.0
8675,5000010284,1000007656,20250531,1,3,12000.0,0.0,36000.0
8676,5000010285,1000007657,20240917,2,1,15000.0,1500.0,13500.0
8677,5000010286,1000007658,20250702,2,1,15000.0,1500.0,13500.0
8678,5000010287,1000007658,20250702,2,3,15000.0,0.0,45000.0
8679,5000010288,1000007659,20250507,1,3,12000.0,3600.0,32400.0
8680,5000010291,1000007661,20240823,1,1,10800.0,0.0,10800.0
8681,5000010295,1000007664,20250420,1,1,12000.0,0.0,12000.0
8682,5000010296,1000007664,20250420,2,1,13500.0,675.0,12825.0
8683,5000010297,1000007664,20250420,2,2,15000.0,3000.0,27000.0
8684,5000010299,1000007666,20250117,2,1,13500.0,675.0,12825.0
8685,5000010300,1000007667,20250418,1,3,12000.0,0.0,36000.0
8686,5000010301,1000007667,20250418,2,3,15000.0,2250.0,42750.0
8687,5000010303,1000007669,20240814,1,3,12600.0,3780.0,34020.0
8688,5000010304,1000007669,20240814,1,3,12000.0,0.0,36000.0
8689,5000010305,1000007669,20240814,1,1,12000.0,1200.0,10800.0
8690,5000010306,1000007670,20240624,1,3,12000.0,720.0,35280.0
8691,5000010307,1000007671,20250410,1,3,13200.0,792.0,38808.0
8692,5000010308,1000007671,20250410,1,2,10800.0,432.0,21168.0
8693,5000010309,1000007672,20250831,2,3,15000.0,4500.0,40500.0
8694,5000010310,1000007673,20250410,1,2,12600.0,504.0,24696.0
8695,5000010311,1000007674,20250103,2,1,15000.0,750.0,14250.0
8696,5000010312,1000007675,20250704,1,2,12000.0,0.0,24000.0
8697,5000010313,1000007676,20241120,1,1,12000.0,240.0,11760.0
8698,5000010314,1000007676,20241120,2,1,15000.0,0.0,15000.0
8699,5000010315,1000007676,20241120,2,2,13500.0,1350.0,25650.0
8700,5000010316,1000007677,20240325,1,1,12000.0,600.0,11400.0
8701,5000010317,1000007678,20240829,1,2,12000.0,480.0,23520.0
8702,5000010318,1000007678,20240829,1,1,12000.0,240.0,11760.0
8703,5000010319,1000007679,20241118,1,3,13200.0,792.0,38808.0
8704,5000010320,1000007679,20241118,2,3,13500.0,810.0,39690.0
8705,5000010323,1000007681,20240401,2,1,15750.0,1575.0,14175.0
8706,5000010324,1000007682,20250424,2,2,15750.0,0.0,31500.0
8707,5000010325,1000007682,20250424,1,3,12600.0,1890.0,35910.0
8708,5000010326,1000007683,20241218,1,2,12000.0,1200.0,22800.0
8709,5000010327,1000007684,20240818,1,2,12000.0,2400.0,21600.0
8710,5000010328,1000007685,20240321,1,1,12000.0,600.0,11400.0
8711,5000010329,1000007686,20240708,1,3,12000.0,1800.0,34200.0
8712,5000010330,1000007687,20250901,2,2,13500.0,2700.0,24300.0
8713,5000010331,1000007688,20250529,1,1,12000.0,0.0,12000.0
8714,5000010333,1000007690,20250523,2,2,15000.0,0.0,30000.0
8715,5000010334,1000007691,20250320,1,3,12000.0,0.0,36000.0
8716,5000010335,1000007691,20250320,2,3,13500.0,4050.0,36450.0
8717,5000010336,1000007692,20240616,2,1,15000.0,1500.0,13500.0
8718,5000010337,1000007692,20240616,2,3,16500.0,4950.0,44550.0
8719,5000010338,1000007693,20250104,1,2,12000.0,0.0,24000.0
8720,5000010340,1000007695,20241129,2,3,15000.0,900.0,44100.0
8721,5000010341,1000007695,20241129,1,2,10800.0,432.0,21168.0
8722,5000010342,1000007695,20241129,2,3,15750.0,0.0,47250.0
8723,5000010343,1000007696,20241024,2,1,13500.0,675.0,12825.0
8724,5000010344,1000007696,20241024,1,1,12000.0,0.0,12000.0
8725,5000010345,1000007697,20240730,1,2,10800.0,1080.0,20520.0
8726,5000010346,1000007698,20240505,1,2,12000.0,1200.0,22800.0
8727,5000010347,1000007699,20250827,1,3,10800.0,0.0,32400.0
8728,5000010350,1000007701,20250907,1,2,12000.0,2400.0,21600.0
8729,5000010351,1000007702,20250922,2,1,15000.0,750.0,14250.0
8730,5000010352,1000007703,20241021,1,1,12000.0,0.0,12000.0
8731,5000010353,1000007704,20241014,2,2,15000.0,3000.0,27000.0
8732,5000010354,1000007704,20241014,2,2,13500.0,2700.0,24300.0
8733,5000010355,1000007705,20250830,1,3,13200.0,792.0,38808.0
8734,5000010356,1000007706,20250908,2,1,15000.0,1500.0,13500.0
8735,5000010357,1000007706,20250908,2,1,15000.0,300.0,14700.0
8736,5000010358,1000007707,20250712,2,1,15000.0,750.0,14250.0
8737,5000010359,1000007708,20250221,2,3,15000.0,900.0,44100.0
8738,5000010360,1000007709,20250502,2,1,15000.0,300.0,14700.0
8739,5000010361,1000007710,20250906,1,2,12600.0,2520.0,22680.0
8740,5000010362,1000007711,20240709,2,2,15000.0,600.0,29400.0
8741,5000010363,1000007712,20240709,1,2,12000.0,1200.0,22800.0
8742,5000010364,1000007713,20240606,1,2,13200.0,0.0,26400.0
8743,5000010365,1000007714,20241001,1,2,12600.0,1260.0,23940.0
8744,5000010366,1000007715,20250223,2,3,15000.0,0.0,45000.0
8745,5000010367,1000007715,20250223,1,1,12600.0,0.0,12600.0
8746,5000010368,1000007716,20240407,2,2,15000.0,0.0,30000.0
8747,5000010369,1000007717,20250822,2,2,15000.0,3000.0,27000.0
8748,5000010370,1000007718,20250509,2,3,15000.0,4500.0,40500.0
8749,5000010371,1000007718,20250509,2,2,13500.0,1350.0,25650.0
8750,5000010372,1000007718,20250509,1,3,12000.0,3600.0,32400.0
8751,5000010374,1000007720,20240712,1,2,12000.0,2400.0,21600.0
8752,5000010375,1000007721,20241208,2,2,15000.0,0.0,30000.0
8753,5000010376,1000007722,20250710,2,2,15000.0,600.0,29400.0
8754,5000010377,1000007723,20240615,1,3,12000.0,720.0,35280.0
8755,5000010378,1000007723,20240615,2,2,15000.0,1500.0,28500.0
8756,5000010379,1000007724,20240618,1,1,12000.0,600.0,11400.0
8757,5000010381,1000007726,20250320,2,3,15000.0,0.0,45000.0
8758,5000010382,1000007726,20250320,2,2,13500.0,540.0,26460.0
8759,5000010383,1000007727,20250410,1,3,12000.0,1800.0,34200.0
8760,5000010384,1000007728,20241024,1,2,12000.0,480.0,23520.0
8761,5000010385,1000007728,20241024,2,3,16500.0,0.0,49500.0
8762,5000010386,1000007729,20240727,1,2,12000.0,1200.0,22800.0
8763,5000010387,1000007730,20250205,1,3,12000.0,3600.0,32400.0
8764,5000010388,1000007731,20250114,2,1,15750.0,0.0,15750.0
8765,5000010389,1000007731,20250114,1,1,12000.0,600.0,11400.0
8766,5000010392,1000007733,20250916,2,2,15000.0,0.0,30000.0
8767,5000010393,1000007734,20240404,1,2,12000.0,480.0,23520.0
8768,5000010394,1000007735,20250330,1,2,12000.0,0.0,24000.0
8769,5000010395,1000007735,20250330,1,2,13200.0,0.0,26400.0
8770,5000010396,1000007735,20250330,1,3,12000.0,3600.0,32400.0
8771,5000010397,1000007736,20241111,2,3,15000.0,900.0,44100.0
8772,5000010398,1000007737,20240714,2,3,15000.0,0.0,45000.0
8773,5000010399,1000007738,20240603,2,2,16500.0,660.0,32340.0
8774,5000010400,1000007738,20240603,1,3,12600.0,756.0,37044.0
8775,5000010401,1000007739,20240113,1,2,13200.0,0.0,26400.0
8776,5000010402,1000007739,20240113,2,3,15000.0,2250.0,42750.0
8777,5000010403,1000007739,20240113,2,3,15000.0,900.0,44100.0
8778,5000010404,1000007740,20250217,1,3,12000.0,3600.0,32400.0
8779,5000010405,1000007740,20250217,1,3,12000.0,1800.0,34200.0
8780,5000010406,1000007741,20241101,1,1,12600.0,630.0,11970.0
8781,5000010407,1000007741,20241101,1,2,12000.0,0.0,24000.0
8782,5000010408,1000007742,20250125,2,3,15750.0,2362.5,44887.5
8783,5000010409,1000007743,20240928,1,3,10800.0,648.0,31752.0
8784,5000010410,1000007743,20240928,2,3,15000.0,2250.0,42750.0
8785,5000010411,1000007744,20240712,2,2,15000.0,600.0,29400.0
8786,5000010412,1000007745,20240227,1,2,12000.0,2400.0,21600.0
8787,5000010413,1000007745,20240227,2,1,16500.0,1650.0,14850.0
8788,5000010414,1000007746,20240227,2,3,15000.0,4500.0,40500.0
8789,5000010415,1000007746,20240227,2,3,15000.0,2250.0,42750.0
8790,5000010416,1000007747,20250330,1,3,13200.0,1980.0,37620.0
8791,5000010417,1000007747,20250330,2,2,15000.0,0.0,30000.0
8792,5000010418,1000007748,20240815,1,1,13200.0,0.0,13200.0
8793,5000010419,1000007749,20240113,2,2,15000.0,0.0,30000.0
8794,5000010420,1000007749,20240113,2,3,16500.0,0.0,49500.0
8795,5000010421,1000007750,20250907,2,3,15000.0,4500.0,40500.0
8796,5000010422,1000007751,20240913,1,3,12000.0,0.0,36000.0
8797,5000010423,1000007752,20241026,2,3,13500.0,2025.0,38475.0
8798,5000010425,1000007754,20240622,2,2,13500.0,0.0,27000.0
8799,5000010429,1000007757,20240717,2,2,15750.0,1575.0,29925.0
8800,5000010430,1000007757,20240717,1,1,12000.0,600.0,11400.0
8801,5000010431,1000007758,20250226,1,2,13200.0,528.0,25872.0
8802,5000010432,1000007759,20240210,1,2,10800.0,2160.0,19440.0
8803,5000010433,1000007760,20241030,1,3,13200.0,792.0,38808.0
8804,5000010434,1000007761,20240218,1,2,13200.0,0.0,26400.0
8805,5000010435,1000007762,20250514,1,3,12000.0,1800.0,34200.0
8806,5000010436,1000007763,20250116,1,1,12000.0,0.0,12000.0
8807,5000010437,1000007764,20240512,1,3,12600.0,756.0,37044.0
8808,5000010439,1000007766,20240721,1,3,12600.0,756.0,37044.0
8809,5000010440,1000007766,20240721,2,1,15750.0,315.0,15435.0
8810,5000010441,1000007767,20250416,1,3,12000.0,0.0,36000.0
8811,5000010442,1000007768,20240704,1,2,12000.0,1200.0,22800.0
8812,5000010443,1000007769,20250927,1,2,12000.0,480.0,23520.0
8813,5000010444,1000007770,20241216,1,2,12000.0,480.0,23520.0
8814,5000010445,1000007770,20241216,1,3,13200.0,0.0,39600.0
8815,5000010446,1000007771,20240523,2,2,15000.0,3000.0,27000.0
8816,5000010447,1000007771,20240523,2,2,13500.0,540.0,26460.0
8817,5000010448,1000007772,20240805,1,3,13200.0,792.0,38808.0
8818,5000010449,1000007773,20250904,1,1,10800.0,0.0,10800.0
8819,5000010451,1000007775,20250331,1,2,13200.0,2640.0,23760.0
8820,5000010452,1000007776,20250111,2,1,15000.0,750.0,14250.0
8821,5000010453,1000007777,20250918,1,1,12000.0,240.0,11760.0
8822,5000010454,1000007778,20241021,2,2,15000.0,600.0,29400.0
8823,5000010456,1000007780,20240207,2,1,15000.0,0.0,15000.0
8824,5000010457,1000007780,20240207,2,1,15000.0,300.0,14700.0
8825,5000010458,1000007781,20250914,2,2,15750.0,3150.0,28350.0
8826,5000010459,1000007782,20250604,1,2,12000.0,480.0,23520.0
8827,5000010460,1000007782,20250604,1,2,13200.0,0.0,26400.0
8828,5000010461,1000007783,20240810,2,3,15000.0,900.0,44100.0
8829,5000010462,1000007783,20240810,2,1,15750.0,0.0,15750.0
8830,5000010465,1000007786,20250223,1,1,12000.0,600.0,11400.0
8831,5000010466,1000007786,20250223,1,1,12600.0,1260.0,11340.0
8832,5000010467,1000007787,20241020,1,3,12600.0,1890.0,35910.0
8833,5000010468,1000007787,20241020,1,3,12000.0,3600.0,32400.0
8834,5000010469,1000007788,20240606,2,2,13500.0,1350.0,25650.0
8835,5000010470,1000007789,20240415,1,1,12000.0,0.0,12000.0
8836,5000010471,1000007790,20240815,2,2,15750.0,0.0,31500.0
8837,5000010472,1000007791,20240823,1,3,12000.0,720.0,35280.0
8838,5000010473,1000007792,20250409,1,1,10800.0,540.0,10260.0
8839,5000010474,1000007793,20240618,1,1,10800.0,1080.0,9720.0
8840,5000010476,1000007795,20250222,1,1,12600.0,252.0,12348.0
8841,5000010477,1000007796,20250730,2,2,15000.0,1500.0,28500.0
8842,5000010478,1000007796,20250730,2,1,15000.0,750.0,14250.0
8843,5000010479,1000007797,20240714,2,3,13500.0,0.0,40500.0
8844,5000010480,1000007798,20241114,1,1,12000.0,600.0,11400.0
8845,5000010481,1000007799,20240118,2,2,15000.0,0.0,30000.0
8846,5000010482,1000007799,20240118,2,1,15000.0,0.0,15000.0
8847,5000010483,1000007800,20240506,2,1,15000.0,1500.0,13500.0
8848,5000010484,1000007801,20250319,2,1,13500.0,0.0,13500.0
8849,5000010485,1000007801,20250319,2,1,15000.0,750.0,14250.0
8850,5000010486,1000007802,20250731,1,1,10800.0,1080.0,9720.0
8851,5000010487,1000007802,20250731,2,3,15000.0,4500.0,40500.0
8852,5000010488,1000007803,20240808,1,3,12600.0,3780.0,34020.0
8853,5000010489,1000007804,20240107,1,2,12000.0,480.0,23520.0
8854,5000010490,1000007804,20240107,1,2,10800.0,432.0,21168.0
8855,5000010491,1000007805,20240630,1,1,12600.0,252.0,12348.0
8856,5000010492,1000007805,20240630,1,2,12000.0,0.0,24000.0
8857,5000010493,1000007806,20240327,1,3,10800.0,648.0,31752.0
8858,5000010494,1000007807,20250424,1,3,12000.0,1800.0,34200.0
8859,5000010495,1000007808,20250327,2,2,15000.0,0.0,30000.0
8860,5000010496,1000007809,20250425,2,3,15750.0,2362.5,44887.5
8861,5000010497,1000007810,20250911,1,1,12000.0,0.0,12000.0
8862,5000010498,1000007811,20250814,1,3,13200.0,0.0,39600.0
8863,5000010499,1000007812,20250728,2,3,15000.0,4500.0,40500.0
8864,5000010500,1000007813,20240220,1,2,12000.0,2400.0,21600.0
8865,5000010501,1000007813,20240220,2,3,16500.0,990.0,48510.0
8866,5000010502,1000007814,20240824,1,3,12600.0,0.0,37800.0
8867,5000010503,1000007814,20240824,1,2,12000.0,1200.0,22800.0
8868,5000010504,1000007815,20241004,2,3,15000.0,4500.0,40500.0
8869,5000010505,1000007816,20240206,1,3,10800.0,0.0,32400.0
8870,5000010506,1000007817,20240926,2,3,15000.0,0.0,45000.0
8871,5000010510,1000007819,20240113,2,1,13500.0,270.0,13230.0
8872,5000010512,1000007821,20250717,2,1,15750.0,0.0,15750.0
8873,5000010513,1000007822,20240820,1,1,12000.0,240.0,11760.0
8874,5000010514,1000007822,20240820,1,2,12000.0,2400.0,21600.0
8875,5000010515,1000007823,20250415,2,2,15000.0,3000.0,27000.0
8876,5000010516,1000007824,20240925,1,2,12000.0,2400.0,21600.0
8877,5000010517,1000007825,20240906,2,3,15000.0,0.0,45000.0
8878,5000010518,1000007826,20240822,1,1,12000.0,1200.0,10800.0
8879,5000010520,1000007828,20240929,2,1,15000.0,1500.0,13500.0
8880,5000010521,1000007828,20240929,1,1,12600.0,630.0,11970.0
8881,5000010522,1000007829,20240113,1,1,13200.0,660.0,12540.0
8882,5000010523,1000007830,20241007,1,1,12000.0,240.0,11760.0
8883,5000010524,1000007830,20241007,1,2,13200.0,0.0,26400.0
8884,5000010525,1000007831,20240521,2,1,15000.0,750.0,14250.0
8885,5000010526,1000007832,20250429,1,3,12000.0,1800.0,34200.0
8886,5000010527,1000007832,20250429,2,3,15750.0,4725.0,42525.0
8887,5000010528,1000007833,20240502,1,1,12000.0,600.0,11400.0
8888,5000010529,1000007834,20241113,1,3,13200.0,3960.0,35640.0
8889,5000010530,1000007835,20250106,2,2,15000.0,0.0,30000.0
8890,5000010531,1000007836,20250904,1,1,13200.0,660.0,12540.0
8891,5000010532,1000007837,20250907,2,1,15000.0,750.0,14250.0
8892,5000010533,1000007838,20241206,1,2,12000.0,1200.0,22800.0
8893,5000010535,1000007840,20250723,2,2,16500.0,660.0,32340.0
8894,5000010536,1000007840,20250723,1,2,12000.0,1200.0,22800.0
8895,5000010537,1000007840,20250723,1,1,12000.0,1200.0,10800.0
8896,5000010539,1000007842,20250826,1,3,12000.0,3600.0,32400.0
8897,5000010540,1000007842,20250826,1,2,13200.0,2640.0,23760.0
8898,5000010541,1000007843,20240919,1,1,12000.0,1200.0,10800.0
8899,5000010542,1000007844,20240120,2,2,15000.0,600.0,29400.0
8900,5000010546,1000007846,20240625,2,2,15000.0,3000.0,27000.0
8901,5000010547,1000007847,20240312,2,2,15000.0,0.0,30000.0
8902,5000010548,1000007847,20240312,1,2,12000.0,2400.0,21600.0
8903,5000010549,1000007848,20240221,1,1,12000.0,0.0,12000.0
8904,5000010551,1000007850,20250401,1,1,10800.0,540.0,10260.0
8905,5000010552,1000007850,20250401,2,2,16500.0,1650.0,31350.0
8906,5000010553,1000007851,20250726,2,1,15000.0,300.0,14700.0
8907,5000010554,1000007852,20240122,2,2,15000.0,0.0,30000.0
8908,5000010557,1000007855,20250105,1,3,12000.0,1800.0,34200.0
8909,5000010559,1000007857,20240704,1,2,12000.0,0.0,24000.0
8910,5000010562,1000007859,20250621,2,3,15750.0,945.0,46305.0
8911,5000010563,1000007859,20250621,2,1,15750.0,1575.0,14175.0
8912,5000010564,1000007860,20240527,1,2,12000.0,0.0,24000.0
8913,5000010565,1000007861,20241123,2,2,15000.0,1500.0,28500.0
8914,5000010566,1000007862,20250129,1,2,12000.0,2400.0,21600.0
8915,5000010567,1000007862,20250129,2,1,15750.0,0.0,15750.0
8916,5000010569,1000007864,20241225,1,3,12000.0,1800.0,34200.0
8917,5000010570,1000007865,20240215,1,3,12600.0,1890.0,35910.0
8918,5000010571,1000007865,20240215,1,2,10800.0,1080.0,20520.0
8919,5000010573,1000007867,20250914,1,1,10800.0,0.0,10800.0
8920,5000010574,1000007867,20250914,1,1,10800.0,1080.0,9720.0
8921,5000010575,1000007867,20250914,2,1,15000.0,1500.0,13500.0
8922,5000010576,1000007868,20250810,2,2,15000.0,1500.0,28500.0
8923,5000010579,1000007870,20250528,1,1,12000.0,0.0,12000.0
8924,5000010580,1000007870,20250528,1,1,10800.0,1080.0,9720.0
8925,5000010581,1000007871,20240605,2,3,13500.0,4050.0,36450.0
8926,5000010582,1000007871,20240605,1,2,13200.0,2640.0,23760.0
8927,5000010583,1000007872,20250522,2,2,15000.0,3000.0,27000.0
8928,5000010584,1000007873,20250428,2,3,15000.0,2250.0,42750.0
8929,5000010585,1000007874,20240114,2,2,15000.0,600.0,29400.0
8930,5000010586,1000007875,20240201,2,1,15750.0,315.0,15435.0
8931,5000010587,1000007875,20240201,1,2,10800.0,2160.0,19440.0
8932,5000010588,1000007876,20250612,1,1,12000.0,240.0,11760.0
8933,5000010589,1000007876,20250612,2,1,15000.0,1500.0,13500.0
8934,5000010590,1000007877,20240821,1,3,12000.0,1800.0,34200.0
8935,5000010591,1000007878,20250823,2,1,15000.0,1500.0,13500.0
8936,5000010592,1000007878,20250823,2,2,15000.0,1500.0,28500.0
8937,5000010593,1000007879,20240226,1,3,12000.0,720.0,35280.0
8938,5000010594,1000007880,20250722,2,1,15000.0,300.0,14700.0
8939,5000010595,1000007881,20250725,1,1,10800.0,0.0,10800.0
8940,5000010596,1000007882,20250929,2,1,16500.0,1650.0,14850.0
8941,5000010597,1000007883,20241001,2,2,15000.0,1500.0,28500.0
8942,5000010598,1000007884,20240422,2,2,15000.0,0.0,30000.0
8943,5000010599,1000007884,20240422,2,1,15000.0,750.0,14250.0
8944,5000010600,1000007885,20250324,1,2,12600.0,1260.0,23940.0
8945,5000010601,1000007886,20250110,1,3,12000.0,0.0,36000.0
8946,5000010602,1000007887,20240208,1,3,10800.0,3240.0,29160.0
8947,5000010603,1000007888,20241106,1,1,12600.0,1260.0,11340.0
8948,5000010604,1000007888,20241106,2,3,15000.0,900.0,44100.0
8949,5000010605,1000007889,20250420,1,1,12000.0,0.0,12000.0
8950,5000010607,1000007891,20250623,2,3,15000.0,4500.0,40500.0
8951,5000010608,1000007892,20250129,1,1,12000.0,1200.0,10800.0
8952,5000010609,1000007893,20241025,2,2,13500.0,2700.0,24300.0
8953,5000010610,1000007894,20240215,2,2,15000.0,0.0,30000.0
8954,5000010611,1000007894,20240215,2,3,15000.0,0.0,45000.0
8955,5000010612,1000007895,20240302,1,1,12000.0,600.0,11400.0
8956,5000010613,1000007896,20240709,2,1,13500.0,1350.0,12150.0
8957,5000010616,1000007898,20250528,1,3,12000.0,3600.0,32400.0
8958,5000010617,1000007898,20250528,2,1,15000.0,1500.0,13500.0
8959,5000010618,1000007898,20250528,1,1,10800.0,216.0,10584.0
8960,5000010619,1000007899,20240806,2,1,16500.0,1650.0,14850.0
8961,5000010620,1000007900,20250302,1,2,12600.0,1260.0,23940.0
8962,5000010622,1000007902,20250520,1,2,12000.0,2400.0,21600.0
8963,5000010623,1000007903,20241128,1,2,12000.0,0.0,24000.0
8964,5000010624,1000007903,20241128,1,2,12000.0,2400.0,21600.0
8965,5000010625,1000007904,20240912,1,3,12000.0,1800.0,34200.0
8966,5000010626,1000007904,20240912,1,2,13200.0,2640.0,23760.0
8967,5000010628,1000007906,20250508,1,1,13200.0,660.0,12540.0
8968,5000010630,1000007908,20250908,2,3,13500.0,2025.0,38475.0
8969,5000010632,1000007910,20250317,2,2,15000.0,1500.0,28500.0
8970,5000010633,1000007911,20240207,1,1,12000.0,600.0,11400.0
8971,5000010634,1000007912,20250217,2,1,15000.0,1500.0,13500.0
8972,5000010635,1000007913,20240418,1,3,12000.0,0.0,36000.0
8973,5000010637,1000007915,20240727,1,2,10800.0,432.0,21168.0
8974,5000010638,1000007916,20240717,1,3,10800.0,648.0,31752.0
8975,5000010639,1000007917,20240613,2,2,15000.0,600.0,29400.0
8976,5000010640,1000007918,20250420,1,2,13200.0,528.0,25872.0
8977,5000010641,1000007918,20250420,2,1,16500.0,0.0,16500.0
8978,5000010642,1000007919,20250625,2,2,15000.0,1500.0,28500.0
8979,5000010643,1000007920,20240827,1,3,12000.0,3600.0,32400.0
8980,5000010645,1000007922,20240315,2,1,15000.0,300.0,14700.0
8981,5000010646,1000007923,20240926,2,2,16500.0,3300.0,29700.0
8982,5000010647,1000007924,20241111,1,1,12000.0,0.0,12000.0
8983,5000010648,1000007925,20240201,1,1,13200.0,660.0,12540.0
8984,5000010649,1000007925,20240201,1,3,12000.0,720.0,35280.0
8985,5000010652,1000007927,20250408,2,2,15000.0,1500.0,28500.0
8986,5000010653,1000007927,20250408,1,3,12000.0,0.0,36000.0
8987,5000010654,1000007928,20240415,1,3,12000.0,0.0,36000.0
8988,5000010657,1000007930,20240626,2,1,15750.0,1575.0,14175.0
8989,5000010658,1000007931,20240421,2,3,16500.0,990.0,48510.0
8990,5000010660,1000007933,20240625,1,2,13200.0,0.0,26400.0
8991,5000010661,1000007933,20240625,2,2,13500.0,0.0,27000.0
8992,5000010662,1000007934,20240119,2,1,15000.0,300.0,14700.0
8993,5000010663,1000007934,20240119,2,2,15000.0,1500.0,28500.0
8994,5000010664,1000007935,20240418,1,3,10800.0,1620.0,30780.0
8995,5000010665,1000007936,20240117,2,3,15000.0,900.0,44100.0
8996,5000010666,1000007937,20240329,2,3,15000.0,4500.0,40500.0
8997,5000010667,1000007938,20240624,2,3,15000.0,4500.0,40500.0
8998,5000010670,1000007940,20241016,1,2,12600.0,1260.0,23940.0
8999,5000010671,1000007941,20240617,1,3,12000.0,720.0,35280.0
9000,5000010672,1000007942,20240514,2,1,15000.0,0.0,15000.0
9001,5000010673,1000007943,20240208,2,3,15000.0,4500.0,40500.0
9002,5000010674,1000007943,20240208,2,3,15000.0,2250.0,42750.0
9003,5000010675,1000007944,20240205,2,3,13500.0,0.0,40500.0
9004,5000010676,1000007945,20240428,2,3,15000.0,4500.0,40500.0
9005,5000010677,1000007945,20240428,1,3,12600.0,1890.0,35910.0
9006,5000010678,1000007946,20250207,1,3,12000.0,1800.0,34200.0
9007,5000010679,1000007947,20240223,1,3,12600.0,0.0,37800.0
9008,5000010680,1000007948,20241021,2,3,15000.0,0.0,45000.0
9009,5000010681,1000007948,20241021,1,3,12000.0,1800.0,34200.0
9010,5000010682,1000007949,20250820,1,3,13200.0,792.0,38808.0
9011,5000010683,1000007950,20241129,1,3,12000.0,0.0,36000.0
9012,5000010684,1000007951,20250308,1,1,12000.0,1200.0,10800.0
9013,5000010685,1000007952,20250119,2,1,16500.0,825.0,15675.0
9014,5000010686,1000007953,20250808,1,2,12000.0,1200.0,22800.0
9015,5000010687,1000007953,20250808,2,2,15000.0,1500.0,28500.0
9016,5000010688,1000007954,20240505,1,1,12000.0,240.0,11760.0
9017,5000010689,1000007955,20240929,1,1,12600.0,630.0,11970.0
9018,5000010690,1000007956,20240522,2,2,15000.0,3000.0,27000.0
9019,5000010692,1000007958,20240526,1,1,10800.0,216.0,10584.0
9020,5000010693,1000007958,20240526,2,1,13500.0,270.0,13230.0
9021,5000010695,1000007960,20250619,2,2,15000.0,1500.0,28500.0
9022,5000010696,1000007961,20240802,1,3,13200.0,1980.0,37620.0
9023,5000010697,1000007962,20240902,1,2,12000.0,1200.0,22800.0
9024,5000010698,1000007963,20240416,2,1,13500.0,675.0,12825.0
9025,5000010699,1000007964,20250927,2,1,16500.0,0.0,16500.0
9026,5000010700,1000007965,20241021,2,2,15000.0,1500.0,28500.0
9027,5000010701,1000007965,20241021,2,3,15000.0,0.0,45000.0
9028,5000010702,1000007966,20250331,2,3,15000.0,2250.0,42750.0
9029,5000010703,1000007967,20240422,2,3,15000.0,4500.0,40500.0
9030,5000010704,1000007968,20250502,2,3,15000.0,2250.0,42750.0
9031,5000010705,1000007969,20240508,1,2,12000.0,2400.0,21600.0
9032,5000010706,1000007970,20250413,1,2,12600.0,2520.0,22680.0
9033,5000010707,1000007971,20241003,1,1,12000.0,600.0,11400.0
9034,5000010708,1000007972,20240410,2,3,15000.0,0.0,45000.0
9035,5000010710,1000007974,20240109,1,2,12000.0,1200.0,22800.0
9036,5000010711,1000007975,20240407,2,1,15000.0,750.0,14250.0
9037,5000010713,1000007977,20250418,1,1,13200.0,0.0,13200.0
9038,5000010714,1000007978,20240704,1,3,12000.0,720.0,35280.0
9039,5000010715,1000007978,20240704,1,1,12000.0,240.0,11760.0
9040,5000010716,1000007979,20240902,1,1,12000.0,600.0,11400.0
9041,5000010719,1000007981,20241218,2,2,15750.0,1575.0,29925.0
9042,5000010720,1000007981,20241218,1,1,12000.0,0.0,12000.0
9043,5000010721,1000007982,20240714,1,2,10800.0,432.0,21168.0
9044,5000010722,1000007983,20250605,1,3,10800.0,0.0,32400.0
9045,5000010723,1000007984,20250205,1,1,12000.0,600.0,11400.0
9046,5000010724,1000007984,20250205,1,3,12600.0,3780.0,34020.0
9047,5000010725,1000007985,20240504,2,3,15000.0,0.0,45000.0
9048,5000010726,1000007986,20241209,2,1,15000.0,1500.0,13500.0
9049,5000010727,1000007987,20240912,1,2,12000.0,0.0,24000.0
9050,5000010728,1000007988,20240512,2,1,15000.0,1500.0,13500.0
9051,5000010729,1000007989,20240920,2,3,15000.0,0.0,45000.0
9052,5000010730,1000007990,20240402,2,2,15000.0,0.0,30000.0
9053,5000010731,1000007991,20250417,1,3,12600.0,3780.0,34020.0
9054,5000010732,1000007991,20250417,2,2,15000.0,600.0,29400.0
9055,5000010733,1000007992,20241221,2,1,15000.0,300.0,14700.0
9056,5000010734,1000007993,20250910,1,2,12000.0,2400.0,21600.0
9057,5000010735,1000007994,20240805,1,2,12000.0,2400.0,21600.0
9058,5000010738,1000007996,20250718,1,3,10800.0,1620.0,30780.0
9059,5000010739,1000007997,20250104,1,1,10800.0,0.0,10800.0
9060,5000010740,1000007998,20250908,2,2,15000.0,600.0,29400.0
9061,5000010741,1000007998,20250908,2,3,13500.0,0.0,40500.0
9062,5000010742,1000007999,20241028,2,2,15000.0,1500.0,28500.0
9063,5000010743,1000008000,20241112,2,1,15000.0,300.0,14700.0
9064,5000010744,1000008000,20241112,2,1,15000.0,750.0,14250.0
9065,5000010745,1000008001,20241206,2,1,15000.0,300.0,14700.0
9066,5000010746,1000008001,20241206,2,2,16500.0,3300.0,29700.0
9067,5000010747,1000008002,20250613,1,1,10800.0,540.0,10260.0
9068,5000010748,1000008002,20250613,1,3,13200.0,792.0,38808.0
9069,5000010749,1000008003,20240406,1,3,12600.0,0.0,37800.0
9070,5000010750,1000008003,20240406,1,2,12000.0,2400.0,21600.0
9071,5000010751,1000008004,20250725,2,3,15750.0,2362.5,44887.5
9072,5000010752,1000008005,20250716,1,3,13200.0,0.0,39600.0
9073,5000010753,1000008005,20250716,2,2,13500.0,0.0,27000.0
9074,5000010754,1000008006,20240430,2,2,15000.0,1500.0,28500.0
9075,5000010755,1000008006,20240430,2,1,13500.0,1350.0,12150.0
9076,5000010756,1000008007,20250203,1,2,12000.0,480.0,23520.0
9077,5000010757,1000008008,20250815,2,3,15000.0,900.0,44100.0
9078,5000010759,1000008010,20250917,2,1,15750.0,1575.0,14175.0
9079,5000010760,1000008011,20250608,2,1,15000.0,300.0,14700.0
9080,5000010761,1000008012,20240628,2,1,15750.0,1575.0,14175.0
9081,5000010762,1000008013,20241231,2,3,15000.0,900.0,44100.0
9082,5000010763,1000008014,20250627,1,1,12000.0,1200.0,10800.0
9083,5000010764,1000008015,20240904,1,1,10800.0,0.0,10800.0
9084,5000010765,1000008016,20240118,1,1,12000.0,600.0,11400.0
9085,5000010766,1000008016,20240118,1,2,12000.0,480.0,23520.0
9086,5000010767,1000008017,20250725,2,3,15000.0,0.0,45000.0
9087,5000010769,1000008019,20240905,1,1,12000.0,0.0,12000.0
9088,5000010770,1000008019,20240905,2,2,16500.0,0.0,33000.0
9089,5000010771,1000008020,20250701,1,3,12000.0,3600.0,32400.0
9090,5000010772,1000008021,20240621,1,3,12600.0,3780.0,34020.0
9091,5000010773,1000008022,20240605,1,3,12000.0,3600.0,32400.0
9092,5000010774,1000008022,20240605,2,1,16500.0,0.0,16500.0
9093,5000010776,1000008024,20250313,2,1,15000.0,300.0,14700.0
9094,5000010777,1000008024,20250313,2,1,13500.0,1350.0,12150.0
9095,5000010778,1000008025,20250629,1,3,13200.0,1980.0,37620.0
9096,5000010779,1000008025,20250629,2,1,15000.0,0.0,15000.0
9097,5000010783,1000008027,20241023,1,3,12000.0,0.0,36000.0
9098,5000010784,1000008027,20241023,1,1,10800.0,540.0,10260.0
9099,5000010785,1000008028,20240201,1,3,12000.0,3600.0,32400.0
9100,5000010786,1000008029,20250301,1,2,12000.0,0.0,24000.0
9101,5000010787,1000008030,20240516,1,3,12600.0,756.0,37044.0
9102,5000010788,1000008031,20250118,1,1,12000.0,600.0,11400.0
9103,5000010789,1000008031,20250118,1,1,12000.0,0.0,12000.0
9104,5000010790,1000008032,20250629,2,3,15000.0,2250.0,42750.0
9105,5000010791,1000008032,20250629,1,3,12600.0,1890.0,35910.0
9106,5000010792,1000008033,20240517,2,1,15000.0,750.0,14250.0
9107,5000010793,1000008034,20240921,1,2,12000.0,0.0,24000.0
9108,5000010794,1000008034,20240921,1,2,12000.0,1200.0,22800.0
9109,5000010796,1000008036,20250506,2,2,15750.0,1575.0,29925.0
9110,5000010797,1000008037,20240926,1,2,12600.0,2520.0,22680.0
9111,5000010798,1000008037,20240926,1,2,10800.0,432.0,21168.0
9112,5000010800,1000008039,20250513,2,2,15000.0,600.0,29400.0
9113,5000010801,1000008039,20250513,2,3,15750.0,0.0,47250.0
9114,5000010802,1000008040,20240917,1,1,13200.0,264.0,12936.0
9115,5000010803,1000008041,20240910,2,1,15000.0,300.0,14700.0
9116,5000010804,1000008042,20250209,1,1,12000.0,0.0,12000.0
9117,5000010805,1000008043,20250822,2,2,15000.0,600.0,29400.0
9118,5000010809,1000008045,20240430,1,3,10800.0,0.0,32400.0
9119,5000010810,1000008046,20250808,2,1,15000.0,300.0,14700.0
9120,5000010811,1000008046,20250808,1,3,10800.0,3240.0,29160.0
9121,5000010812,1000008047,20240827,1,1,12600.0,0.0,12600.0
9122,5000010813,1000008047,20240827,1,3,12600.0,1890.0,35910.0
9123,5000010814,1000008048,20250223,1,2,10800.0,1080.0,20520.0
9124,5000010815,1000008049,20241109,1,1,12600.0,630.0,11970.0
9125,5000010816,1000008049,20241109,1,3,13200.0,792.0,38808.0
9126,5000010817,1000008050,20250704,1,3,13200.0,0.0,39600.0
9127,5000010818,1000008050,20250704,1,3,12000.0,720.0,35280.0
9128,5000010819,1000008051,20241028,1,1,12000.0,1200.0,10800.0
9129,5000010820,1000008052,20240428,1,1,12000.0,1200.0,10800.0
9130,5000010822,1000008054,20241121,1,2,12000.0,0.0,24000.0
9131,5000010823,1000008055,20241201,1,3,10800.0,648.0,31752.0
9132,5000010824,1000008056,20250517,2,3,15000.0,2250.0,42750.0
9133,5000010825,1000008057,20240621,1,2,12000.0,480.0,23520.0
9134,5000010826,1000008058,20250327,1,2,12000.0,1200.0,22800.0
9135,5000010828,1000008060,20240508,2,3,16500.0,2475.0,47025.0
9136,5000010829,1000008061,20241228,1,2,12000.0,1200.0,22800.0
9137,5000010831,1000008063,20250213,1,2,10800.0,2160.0,19440.0
9138,5000010832,1000008064,20240304,1,3,12000.0,1800.0,34200.0
9139,5000010833,1000008065,20250115,1,3,12000.0,3600.0,32400.0
9140,5000010834,1000008066,20250117,1,1,12000.0,0.0,12000.0
9141,5000010835,1000008066,20250117,1,2,12000.0,0.0,24000.0
9142,5000010836,1000008067,20240102,2,2,15000.0,600.0,29400.0
9143,5000010837,1000008067,20240102,2,2,13500.0,540.0,26460.0
9144,5000010838,1000008068,20250427,2,1,13500.0,1350.0,12150.0
9145,5000010840,1000008070,20240608,1,3,12000.0,0.0,36000.0
9146,5000010841,1000008071,20250614,1,1,12600.0,630.0,11970.0
9147,5000010842,1000008072,20250107,2,2,15750.0,630.0,30870.0
9148,5000010843,1000008072,20250107,2,2,16500.0,1650.0,31350.0
9149,5000010844,1000008073,20250930,1,1,10800.0,1080.0,9720.0
9150,5000010845,1000008073,20250930,2,1,15000.0,750.0,14250.0
9151,5000010846,1000008074,20250518,1,2,12600.0,2520.0,22680.0
9152,5000010847,1000008075,20250418,2,3,15750.0,0.0,47250.0
9153,5000010848,1000008076,20240806,2,1,16500.0,1650.0,14850.0
9154,5000010849,1000008076,20240806,2,2,16500.0,0.0,33000.0
9155,5000010850,1000008077,20250608,2,1,16500.0,825.0,15675.0
9156,5000010851,1000008077,20250608,2,1,15000.0,0.0,15000.0
9157,5000010852,1000008078,20240727,2,3,15000.0,4500.0,40500.0
9158,5000010853,1000008078,20240727,1,3,12000.0,3600.0,32400.0
9159,5000010854,1000008079,20240624,1,2,12000.0,2400.0,21600.0
9160,5000010855,1000008080,20240624,1,2,12000.0,0.0,24000.0
9161,5000010856,1000008081,20250901,1,3,12600.0,0.0,37800.0
9162,5000010857,1000008082,20240522,1,2,12600.0,1260.0,23940.0
9163,5000010858,1000008083,20250707,2,3,15750.0,0.0,47250.0
9164,5000010859,1000008084,20241202,1,3,12000.0,720.0,35280.0
9165,5000010860,1000008084,20241202,2,1,15000.0,1500.0,13500.0
9166,5000010861,1000008085,20250512,2,2,13500.0,540.0,26460.0
9167,5000010862,1000008085,20250512,1,2,10800.0,2160.0,19440.0
9168,5000010863,1000008085,20250512,1,3,12000.0,3600.0,32400.0
9169,5000010864,1000008086,20250109,1,1,10800.0,216.0,10584.0
9170,5000010867,1000008088,20250412,2,3,15000.0,0.0,45000.0
9171,5000010868,1000008088,20250412,2,3,13500.0,4050.0,36450.0
9172,5000010869,1000008089,20250830,2,1,15000.0,300.0,14700.0
9173,5000010870,1000008090,20250815,2,1,15750.0,787.5,14962.5
9174,5000010871,1000008090,20250815,2,1,15000.0,750.0,14250.0
9175,5000010873,1000008092,20240827,2,3,15750.0,2362.5,44887.5
9176,5000010874,1000008093,20240128,2,1,15000.0,1500.0,13500.0
9177,5000010875,1000008094,20241118,1,2,12000.0,2400.0,21600.0
9178,5000010876,1000008095,20250422,2,2,15750.0,0.0,31500.0
9179,5000010877,1000008096,20240109,2,2,13500.0,1350.0,25650.0
9180,5000010878,1000008097,20240116,1,2,12000.0,0.0,24000.0
9181,5000010879,1000008097,20240116,1,2,10800.0,432.0,21168.0
9182,5000010880,1000008098,20240313,2,2,15000.0,0.0,30000.0
9183,5000010881,1000008098,20240313,2,2,15000.0,600.0,29400.0
9184,5000010882,1000008099,20240207,1,2,12000.0,480.0,23520.0
9185,5000010886,1000008101,20250429,1,3,12000.0,3600.0,32400.0
9186,5000010887,1000008102,20250817,1,1,10800.0,216.0,10584.0
9187,5000010888,1000008102,20250817,1,1,13200.0,264.0,12936.0
9188,5000010889,1000008103,20250907,1,2,12000.0,1200.0,22800.0
9189,5000010890,1000008104,20240127,1,1,10800.0,540.0,10260.0
9190,5000010891,1000008105,20250307,1,1,12600.0,252.0,12348.0
9191,5000010892,1000008106,20240119,1,3,12600.0,0.0,37800.0
9192,5000010893,1000008106,20240119,1,3,12000.0,0.0,36000.0
9193,5000010894,1000008106,20240119,2,3,15750.0,2362.5,44887.5
9194,5000010895,1000008107,20241211,1,3,12600.0,3780.0,34020.0
9195,5000010896,1000008108,20241019,2,2,15000.0,0.0,30000.0
9196,5000010897,1000008109,20240718,1,2,10800.0,0.0,21600.0
9197,5000010899,1000008111,20250506,1,2,12000.0,0.0,24000.0
9198,5000010900,1000008111,20250506,1,3,12000.0,1800.0,34200.0
9199,5000010901,1000008111,20250506,1,3,10800.0,3240.0,29160.0
9200,5000010902,1000008112,20250827,1,1,13200.0,0.0,13200.0
9201,5000010903,1000008113,20241201,2,1,15000.0,1500.0,13500.0
9202,5000010904,1000008114,20250520,1,2,12600.0,0.0,25200.0
9203,5000010905,1000008115,20250924,2,1,15000.0,1500.0,13500.0
9204,5000010908,1000008118,20250209,1,3,12000.0,3600.0,32400.0
9205,5000010909,1000008119,20240726,1,2,13200.0,528.0,25872.0
9206,5000010910,1000008120,20240416,1,1,12600.0,1260.0,11340.0
9207,5000010911,1000008121,20250606,1,3,13200.0,792.0,38808.0
9208,5000010912,1000008122,20250618,1,3,12000.0,1800.0,34200.0
9209,5000010913,1000008123,20250120,1,1,12000.0,600.0,11400.0
9210,5000010914,1000008124,20240706,2,1,15000.0,1500.0,13500.0
9211,5000010915,1000008125,20240321,1,3,12000.0,0.0,36000.0
9212,5000010916,1000008125,20240321,2,3,15000.0,2250.0,42750.0
9213,5000010917,1000008126,20241121,2,1,15750.0,1575.0,14175.0
9214,5000010919,1000008128,20250302,2,1,15000.0,300.0,14700.0
9215,5000010920,1000008129,20240808,1,1,12600.0,0.0,12600.0
9216,5000010921,1000008130,20241212,2,1,13500.0,270.0,13230.0
9217,5000010922,1000008131,20240226,1,1,12600.0,1260.0,11340.0
9218,5000010924,1000008133,20250324,1,3,12600.0,1890.0,35910.0
9219,5000010925,1000008134,20250528,1,3,12000.0,1800.0,34200.0
9220,5000010927,1000008136,20240609,1,1,12000.0,600.0,11400.0
9221,5000010928,1000008137,20241023,1,1,10800.0,0.0,10800.0
9222,5000010929,1000008138,20240417,1,1,12000.0,0.0,12000.0
9223,5000010930,1000008139,20240821,2,1,13500.0,270.0,13230.0
9224,5000010931,1000008140,20250302,2,1,15000.0,750.0,14250.0
9225,5000010932,1000008141,20241126,1,2,12000.0,1200.0,22800.0
9226,5000010933,1000008141,20241126,2,1,15000.0,750.0,14250.0
9227,5000010935,1000008143,20240425,1,2,10800.0,1080.0,20520.0
9228,5000010936,1000008144,20250107,2,2,13500.0,540.0,26460.0
9229,5000010937,1000008144,20250107,1,1,12600.0,630.0,11970.0
9230,5000010938,1000008145,20240620,1,1,12000.0,600.0,11400.0
9231,5000010939,1000008145,20240620,1,3,10800.0,1620.0,30780.0
9232,5000010940,1000008146,20241115,1,3,12600.0,756.0,37044.0
9233,5000010941,1000008147,20250524,1,3,12000.0,3600.0,32400.0
9234,5000010942,1000008148,20240705,1,3,12000.0,720.0,35280.0
9235,5000010943,1000008149,20240901,2,1,16500.0,825.0,15675.0
9236,5000010944,1000008150,20250518,1,1,12600.0,630.0,11970.0
9237,5000010945,1000008151,20250623,1,1,10800.0,540.0,10260.0
9238,5000010946,1000008151,20250623,2,2,15000.0,600.0,29400.0
9239,5000010947,1000008152,20241221,2,1,15000.0,1500.0,13500.0
9240,5000010948,1000008153,20250416,1,3,12600.0,3780.0,34020.0
9241,5000010949,1000008153,20250416,2,3,15000.0,0.0,45000.0
9242,5000010950,1000008154,20250204,1,1,12000.0,600.0,11400.0
9243,5000010951,1000008155,20241109,1,3,10800.0,3240.0,29160.0
9244,5000010952,1000008156,20241202,2,2,15750.0,630.0,30870.0
9245,5000010953,1000008156,20241202,2,1,15000.0,750.0,14250.0
9246,5000010954,1000008157,20250923,1,3,12000.0,1800.0,34200.0
9247,5000010955,1000008158,20250314,1,3,12600.0,756.0,37044.0
9248,5000010956,1000008158,20250314,1,3,12000.0,0.0,36000.0
9249,5000010957,1000008158,20250314,2,1,15000.0,0.0,15000.0
9250,5000010958,1000008159,20250314,2,2,15000.0,3000.0,27000.0
9251,5000010959,1000008160,20241019,1,2,13200.0,528.0,25872.0
9252,5000010960,1000008161,20240517,1,3,12000.0,1800.0,34200.0
9253,5000010961,1000008162,20250504,1,3,12000.0,3600.0,32400.0
9254,5000010962,1000008163,20250117,1,1,12000.0,1200.0,10800.0
9255,5000010965,1000008165,20240127,1,3,12000.0,720.0,35280.0
9256,5000010966,1000008165,20240127,2,3,15000.0,4500.0,40500.0
9257,5000010967,1000008166,20240407,1,1,12000.0,0.0,12000.0
9258,5000010968,1000008167,20250415,1,2,10800.0,2160.0,19440.0
9259,5000010969,1000008168,20250707,1,2,12000.0,2400.0,21600.0
9260,5000010970,1000008169,20250910,2,3,15000.0,2250.0,42750.0
9261,5000010971,1000008169,20250910,2,1,15000.0,750.0,14250.0
9262,5000010972,1000008169,20250910,2,1,15000.0,0.0,15000.0
9263,5000010973,1000008170,20240519,2,3,16500.0,4950.0,44550.0
9264,5000010974,1000008170,20240519,1,3,12000.0,720.0,35280.0
9265,5000010975,1000008171,20250718,1,1,12000.0,240.0,11760.0
9266,5000010976,1000008172,20240528,1,3,12600.0,1890.0,35910.0
9267,5000010977,1000008172,20240528,2,3,15000.0,2250.0,42750.0
9268,5000010979,1000008174,20240309,1,3,13200.0,792.0,38808.0
9269,5000010981,1000008176,20241103,2,1,15000.0,750.0,14250.0
9270,5000010982,1000008176,20241103,1,3,12000.0,1800.0,34200.0
9271,5000010983,1000008177,20240826,1,1,12000.0,240.0,11760.0
9272,5000010984,1000008178,20250625,2,2,15000.0,0.0,30000.0
9273,5000010985,1000008179,20250713,2,3,16500.0,4950.0,44550.0
9274,5000010986,1000008180,20250516,1,3,12000.0,0.0,36000.0
9275,5000010987,1000008181,20250121,2,3,15000.0,2250.0,42750.0
9276,5000010988,1000008182,20250517,2,2,15000.0,0.0,30000.0
9277,5000010989,1000008182,20250517,2,1,13500.0,1350.0,12150.0
9278,5000010990,1000008183,20241022,2,3,15000.0,0.0,45000.0
9279,5000010991,1000008184,20250220,1,2,12000.0,480.0,23520.0
9280,5000010992,1000008185,20241030,1,3,12000.0,1800.0,34200.0
9281,5000010993,1000008186,20250729,2,3,15000.0,2250.0,42750.0
9282,5000010994,1000008187,20250331,1,1,12600.0,1260.0,11340.0
9283,5000010995,1000008188,20240912,1,2,12000.0,1200.0,22800.0
9284,5000010996,1000008189,20241203,1,1,12000.0,600.0,11400.0
9285,5000010997,1000008190,20240917,1,1,12000.0,1200.0,10800.0
9286,5000010998,1000008191,20250428,2,2,15000.0,3000.0,27000.0
9287,5000010999,1000008191,20250428,2,3,15750.0,0.0,47250.0
9288,5000011000,1000008192,20241213,2,2,16500.0,660.0,32340.0
9289,5000011001,1000008192,20241213,2,3,15000.0,900.0,44100.0
9290,5000011004,1000008194,20240207,1,3,12000.0,720.0,35280.0
9291,5000011005,1000008195,20250511,1,3,12000.0,1800.0,34200.0
9292,5000011006,1000008196,20250811,2,1,15000.0,0.0,15000.0
9293,5000011008,1000008198,20241006,2,1,15750.0,0.0,15750.0
9294,5000011009,1000008199,20241023,1,3,12000.0,1800.0,34200.0
9295,5000011010,1000008199,20241023,1,2,10800.0,1080.0,20520.0
9296,5000011011,1000008200,20250626,2,3,15000.0,0.0,45000.0
9297,5000011013,1000008202,20250911,2,2,15000.0,3000.0,27000.0
9298,5000011014,1000008203,20250409,1,2,12000.0,2400.0,21600.0
9299,5000011015,1000008204,20240414,1,2,12600.0,2520.0,22680.0
9300,5000011016,1000008205,20240401,1,2,13200.0,2640.0,23760.0
9301,5000011017,1000008206,20250602,2,3,15000.0,2250.0,42750.0
9302,5000011018,1000008206,20250602,2,1,15000.0,1500.0,13500.0
9303,5000011019,1000008206,20250602,1,1,12000.0,240.0,11760.0
9304,5000011020,1000008207,20241019,1,1,12000.0,0.0,12000.0
9305,5000011021,1000008207,20241019,1,1,12000.0,600.0,11400.0
9306,5000011022,1000008208,20250923,2,3,15000.0,0.0,45000.0
9307,5000011023,1000008209,20240825,2,1,15000.0,1500.0,13500.0
9308,5000011024,1000008209,20240825,1,1,10800.0,540.0,10260.0
9309,5000011026,1000008211,20250716,2,3,15000.0,2250.0,42750.0
9310,5000011027,1000008212,20250904,1,1,12000.0,0.0,12000.0
9311,5000011028,1000008213,20240422,1,3,12000.0,720.0,35280.0
9312,5000011029,1000008214,20250429,2,2,15000.0,0.0,30000.0
9313,5000011030,1000008214,20250429,2,1,15000.0,1500.0,13500.0
9314,5000011031,1000008215,20240909,1,2,12000.0,1200.0,22800.0
9315,5000011032,1000008215,20240909,2,1,15000.0,750.0,14250.0
9316,5000011033,1000008216,20241001,2,3,15000.0,900.0,44100.0
9317,5000011034,1000008216,20241001,2,3,15000.0,4500.0,40500.0
9318,5000011035,1000008217,20241231,1,1,12000.0,0.0,12000.0
9319,5000011036,1000008218,20250418,1,2,12000.0,0.0,24000.0
9320,5000011037,1000008219,20250401,2,3,15750.0,0.0,47250.0
9321,5000011038,1000008220,20240616,2,3,15750.0,945.0,46305.0
9322,5000011039,1000008221,20250312,1,3,12000.0,720.0,35280.0
9323,5000011040,1000008222,20250604,1,1,12000.0,600.0,11400.0
9324,5000011041,1000008222,20250604,1,3,12000.0,3600.0,32400.0
9325,5000011042,1000008223,20250912,1,3,12600.0,1890.0,35910.0
9326,5000011044,1000008225,20240310,2,1,15000.0,0.0,15000.0
9327,5000011045,1000008226,20241103,2,3,15000.0,900.0,44100.0
9328,5000011047,1000008228,20241215,1,1,12000.0,600.0,11400.0
9329,5000011048,1000008229,20250415,2,3,15750.0,0.0,47250.0
9330,5000011051,1000008231,20250418,2,2,15000.0,1500.0,28500.0
9331,5000011052,1000008232,20241024,2,2,15000.0,0.0,30000.0
9332,5000011053,1000008233,20250320,2,1,15000.0,750.0,14250.0
9333,5000011054,1000008233,20250320,2,1,15000.0,0.0,15000.0
9334,5000011055,1000008234,20250503,2,1,15000.0,300.0,14700.0
9335,5000011056,1000008235,20240128,2,2,15000.0,1500.0,28500.0
9336,5000011058,1000008237,20250511,1,2,10800.0,1080.0,20520.0
9337,5000011059,1000008238,20250327,1,1,12000.0,0.0,12000.0
9338,5000011060,1000008238,20250327,1,3,12600.0,3780.0,34020.0
9339,5000011061,1000008238,20250327,2,2,15750.0,0.0,31500.0
9340,5000011062,1000008239,20250920,2,1,13500.0,675.0,12825.0
9341,5000011063,1000008239,20250920,1,3,10800.0,648.0,31752.0
9342,5000011064,1000008240,20241110,1,1,13200.0,264.0,12936.0
9343,5000011065,1000008241,20250806,2,3,13500.0,2025.0,38475.0
9344,5000011066,1000008242,20240406,2,3,15000.0,4500.0,40500.0
9345,5000011067,1000008242,20240406,1,2,12000.0,2400.0,21600.0
9346,5000011068,1000008243,20250330,2,3,15000.0,900.0,44100.0
9347,5000011069,1000008244,20250730,1,1,12000.0,1200.0,10800.0
9348,5000011070,1000008245,20250316,2,2,13500.0,1350.0,25650.0
9349,5000011071,1000008246,20250929,1,1,12000.0,600.0,11400.0
9350,5000011072,1000008247,20240204,1,2,12000.0,1200.0,22800.0
9351,5000011076,1000008250,20241116,1,1,10800.0,540.0,10260.0
9352,5000011077,1000008250,20241116,1,1,12000.0,600.0,11400.0
9353,5000011078,1000008251,20241021,1,3,12000.0,1800.0,34200.0
9354,5000011079,1000008252,20240601,1,2,12000.0,480.0,23520.0
9355,5000011080,1000008253,20241231,2,2,15750.0,0.0,31500.0
9356,5000011081,1000008254,20240315,1,3,10800.0,3240.0,29160.0
9357,5000011082,1000008255,20250522,2,2,13500.0,2700.0,24300.0
9358,5000011083,1000008256,20250418,2,1,15000.0,1500.0,13500.0
9359,5000011084,1000008256,20250418,1,2,12000.0,2400.0,21600.0
9360,5000011085,1000008257,20240609,2,3,15000.0,0.0,45000.0
9361,5000011086,1000008258,20250601,1,1,12600.0,0.0,12600.0
9362,5000011087,1000008259,20240314,1,2,12000.0,0.0,24000.0
9363,5000011088,1000008260,20250122,1,1,12000.0,1200.0,10800.0
9364,5000011089,1000008260,20250122,1,2,12000.0,2400.0,21600.0
9365,5000011090,1000008261,20240205,1,1,12000.0,1200.0,10800.0
9366,5000011091,1000008261,20240205,1,3,12000.0,3600.0,32400.0
9367,5000011092,1000008262,20250201,1,3,12000.0,1800.0,34200.0
9368,5000011093,1000008262,20250201,2,1,15000.0,750.0,14250.0
9369,5000011094,1000008263,20240524,1,3,12000.0,720.0,35280.0
9370,5000011095,1000008263,20240524,1,1,10800.0,540.0,10260.0
9371,5000011096,1000008264,20240804,2,1,15000.0,750.0,14250.0
9372,5000011097,1000008265,20240311,2,3,13500.0,810.0,39690.0
9373,5000011098,1000008266,20240217,1,1,12000.0,0.0,12000.0
9374,5000011099,1000008266,20240217,1,3,13200.0,1980.0,37620.0
9375,5000011100,1000008267,20241224,1,3,10800.0,648.0,31752.0
9376,5000011101,1000008267,20241224,1,3,12000.0,1800.0,34200.0
9377,5000011102,1000008268,20250211,1,1,12600.0,0.0,12600.0
9378,5000011103,1000008268,20250211,1,3,12000.0,720.0,35280.0
9379,5000011104,1000008269,20240101,2,2,15000.0,600.0,29400.0
9380,5000011105,1000008269,20240101,1,1,10800.0,1080.0,9720.0
9381,5000011106,1000008270,20250402,1,2,13200.0,2640.0,23760.0
9382,5000011107,1000008271,20240223,1,2,10800.0,2160.0,19440.0
9383,5000011108,1000008272,20250506,1,1,10800.0,0.0,10800.0
9384,5000011109,1000008272,20250506,2,3,15000.0,0.0,45000.0
9385,5000011110,1000008273,20241210,2,3,15000.0,4500.0,40500.0
9386,5000011111,1000008274,20240911,1,1,12600.0,0.0,12600.0
9387,5000011112,1000008275,20240714,2,2,15000.0,600.0,29400.0
9388,5000011113,1000008276,20240417,1,3,10800.0,0.0,32400.0
9389,5000011115,1000008278,20250310,2,3,13500.0,4050.0,36450.0
9390,5000011116,1000008278,20250310,2,2,15000.0,600.0,29400.0
9391,5000011117,1000008279,20241108,2,3,15000.0,900.0,44100.0
9392,5000011118,1000008279,20241108,2,3,13500.0,0.0,40500.0
9393,5000011119,1000008279,20241108,2,1,15750.0,787.5,14962.5
9394,5000011120,1000008280,20240314,2,1,15000.0,1500.0,13500.0
9395,5000011121,1000008280,20240314,2,2,15000.0,0.0,30000.0
9396,5000011122,1000008280,20240314,1,1,12000.0,240.0,11760.0
9397,5000011123,1000008281,20240704,1,2,13200.0,0.0,26400.0
9398,5000011124,1000008281,20240704,2,1,15000.0,300.0,14700.0
9399,5000011125,1000008282,20250714,1,3,12000.0,3600.0,32400.0
9400,5000011126,1000008283,20240906,2,1,15750.0,1575.0,14175.0
9401,5000011128,1000008285,20250522,1,1,12000.0,600.0,11400.0
9402,5000011129,1000008285,20250522,1,1,12000.0,1200.0,10800.0
9403,5000011130,1000008286,20241124,1,2,13200.0,2640.0,23760.0
9404,5000011131,1000008287,20240614,1,1,10800.0,540.0,10260.0
9405,5000011132,1000008288,20240804,2,3,13500.0,4050.0,36450.0
9406,5000011133,1000008289,20250531,1,2,12000.0,480.0,23520.0
9407,5000011134,1000008289,20250531,1,3,12000.0,1800.0,34200.0
9408,5000011135,1000008290,20250909,1,3,13200.0,3960.0,35640.0
9409,5000011136,1000008290,20250909,1,1,12000.0,240.0,11760.0
9410,5000011138,1000008292,20250227,2,1,15000.0,0.0,15000.0
9411,5000011140,1000008294,20240524,2,2,15000.0,0.0,30000.0
9412,5000011141,1000008295,20250110,2,1,15000.0,0.0,15000.0
9413,5000011142,1000008296,20240922,2,2,13500.0,0.0,27000.0
9414,5000011143,1000008297,20250819,2,2,15000.0,1500.0,28500.0
9415,5000011144,1000008297,20250819,1,3,13200.0,792.0,38808.0
9416,5000011145,1000008298,20240523,1,3,12000.0,1800.0,34200.0
9417,5000011146,1000008299,20250109,2,2,15750.0,0.0,31500.0
9418,5000011147,1000008299,20250109,1,2,12000.0,480.0,23520.0
9419,5000011148,1000008299,20250109,2,1,16500.0,825.0,15675.0
9420,5000011151,1000008301,20250801,1,3,12600.0,756.0,37044.0
9421,5000011152,1000008302,20241229,1,1,12000.0,0.0,12000.0
9422,5000011153,1000008303,20241029,1,2,12600.0,2520.0,22680.0
9423,5000011154,1000008304,20241204,1,3,12000.0,3600.0,32400.0
9424,5000011155,1000008305,20240229,2,1,15000.0,1500.0,13500.0
9425,5000011156,1000008305,20240229,1,2,12000.0,2400.0,21600.0
9426,5000011157,1000008306,20250617,2,3,15000.0,2250.0,42750.0
9427,5000011158,1000008307,20250224,1,2,13200.0,1320.0,25080.0
9428,5000011159,1000008308,20250204,1,2,10800.0,0.0,21600.0
9429,5000011160,1000008308,20250204,1,2,10800.0,0.0,21600.0
9430,5000011162,1000008310,20250510,2,3,15000.0,0.0,45000.0
9431,5000011163,1000008311,20240320,2,2,15750.0,1575.0,29925.0
9432,5000011164,1000008312,20240828,2,1,15000.0,300.0,14700.0
9433,5000011165,1000008313,20240523,1,3,12000.0,0.0,36000.0
9434,5000011166,1000008314,20250119,2,2,15000.0,0.0,30000.0
9435,5000011167,1000008315,20250718,2,3,15000.0,0.0,45000.0
9436,5000011168,1000008315,20250718,1,3,10800.0,1620.0,30780.0
9437,5000011169,1000008315,20250718,2,2,15000.0,1500.0,28500.0
9438,5000011171,1000008317,20240608,1,2,12000.0,480.0,23520.0
9439,5000011172,1000008317,20240608,1,2,12000.0,0.0,24000.0
9440,5000011173,1000008318,20240131,1,3,12000.0,0.0,36000.0
9441,5000011174,1000008319,20250717,2,1,15000.0,300.0,14700.0
9442,5000011175,1000008320,20250322,2,2,16500.0,660.0,32340.0
9443,5000011176,1000008321,20250601,1,1,12000.0,0.0,12000.0
9444,5000011177,1000008321,20250601,2,3,15000.0,900.0,44100.0
9445,5000011178,1000008322,20250626,1,3,12000.0,1800.0,34200.0
9446,5000011180,1000008324,20240829,1,1,10800.0,0.0,10800.0
9447,5000011186,1000008327,20240916,1,2,12000.0,1200.0,22800.0
9448,5000011187,1000008328,20250701,1,1,13200.0,264.0,12936.0
9449,5000011188,1000008329,20240110,1,2,12000.0,480.0,23520.0
9450,5000011189,1000008330,20240102,1,3,12000.0,0.0,36000.0
9451,5000011190,1000008331,20240422,1,2,12000.0,480.0,23520.0
9452,5000011191,1000008332,20240221,1,1,12600.0,630.0,11970.0
9453,5000011192,1000008333,20240113,2,1,13500.0,1350.0,12150.0
9454,5000011193,1000008333,20240113,2,2,15000.0,600.0,29400.0
9455,5000011194,1000008333,20240113,1,1,12000.0,240.0,11760.0
9456,5000011195,1000008334,20250612,1,1,12000.0,0.0,12000.0
9457,5000011196,1000008335,20241108,1,2,12000.0,1200.0,22800.0
9458,5000011197,1000008336,20240722,1,3,12000.0,3600.0,32400.0
9459,5000011198,1000008336,20240722,1,2,12000.0,1200.0,22800.0
9460,5000011199,1000008337,20240217,2,1,16500.0,330.0,16170.0
9461,5000011200,1000008338,20240315,1,2,13200.0,528.0,25872.0
9462,5000011201,1000008339,20240522,1,1,12000.0,240.0,11760.0
9463,5000011202,1000008340,20250516,2,3,13500.0,0.0,40500.0
9464,5000011203,1000008340,20250516,1,1,12600.0,1260.0,11340.0
9465,5000011204,1000008341,20250822,1,3,13200.0,792.0,38808.0
9466,5000011205,1000008342,20250728,1,2,12000.0,0.0,24000.0
9467,5000011206,1000008343,20241019,2,1,15000.0,300.0,14700.0
9468,5000011207,1000008344,20240429,1,3,12000.0,720.0,35280.0
9469,5000011208,1000008345,20250309,2,3,16500.0,2475.0,47025.0
9470,5000011209,1000008345,20250309,2,1,15000.0,750.0,14250.0
9471,5000011210,1000008346,20240120,1,3,12000.0,0.0,36000.0
9472,5000011211,1000008346,20240120,1,3,12000.0,720.0,35280.0
9473,5000011212,1000008347,20250314,1,3,13200.0,3960.0,35640.0
9474,5000011213,1000008348,20241113,2,3,15000.0,4500.0,40500.0
9475,5000011214,1000008348,20241113,2,2,15000.0,3000.0,27000.0
9476,5000011215,1000008349,20250125,1,1,12000.0,1200.0,10800.0
9477,5000011216,1000008350,20250129,2,3,13500.0,2025.0,38475.0
9478,5000011217,1000008350,20250129,1,2,12000.0,0.0,24000.0
9479,5000011218,1000008351,20250324,1,3,12000.0,0.0,36000.0
9480,5000011219,1000008351,20250324,2,2,15000.0,600.0,29400.0
9481,5000011220,1000008352,20241213,1,1,12000.0,1200.0,10800.0
9482,5000011221,1000008353,20240930,1,3,10800.0,3240.0,29160.0
9483,5000011222,1000008354,20240228,1,1,12000.0,600.0,11400.0
9484,5000011223,1000008354,20240228,1,1,12600.0,630.0,11970.0
9485,5000011224,1000008354,20240228,2,1,15000.0,750.0,14250.0
9486,5000011225,1000008355,20240224,1,3,12600.0,3780.0,34020.0
9487,5000011226,1000008356,20250130,2,1,15750.0,315.0,15435.0
9488,5000011227,1000008356,20250130,1,1,12600.0,0.0,12600.0
9489,5000011228,1000008357,20250129,1,2,12600.0,1260.0,23940.0
9490,5000011229,1000008358,20250330,1,3,10800.0,0.0,32400.0
9491,5000011230,1000008359,20250418,1,1,13200.0,264.0,12936.0
9492,5000011231,1000008359,20250418,2,1,15750.0,0.0,15750.0
9493,5000011232,1000008360,20240519,1,1,12000.0,600.0,11400.0
9494,5000011233,1000008361,20250414,1,1,12000.0,240.0,11760.0
9495,5000011234,1000008361,20250414,1,1,12600.0,1260.0,11340.0
9496,5000011235,1000008362,20250720,2,1,15000.0,300.0,14700.0
9497,5000011236,1000008363,20250309,1,3,12000.0,3600.0,32400.0
9498,5000011237,1000008363,20250309,2,1,15000.0,750.0,14250.0
9499,5000011238,1000008364,20240613,2,3,15750.0,0.0,47250.0
9500,5000011239,1000008364,20240613,2,1,15000.0,1500.0,13500.0
9501,5000011242,1000008366,20250203,1,1,12000.0,0.0,12000.0
9502,5000011243,1000008367,20250301,1,3,12000.0,1800.0,34200.0
9503,5000011244,1000008368,20240523,2,2,13500.0,0.0,27000.0
9504,5000011245,1000008369,20250830,1,3,12000.0,0.0,36000.0
9505,5000011246,1000008369,20250830,2,3,16500.0,990.0,48510.0
9506,5000011247,1000008370,20241102,2,2,16500.0,660.0,32340.0
9507,5000011248,1000008371,20240607,2,3,15000.0,900.0,44100.0
9508,5000011249,1000008372,20250530,2,2,16500.0,0.0,33000.0
9509,5000011250,1000008373,20240114,1,2,12000.0,480.0,23520.0
9510,5000011251,1000008374,20250708,1,3,12000.0,3600.0,32400.0
9511,5000011252,1000008375,20240218,1,1,12000.0,1200.0,10800.0
9512,5000011253,1000008375,20240218,2,3,15000.0,2250.0,42750.0
9513,5000011254,1000008376,20240809,1,2,12000.0,0.0,24000.0
9514,5000011255,1000008377,20250220,1,1,12000.0,0.0,12000.0
9515,5000011256,1000008378,20241109,1,2,13200.0,528.0,25872.0
9516,5000011257,1000008378,20241109,2,2,15750.0,0.0,31500.0
9517,5000011258,1000008379,20250514,1,1,10800.0,0.0,10800.0
9518,5000011259,1000008379,20250514,1,2,12000.0,0.0,24000.0
9519,5000011260,1000008380,20240619,1,1,12600.0,0.0,12600.0
9520,5000011261,1000008380,20240619,1,3,13200.0,1980.0,37620.0
9521,5000011262,1000008381,20250412,1,3,12000.0,1800.0,34200.0
9522,5000011264,1000008383,20250605,1,1,12000.0,600.0,11400.0
9523,5000011265,1000008383,20250605,1,1,12000.0,600.0,11400.0
9524,5000011266,1000008384,20240718,2,3,15000.0,4500.0,40500.0
9525,5000011267,1000008384,20240718,1,2,13200.0,0.0,26400.0
9526,5000011270,1000008387,20240322,1,2,10800.0,1080.0,20520.0
9527,5000011271,1000008388,20241223,1,1,12000.0,600.0,11400.0
9528,5000011272,1000008389,20250101,2,3,15000.0,900.0,44100.0
9529,5000011273,1000008390,20250918,2,3,15000.0,900.0,44100.0
9530,5000011274,1000008391,20240605,2,2,16500.0,660.0,32340.0
9531,5000011275,1000008392,20250109,1,2,12000.0,0.0,24000.0
9532,5000011276,1000008392,20250109,2,2,15000.0,0.0,30000.0
9533,5000011277,1000008393,20241130,2,1,15000.0,300.0,14700.0
9534,5000011280,1000008395,20240628,2,3,15000.0,0.0,45000.0
9535,5000011281,1000008395,20240628,1,1,12000.0,0.0,12000.0
9536,5000011282,1000008396,20240529,2,1,16500.0,1650.0,14850.0
9537,5000011283,1000008397,20250128,2,1,15000.0,300.0,14700.0
9538,5000011284,1000008398,20250925,1,3,12000.0,1800.0,34200.0
9539,5000011285,1000008399,20250928,1,3,10800.0,1620.0,30780.0
9540,5000011286,1000008399,20250928,2,2,15000.0,1500.0,28500.0
9541,5000011287,1000008399,20250928,1,1,12000.0,1200.0,10800.0
9542,5000011289,1000008401,20240402,2,2,15000.0,0.0,30000.0
9543,5000011290,1000008401,20240402,1,3,12000.0,1800.0,34200.0
9544,5000011291,1000008402,20250504,1,1,13200.0,264.0,12936.0
9545,5000011292,1000008403,20250311,2,3,13500.0,810.0,39690.0
9546,5000011293,1000008404,20241216,1,2,12000.0,2400.0,21600.0
9547,5000011294,1000008405,20250602,2,2,15000.0,600.0,29400.0
9548,5000011295,1000008406,20240122,1,3,12000.0,3600.0,32400.0
9549,5000011296,1000008407,20250108,2,2,13500.0,1350.0,25650.0
9550,5000011297,1000008407,20250108,2,2,15000.0,3000.0,27000.0
9551,5000011298,1000008408,20240803,1,3,12000.0,3600.0,32400.0
9552,5000011300,1000008410,20250215,2,2,15750.0,1575.0,29925.0
9553,5000011301,1000008410,20250215,1,3,12000.0,3600.0,32400.0
9554,5000011302,1000008411,20250714,2,1,15000.0,1500.0,13500.0
9555,5000011303,1000008412,20240427,1,2,12000.0,1200.0,22800.0
9556,5000011304,1000008413,20250514,1,2,12000.0,1200.0,22800.0
9557,5000011305,1000008414,20240320,1,2,12000.0,0.0,24000.0
9558,5000011306,1000008415,20250425,2,1,13500.0,270.0,13230.0
9559,5000011307,1000008416,20241106,1,3,12000.0,720.0,35280.0
9560,5000011308,1000008417,20240116,2,1,15000.0,0.0,15000.0
9561,5000011309,1000008417,20240116,1,3,12000.0,0.0,36000.0
9562,5000011310,1000008418,20241105,2,3,15750.0,0.0,47250.0
9563,5000011312,1000008420,20241203,2,3,15000.0,900.0,44100.0
9564,5000011313,1000008421,20250612,2,3,15000.0,900.0,44100.0
9565,5000011314,1000008422,20240627,1,1,12000.0,600.0,11400.0
9566,5000011315,1000008422,20240627,2,1,15000.0,0.0,15000.0
9567,5000011316,1000008423,20250421,2,1,15000.0,750.0,14250.0
9568,5000011317,1000008423,20250421,1,1,12600.0,630.0,11970.0
9569,5000011318,1000008424,20240913,1,3,12000.0,1800.0,34200.0
9570,5000011319,1000008425,20250224,2,1,15750.0,787.5,14962.5
9571,5000011320,1000008425,20250224,1,3,12000.0,720.0,35280.0
9572,5000011322,1000008427,20240801,1,3,10800.0,1620.0,30780.0
9573,5000011323,1000008428,20240507,1,1,12000.0,240.0,11760.0
9574,5000011324,1000008428,20240507,1,1,12000.0,240.0,11760.0
9575,5000011327,1000008431,20240418,1,3,12000.0,720.0,35280.0
9576,5000011328,1000008431,20240418,1,3,10800.0,1620.0,30780.0
9577,5000011329,1000008432,20240730,1,2,12600.0,2520.0,22680.0
9578,5000011330,1000008433,20240623,1,3,12000.0,1800.0,34200.0
9579,5000011331,1000008433,20240623,2,1,16500.0,0.0,16500.0
9580,5000011332,1000008434,20240707,2,3,15000.0,2250.0,42750.0
9581,5000011333,1000008434,20240707,2,3,16500.0,2475.0,47025.0
9582,5000011334,1000008435,20240218,2,2,15750.0,3150.0,28350.0
9583,5000011339,1000008438,20240125,1,1,10800.0,1080.0,9720.0
9584,5000011340,1000008439,20240423,1,3,13200.0,792.0,38808.0
9585,5000011341,1000008439,20240423,2,2,15000.0,1500.0,28500.0
9586,5000011342,1000008440,20250316,1,1,13200.0,1320.0,11880.0
9587,5000011343,1000008441,20240424,1,1,12000.0,0.0,12000.0
9588,5000011344,1000008442,20250228,1,2,12000.0,2400.0,21600.0
9589,5000011345,1000008442,20250228,1,1,12600.0,1260.0,11340.0
9590,5000011346,1000008443,20250421,1,2,12000.0,2400.0,21600.0
9591,5000011347,1000008444,20250811,2,2,15000.0,3000.0,27000.0
9592,5000011348,1000008445,20240425,2,3,13500.0,810.0,39690.0
9593,5000011349,1000008446,20250414,1,2,12000.0,0.0,24000.0
9594,5000011350,1000008447,20240717,2,2,16500.0,660.0,32340.0
9595,5000011351,1000008447,20240717,1,3,12000.0,720.0,35280.0
9596,5000011352,1000008448,20240324,2,3,15000.0,0.0,45000.0
9597,5000011353,1000008448,20240324,2,2,15750.0,0.0,31500.0
9598,5000011354,1000008449,20250808,1,2,12000.0,480.0,23520.0
9599,5000011355,1000008450,20240628,1,2,12000.0,480.0,23520.0
9600,5000011358,1000008452,20240212,2,3,13500.0,0.0,40500.0
9601,5000011359,1000008453,20240618,1,1,12000.0,600.0,11400.0
9602,5000011360,1000008454,20250823,1,1,12000.0,240.0,11760.0
9603,5000011361,1000008455,20241008,2,2,15000.0,1500.0,28500.0
9604,5000011362,1000008456,20240809,2,2,16500.0,3300.0,29700.0
9605,5000011363,1000008456,20240809,2,1,13500.0,270.0,13230.0
9606,5000011364,1000008457,20240603,2,2,15000.0,0.0,30000.0
9607,5000011365,1000008458,20240204,1,2,12000.0,0.0,24000.0
9608,5000011366,1000008458,20240204,2,1,13500.0,270.0,13230.0
9609,5000011368,1000008460,20240215,1,1,12600.0,630.0,11970.0
9610,5000011369,1000008460,20240215,1,3,12000.0,0.0,36000.0
9611,5000011370,1000008461,20250327,1,3,12000.0,0.0,36000.0
9612,5000011371,1000008461,20250327,1,3,12000.0,720.0,35280.0
9613,5000011372,1000008462,20250110,1,1,13200.0,264.0,12936.0
9614,5000011373,1000008462,20250110,2,1,15000.0,1500.0,13500.0
9615,5000011374,1000008463,20240102,2,2,15750.0,3150.0,28350.0
9616,5000011376,1000008465,20250809,2,1,15750.0,787.5,14962.5
9617,5000011377,1000008466,20240313,2,1,13500.0,270.0,13230.0
9618,5000011378,1000008466,20240313,2,1,15000.0,300.0,14700.0
9619,5000011379,1000008467,20240623,2,2,15000.0,1500.0,28500.0
9620,5000011380,1000008468,20241025,1,1,12000.0,0.0,12000.0
9621,5000011381,1000008469,20240731,1,1,12000.0,600.0,11400.0
9622,5000011382,1000008469,20240731,1,3,12000.0,720.0,35280.0
9623,5000011383,1000008469,20240731,1,1,10800.0,216.0,10584.0
9624,5000011384,1000008470,20250718,1,3,12000.0,1800.0,34200.0
9625,5000011385,1000008471,20240715,1,3,10800.0,1620.0,30780.0
9626,5000011386,1000008472,20240606,1,1,12000.0,600.0,11400.0
9627,5000011387,1000008473,20241103,2,2,16500.0,3300.0,29700.0
9628,5000011388,1000008474,20250625,1,2,12000.0,1200.0,22800.0
9629,5000011389,1000008475,20250508,1,3,12000.0,720.0,35280.0
9630,5000011390,1000008476,20250202,1,1,12000.0,240.0,11760.0
9631,5000011391,1000008476,20250202,1,2,13200.0,0.0,26400.0
9632,5000011392,1000008477,20250809,2,3,16500.0,990.0,48510.0
9633,5000011393,1000008477,20250809,2,2,15000.0,3000.0,27000.0
9634,5000011394,1000008478,20241017,2,2,15000.0,1500.0,28500.0
9635,5000011395,1000008479,20250121,1,3,12600.0,0.0,37800.0
9636,5000011396,1000008479,20250121,1,1,12000.0,0.0,12000.0
9637,5000011397,1000008479,20250121,2,1,13500.0,675.0,12825.0
9638,5000011398,1000008480,20241011,1,2,12000.0,0.0,24000.0
9639,5000011399,1000008481,20240817,2,2,15000.0,3000.0,27000.0
9640,5000011400,1000008482,20241209,2,2,15000.0,600.0,29400.0
9641,5000011401,1000008483,20250204,1,3,12000.0,1800.0,34200.0
9642,5000011402,1000008483,20250204,1,2,12000.0,2400.0,21600.0
9643,5000011403,1000008484,20240905,2,2,15000.0,600.0,29400.0
9644,5000011404,1000008485,20250113,1,3,12000.0,720.0,35280.0
9645,5000011405,1000008485,20250113,1,1,12000.0,0.0,12000.0
9646,5000011406,1000008486,20250321,2,1,13500.0,270.0,13230.0
9647,5000011409,1000008488,20240116,1,3,12000.0,720.0,35280.0
9648,5000011410,1000008489,20250610,1,3,12000.0,1800.0,34200.0
9649,5000011411,1000008490,20240301,1,3,12000.0,1800.0,34200.0
9650,5000011412,1000008490,20240301,1,1,12000.0,1200.0,10800.0
9651,5000011413,1000008491,20250204,2,3,15000.0,4500.0,40500.0
9652,5000011414,1000008491,20250204,1,2,12000.0,1200.0,22800.0
9653,5000011415,1000008491,20250204,1,2,12000.0,480.0,23520.0
9654,5000011416,1000008492,20240317,2,1,15000.0,0.0,15000.0
9655,5000011417,1000008493,20250211,1,3,12000.0,1800.0,34200.0
9656,5000011418,1000008493,20250211,2,2,15000.0,3000.0,27000.0
9657,5000011419,1000008494,20240723,1,2,12000.0,480.0,23520.0
9658,5000011420,1000008494,20240723,1,3,12000.0,3600.0,32400.0
9659,5000011421,1000008494,20240723,1,2,10800.0,1080.0,20520.0
9660,5000011422,1000008495,20250718,2,1,15000.0,1500.0,13500.0
9661,5000011426,1000008497,20240621,1,2,12000.0,1200.0,22800.0
9662,5000011427,1000008497,20240621,2,3,15000.0,0.0,45000.0
9663,5000011428,1000008498,20241113,2,1,13500.0,270.0,13230.0
9664,5000011429,1000008499,20241116,1,3,12000.0,3600.0,32400.0
9665,5000011430,1000008500,20250407,1,3,10800.0,1620.0,30780.0
9666,5000011431,1000008500,20250407,2,2,15750.0,0.0,31500.0
9667,5000011432,1000008501,20250717,2,3,15000.0,2250.0,42750.0
9668,5000011435,1000008504,20250509,2,2,13500.0,1350.0,25650.0
9669,5000011436,1000008505,20250327,2,2,15000.0,3000.0,27000.0
9670,5000011437,1000008505,20250327,1,1,12000.0,240.0,11760.0
9671,5000011438,1000008506,20241018,1,2,12000.0,2400.0,21600.0
9672,5000011439,1000008507,20240525,1,2,12000.0,0.0,24000.0
9673,5000011440,1000008507,20240525,2,1,13500.0,675.0,12825.0
9674,5000011441,1000008507,20240525,1,1,12000.0,0.0,12000.0
9675,5000011442,1000008508,20250702,1,1,12000.0,240.0,11760.0
9676,5000011443,1000008509,20250816,1,1,12000.0,600.0,11400.0
9677,5000011444,1000008510,20250319,1,3,12600.0,756.0,37044.0
9678,5000011445,1000008511,20241008,1,1,12000.0,1200.0,10800.0
9679,5000011446,1000008511,20241008,2,3,16500.0,990.0,48510.0
9680,5000011447,1000008512,20240510,1,1,13200.0,1320.0,11880.0
9681,5000011448,1000008513,20240910,2,2,13500.0,2700.0,24300.0
9682,5000011449,1000008514,20250225,2,2,15000.0,3000.0,27000.0
9683,5000011450,1000008515,20250501,1,2,12000.0,480.0,23520.0
9684,5000011451,1000008515,20250501,2,2,15000.0,0.0,30000.0
9685,5000011452,1000008516,20250829,2,2,13500.0,0.0,27000.0
9686,5000011453,1000008517,20240227,1,2,10800.0,0.0,21600.0
9687,5000011454,1000008518,20250703,1,3,12000.0,1800.0,34200.0
9688,5000011455,1000008519,20241010,1,1,12000.0,600.0,11400.0
9689,5000011456,1000008520,20250119,1,1,12000.0,0.0,12000.0
9690,5000011457,1000008520,20250119,2,2,15000.0,1500.0,28500.0
9691,5000011459,1000008522,20240420,2,2,15000.0,1500.0,28500.0
9692,5000011460,1000008522,20240420,1,3,12000.0,3600.0,32400.0
9693,5000011461,1000008522,20240420,1,2,12000.0,1200.0,22800.0
9694,5000011462,1000008523,20250121,2,3,15000.0,0.0,45000.0
9695,5000011463,1000008524,20241019,2,2,15000.0,1500.0,28500.0
9696,5000011464,1000008524,20241019,1,1,12000.0,240.0,11760.0
9697,5000011465,1000008525,20240810,2,1,15000.0,750.0,14250.0
9698,5000011466,1000008525,20240810,2,2,13500.0,2700.0,24300.0
9699,5000011467,1000008526,20240601,1,1,12000.0,1200.0,10800.0
9700,5000011468,1000008526,20240601,2,1,15000.0,0.0,15000.0
9701,5000011469,1000008527,20240810,2,3,13500.0,0.0,40500.0
9702,5000011470,1000008527,20240810,2,3,15000.0,4500.0,40500.0
9703,5000011473,1000008529,20241012,1,3,12000.0,3600.0,32400.0
9704,5000011474,1000008530,20250704,1,3,12000.0,0.0,36000.0
9705,5000011475,1000008530,20250704,1,2,12000.0,0.0,24000.0
9706,5000011476,1000008531,20241228,1,1,12000.0,1200.0,10800.0
9707,5000011481,1000008535,20250520,1,2,12000.0,2400.0,21600.0
9708,5000011485,1000008537,20241130,1,3,10800.0,1620.0,30780.0
9709,5000011486,1000008538,20240512,1,2,12000.0,0.0,24000.0
9710,5000011487,1000008538,20240512,1,3,12000.0,3600.0,32400.0
9711,5000011488,1000008539,20240911,2,1,15000.0,1500.0,13500.0
9712,5000011489,1000008539,20240911,2,3,16500.0,0.0,49500.0
9713,5000011490,1000008540,20240819,1,2,10800.0,0.0,21600.0
9714,5000011491,1000008541,20240601,1,1,12000.0,600.0,11400.0
9715,5000011492,1000008541,20240601,2,1,15000.0,750.0,14250.0
9716,5000011493,1000008542,20240308,1,1,12000.0,1200.0,10800.0
9717,5000011494,1000008542,20240308,1,2,12600.0,504.0,24696.0
9718,5000011495,1000008543,20241214,1,3,10800.0,0.0,32400.0
9719,5000011496,1000008544,20240809,1,3,13200.0,3960.0,35640.0
9720,5000011498,1000008546,20250130,1,1,12600.0,0.0,12600.0
9721,5000011499,1000008547,20240428,1,3,12600.0,756.0,37044.0
9722,5000011500,1000008547,20240428,1,2,12000.0,480.0,23520.0
9723,5000011501,1000008548,20240704,1,2,12000.0,2400.0,21600.0
9724,5000011503,1000008550,20240630,1,1,10800.0,0.0,10800.0
9725,5000011504,1000008550,20240630,2,1,15000.0,0.0,15000.0
9726,5000011505,1000008551,20240608,2,3,15000.0,2250.0,42750.0
9727,5000011506,1000008551,20240608,2,1,15000.0,750.0,14250.0
9728,5000011507,1000008551,20240608,1,1,10800.0,540.0,10260.0
9729,5000011508,1000008552,20240525,1,1,12000.0,0.0,12000.0
9730,5000011509,1000008552,20240525,2,1,15000.0,0.0,15000.0
9731,5000011510,1000008552,20240525,2,2,13500.0,2700.0,24300.0
9732,5000011511,1000008553,20250113,1,2,12000.0,1200.0,22800.0
9733,5000011512,1000008554,20250813,1,2,13200.0,1320.0,25080.0
9734,5000011513,1000008554,20250813,1,2,12000.0,2400.0,21600.0
9735,5000011514,1000008555,20241204,2,3,15750.0,0.0,47250.0
9736,5000011515,1000008555,20241204,2,2,16500.0,660.0,32340.0
9737,5000011516,1000008556,20250426,1,2,12000.0,480.0,23520.0
9738,5000011517,1000008556,20250426,1,3,12000.0,720.0,35280.0
9739,5000011520,1000008558,20240205,1,1,10800.0,0.0,10800.0
9740,5000011521,1000008559,20250909,1,3,12000.0,720.0,35280.0
9741,5000011522,1000008560,20241208,2,3,15000.0,900.0,44100.0
9742,5000011523,1000008561,20240605,1,3,12000.0,0.0,36000.0
9743,5000011524,1000008562,20250905,2,2,15000.0,0.0,30000.0
9744,5000011525,1000008563,20250720,1,1,12000.0,600.0,11400.0
9745,5000011526,1000008564,20240511,2,2,15000.0,600.0,29400.0
9746,5000011527,1000008565,20250705,1,3,10800.0,3240.0,29160.0
9747,5000011528,1000008566,20240928,1,2,12000.0,480.0,23520.0
9748,5000011529,1000008566,20240928,1,2,12000.0,1200.0,22800.0
9749,5000011530,1000008566,20240928,2,3,13500.0,2025.0,38475.0
9750,5000011531,1000008567,20240727,2,1,15000.0,0.0,15000.0
9751,5000011532,1000008568,20240117,2,2,15000.0,0.0,30000.0
9752,5000011533,1000008569,20250218,2,1,15000.0,1500.0,13500.0
9753,5000011534,1000008570,20240418,2,3,15750.0,0.0,47250.0
9754,5000011535,1000008570,20240418,1,1,12600.0,1260.0,11340.0
9755,5000011536,1000008571,20240615,2,3,15000.0,4500.0,40500.0
9756,5000011537,1000008572,20250401,2,2,15750.0,630.0,30870.0
9757,5000011538,1000008572,20250401,1,2,13200.0,0.0,26400.0
9758,5000011539,1000008573,20250520,1,1,12000.0,240.0,11760.0
9759,5000011540,1000008574,20240426,1,1,12600.0,630.0,11970.0
9760,5000011541,1000008574,20240426,2,1,16500.0,1650.0,14850.0
9761,5000011542,1000008575,20250927,1,1,12000.0,600.0,11400.0
9762,5000011543,1000008576,20240721,1,2,12000.0,2400.0,21600.0
9763,5000011544,1000008576,20240721,1,2,13200.0,2640.0,23760.0
9764,5000011545,1000008577,20250609,2,1,15000.0,0.0,15000.0
9765,5000011546,1000008578,20241214,2,1,15000.0,0.0,15000.0
9766,5000011548,1000008580,20250515,2,2,15000.0,1500.0,28500.0
9767,5000011549,1000008580,20250515,2,2,15000.0,1500.0,28500.0
9768,5000011550,1000008581,20250426,1,1,12600.0,1260.0,11340.0
9769,5000011551,1000008582,20240107,1,2,10800.0,432.0,21168.0
9770,5000011552,1000008582,20240107,1,2,12000.0,1200.0,22800.0
9771,5000011553,1000008583,20240615,1,2,13200.0,2640.0,23760.0
9772,5000011556,1000008586,20240613,2,2,15000.0,3000.0,27000.0
9773,5000011557,1000008587,20240106,2,3,15000.0,2250.0,42750.0
9774,5000011558,1000008588,20240102,2,1,16500.0,1650.0,14850.0
9775,5000011559,1000008588,20240102,1,3,12000.0,1800.0,34200.0
9776,5000011560,1000008588,20240102,1,2,12000.0,1200.0,22800.0
9777,5000011561,1000008589,20250515,1,1,12000.0,600.0,11400.0
9778,5000011562,1000008590,20240116,2,2,15000.0,1500.0,28500.0
9779,5000011563,1000008591,20241124,1,2,12000.0,480.0,23520.0
9780,5000011564,1000008592,20250116,2,2,15000.0,600.0,29400.0
9781,5000011565,1000008593,20250602,2,3,15000.0,0.0,45000.0
9782,5000011569,1000008596,20250117,2,3,15750.0,4725.0,42525.0
9783,5000011570,1000008597,20240725,1,3,12600.0,0.0,37800.0
9784,5000011571,1000008598,20250406,2,2,15000.0,3000.0,27000.0
9785,5000011572,1000008598,20250406,2,1,15000.0,0.0,15000.0
9786,5000011573,1000008599,20250803,2,1,15000.0,300.0,14700.0
9787,5000011574,1000008600,20241112,1,3,12000.0,0.0,36000.0
9788,5000011575,1000008600,20241112,2,1,15000.0,1500.0,13500.0
9789,5000011576,1000008600,20241112,2,3,15000.0,900.0,44100.0
9790,5000011578,1000008602,20250701,2,3,15000.0,2250.0,42750.0
9791,5000011579,1000008603,20250704,1,2,12000.0,480.0,23520.0
9792,5000011580,1000008604,20250703,2,1,15000.0,1500.0,13500.0
9793,5000011581,1000008605,20250817,1,1,12600.0,1260.0,11340.0
9794,5000011582,1000008606,20250413,1,2,12000.0,0.0,24000.0
9795,5000011583,1000008606,20250413,2,2,15000.0,3000.0,27000.0
9796,5000011584,1000008607,20250407,2,1,15000.0,0.0,15000.0
9797,5000011585,1000008607,20250407,2,2,15000.0,1500.0,28500.0
9798,5000011586,1000008608,20250817,1,1,12000.0,600.0,11400.0
9799,5000011587,1000008608,20250817,1,2,12600.0,1260.0,23940.0
9800,5000011588,1000008609,20250515,2,3,15750.0,0.0,47250.0
9801,5000011589,1000008610,20240728,2,2,16500.0,1650.0,31350.0
9802,5000011590,1000008610,20240728,1,1,12000.0,240.0,11760.0
9803,5000011591,1000008611,20250415,1,3,10800.0,648.0,31752.0
9804,5000011592,1000008611,20250415,2,3,15000.0,4500.0,40500.0
9805,5000011593,1000008612,20240108,2,1,13500.0,0.0,13500.0
9806,5000011594,1000008613,20240201,2,1,15000.0,300.0,14700.0
9807,5000011595,1000008614,20240301,2,3,13500.0,4050.0,36450.0
9808,5000011596,1000008615,20240503,1,3,12000.0,1800.0,34200.0
9809,5000011597,1000008616,20250221,2,3,15000.0,2250.0,42750.0
9810,5000011598,1000008617,20240319,1,1,10800.0,216.0,10584.0
9811,5000011599,1000008618,20250529,2,3,15000.0,0.0,45000.0
9812,5000011600,1000008619,20250421,1,1,10800.0,216.0,10584.0
9813,5000011601,1000008620,20240211,1,1,12000.0,0.0,12000.0
9814,5000011602,1000008621,20250618,1,3,12000.0,0.0,36000.0
9815,5000011605,1000008623,20250302,1,2,12000.0,0.0,24000.0
9816,5000011606,1000008623,20250302,2,1,15000.0,1500.0,13500.0
9817,5000011607,1000008624,20240610,1,3,10800.0,0.0,32400.0
9818,5000011608,1000008624,20240610,2,1,15750.0,1575.0,14175.0
9819,5000011609,1000008625,20250711,1,3,13200.0,0.0,39600.0
9820,5000011610,1000008626,20240615,1,3,12000.0,720.0,35280.0
9821,5000011611,1000008626,20240615,2,1,15000.0,300.0,14700.0
9822,5000011612,1000008626,20240615,2,2,15000.0,3000.0,27000.0
9823,5000011613,1000008627,20250905,2,1,13500.0,675.0,12825.0
9824,5000011615,1000008629,20240330,2,3,15000.0,0.0,45000.0
9825,5000011616,1000008629,20240330,2,1,15000.0,1500.0,13500.0
9826,5000011617,1000008629,20240330,1,2,13200.0,1320.0,25080.0
9827,5000011618,1000008630,20240213,1,2,12000.0,2400.0,21600.0
9828,5000011619,1000008631,20250406,2,2,16500.0,1650.0,31350.0
9829,5000011620,1000008632,20240225,1,1,12000.0,0.0,12000.0
9830,5000011621,1000008633,20250121,2,2,16500.0,1650.0,31350.0
9831,5000011624,1000008635,20250213,2,2,13500.0,540.0,26460.0
9832,5000011625,1000008636,20240914,1,3,12000.0,720.0,35280.0
9833,5000011629,1000008639,20250610,1,3,13200.0,3960.0,35640.0
9834,5000011630,1000008639,20250610,2,3,15750.0,0.0,47250.0
9835,5000011631,1000008640,20250620,2,3,15000.0,4500.0,40500.0
9836,5000011632,1000008641,20241015,2,1,16500.0,825.0,15675.0
9837,5000011633,1000008641,20241015,1,2,12000.0,1200.0,22800.0
9838,5000011634,1000008642,20250310,1,3,12600.0,0.0,37800.0
9839,5000011637,1000008644,20241220,2,2,15000.0,1500.0,28500.0
9840,5000011638,1000008644,20241220,1,1,13200.0,1320.0,11880.0
9841,5000011639,1000008645,20250826,2,1,15000.0,1500.0,13500.0
9842,5000011640,1000008646,20250110,1,2,12000.0,1200.0,22800.0
9843,5000011641,1000008647,20240128,1,3,12000.0,720.0,35280.0
9844,5000011642,1000008648,20250318,2,1,13500.0,1350.0,12150.0
9845,5000011643,1000008649,20250514,1,2,10800.0,1080.0,20520.0
9846,5000011644,1000008650,20240528,2,2,16500.0,1650.0,31350.0
9847,5000011645,1000008650,20240528,1,3,12000.0,720.0,35280.0
9848,5000011646,1000008650,20240528,2,3,15000.0,4500.0,40500.0
9849,5000011647,1000008651,20240206,1,1,12000.0,240.0,11760.0
9850,5000011648,1000008652,20240804,1,3,12000.0,3600.0,32400.0
9851,5000011649,1000008652,20240804,1,2,12000.0,2400.0,21600.0
9852,5000011650,1000008653,20240612,1,1,12000.0,0.0,12000.0
9853,5000011652,1000008655,20240417,2,1,15000.0,0.0,15000.0
9854,5000011653,1000008656,20240620,2,1,15000.0,1500.0,13500.0
9855,5000011654,1000008656,20240620,2,3,15000.0,900.0,44100.0
9856,5000011655,1000008657,20240930,2,1,15000.0,300.0,14700.0
9857,5000011657,1000008659,20240229,2,1,15000.0,750.0,14250.0
9858,5000011658,1000008660,20250216,1,3,12000.0,0.0,36000.0
9859,5000011659,1000008661,20240518,2,3,15000.0,4500.0,40500.0
9860,5000011660,1000008661,20240518,2,3,15000.0,4500.0,40500.0
9861,5000011661,1000008662,20240821,1,2,12000.0,480.0,23520.0
9862,5000011662,1000008662,20240821,1,3,12000.0,0.0,36000.0
9863,5000011663,1000008663,20250321,1,2,12000.0,1200.0,22800.0
9864,5000011664,1000008663,20250321,2,1,15000.0,750.0,14250.0
9865,5000011665,1000008664,20240510,1,1,13200.0,1320.0,11880.0
9866,5000011669,1000008666,20240821,1,1,12000.0,240.0,11760.0
9867,5000011670,1000008667,20250614,1,3,12000.0,720.0,35280.0
9868,5000011672,1000008669,20240901,1,1,12000.0,0.0,12000.0
9869,5000011673,1000008670,20250812,2,3,15000.0,2250.0,42750.0
9870,5000011674,1000008671,20241108,1,1,12000.0,240.0,11760.0
9871,5000011675,1000008672,20240506,1,2,12600.0,0.0,25200.0
9872,5000011676,1000008672,20240506,1,3,12000.0,3600.0,32400.0
9873,5000011677,1000008673,20250611,1,3,12000.0,1800.0,34200.0
9874,5000011678,1000008674,20240922,2,2,15750.0,1575.0,29925.0
9875,5000011679,1000008675,20250407,1,3,13200.0,1980.0,37620.0
9876,5000011680,1000008676,20250125,2,1,15000.0,0.0,15000.0
9877,5000011681,1000008677,20240212,2,3,16500.0,990.0,48510.0
9878,5000011682,1000008678,20250603,1,1,12000.0,1200.0,10800.0
9879,5000011683,1000008679,20240613,1,2,12000.0,480.0,23520.0
9880,5000011684,1000008680,20240625,1,3,12000.0,0.0,36000.0
9881,5000011685,1000008681,20240727,2,3,15000.0,2250.0,42750.0
9882,5000011686,1000008682,20240702,1,3,12600.0,756.0,37044.0
9883,5000011687,1000008683,20241205,2,1,15000.0,750.0,14250.0
9884,5000011688,1000008683,20241205,1,3,13200.0,0.0,39600.0
9885,5000011689,1000008684,20250604,1,3,13200.0,0.0,39600.0
9886,5000011690,1000008684,20250604,1,2,12600.0,2520.0,22680.0
9887,5000011691,1000008684,20250604,2,1,13500.0,1350.0,12150.0
9888,5000011692,1000008685,20250418,2,3,15000.0,900.0,44100.0
9889,5000011693,1000008686,20250123,1,1,12600.0,0.0,12600.0
9890,5000011696,1000008688,20240808,2,2,15000.0,0.0,30000.0
9891,5000011697,1000008689,20240710,1,2,12000.0,480.0,23520.0
9892,5000011698,1000008690,20240628,2,3,16500.0,4950.0,44550.0
9893,5000011701,1000008693,20250126,1,3,12000.0,0.0,36000.0
9894,5000011702,1000008693,20250126,2,2,15000.0,1500.0,28500.0
9895,5000011703,1000008694,20240515,2,2,15750.0,3150.0,28350.0
9896,5000011704,1000008695,20250713,1,3,12000.0,1800.0,34200.0
9897,5000011705,1000008696,20240122,1,2,10800.0,2160.0,19440.0
9898,5000011706,1000008697,20240204,1,1,12000.0,0.0,12000.0
9899,5000011707,1000008697,20240204,2,2,15000.0,3000.0,27000.0
9900,5000011708,1000008698,20240225,1,2,12000.0,2400.0,21600.0
9901,5000011709,1000008699,20250419,2,3,15750.0,2362.5,44887.5
9902,5000011710,1000008700,20250518,2,3,15000.0,2250.0,42750.0
9903,5000011711,1000008701,20241115,1,2,12000.0,1200.0,22800.0
9904,5000011712,1000008702,20240301,2,3,15000.0,4500.0,40500.0
9905,5000011713,1000008702,20240301,2,2,15000.0,3000.0,27000.0
9906,5000011716,1000008704,20250208,1,1,12000.0,600.0,11400.0
9907,5000011717,1000008705,20241206,1,1,12000.0,1200.0,10800.0
9908,5000011718,1000008706,20240227,1,1,12600.0,252.0,12348.0
9909,5000011719,1000008707,20250611,1,3,12600.0,1890.0,35910.0
9910,5000011720,1000008708,20250604,1,3,12600.0,3780.0,34020.0
9911,5000011721,1000008708,20250604,2,1,16500.0,0.0,16500.0
9912,5000011722,1000008709,20250606,1,2,10800.0,1080.0,20520.0
9913,5000011723,1000008710,20250904,2,3,15000.0,4500.0,40500.0
9914,5000011724,1000008711,20241105,1,3,12600.0,3780.0,34020.0
9915,5000011725,1000008712,20250514,1,2,12000.0,2400.0,21600.0
9916,5000011726,1000008712,20250514,1,2,12600.0,504.0,24696.0
9917,5000011727,1000008713,20240628,2,3,15000.0,900.0,44100.0
9918,5000011728,1000008714,20250407,2,1,15000.0,0.0,15000.0
9919,5000011731,1000008716,20240826,2,2,15750.0,630.0,30870.0
9920,5000011732,1000008717,20250719,1,1,12000.0,1200.0,10800.0
9921,5000011733,1000008718,20240602,2,3,13500.0,2025.0,38475.0
9922,5000011734,1000008719,20240128,1,3,13200.0,0.0,39600.0
9923,5000011735,1000008720,20240707,1,3,12600.0,3780.0,34020.0
9924,5000011736,1000008720,20240707,1,2,13200.0,1320.0,25080.0
9925,5000011737,1000008721,20250604,2,2,15000.0,3000.0,27000.0
9926,5000011738,1000008722,20250216,1,1,10800.0,540.0,10260.0
9927,5000011739,1000008723,20250509,2,3,15000.0,0.0,45000.0
9928,5000011740,1000008724,20240722,1,1,12000.0,600.0,11400.0
9929,5000011741,1000008724,20240722,1,2,12600.0,2520.0,22680.0
9930,5000011742,1000008725,20240406,2,1,15000.0,1500.0,13500.0
9931,5000011743,1000008726,20250514,1,2,12000.0,480.0,23520.0
9932,5000011744,1000008726,20250514,2,1,13500.0,1350.0,12150.0
9933,5000011745,1000008727,20250223,2,1,15000.0,1500.0,13500.0
9934,5000011746,1000008727,20250223,1,1,12000.0,0.0,12000.0
9935,5000011747,1000008728,20241015,1,2,12000.0,2400.0,21600.0
9936,5000011748,1000008729,20250912,1,1,12000.0,600.0,11400.0
9937,5000011749,1000008730,20250612,1,3,12000.0,720.0,35280.0
9938,5000011750,1000008730,20250612,1,1,12000.0,240.0,11760.0
9939,5000011751,1000008731,20240823,2,2,15000.0,3000.0,27000.0
9940,5000011752,1000008732,20250111,2,1,15000.0,300.0,14700.0
9941,5000011753,1000008732,20250111,1,1,12000.0,240.0,11760.0
9942,5000011754,1000008733,20241009,1,3,12000.0,3600.0,32400.0
9943,5000011755,1000008733,20241009,1,3,12000.0,3600.0,32400.0
9944,5000011756,1000008734,20250428,1,1,12000.0,240.0,11760.0
9945,5000011757,1000008735,20240912,2,3,13500.0,4050.0,36450.0
9946,5000011758,1000008736,20240102,1,1,12000.0,1200.0,10800.0
9947,5000011759,1000008737,20250927,1,1,12000.0,600.0,11400.0
9948,5000011760,1000008737,20250927,2,1,15750.0,0.0,15750.0
9949,5000011761,1000008738,20240402,2,3,15000.0,900.0,44100.0
9950,5000011762,1000008739,20250623,2,2,15750.0,0.0,31500.0
9951,5000011763,1000008740,20250517,2,3,15000.0,0.0,45000.0
9952,5000011765,1000008742,20250715,2,2,15000.0,3000.0,27000.0
9953,5000011768,1000008744,20250420,1,2,10800.0,2160.0,19440.0
9954,5000011769,1000008745,20250306,1,3,12000.0,3600.0,32400.0
9955,5000011770,1000008746,20240314,2,3,13500.0,2025.0,38475.0
9956,5000011772,1000008748,20240718,2,1,16500.0,330.0,16170.0
9957,5000011773,1000008749,20240514,1,3,12000.0,3600.0,32400.0
9958,5000011774,1000008750,20240519,1,1,12000.0,600.0,11400.0
9959,5000011775,1000008751,20241126,2,1,15000.0,0.0,15000.0
9960,5000011776,1000008752,20240809,2,1,15750.0,0.0,15750.0
9961,5000011777,1000008753,20240926,1,2,10800.0,432.0,21168.0
9962,5000011778,1000008754,20240903,1,2,12000.0,1200.0,22800.0
9963,5000011779,1000008754,20240903,2,3,15000.0,2250.0,42750.0
9964,5000011783,1000008756,20240331,1,1,12000.0,240.0,11760.0
9965,5000011784,1000008757,20240802,1,2,12000.0,1200.0,22800.0
9966,5000011785,1000008758,20240322,2,3,15000.0,900.0,44100.0
9967,5000011786,1000008758,20240322,1,3,10800.0,3240.0,29160.0
9968,5000011787,1000008758,20240322,1,2,12000.0,2400.0,21600.0
9969,5000011788,1000008759,20250416,2,3,15000.0,0.0,45000.0
9970,5000011789,1000008759,20250416,2,2,15750.0,630.0,30870.0
9971,5000011790,1000008760,20250612,1,1,12000.0,240.0,11760.0
9972,5000011791,1000008760,20250612,1,2,10800.0,2160.0,19440.0
9973,5000011792,1000008760,20250612,1,1,12000.0,0.0,12000.0
9974,5000011794,1000008762,20240824,1,3,12600.0,3780.0,34020.0
9975,5000011795,1000008763,20250513,1,2,10800.0,2160.0,19440.0
9976,5000011798,1000008766,20240526,2,2,15000.0,0.0,30000.0
9977,5000011799,1000008767,20250417,2,3,15000.0,0.0,45000.0
9978,5000011800,1000008768,20240426,1,3,12000.0,3600.0,32400.0
9979,5000011801,1000008769,20240323,2,2,15000.0,3000.0,27000.0
9980,5000011802,1000008769,20240323,2,3,15750.0,945.0,46305.0
9981,5000011803,1000008769,20240323,1,1,12000.0,240.0,11760.0
9982,5000011804,1000008770,20240211,2,1,15000.0,300.0,14700.0
9983,5000011805,1000008770,20240211,2,1,16500.0,1650.0,14850.0
9984,5000011806,1000008771,20250507,2,2,13500.0,540.0,26460.0
9985,5000011807,1000008772,20240522,2,1,15000.0,750.0,14250.0
9986,5000011808,1000008773,20240907,1,2,12000.0,1200.0,22800.0
9987,5000011809,1000008774,20241027,1,2,12600.0,0.0,25200.0
9988,5000011810,1000008774,20241027,1,2,12000.0,1200.0,22800.0
9989,5000011811,1000008775,20240324,1,3,12000.0,720.0,35280.0
9990,5000011812,1000008776,20240331,1,3,12000.0,3600.0,32400.0
9991,5000011813,1000008777,20240521,2,3,13500.0,810.0,39690.0
9992,5000011814,1000008777,20240521,2,1,15000.0,300.0,14700.0
9993,5000011815,1000008778,20240619,2,3,15750.0,0.0,47250.0
9994,5000011816,1000008779,20241014,1,2,10800.0,432.0,21168.0
9995,5000011818,1000008781,20240302,2,3,15000.0,2250.0,42750.0
9996,5000011819,1000008782,20250102,1,2,12000.0,480.0,23520.0
9997,5000011820,1000008782,20250102,1,1,12000.0,240.0,11760.0
9998,5000011821,1000008783,20240906,2,1,15750.0,0.0,15750.0
9999,5000011822,1000008783,20240906,2,3,15000.0,2250.0,42750.0
10000,5000011823,1000008784,20241017,1,1,12000.0,240.0,11760.0
10001,5000011824,1000008785,20250824,1,3,12000.0,0.0,36000.0
10002,5000011825,1000008785,20250824,2,1,15000.0,0.0,15000.0
10003,5000011826,1000008786,20250127,2,2,15000.0,600.0,29400.0
10004,5000011827,1000008786,20250127,1,1,12000.0,1200.0,10800.0
10005,5000011828,1000008787,20250513,1,2,12000.0,480.0,23520.0
10006,5000011829,1000008788,20241101,1,2,10800.0,0.0,21600.0
10007,5000011830,1000008789,20241106,1,1,10800.0,1080.0,9720.0
10008,5000011831,1000008790,20250228,1,3,12000.0,1800.0,34200.0
10009,5000011833,1000008792,20240520,1,2,12600.0,1260.0,23940.0
10010,5000011834,1000008792,20240520,2,1,15000.0,750.0,14250.0
10011,5000011835,1000008793,20240402,1,3,12600.0,3780.0,34020.0
10012,5000011836,1000008794,20250218,2,1,15000.0,1500.0,13500.0
10013,5000011837,1000008795,20241208,2,3,15750.0,2362.5,44887.5
10014,5000011838,1000008795,20241208,2,2,15750.0,3150.0,28350.0
10015,5000011839,1000008796,20250426,2,2,15750.0,3150.0,28350.0
10016,5000011840,1000008796,20250426,2,3,13500.0,4050.0,36450.0
10017,5000011841,1000008797,20241031,2,1,15750.0,315.0,15435.0
10018,5000011842,1000008798,20240729,1,2,12000.0,1200.0,22800.0
10019,5000011843,1000008799,20240926,1,2,12000.0,0.0,24000.0
10020,5000011844,1000008799,20240926,1,3,12600.0,0.0,37800.0
10021,5000011845,1000008800,20250418,2,2,16500.0,1650.0,31350.0
10022,5000011846,1000008801,20240315,1,2,12000.0,1200.0,22800.0
10023,5000011847,1000008801,20240315,1,2,12000.0,0.0,24000.0
10024,5000011848,1000008801,20240315,2,1,13500.0,1350.0,12150.0
10025,5000011849,1000008802,20240911,1,2,12600.0,2520.0,22680.0
10026,5000011850,1000008803,20240115,2,1,13500.0,0.0,13500.0
10027,5000011851,1000008804,20241107,1,2,10800.0,1080.0,20520.0
10028,5000011852,1000008805,20250701,1,1,12600.0,1260.0,11340.0
10029,5000011853,1000008806,20240116,2,3,15000.0,2250.0,42750.0
10030,5000011854,1000008807,20240707,2,1,15000.0,1500.0,13500.0
10031,5000011855,1000008808,20250818,1,2,12000.0,480.0,23520.0
10032,5000011856,1000008808,20250818,1,1,10800.0,0.0,10800.0
10033,5000011857,1000008809,20250904,1,2,12000.0,2400.0,21600.0
10034,5000011858,1000008809,20250904,2,1,15000.0,1500.0,13500.0
10035,5000011859,1000008810,20250304,1,2,12600.0,504.0,24696.0
10036,5000011860,1000008811,20240614,1,2,12000.0,480.0,23520.0
10037,5000011861,1000008812,20240420,2,1,16500.0,1650.0,14850.0
10038,5000011862,1000008813,20250824,1,2,12000.0,1200.0,22800.0
10039,5000011863,1000008814,20240401,2,1,13500.0,1350.0,12150.0
10040,5000011864,1000008815,20240519,1,2,12000.0,2400.0,21600.0
10041,5000011865,1000008816,20240302,1,2,12000.0,480.0,23520.0
10042,5000011866,1000008817,20240310,2,2,13500.0,1350.0,25650.0
10043,5000011867,1000008818,20240530,1,2,12000.0,480.0,23520.0
10044,5000011868,1000008819,20250920,2,3,16500.0,4950.0,44550.0
10045,5000011869,1000008820,20250519,2,1,15000.0,300.0,14700.0
10046,5000011870,1000008821,20250709,2,2,15000.0,3000.0,27000.0
10047,5000011871,1000008822,20240704,1,3,12000.0,1800.0,34200.0
10048,5000011872,1000008822,20240704,2,1,15000.0,0.0,15000.0
10049,5000011877,1000008825,20240722,2,1,15000.0,750.0,14250.0
10050,5000011878,1000008826,20250822,1,3,12000.0,0.0,36000.0
10051,5000011882,1000008829,20240709,1,2,12600.0,1260.0,23940.0
10052,5000011883,1000008829,20240709,1,3,13200.0,1980.0,37620.0
10053,5000011884,1000008830,20240123,2,1,15000.0,300.0,14700.0
10054,5000011885,1000008831,20240826,2,2,13500.0,1350.0,25650.0
10055,5000011886,1000008832,20250602,2,1,15000.0,750.0,14250.0
10056,5000011887,1000008833,20250122,1,1,10800.0,540.0,10260.0
10057,5000011888,1000008833,20250122,2,2,15000.0,0.0,30000.0
10058,5000011889,1000008834,20240229,1,2,12000.0,2400.0,21600.0
10059,5000011890,1000008835,20250703,2,1,15000.0,300.0,14700.0
10060,5000011891,1000008836,20240915,2,1,13500.0,270.0,13230.0
10061,5000011892,1000008837,20240517,1,2,12000.0,2400.0,21600.0
10062,5000011893,1000008838,20241009,2,2,15750.0,1575.0,29925.0
10063,5000011894,1000008839,20240911,2,1,15000.0,750.0,14250.0
10064,5000011895,1000008840,20240719,2,2,15000.0,0.0,30000.0
10065,5000011896,1000008841,20240101,1,2,12000.0,2400.0,21600.0
10066,5000011897,1000008842,20240607,1,3,10800.0,0.0,32400.0
10067,5000011898,1000008843,20240915,1,3,10800.0,3240.0,29160.0
10068,5000011899,1000008843,20240915,1,1,12000.0,600.0,11400.0
10069,5000011900,1000008844,20240122,2,3,16500.0,990.0,48510.0
10070,5000011901,1000008845,20241023,2,3,13500.0,0.0,40500.0
10071,5000011902,1000008846,20250704,2,3,15000.0,4500.0,40500.0
10072,5000011903,1000008847,20240424,1,1,12000.0,1200.0,10800.0
10073,5000011904,1000008848,20240628,1,2,12000.0,2400.0,21600.0
10074,5000011906,1000008850,20240408,2,1,15000.0,300.0,14700.0
10075,5000011907,1000008851,20250507,1,1,10800.0,0.0,10800.0
10076,5000011908,1000008851,20250507,1,3,12000.0,3600.0,32400.0
10077,5000011909,1000008852,20250409,1,3,12000.0,3600.0,32400.0
10078,5000011910,1000008853,20241024,2,1,15750.0,1575.0,14175.0
10079,5000011911,1000008854,20250121,1,1,12000.0,240.0,11760.0
10080,5000011912,1000008855,20250508,1,2,10800.0,2160.0,19440.0
10081,5000011913,1000008856,20240831,1,2,12000.0,1200.0,22800.0
10082,5000011914,1000008857,20240107,2,1,15000.0,1500.0,13500.0
10083,5000011915,1000008858,20240102,1,2,12600.0,1260.0,23940.0
10084,5000011916,1000008859,20240106,1,1,12000.0,600.0,11400.0
10085,5000011917,1000008860,20240125,2,1,16500.0,1650.0,14850.0
10086,5000011918,1000008861,20250917,2,1,15000.0,750.0,14250.0
10087,5000011919,1000008862,20250608,2,3,15750.0,4725.0,42525.0
10088,5000011920,1000008863,20240611,2,3,13500.0,0.0,40500.0
10089,5000011921,1000008864,20241009,2,2,15750.0,3150.0,28350.0
10090,5000011922,1000008864,20241009,2,1,15750.0,787.5,14962.5
10091,5000011923,1000008865,20240519,2,1,15000.0,750.0,14250.0
10092,5000011924,1000008865,20240519,2,2,15000.0,0.0,30000.0
10093,5000011927,1000008867,20241004,2,2,15000.0,3000.0,27000.0
10094,5000011928,1000008868,20241129,2,3,15000.0,0.0,45000.0
10095,5000011929,1000008869,20250724,1,2,12000.0,480.0,23520.0
10096,5000011930,1000008870,20240422,1,1,12000.0,0.0,12000.0
10097,5000011931,1000008871,20241028,1,2,12600.0,1260.0,23940.0
10098,5000011932,1000008872,20250611,2,1,15750.0,787.5,14962.5
10099,5000011933,1000008873,20241103,2,2,16500.0,0.0,33000.0
10100,5000011936,1000008875,20240830,1,2,12000.0,0.0,24000.0
10101,5000011937,1000008876,20241125,1,1,12000.0,0.0,12000.0
10102,5000011938,1000008876,20241125,1,2,12600.0,1260.0,23940.0
10103,5000011939,1000008877,20240325,1,2,12000.0,1200.0,22800.0
10104,5000011940,1000008877,20240325,2,1,15000.0,300.0,14700.0
10105,5000011941,1000008878,20250827,1,2,12000.0,0.0,24000.0
10106,5000011942,1000008879,20240817,2,3,15000.0,4500.0,40500.0
10107,5000011943,1000008880,20250422,1,3,12000.0,720.0,35280.0
10108,5000011944,1000008880,20250422,1,3,12600.0,1890.0,35910.0
10109,5000011945,1000008881,20250915,1,2,12000.0,480.0,23520.0
10110,5000011946,1000008881,20250915,1,1,12000.0,600.0,11400.0
10111,5000011951,1000008885,20250610,2,1,15750.0,787.5,14962.5
10112,5000011952,1000008886,20240821,1,3,13200.0,792.0,38808.0
10113,5000011953,1000008887,20241119,2,3,15000.0,4500.0,40500.0
10114,5000011954,1000008887,20241119,1,2,10800.0,432.0,21168.0
10115,5000011955,1000008887,20241119,1,3,13200.0,0.0,39600.0
10116,5000011956,1000008888,20250617,2,3,15000.0,4500.0,40500.0
10117,5000011957,1000008889,20240823,1,1,12000.0,240.0,11760.0
10118,5000011958,1000008890,20240112,1,1,12000.0,600.0,11400.0
10119,5000011959,1000008890,20240112,1,3,12000.0,720.0,35280.0
10120,5000011960,1000008891,20240729,1,1,12000.0,600.0,11400.0
10121,5000011961,1000008891,20240729,2,3,15000.0,0.0,45000.0
10122,5000011962,1000008891,20240729,2,2,15750.0,630.0,30870.0
10123,5000011963,1000008892,20250613,1,3,12000.0,1800.0,34200.0
10124,5000011965,1000008894,20250422,1,3,12000.0,720.0,35280.0
10125,5000011966,1000008895,20240711,2,1,15750.0,1575.0,14175.0
10126,5000011967,1000008896,20241209,2,2,15000.0,1500.0,28500.0
10127,5000011968,1000008896,20241209,1,2,12000.0,2400.0,21600.0
10128,5000011969,1000008897,20250505,1,3,12600.0,3780.0,34020.0
10129,5000011970,1000008898,20241210,2,1,15000.0,300.0,14700.0
10130,5000011972,1000008900,20241122,2,2,13500.0,540.0,26460.0
10131,5000011973,1000008900,20241122,1,2,12600.0,1260.0,23940.0
10132,5000011975,1000008902,20241228,2,1,15000.0,750.0,14250.0
10133,5000011978,1000008904,20240605,1,1,12600.0,1260.0,11340.0
10134,5000011979,1000008905,20250122,2,3,16500.0,2475.0,47025.0
10135,5000011980,1000008906,20240210,1,2,12000.0,480.0,23520.0
10136,5000011981,1000008907,20240417,2,1,16500.0,0.0,16500.0
10137,5000011982,1000008908,20240628,1,3,10800.0,648.0,31752.0
10138,5000011983,1000008908,20240628,2,3,15000.0,4500.0,40500.0
10139,5000011984,1000008909,20250627,2,1,15000.0,1500.0,13500.0
10140,5000011985,1000008910,20241014,2,1,16500.0,1650.0,14850.0
10141,5000011986,1000008911,20250714,1,1,10800.0,540.0,10260.0
10142,5000011987,1000008911,20250714,2,2,16500.0,1650.0,31350.0
10143,5000011988,1000008912,20250102,2,2,15000.0,0.0,30000.0
10144,5000011989,1000008913,20240926,2,2,15750.0,630.0,30870.0
10145,5000011990,1000008914,20250827,1,1,12000.0,240.0,11760.0
10146,5000011991,1000008914,20250827,2,2,15000.0,3000.0,27000.0
10147,5000011992,1000008915,20250923,2,3,15000.0,2250.0,42750.0
10148,5000011993,1000008915,20250923,1,1,12000.0,1200.0,10800.0
10149,5000011994,1000008916,20250815,1,3,12600.0,1890.0,35910.0
10150,5000011996,1000008918,20250424,2,3,15750.0,945.0,46305.0
10151,5000011997,1000008918,20250424,1,2,12000.0,480.0,23520.0
10152,5000011998,1000008919,20241114,2,2,15750.0,1575.0,29925.0
10153,5000011999,1000008920,20240930,2,1,15750.0,787.5,14962.5
10154,5000012000,1000008920,20240930,1,3,12600.0,1890.0,35910.0
10155,5000012002,1000008922,20250925,2,3,13500.0,810.0,39690.0
10156,5000012003,1000008923,20240828,1,3,13200.0,0.0,39600.0
10157,5000012005,1000008925,20241023,2,3,15000.0,4500.0,40500.0
10158,5000012006,1000008926,20241012,1,3,12000.0,720.0,35280.0
10159,5000012007,1000008926,20241012,2,1,15000.0,0.0,15000.0
10160,5000012008,1000008927,20250701,1,1,12000.0,1200.0,10800.0
10161,5000012009,1000008928,20240415,1,2,12000.0,480.0,23520.0
10162,5000012010,1000008929,20250323,2,1,13500.0,270.0,13230.0
10163,5000012011,1000008929,20250323,1,3,13200.0,1980.0,37620.0
10164,5000012013,1000008931,20250203,2,1,13500.0,1350.0,12150.0
10165,5000012014,1000008932,20240604,1,2,12000.0,1200.0,22800.0
10166,5000012015,1000008933,20250305,2,2,15000.0,3000.0,27000.0
10167,5000012016,1000008934,20250302,1,2,12000.0,2400.0,21600.0
10168,5000012019,1000008937,20240521,2,3,15750.0,4725.0,42525.0
10169,5000012020,1000008938,20240517,1,2,12000.0,480.0,23520.0
10170,5000012021,1000008939,20241216,1,2,13200.0,528.0,25872.0
10171,5000012023,1000008941,20250708,1,3,13200.0,1980.0,37620.0
10172,5000012024,1000008942,20240907,2,3,15000.0,4500.0,40500.0
10173,5000012025,1000008943,20241117,1,3,13200.0,3960.0,35640.0
10174,5000012026,1000008943,20241117,1,2,10800.0,2160.0,19440.0
10175,5000012027,1000008944,20250126,1,1,12000.0,0.0,12000.0
10176,5000012028,1000008945,20240430,2,2,13500.0,0.0,27000.0
10177,5000012029,1000008946,20250313,2,3,15000.0,900.0,44100.0
10178,5000012032,1000008949,20240123,1,3,12000.0,1800.0,34200.0
10179,5000012033,1000008949,20240123,2,1,15000.0,300.0,14700.0
10180,5000012034,1000008950,20250924,1,3,13200.0,3960.0,35640.0
10181,5000012036,1000008952,20240903,1,2,12000.0,480.0,23520.0
10182,5000012037,1000008952,20240903,2,1,15000.0,300.0,14700.0
10183,5000012038,1000008953,20250329,1,1,10800.0,216.0,10584.0
10184,5000012039,1000008954,20250505,1,2,12000.0,2400.0,21600.0
10185,5000012040,1000008955,20250330,1,1,10800.0,1080.0,9720.0
10186,5000012041,1000008955,20250330,1,1,12600.0,252.0,12348.0
10187,5000012042,1000008956,20240109,1,3,12000.0,1800.0,34200.0
10188,5000012043,1000008957,20250820,2,2,15000.0,0.0,30000.0
10189,5000012044,1000008957,20250820,1,3,12000.0,1800.0,34200.0
10190,5000012045,1000008958,20250729,1,3,10800.0,3240.0,29160.0
10191,5000012046,1000008959,20240920,1,3,10800.0,1620.0,30780.0
10192,5000012047,1000008960,20240802,1,3,12000.0,0.0,36000.0
10193,5000012049,1000008962,20241225,1,3,12600.0,1890.0,35910.0
10194,5000012050,1000008962,20241225,1,1,12000.0,240.0,11760.0
10195,5000012051,1000008963,20240415,2,3,15000.0,4500.0,40500.0
10196,5000012052,1000008964,20240121,1,1,13200.0,0.0,13200.0
10197,5000012053,1000008964,20240121,2,1,15000.0,750.0,14250.0
10198,5000012054,1000008964,20240121,1,3,13200.0,0.0,39600.0
10199,5000012055,1000008965,20250227,1,1,13200.0,1320.0,11880.0
10200,5000012056,1000008965,20250227,1,3,13200.0,0.0,39600.0
10201,5000012058,1000008967,20240826,2,3,16500.0,990.0,48510.0
10202,5000012059,1000008968,20250212,2,3,13500.0,810.0,39690.0
10203,5000012060,1000008969,20240511,1,1,12000.0,600.0,11400.0
10204,5000012061,1000008970,20241222,1,3,10800.0,0.0,32400.0
10205,5000012062,1000008971,20250614,2,3,13500.0,810.0,39690.0
10206,5000012064,1000008973,20250707,2,1,16500.0,1650.0,14850.0
10207,5000012065,1000008974,20250713,1,3,12000.0,0.0,36000.0
10208,5000012066,1000008974,20250713,2,1,15000.0,0.0,15000.0
10209,5000012067,1000008975,20250819,2,1,15000.0,1500.0,13500.0
10210,5000012068,1000008976,20240116,2,2,13500.0,540.0,26460.0
10211,5000012069,1000008976,20240116,1,2,12000.0,480.0,23520.0
10212,5000012073,1000008979,20250422,1,1,12000.0,0.0,12000.0
10213,5000012076,1000008982,20250401,1,1,12000.0,1200.0,10800.0
10214,5000012077,1000008983,20241223,2,3,15000.0,0.0,45000.0
10215,5000012079,1000008985,20240716,1,1,12000.0,1200.0,10800.0
10216,5000012080,1000008985,20240716,1,3,12000.0,0.0,36000.0
10217,5000012081,1000008986,20240709,1,3,12000.0,1800.0,34200.0
10218,5000012082,1000008987,20240619,2,2,16500.0,1650.0,31350.0
10219,5000012085,1000008989,20240108,2,2,15750.0,3150.0,28350.0
10220,5000012086,1000008990,20250822,1,3,10800.0,0.0,32400.0
10221,5000012087,1000008991,20250920,1,2,12000.0,2400.0,21600.0
10222,5000012088,1000008992,20250215,2,3,13500.0,0.0,40500.0
10223,5000012089,1000008993,20240528,1,3,10800.0,648.0,31752.0
10224,5000012090,1000008994,20250131,1,3,12000.0,0.0,36000.0
10225,5000012092,1000008996,20250428,1,1,12000.0,0.0,12000.0
10226,5000012093,1000008996,20250428,2,2,15750.0,3150.0,28350.0
10227,5000012095,1000008998,20250307,1,3,13200.0,3960.0,35640.0
10228,5000012096,1000008998,20250307,1,2,12000.0,0.0,24000.0
10229,5000012097,1000008998,20250307,1,2,12000.0,2400.0,21600.0
10230,5000012098,1000008999,20250224,2,2,13500.0,0.0,27000.0
10231,5000012099,1000009000,20240825,1,3,12000.0,1800.0,34200.0
10232,5000012100,1000009001,20240506,1,3,10800.0,3240.0,29160.0
10233,5000012101,1000009002,20250724,2,1,15000.0,300.0,14700.0
10234,5000012102,1000009003,20250625,1,2,12000.0,0.0,24000.0
10235,5000012103,1000009004,20241013,1,3,12000.0,1800.0,34200.0
10236,5000012104,1000009005,20241203,1,1,12000.0,600.0,11400.0
10237,5000012105,1000009006,20250101,1,3,10800.0,648.0,31752.0
10238,5000012106,1000009007,20240728,2,1,15000.0,0.0,15000.0
10239,5000012107,1000009007,20240728,1,3,10800.0,1620.0,30780.0
10240,5000012108,1000009008,20240425,1,2,12600.0,0.0,25200.0
10241,5000012109,1000009008,20240425,1,1,12000.0,240.0,11760.0
10242,5000012110,1000009009,20241217,2,1,15000.0,750.0,14250.0
10243,5000012111,1000009009,20241217,1,1,10800.0,216.0,10584.0
10244,5000012112,1000009010,20250319,2,2,15000.0,3000.0,27000.0
10245,5000012115,1000009012,20240920,2,1,15000.0,300.0,14700.0
10246,5000012116,1000009012,20240920,1,1,12000.0,240.0,11760.0
10247,5000012117,1000009012,20240920,2,2,15750.0,3150.0,28350.0
10248,5000012120,1000009015,20250322,1,1,13200.0,1320.0,11880.0
10249,5000012121,1000009015,20250322,2,3,15750.0,2362.5,44887.5
10250,5000012122,1000009016,20241101,2,2,16500.0,1650.0,31350.0
10251,5000012123,1000009017,20250819,2,3,15000.0,4500.0,40500.0
10252,5000012124,1000009017,20250819,1,3,10800.0,3240.0,29160.0
10253,5000012125,1000009018,20250407,1,1,12000.0,1200.0,10800.0
10254,5000012126,1000009018,20250407,1,1,12600.0,630.0,11970.0
10255,5000012127,1000009019,20240629,2,3,15000.0,0.0,45000.0
10256,5000012128,1000009019,20240629,1,3,12600.0,756.0,37044.0
10257,5000012129,1000009020,20250921,2,2,15750.0,1575.0,29925.0
10258,5000012130,1000009021,20250817,1,3,10800.0,0.0,32400.0
10259,5000012131,1000009021,20250817,1,1,12000.0,1200.0,10800.0
10260,5000012132,1000009022,20241018,1,2,10800.0,0.0,21600.0
10261,5000012133,1000009023,20240824,1,3,12000.0,3600.0,32400.0
10262,5000012134,1000009024,20241113,2,3,13500.0,4050.0,36450.0
10263,5000012135,1000009025,20250320,2,2,15000.0,3000.0,27000.0
10264,5000012138,1000009027,20250726,1,1,10800.0,540.0,10260.0
10265,5000012141,1000009029,20240914,1,1,10800.0,0.0,10800.0
10266,5000012142,1000009029,20240914,1,3,13200.0,3960.0,35640.0
10267,5000012143,1000009030,20250125,2,2,13500.0,540.0,26460.0
10268,5000012144,1000009031,20250722,2,3,15000.0,900.0,44100.0
10269,5000012145,1000009032,20250424,1,2,13200.0,2640.0,23760.0
10270,5000012146,1000009033,20240308,2,3,16500.0,4950.0,44550.0
10271,5000012147,1000009034,20250702,1,3,12000.0,720.0,35280.0
10272,5000012148,1000009034,20250702,1,1,10800.0,216.0,10584.0
10273,5000012149,1000009034,20250702,1,3,10800.0,648.0,31752.0
10274,5000012150,1000009035,20240218,2,2,16500.0,3300.0,29700.0
10275,5000012151,1000009035,20240218,1,1,12000.0,1200.0,10800.0
10276,5000012152,1000009036,20240619,1,2,12000.0,2400.0,21600.0
10277,5000012153,1000009036,20240619,1,2,12000.0,0.0,24000.0
10278,5000012154,1000009037,20241221,2,3,15000.0,2250.0,42750.0
10279,5000012155,1000009038,20240831,1,2,12000.0,0.0,24000.0
10280,5000012156,1000009039,20240904,1,3,12000.0,3600.0,32400.0
10281,5000012157,1000009039,20240904,1,2,10800.0,0.0,21600.0
10282,5000012158,1000009040,20250423,1,2,12000.0,480.0,23520.0
10283,5000012159,1000009041,20250625,2,3,13500.0,810.0,39690.0
10284,5000012160,1000009041,20250625,2,3,15000.0,4500.0,40500.0
10285,5000012161,1000009042,20241120,2,3,15000.0,0.0,45000.0
10286,5000012162,1000009043,20250823,2,3,16500.0,2475.0,47025.0
10287,5000012163,1000009044,20241118,2,1,15000.0,1500.0,13500.0
10288,5000012164,1000009045,20250719,1,3,12000.0,720.0,35280.0
10289,5000012165,1000009046,20250401,1,2,10800.0,1080.0,20520.0
10290,5000012167,1000009048,20240506,2,3,15000.0,2250.0,42750.0
10291,5000012168,1000009049,20240919,1,3,12000.0,3600.0,32400.0
10292,5000012169,1000009049,20240919,1,2,12000.0,1200.0,22800.0
10293,5000012170,1000009050,20240402,2,3,15000.0,0.0,45000.0
10294,5000012171,1000009050,20240402,2,1,15000.0,300.0,14700.0
10295,5000012172,1000009051,20250616,1,1,12000.0,240.0,11760.0
10296,5000012173,1000009052,20250317,2,3,15000.0,900.0,44100.0
10297,5000012174,1000009052,20250317,1,1,12600.0,252.0,12348.0
10298,5000012175,1000009052,20250317,1,2,12600.0,1260.0,23940.0
10299,5000012176,1000009053,20240329,2,3,15000.0,0.0,45000.0
10300,5000012177,1000009054,20250901,1,2,13200.0,528.0,25872.0
10301,5000012178,1000009055,20240111,2,3,15000.0,0.0,45000.0
10302,5000012179,1000009056,20241004,1,1,10800.0,540.0,10260.0
10303,5000012180,1000009057,20250401,2,1,15000.0,750.0,14250.0
10304,5000012181,1000009058,20241017,2,1,13500.0,1350.0,12150.0
10305,5000012182,1000009059,20240423,1,3,12000.0,1800.0,34200.0
10306,5000012183,1000009060,20250810,2,1,15000.0,0.0,15000.0
10307,5000012186,1000009062,20250429,1,2,12000.0,1200.0,22800.0
10308,5000012187,1000009063,20240602,2,1,13500.0,675.0,12825.0
10309,5000012189,1000009065,20250125,1,1,12000.0,1200.0,10800.0
10310,5000012190,1000009065,20250125,1,3,12000.0,3600.0,32400.0
10311,5000012191,1000009066,20240710,2,2,15000.0,600.0,29400.0
10312,5000012192,1000009067,20241123,2,1,15750.0,0.0,15750.0
10313,5000012193,1000009068,20241101,2,2,13500.0,2700.0,24300.0
10314,5000012194,1000009069,20240918,2,2,15000.0,1500.0,28500.0
10315,5000012195,1000009070,20240620,1,2,12000.0,0.0,24000.0
10316,5000012197,1000009072,20250204,2,1,13500.0,675.0,12825.0
10317,5000012198,1000009073,20250729,2,2,13500.0,540.0,26460.0
10318,5000012199,1000009074,20240710,2,3,15000.0,900.0,44100.0
10319,5000012200,1000009075,20241207,2,3,15000.0,4500.0,40500.0
10320,5000012201,1000009076,20240508,1,3,12000.0,0.0,36000.0
10321,5000012202,1000009077,20240913,1,1,12000.0,1200.0,10800.0
10322,5000012203,1000009078,20250204,2,1,16500.0,0.0,16500.0
10323,5000012206,1000009080,20250227,2,1,15000.0,300.0,14700.0
10324,5000012207,1000009081,20240214,1,1,10800.0,216.0,10584.0
10325,5000012209,1000009083,20240130,1,3,12000.0,3600.0,32400.0
10326,5000012210,1000009084,20240702,1,1,12000.0,0.0,12000.0
10327,5000012211,1000009085,20240601,1,1,12000.0,240.0,11760.0
10328,5000012212,1000009085,20240601,1,1,10800.0,540.0,10260.0
10329,5000012213,1000009086,20241015,2,2,15000.0,600.0,29400.0
10330,5000012214,1000009086,20241015,1,3,12000.0,0.0,36000.0
10331,5000012215,1000009086,20241015,2,1,15000.0,300.0,14700.0
10332,5000012217,1000009088,20241221,1,1,10800.0,1080.0,9720.0
10333,5000012219,1000009090,20240203,1,3,12000.0,3600.0,32400.0
10334,5000012220,1000009091,20240528,2,1,15000.0,750.0,14250.0
10335,5000012221,1000009091,20240528,2,2,15000.0,1500.0,28500.0
10336,5000012222,1000009092,20240910,2,3,13500.0,0.0,40500.0
10337,5000012223,1000009093,20250727,1,2,12000.0,480.0,23520.0
10338,5000012224,1000009093,20250727,1,1,12000.0,0.0,12000.0
10339,5000012225,1000009094,20241214,2,3,15000.0,2250.0,42750.0
10340,5000012226,1000009095,20241007,1,2,12000.0,0.0,24000.0
10341,5000012227,1000009096,20240812,1,3,10800.0,0.0,32400.0
10342,5000012228,1000009096,20240812,1,1,12000.0,600.0,11400.0
10343,5000012229,1000009097,20250803,1,1,12000.0,240.0,11760.0
10344,5000012231,1000009099,20241006,2,2,13500.0,2700.0,24300.0
10345,5000012232,1000009099,20241006,1,2,12000.0,1200.0,22800.0
10346,5000012234,1000009101,20250123,2,3,15000.0,0.0,45000.0
10347,5000012235,1000009102,20240806,1,2,12000.0,1200.0,22800.0
10348,5000012236,1000009102,20240806,1,3,12000.0,0.0,36000.0
10349,5000012237,1000009102,20240806,1,2,12600.0,2520.0,22680.0
10350,5000012238,1000009103,20240815,2,3,13500.0,2025.0,38475.0
10351,5000012239,1000009103,20240815,1,3,13200.0,792.0,38808.0
10352,5000012241,1000009105,20240125,1,2,12000.0,480.0,23520.0
10353,5000012242,1000009106,20250909,1,2,12000.0,480.0,23520.0
10354,5000012243,1000009107,20250516,2,2,15000.0,600.0,29400.0
10355,5000012244,1000009108,20250125,2,2,15750.0,0.0,31500.0
10356,5000012245,1000009109,20240207,1,1,13200.0,0.0,13200.0
10357,5000012246,1000009110,20240824,2,3,16500.0,0.0,49500.0
10358,5000012247,1000009110,20240824,2,1,15000.0,750.0,14250.0
10359,5000012248,1000009111,20241101,1,3,12000.0,720.0,35280.0
10360,5000012249,1000009112,20241029,2,2,15000.0,0.0,30000.0
10361,5000012250,1000009113,20240620,1,2,12000.0,1200.0,22800.0
10362,5000012251,1000009114,20240308,1,2,12600.0,2520.0,22680.0
10363,5000012252,1000009115,20240525,2,3,15000.0,900.0,44100.0
10364,5000012253,1000009116,20240612,2,1,15000.0,300.0,14700.0
10365,5000012254,1000009117,20250103,1,3,12600.0,0.0,37800.0
10366,5000012255,1000009118,20250512,1,3,12000.0,720.0,35280.0
10367,5000012256,1000009118,20250512,2,3,15000.0,2250.0,42750.0
10368,5000012257,1000009119,20240802,2,2,15750.0,3150.0,28350.0
10369,5000012259,1000009121,20250623,1,3,12000.0,3600.0,32400.0
10370,5000012263,1000009123,20240603,1,2,12000.0,480.0,23520.0
10371,5000012264,1000009124,20241206,1,1,12000.0,1200.0,10800.0
10372,5000012265,1000009125,20241021,2,2,15000.0,3000.0,27000.0
10373,5000012266,1000009125,20241021,1,3,12600.0,1890.0,35910.0
10374,5000012267,1000009126,20240725,1,2,12000.0,0.0,24000.0
10375,5000012268,1000009126,20240725,1,2,12000.0,480.0,23520.0
10376,5000012269,1000009126,20240725,2,1,15000.0,0.0,15000.0
10377,5000012270,1000009127,20250911,1,2,10800.0,432.0,21168.0
10378,5000012271,1000009127,20250911,1,1,12000.0,600.0,11400.0
10379,5000012272,1000009128,20240829,1,1,12000.0,0.0,12000.0
10380,5000012273,1000009128,20240829,2,3,15000.0,2250.0,42750.0
10381,5000012275,1000009130,20250601,1,1,12600.0,0.0,12600.0
10382,5000012276,1000009130,20250601,2,1,13500.0,1350.0,12150.0
10383,5000012277,1000009131,20240826,1,2,12000.0,1200.0,22800.0
10384,5000012278,1000009131,20240826,2,2,15750.0,1575.0,29925.0
10385,5000012279,1000009132,20241007,1,2,12000.0,0.0,24000.0
10386,5000012280,1000009133,20250924,1,2,12000.0,0.0,24000.0
10387,5000012281,1000009133,20250924,1,3,13200.0,0.0,39600.0
10388,5000012282,1000009134,20240718,1,2,13200.0,1320.0,25080.0
10389,5000012283,1000009135,20240131,2,3,13500.0,0.0,40500.0
10390,5000012284,1000009136,20241110,1,1,12000.0,1200.0,10800.0
10391,5000012285,1000009136,20241110,2,1,15000.0,300.0,14700.0
10392,5000012286,1000009137,20250103,2,1,15750.0,787.5,14962.5
10393,5000012287,1000009138,20241216,1,1,12000.0,1200.0,10800.0
10394,5000012289,1000009140,20250617,2,1,15000.0,1500.0,13500.0
10395,5000012290,1000009141,20250710,1,2,12000.0,0.0,24000.0
10396,5000012291,1000009142,20240204,2,1,15000.0,1500.0,13500.0
10397,5000012292,1000009142,20240204,1,3,12000.0,720.0,35280.0
10398,5000012293,1000009143,20240120,2,1,15000.0,1500.0,13500.0
10399,5000012294,1000009143,20240120,1,1,13200.0,0.0,13200.0
10400,5000012295,1000009144,20250112,1,2,10800.0,0.0,21600.0
10401,5000012296,1000009144,20250112,1,1,12000.0,0.0,12000.0
10402,5000012297,1000009145,20250815,2,3,15000.0,2250.0,42750.0
10403,5000012298,1000009145,20250815,1,1,10800.0,0.0,10800.0
10404,5000012299,1000009146,20250809,2,1,15000.0,1500.0,13500.0
10405,5000012300,1000009147,20250706,2,2,15000.0,0.0,30000.0
10406,5000012301,1000009147,20250706,1,3,12600.0,3780.0,34020.0
10407,5000012304,1000009149,20240219,1,2,13200.0,2640.0,23760.0
10408,5000012305,1000009150,20250201,2,3,15750.0,4725.0,42525.0
10409,5000012306,1000009151,20241129,2,2,15000.0,600.0,29400.0
10410,5000012307,1000009152,20240810,1,3,12000.0,1800.0,34200.0
10411,5000012308,1000009153,20240421,2,2,15000.0,0.0,30000.0
10412,5000012309,1000009153,20240421,2,2,15000.0,1500.0,28500.0
10413,5000012310,1000009154,20250501,1,1,12000.0,0.0,12000.0
10414,5000012311,1000009155,20250812,2,1,15000.0,0.0,15000.0
10415,5000012312,1000009156,20240830,2,2,15000.0,3000.0,27000.0
10416,5000012313,1000009156,20240830,2,1,13500.0,270.0,13230.0
10417,5000012314,1000009157,20250718,1,3,10800.0,0.0,32400.0
10418,5000012315,1000009158,20250514,2,1,16500.0,330.0,16170.0
10419,5000012316,1000009159,20250122,2,3,13500.0,2025.0,38475.0
10420,5000012317,1000009159,20250122,2,1,15750.0,1575.0,14175.0
10421,5000012318,1000009160,20241220,2,1,15000.0,1500.0,13500.0
10422,5000012319,1000009160,20241220,2,2,15000.0,1500.0,28500.0
10423,5000012320,1000009161,20241017,1,2,12000.0,0.0,24000.0
10424,5000012321,1000009162,20241228,1,2,12000.0,480.0,23520.0
10425,5000012322,1000009163,20250625,2,3,15000.0,2250.0,42750.0
10426,5000012323,1000009164,20240602,2,3,15000.0,4500.0,40500.0
10427,5000012324,1000009164,20240602,2,1,15000.0,0.0,15000.0
10428,5000012325,1000009165,20241010,1,3,13200.0,1980.0,37620.0
10429,5000012326,1000009166,20240621,2,2,13500.0,1350.0,25650.0
10430,5000012327,1000009167,20240917,2,2,15000.0,1500.0,28500.0
10431,5000012328,1000009167,20240917,1,3,12000.0,3600.0,32400.0
10432,5000012329,1000009168,20240312,1,3,12000.0,0.0,36000.0
10433,5000012330,1000009168,20240312,1,2,10800.0,1080.0,20520.0
10434,5000012331,1000009169,20240417,1,3,12000.0,0.0,36000.0
10435,5000012332,1000009170,20250512,1,2,10800.0,432.0,21168.0
10436,5000012335,1000009172,20241203,1,2,13200.0,1320.0,25080.0
10437,5000012336,1000009172,20241203,1,1,12000.0,240.0,11760.0
10438,5000012337,1000009172,20241203,1,1,10800.0,1080.0,9720.0
10439,5000012338,1000009173,20241017,2,3,15750.0,2362.5,44887.5
10440,5000012339,1000009174,20250929,1,1,12000.0,0.0,12000.0
10441,5000012340,1000009175,20250122,1,1,12000.0,240.0,11760.0
10442,5000012341,1000009176,20240416,1,3,12000.0,720.0,35280.0
10443,5000012344,1000009178,20241018,1,1,10800.0,1080.0,9720.0
10444,5000012345,1000009178,20241018,1,3,10800.0,3240.0,29160.0
10445,5000012346,1000009179,20240113,1,3,12000.0,3600.0,32400.0
10446,5000012347,1000009180,20250515,1,2,10800.0,0.0,21600.0
10447,5000012348,1000009181,20250822,1,2,12000.0,1200.0,22800.0
10448,5000012349,1000009182,20250322,2,3,15000.0,900.0,44100.0
10449,5000012350,1000009182,20250322,1,1,12000.0,600.0,11400.0
10450,5000012351,1000009183,20241205,1,3,12000.0,720.0,35280.0
10451,5000012352,1000009183,20241205,1,1,12000.0,600.0,11400.0
10452,5000012353,1000009184,20240519,2,1,15000.0,300.0,14700.0
10453,5000012354,1000009184,20240519,1,1,12000.0,240.0,11760.0
10454,5000012355,1000009185,20240609,1,3,10800.0,1620.0,30780.0
10455,5000012358,1000009187,20241013,1,2,10800.0,1080.0,20520.0
10456,5000012359,1000009188,20240408,2,1,15000.0,1500.0,13500.0
10457,5000012360,1000009189,20241003,2,1,15000.0,0.0,15000.0
10458,5000012361,1000009190,20250211,1,2,12000.0,0.0,24000.0
10459,5000012362,1000009190,20250211,1,1,12000.0,600.0,11400.0
10460,5000012363,1000009191,20240412,2,1,15000.0,1500.0,13500.0
10461,5000012366,1000009193,20240804,2,1,15000.0,300.0,14700.0
10462,5000012367,1000009193,20240804,1,2,12000.0,0.0,24000.0
10463,5000012368,1000009194,20240907,1,1,10800.0,0.0,10800.0
10464,5000012369,1000009195,20240418,1,3,12000.0,720.0,35280.0
10465,5000012370,1000009196,20240111,1,1,12000.0,1200.0,10800.0
10466,5000012371,1000009196,20240111,1,1,12000.0,0.0,12000.0
10467,5000012372,1000009197,20240321,2,1,15000.0,1500.0,13500.0
10468,5000012373,1000009197,20240321,1,1,12000.0,240.0,11760.0
10469,5000012374,1000009198,20240110,2,2,15750.0,3150.0,28350.0
10470,5000012375,1000009198,20240110,2,1,15000.0,750.0,14250.0
10471,5000012376,1000009199,20240402,1,2,12000.0,2400.0,21600.0
10472,5000012378,1000009201,20240421,1,1,10800.0,0.0,10800.0
10473,5000012379,1000009202,20250912,1,2,12000.0,480.0,23520.0
10474,5000012380,1000009202,20250912,1,2,12000.0,1200.0,22800.0
10475,5000012381,1000009203,20250804,2,2,15750.0,1575.0,29925.0
10476,5000012382,1000009204,20250608,2,1,13500.0,1350.0,12150.0
10477,5000012383,1000009205,20240907,2,3,15000.0,4500.0,40500.0
10478,5000012384,1000009206,20240608,2,2,15000.0,0.0,30000.0
10479,5000012385,1000009207,20240605,2,3,15750.0,2362.5,44887.5
10480,5000012386,1000009207,20240605,2,1,15000.0,0.0,15000.0
10481,5000012387,1000009208,20240127,1,2,10800.0,2160.0,19440.0
10482,5000012388,1000009209,20250211,2,3,15000.0,900.0,44100.0
10483,5000012389,1000009210,20250215,1,1,12600.0,630.0,11970.0
10484,5000012390,1000009210,20250215,2,1,15000.0,750.0,14250.0
10485,5000012393,1000009212,20250220,2,2,15000.0,3000.0,27000.0
10486,5000012394,1000009213,20240202,2,2,13500.0,1350.0,25650.0
10487,5000012395,1000009214,20240421,2,1,15000.0,0.0,15000.0
10488,5000012398,1000009216,20250124,2,2,15000.0,0.0,30000.0
10489,5000012399,1000009217,20240313,1,1,12000.0,0.0,12000.0
10490,5000012400,1000009218,20240925,1,2,12000.0,480.0,23520.0
10491,5000012401,1000009219,20240618,2,2,15750.0,3150.0,28350.0
10492,5000012402,1000009219,20240618,1,1,12600.0,1260.0,11340.0
10493,5000012403,1000009219,20240618,2,1,15000.0,750.0,14250.0
10494,5000012404,1000009220,20250513,2,1,15750.0,0.0,15750.0
10495,5000012405,1000009221,20250609,1,3,12600.0,1890.0,35910.0
10496,5000012406,1000009222,20240501,1,3,12000.0,1800.0,34200.0
10497,5000012407,1000009223,20241004,1,3,12000.0,3600.0,32400.0
10498,5000012408,1000009224,20240801,2,1,13500.0,0.0,13500.0
10499,5000012409,1000009225,20240730,2,2,15000.0,3000.0,27000.0
10500,5000012410,1000009226,20240111,1,2,10800.0,0.0,21600.0
10501,5000012411,1000009227,20241106,2,2,15000.0,0.0,30000.0
10502,5000012412,1000009228,20240805,2,3,13500.0,810.0,39690.0
10503,5000012413,1000009229,20241231,1,3,12000.0,3600.0,32400.0
10504,5000012416,1000009231,20250620,1,1,13200.0,1320.0,11880.0
10505,5000012417,1000009232,20250304,2,1,15000.0,750.0,14250.0
10506,5000012418,1000009232,20250304,1,1,12000.0,240.0,11760.0
10507,5000012420,1000009234,20250809,1,3,12000.0,3600.0,32400.0
10508,5000012421,1000009235,20240922,1,3,12000.0,720.0,35280.0
10509,5000012422,1000009235,20240922,1,2,12000.0,2400.0,21600.0
10510,5000012423,1000009236,20250530,1,3,10800.0,1620.0,30780.0
10511,5000012424,1000009236,20250530,1,1,12000.0,1200.0,10800.0
10512,5000012425,1000009237,20250726,2,2,13500.0,1350.0,25650.0
10513,5000012426,1000009238,20240823,1,2,10800.0,1080.0,20520.0
10514,5000012429,1000009240,20250629,2,3,15000.0,2250.0,42750.0
10515,5000012430,1000009240,20250629,1,2,12000.0,480.0,23520.0
10516,5000012432,1000009242,20250608,1,2,12000.0,480.0,23520.0
10517,5000012433,1000009242,20250608,1,1,12000.0,0.0,12000.0
10518,5000012434,1000009243,20250817,1,2,12000.0,2400.0,21600.0
10519,5000012435,1000009244,20250126,2,3,15000.0,2250.0,42750.0
10520,5000012436,1000009245,20241111,2,1,16500.0,0.0,16500.0
10521,5000012437,1000009245,20241111,1,3,10800.0,0.0,32400.0
10522,5000012439,1000009247,20250824,1,2,13200.0,0.0,26400.0
10523,5000012442,1000009249,20250503,1,3,12000.0,1800.0,34200.0
10524,5000012443,1000009250,20240113,1,3,12000.0,3600.0,32400.0
10525,5000012444,1000009250,20240113,1,1,13200.0,264.0,12936.0
10526,5000012445,1000009251,20240113,1,3,12000.0,1800.0,34200.0
10527,5000012446,1000009252,20240808,1,2,12000.0,1200.0,22800.0
10528,5000012447,1000009253,20240402,2,2,15000.0,600.0,29400.0
10529,5000012448,1000009254,20240816,1,3,12000.0,1800.0,34200.0
10530,5000012449,1000009255,20250129,1,1,12600.0,1260.0,11340.0
10531,5000012450,1000009256,20240625,2,3,15000.0,900.0,44100.0
10532,5000012451,1000009257,20240622,2,3,13500.0,2025.0,38475.0
10533,5000012452,1000009258,20240729,2,3,15000.0,900.0,44100.0
10534,5000012453,1000009258,20240729,2,1,13500.0,0.0,13500.0
10535,5000012454,1000009258,20240729,1,2,10800.0,2160.0,19440.0
10536,5000012455,1000009259,20240827,2,1,13500.0,1350.0,12150.0
10537,5000012456,1000009260,20240108,1,1,12000.0,0.0,12000.0
10538,5000012459,1000009262,20240609,1,1,12600.0,0.0,12600.0
10539,5000012460,1000009263,20250122,2,2,15000.0,600.0,29400.0
10540,5000012461,1000009264,20240718,2,2,15000.0,1500.0,28500.0
10541,5000012462,1000009265,20250108,1,3,12600.0,0.0,37800.0
10542,5000012463,1000009265,20250108,1,2,10800.0,432.0,21168.0
10543,5000012464,1000009266,20240811,1,3,12000.0,720.0,35280.0
10544,5000012465,1000009267,20241117,1,3,12000.0,720.0,35280.0
10545,5000012466,1000009268,20240426,2,2,15000.0,3000.0,27000.0
10546,5000012467,1000009268,20240426,1,1,12000.0,1200.0,10800.0
10547,5000012468,1000009269,20241004,2,2,13500.0,540.0,26460.0
10548,5000012471,1000009272,20250218,2,1,15000.0,0.0,15000.0
10549,5000012472,1000009272,20250218,1,1,12000.0,0.0,12000.0
10550,5000012475,1000009274,20240225,2,1,15750.0,0.0,15750.0
10551,5000012477,1000009276,20240328,2,3,15750.0,945.0,46305.0
10552,5000012478,1000009276,20240328,2,2,15750.0,1575.0,29925.0
10553,5000012479,1000009277,20240909,1,3,13200.0,3960.0,35640.0
10554,5000012480,1000009278,20240219,2,3,15000.0,2250.0,42750.0
10555,5000012481,1000009279,20250526,2,2,15000.0,1500.0,28500.0
10556,5000012482,1000009280,20250808,1,2,10800.0,1080.0,20520.0
10557,5000012483,1000009280,20250808,1,3,12000.0,1800.0,34200.0
10558,5000012484,1000009281,20241207,2,2,16500.0,1650.0,31350.0
10559,5000012485,1000009281,20241207,1,3,12000.0,720.0,35280.0
10560,5000012486,1000009282,20240721,1,1,12600.0,1260.0,11340.0
10561,5000012487,1000009282,20240721,1,3,12000.0,1800.0,34200.0
10562,5000012488,1000009282,20240721,2,2,15750.0,3150.0,28350.0
10563,5000012489,1000009283,20240922,2,1,15000.0,300.0,14700.0
10564,5000012490,1000009284,20241212,1,1,12000.0,0.0,12000.0
10565,5000012492,1000009286,20240217,2,3,15000.0,900.0,44100.0
10566,5000012493,1000009287,20240925,2,2,15000.0,600.0,29400.0
10567,5000012494,1000009288,20240607,1,2,12000.0,0.0,24000.0
10568,5000012495,1000009288,20240607,1,3,12000.0,3600.0,32400.0
10569,5000012496,1000009289,20240702,1,2,12000.0,480.0,23520.0
10570,5000012497,1000009289,20240702,1,2,12000.0,480.0,23520.0
10571,5000012498,1000009290,20240817,1,2,12600.0,1260.0,23940.0
10572,5000012499,1000009290,20240817,2,2,15000.0,1500.0,28500.0
10573,5000012500,1000009291,20250107,2,1,15000.0,300.0,14700.0
10574,5000012502,1000009293,20241107,1,1,12600.0,630.0,11970.0
10575,5000012503,1000009293,20241107,1,3,12000.0,0.0,36000.0
10576,5000012504,1000009294,20250526,2,3,15000.0,0.0,45000.0
10577,5000012505,1000009294,20250526,1,1,12000.0,1200.0,10800.0
10578,5000012506,1000009295,20250114,2,3,15750.0,2362.5,44887.5
10579,5000012507,1000009296,20250602,2,2,15000.0,1500.0,28500.0
10580,5000012508,1000009297,20240121,2,1,15750.0,1575.0,14175.0
10581,5000012509,1000009298,20250314,1,1,12600.0,0.0,12600.0
10582,5000012511,1000009300,20240216,1,1,12000.0,1200.0,10800.0
10583,5000012513,1000009302,20240310,1,2,12000.0,2400.0,21600.0
10584,5000012514,1000009303,20240514,2,1,15750.0,1575.0,14175.0
10585,5000012515,1000009303,20240514,1,1,12000.0,1200.0,10800.0
10586,5000012516,1000009304,20240705,2,1,13500.0,270.0,13230.0
10587,5000012517,1000009305,20250912,1,2,12000.0,2400.0,21600.0
10588,5000012518,1000009306,20240128,1,2,12000.0,480.0,23520.0
10589,5000012519,1000009307,20250916,1,3,12000.0,720.0,35280.0
10590,5000012520,1000009307,20250916,2,2,15000.0,3000.0,27000.0
10591,5000012521,1000009308,20250813,1,2,12600.0,2520.0,22680.0
10592,5000012522,1000009308,20250813,2,2,13500.0,540.0,26460.0
10593,5000012523,1000009309,20241219,2,3,16500.0,2475.0,47025.0
10594,5000012524,1000009310,20240112,1,2,10800.0,2160.0,19440.0
10595,5000012525,1000009310,20240112,2,1,15750.0,787.5,14962.5
10596,5000012526,1000009310,20240112,1,1,13200.0,660.0,12540.0
10597,5000012528,1000009312,20250531,2,3,15000.0,2250.0,42750.0
10598,5000012529,1000009312,20250531,1,1,12000.0,240.0,11760.0
10599,5000012530,1000009313,20250919,2,2,15000.0,3000.0,27000.0
10600,5000012531,1000009314,20250619,2,2,15000.0,0.0,30000.0
10601,5000012532,1000009315,20240917,1,1,12600.0,252.0,12348.0
10602,5000012533,1000009316,20240821,1,1,12600.0,630.0,11970.0
10603,5000012534,1000009316,20240821,1,2,12000.0,0.0,24000.0
10604,5000012535,1000009317,20240426,1,1,12000.0,1200.0,10800.0
10605,5000012536,1000009318,20241005,1,1,12000.0,1200.0,10800.0
10606,5000012537,1000009318,20241005,1,2,12600.0,2520.0,22680.0
10607,5000012539,1000009320,20250511,2,3,16500.0,0.0,49500.0
10608,5000012540,1000009321,20240221,1,2,12000.0,1200.0,22800.0
10609,5000012541,1000009322,20250930,1,3,12000.0,720.0,35280.0
10610,5000012542,1000009323,20240711,1,1,12000.0,0.0,12000.0
10611,5000012543,1000009324,20250729,1,2,12000.0,0.0,24000.0
10612,5000012544,1000009325,20240509,1,3,12000.0,3600.0,32400.0
10613,5000012545,1000009325,20240509,2,3,15000.0,4500.0,40500.0
10614,5000012546,1000009326,20240806,2,2,15750.0,630.0,30870.0
10615,5000012547,1000009327,20241214,2,2,15000.0,1500.0,28500.0
10616,5000012548,1000009328,20240310,1,1,12000.0,240.0,11760.0
10617,5000012549,1000009329,20240404,1,3,12000.0,720.0,35280.0
10618,5000012550,1000009330,20240921,2,3,15000.0,0.0,45000.0
10619,5000012551,1000009330,20240921,1,1,12000.0,0.0,12000.0
10620,5000012552,1000009331,20241025,1,2,12000.0,2400.0,21600.0
10621,5000012553,1000009332,20240510,2,2,15000.0,3000.0,27000.0
10622,5000012554,1000009332,20240510,1,1,12000.0,600.0,11400.0
10623,5000012555,1000009333,20250627,1,1,12600.0,630.0,11970.0
10624,5000012560,1000009336,20240517,1,1,10800.0,0.0,10800.0
10625,5000012561,1000009336,20240517,2,3,15000.0,900.0,44100.0
10626,5000012562,1000009336,20240517,2,3,15000.0,4500.0,40500.0
10627,5000012563,1000009337,20240429,2,3,16500.0,0.0,49500.0
10628,5000012564,1000009338,20240626,1,1,12600.0,1260.0,11340.0
10629,5000012565,1000009338,20240626,1,3,12000.0,720.0,35280.0
10630,5000012568,1000009341,20240501,2,2,15000.0,3000.0,27000.0
10631,5000012569,1000009341,20240501,1,1,12000.0,0.0,12000.0
10632,5000012570,1000009342,20240608,1,3,12000.0,0.0,36000.0
10633,5000012571,1000009343,20240106,2,1,15750.0,315.0,15435.0
10634,5000012572,1000009344,20250419,1,3,12000.0,3600.0,32400.0
10635,5000012573,1000009344,20250419,1,1,10800.0,0.0,10800.0
10636,5000012575,1000009346,20250501,2,1,13500.0,1350.0,12150.0
10637,5000012576,1000009347,20240705,2,3,15000.0,900.0,44100.0
10638,5000012577,1000009347,20240705,2,3,13500.0,810.0,39690.0
10639,5000012578,1000009348,20240806,1,2,10800.0,432.0,21168.0
10640,5000012579,1000009349,20250909,2,2,15750.0,1575.0,29925.0
10641,5000012580,1000009350,20250718,2,3,15000.0,4500.0,40500.0
10642,5000012581,1000009350,20250718,1,3,12000.0,3600.0,32400.0
10643,5000012582,1000009351,20241019,1,3,10800.0,0.0,32400.0
10644,5000012583,1000009352,20240322,1,1,12000.0,240.0,11760.0
10645,5000012584,1000009353,20250624,1,2,12000.0,2400.0,21600.0
10646,5000012585,1000009353,20250624,2,1,13500.0,270.0,13230.0
10647,5000012586,1000009354,20240522,1,3,13200.0,0.0,39600.0
10648,5000012587,1000009355,20250609,2,3,16500.0,990.0,48510.0
10649,5000012588,1000009356,20241205,1,2,12000.0,2400.0,21600.0
10650,5000012589,1000009357,20250609,2,1,15000.0,0.0,15000.0
10651,5000012590,1000009358,20240322,2,2,15000.0,0.0,30000.0
10652,5000012591,1000009358,20240322,2,1,15000.0,300.0,14700.0
10653,5000012592,1000009358,20240322,1,1,13200.0,660.0,12540.0
10654,5000012593,1000009359,20241125,1,2,13200.0,1320.0,25080.0
10655,5000012594,1000009359,20241125,1,3,12600.0,0.0,37800.0
10656,5000012595,1000009360,20240902,1,1,10800.0,540.0,10260.0
10657,5000012596,1000009361,20250715,1,1,12000.0,600.0,11400.0
10658,5000012597,1000009362,20250707,1,1,12600.0,1260.0,11340.0
10659,5000012598,1000009363,20240524,2,1,15750.0,0.0,15750.0
10660,5000012599,1000009364,20241217,1,3,10800.0,0.0,32400.0
10661,5000012600,1000009365,20240726,1,2,12000.0,1200.0,22800.0
10662,5000012601,1000009365,20240726,2,1,15750.0,787.5,14962.5
10663,5000012602,1000009366,20241115,1,2,12600.0,504.0,24696.0
10664,5000012603,1000009367,20240516,1,2,12000.0,480.0,23520.0
10665,5000012604,1000009367,20240516,2,3,15750.0,4725.0,42525.0
10666,5000012605,1000009368,20240402,2,3,15000.0,900.0,44100.0
10667,5000012606,1000009369,20240728,1,3,12000.0,3600.0,32400.0
10668,5000012609,1000009371,20241119,1,3,12000.0,1800.0,34200.0
10669,5000012610,1000009372,20250307,2,2,15750.0,3150.0,28350.0
10670,5000012612,1000009374,20240830,2,1,15000.0,1500.0,13500.0
10671,5000012613,1000009374,20240830,2,2,15000.0,3000.0,27000.0
10672,5000012614,1000009374,20240830,1,3,12000.0,3600.0,32400.0
10673,5000012616,1000009376,20241104,1,2,12000.0,0.0,24000.0
10674,5000012617,1000009376,20241104,2,2,15000.0,1500.0,28500.0
10675,5000012618,1000009377,20241110,2,3,15000.0,4500.0,40500.0
10676,5000012619,1000009377,20241110,2,1,13500.0,675.0,12825.0
10677,5000012622,1000009379,20240929,2,3,15750.0,2362.5,44887.5
10678,5000012623,1000009380,20250822,1,1,12000.0,600.0,11400.0
10679,5000012624,1000009381,20250627,1,1,12000.0,600.0,11400.0
10680,5000012627,1000009384,20240904,2,2,16500.0,660.0,32340.0
10681,5000012628,1000009384,20240904,1,3,12000.0,3600.0,32400.0
10682,5000012629,1000009385,20250428,2,3,15000.0,2250.0,42750.0
10683,5000012630,1000009386,20250629,1,1,12000.0,0.0,12000.0
10684,5000012631,1000009387,20250706,1,3,12000.0,720.0,35280.0
10685,5000012632,1000009388,20240520,2,3,15000.0,0.0,45000.0
10686,5000012633,1000009389,20240226,2,2,15750.0,3150.0,28350.0
10687,5000012634,1000009389,20240226,1,3,10800.0,0.0,32400.0
10688,5000012635,1000009389,20240226,2,2,15000.0,0.0,30000.0
10689,5000012636,1000009390,20241030,2,3,15000.0,4500.0,40500.0
10690,5000012637,1000009391,20250311,2,2,15000.0,1500.0,28500.0
10691,5000012638,1000009392,20240102,2,2,13500.0,0.0,27000.0
10692,5000012639,1000009392,20240102,2,3,13500.0,810.0,39690.0
10693,5000012640,1000009393,20250901,1,3,12000.0,1800.0,34200.0
10694,5000012641,1000009394,20250212,2,2,13500.0,540.0,26460.0
10695,5000012642,1000009395,20240824,1,3,12000.0,720.0,35280.0
10696,5000012643,1000009395,20240824,1,3,12000.0,0.0,36000.0
10697,5000012644,1000009396,20240906,2,1,13500.0,1350.0,12150.0
10698,5000012645,1000009396,20240906,2,3,15000.0,2250.0,42750.0
10699,5000012646,1000009396,20240906,2,1,13500.0,0.0,13500.0
10700,5000012647,1000009397,20240401,1,3,12000.0,0.0,36000.0
10701,5000012648,1000009398,20250819,2,2,15750.0,0.0,31500.0
10702,5000012649,1000009399,20250118,1,1,12000.0,1200.0,10800.0
10703,5000012650,1000009400,20250327,2,2,15000.0,3000.0,27000.0
10704,5000012651,1000009401,20250723,2,1,15000.0,750.0,14250.0
10705,5000012652,1000009401,20250723,1,2,12000.0,2400.0,21600.0
10706,5000012653,1000009402,20250921,2,1,15000.0,750.0,14250.0
10707,5000012654,1000009403,20250613,1,3,12000.0,720.0,35280.0
10708,5000012655,1000009403,20250613,2,2,15000.0,3000.0,27000.0
10709,5000012658,1000009405,20250106,1,3,12600.0,3780.0,34020.0
10710,5000012659,1000009406,20240211,2,3,15000.0,4500.0,40500.0
10711,5000012660,1000009407,20240304,1,3,10800.0,648.0,31752.0
10712,5000012661,1000009407,20240304,1,1,12000.0,1200.0,10800.0
10713,5000012664,1000009409,20250309,2,1,15000.0,0.0,15000.0
10714,5000012665,1000009409,20250309,1,3,13200.0,792.0,38808.0
10715,5000012666,1000009410,20250607,2,2,16500.0,1650.0,31350.0
10716,5000012667,1000009411,20250223,1,1,12000.0,1200.0,10800.0
10717,5000012669,1000009413,20250226,1,1,12600.0,630.0,11970.0
10718,5000012670,1000009414,20240930,1,1,12000.0,240.0,11760.0
10719,5000012671,1000009414,20240930,2,1,15750.0,315.0,15435.0
10720,5000012672,1000009415,20250501,1,1,12000.0,0.0,12000.0
10721,5000012673,1000009415,20250501,1,3,10800.0,3240.0,29160.0
10722,5000012674,1000009416,20250720,1,2,13200.0,0.0,26400.0
10723,5000012675,1000009416,20250720,1,2,12000.0,2400.0,21600.0
10724,5000012676,1000009417,20250514,1,1,12000.0,600.0,11400.0
10725,5000012677,1000009418,20250926,1,2,12000.0,480.0,23520.0
10726,5000012678,1000009418,20250926,1,3,12000.0,720.0,35280.0
10727,5000012679,1000009419,20250214,2,1,15000.0,750.0,14250.0
10728,5000012680,1000009420,20250329,2,2,13500.0,2700.0,24300.0
10729,5000012681,1000009420,20250329,2,2,13500.0,1350.0,25650.0
10730,5000012682,1000009420,20250329,1,3,13200.0,1980.0,37620.0
10731,5000012683,1000009421,20240324,1,3,12600.0,1890.0,35910.0
10732,5000012684,1000009422,20250117,2,1,15000.0,750.0,14250.0
10733,5000012685,1000009423,20250129,1,1,12000.0,240.0,11760.0
10734,5000012687,1000009425,20240803,1,3,12000.0,1800.0,34200.0
10735,5000012688,1000009425,20240803,1,1,12000.0,0.0,12000.0
10736,5000012690,1000009427,20250409,1,3,12000.0,3600.0,32400.0
10737,5000012691,1000009428,20250915,1,3,12600.0,1890.0,35910.0
10738,5000012692,1000009428,20250915,2,1,15000.0,300.0,14700.0
10739,5000012693,1000009429,20250216,1,2,12000.0,0.0,24000.0
10740,5000012694,1000009430,20250129,2,3,15000.0,4500.0,40500.0
10741,5000012695,1000009431,20250619,2,3,15000.0,2250.0,42750.0
10742,5000012696,1000009431,20250619,1,3,12000.0,0.0,36000.0
10743,5000012697,1000009432,20241127,1,3,12000.0,0.0,36000.0
10744,5000012698,1000009432,20241127,1,3,12600.0,0.0,37800.0
10745,5000012699,1000009433,20240429,2,2,15750.0,0.0,31500.0
10746,5000012700,1000009434,20250822,2,1,15000.0,750.0,14250.0
10747,5000012701,1000009435,20250128,2,1,15750.0,1575.0,14175.0
10748,5000012702,1000009436,20241003,2,3,15750.0,4725.0,42525.0
10749,5000012703,1000009437,20241218,1,2,12000.0,480.0,23520.0
10750,5000012704,1000009437,20241218,2,1,15750.0,0.0,15750.0
10751,5000012705,1000009438,20250510,2,3,15000.0,2250.0,42750.0
10752,5000012706,1000009439,20250331,2,1,15000.0,750.0,14250.0
10753,5000012707,1000009439,20250331,2,3,15000.0,2250.0,42750.0
10754,5000012708,1000009440,20250831,1,2,12000.0,2400.0,21600.0
10755,5000012711,1000009442,20240926,1,1,12000.0,1200.0,10800.0
10756,5000012712,1000009443,20250114,1,1,12000.0,240.0,11760.0
10757,5000012713,1000009444,20240129,2,1,16500.0,825.0,15675.0
10758,5000012714,1000009445,20240209,2,2,16500.0,0.0,33000.0
10759,5000012715,1000009445,20240209,1,2,12000.0,480.0,23520.0
10760,5000012716,1000009446,20241103,2,1,15000.0,0.0,15000.0
10761,5000012717,1000009446,20241103,2,3,15000.0,0.0,45000.0
10762,5000012718,1000009447,20250515,1,1,12600.0,252.0,12348.0
10763,5000012719,1000009447,20250515,1,1,10800.0,540.0,10260.0
10764,5000012720,1000009448,20240205,1,1,12000.0,600.0,11400.0
10765,5000012721,1000009449,20241204,1,2,12000.0,480.0,23520.0
10766,5000012722,1000009450,20250318,1,2,12000.0,1200.0,22800.0
10767,5000012723,1000009451,20240903,1,3,12000.0,720.0,35280.0
10768,5000012724,1000009452,20250202,1,1,12000.0,0.0,12000.0
10769,5000012726,1000009454,20241214,1,1,12000.0,0.0,12000.0
10770,5000012727,1000009455,20250719,2,2,15000.0,3000.0,27000.0
10771,5000012728,1000009456,20250119,2,3,13500.0,810.0,39690.0
10772,5000012729,1000009457,20250101,1,2,10800.0,0.0,21600.0
10773,5000012730,1000009458,20250617,2,2,15750.0,0.0,31500.0
10774,5000012731,1000009459,20240822,2,1,13500.0,270.0,13230.0
10775,5000012732,1000009460,20240420,2,2,15750.0,0.0,31500.0
10776,5000012733,1000009461,20250305,1,1,12000.0,1200.0,10800.0
10777,5000012734,1000009461,20250305,1,2,12000.0,1200.0,22800.0
10778,5000012736,1000009463,20250515,2,1,15000.0,300.0,14700.0
10779,5000012737,1000009464,20240618,1,1,12000.0,0.0,12000.0
10780,5000012738,1000009464,20240618,2,1,15000.0,750.0,14250.0
10781,5000012739,1000009465,20240527,1,1,12000.0,600.0,11400.0
10782,5000012740,1000009465,20240527,1,1,12600.0,1260.0,11340.0
10783,5000012741,1000009466,20240920,1,3,12000.0,1800.0,34200.0
10784,5000012742,1000009467,20250602,2,2,15000.0,1500.0,28500.0
10785,5000012743,1000009467,20250602,2,2,15000.0,3000.0,27000.0
10786,5000012744,1000009467,20250602,1,3,12600.0,0.0,37800.0
10787,5000012745,1000009468,20240604,2,3,13500.0,0.0,40500.0
10788,5000012746,1000009468,20240604,2,3,15000.0,2250.0,42750.0
10789,5000012747,1000009469,20240727,2,3,15000.0,900.0,44100.0
10790,5000012748,1000009469,20240727,1,3,10800.0,1620.0,30780.0
10791,5000012749,1000009470,20240331,2,2,15000.0,0.0,30000.0
10792,5000012750,1000009471,20250909,1,2,10800.0,1080.0,20520.0
10793,5000012753,1000009473,20250225,1,2,12000.0,2400.0,21600.0
10794,5000012754,1000009474,20250903,1,1,12600.0,0.0,12600.0
10795,5000012755,1000009475,20250119,1,1,12600.0,0.0,12600.0
10796,5000012756,1000009476,20250428,1,3,12000.0,0.0,36000.0
10797,5000012757,1000009477,20240915,1,3,12000.0,0.0,36000.0
10798,5000012758,1000009478,20240321,2,3,15000.0,900.0,44100.0
10799,5000012759,1000009479,20250321,1,1,13200.0,1320.0,11880.0
10800,5000012760,1000009480,20250830,2,2,15750.0,1575.0,29925.0
10801,5000012764,1000009482,20250729,1,1,12000.0,600.0,11400.0
10802,5000012765,1000009483,20250304,2,2,15000.0,1500.0,28500.0
10803,5000012766,1000009484,20250827,2,1,13500.0,0.0,13500.0
10804,5000012767,1000009485,20241105,1,3,12600.0,756.0,37044.0
10805,5000012768,1000009486,20240812,2,3,15000.0,0.0,45000.0
10806,5000012769,1000009487,20240115,1,1,12000.0,0.0,12000.0
10807,5000012770,1000009488,20250626,2,3,15000.0,4500.0,40500.0
10808,5000012771,1000009489,20240124,1,2,12000.0,1200.0,22800.0
10809,5000012772,1000009490,20250525,2,2,15000.0,600.0,29400.0
10810,5000012773,1000009491,20250315,1,1,12600.0,252.0,12348.0
10811,5000012774,1000009492,20240831,1,1,13200.0,1320.0,11880.0
10812,5000012775,1000009493,20240115,2,3,15750.0,0.0,47250.0
10813,5000012776,1000009494,20241119,1,3,12000.0,0.0,36000.0
10814,5000012778,1000009496,20250410,1,3,12600.0,3780.0,34020.0
10815,5000012779,1000009497,20240422,1,1,13200.0,660.0,12540.0
10816,5000012780,1000009498,20240905,1,3,12000.0,1800.0,34200.0
10817,5000012781,1000009499,20250820,2,2,15000.0,1500.0,28500.0
10818,5000012782,1000009500,20240917,1,2,12000.0,0.0,24000.0
10819,5000012783,1000009501,20241107,1,2,12000.0,0.0,24000.0
10820,5000012784,1000009501,20241107,1,2,12600.0,0.0,25200.0
10821,5000012785,1000009502,20241103,1,3,12600.0,756.0,37044.0
10822,5000012786,1000009503,20240317,1,1,12600.0,252.0,12348.0
10823,5000012787,1000009504,20240827,2,2,15000.0,1500.0,28500.0
10824,5000012788,1000009505,20250323,2,3,15000.0,4500.0,40500.0
10825,5000012789,1000009506,20250829,1,2,12000.0,1200.0,22800.0
10826,5000012790,1000009507,20250722,1,1,12600.0,1260.0,11340.0
10827,5000012791,1000009508,20240607,2,3,15000.0,900.0,44100.0
10828,5000012792,1000009509,20240425,1,2,12000.0,480.0,23520.0
10829,5000012793,1000009510,20241124,1,1,10800.0,0.0,10800.0
10830,5000012794,1000009510,20241124,2,2,15000.0,600.0,29400.0
10831,5000012795,1000009511,20241219,2,3,15000.0,900.0,44100.0
10832,5000012796,1000009512,20250628,1,3,12000.0,3600.0,32400.0
10833,5000012797,1000009513,20241104,1,1,12000.0,0.0,12000.0
10834,5000012798,1000009513,20241104,2,2,16500.0,3300.0,29700.0
10835,5000012799,1000009514,20240131,1,2,12000.0,2400.0,21600.0
10836,5000012800,1000009515,20240106,1,3,12000.0,1800.0,34200.0
10837,5000012803,1000009517,20241005,2,2,15000.0,0.0,30000.0
10838,5000012804,1000009518,20250423,1,1,12000.0,0.0,12000.0
10839,5000012805,1000009518,20250423,1,3,12000.0,3600.0,32400.0
10840,5000012808,1000009520,20250710,2,2,15000.0,0.0,30000.0
10841,5000012809,1000009521,20240329,2,1,13500.0,0.0,13500.0
10842,5000012810,1000009522,20250806,2,2,13500.0,1350.0,25650.0
10843,5000012811,1000009523,20250915,2,2,13500.0,0.0,27000.0
10844,5000012812,1000009524,20240803,2,2,15000.0,0.0,30000.0
10845,5000012813,1000009525,20240523,2,3,13500.0,4050.0,36450.0
10846,5000012814,1000009526,20250404,2,3,15000.0,4500.0,40500.0
10847,5000012815,1000009526,20250404,1,2,12000.0,2400.0,21600.0
10848,5000012816,1000009526,20250404,1,3,12600.0,0.0,37800.0
10849,5000012817,1000009527,20240526,2,1,16500.0,330.0,16170.0
10850,5000012818,1000009528,20250314,2,2,13500.0,1350.0,25650.0
10851,5000012821,1000009531,20250821,2,3,15000.0,2250.0,42750.0
10852,5000012822,1000009532,20250906,2,3,16500.0,990.0,48510.0
10853,5000012823,1000009532,20250906,2,1,15000.0,0.0,15000.0
10854,5000012824,1000009533,20250802,1,3,13200.0,1980.0,37620.0
10855,5000012826,1000009535,20240406,1,1,10800.0,540.0,10260.0
10856,5000012827,1000009536,20250810,2,3,15000.0,900.0,44100.0
10857,5000012829,1000009538,20240825,1,3,13200.0,1980.0,37620.0
10858,5000012830,1000009539,20240925,2,2,15000.0,1500.0,28500.0
10859,5000012831,1000009540,20241221,2,2,15000.0,600.0,29400.0
10860,5000012832,1000009541,20250117,2,3,15750.0,2362.5,44887.5
10861,5000012833,1000009542,20250708,1,3,12000.0,720.0,35280.0
10862,5000012834,1000009542,20250708,1,2,12000.0,1200.0,22800.0
10863,5000012835,1000009543,20240411,2,1,15000.0,0.0,15000.0
10864,5000012836,1000009544,20240608,2,2,15750.0,630.0,30870.0
10865,5000012837,1000009544,20240608,1,2,12000.0,0.0,24000.0
10866,5000012838,1000009544,20240608,1,3,12600.0,3780.0,34020.0
10867,5000012840,1000009546,20250705,1,2,13200.0,2640.0,23760.0
10868,5000012841,1000009546,20250705,1,3,12000.0,0.0,36000.0
10869,5000012842,1000009547,20250329,2,1,15000.0,300.0,14700.0
10870,5000012844,1000009549,20240117,1,3,12000.0,720.0,35280.0
10871,5000012845,1000009550,20240121,1,2,10800.0,2160.0,19440.0
10872,5000012846,1000009551,20250102,2,1,16500.0,1650.0,14850.0
10873,5000012847,1000009551,20250102,2,2,13500.0,540.0,26460.0
10874,5000012848,1000009551,20250102,2,3,13500.0,4050.0,36450.0
10875,5000012849,1000009552,20240714,1,1,12000.0,1200.0,10800.0
10876,5000012850,1000009553,20250705,2,1,13500.0,1350.0,12150.0
10877,5000012851,1000009554,20250712,2,1,15750.0,787.5,14962.5
10878,5000012852,1000009555,20250309,2,2,15000.0,600.0,29400.0
10879,5000012853,1000009556,20250503,2,2,15750.0,3150.0,28350.0
10880,5000012855,1000009558,20250719,1,3,12000.0,3600.0,32400.0
10881,5000012856,1000009559,20241208,1,2,12000.0,1200.0,22800.0
10882,5000012857,1000009559,20241208,2,2,16500.0,1650.0,31350.0
10883,5000012859,1000009561,20241219,2,3,15000.0,0.0,45000.0
10884,5000012860,1000009562,20241106,2,2,16500.0,0.0,33000.0
10885,5000012862,1000009564,20250126,1,3,12600.0,3780.0,34020.0
10886,5000012863,1000009564,20250126,1,2,12600.0,2520.0,22680.0
10887,5000012864,1000009565,20240807,1,3,12000.0,1800.0,34200.0
10888,5000012865,1000009566,20250928,1,3,12000.0,0.0,36000.0
10889,5000012868,1000009569,20241119,1,3,12600.0,0.0,37800.0
10890,5000012869,1000009570,20250924,2,1,16500.0,330.0,16170.0
10891,5000012870,1000009570,20250924,1,1,12000.0,600.0,11400.0
10892,5000012871,1000009571,20250922,1,2,12600.0,1260.0,23940.0
10893,5000012872,1000009572,20240404,2,2,15000.0,3000.0,27000.0
10894,5000012873,1000009572,20240404,2,3,15000.0,0.0,45000.0
10895,5000012876,1000009574,20240731,1,2,13200.0,528.0,25872.0
10896,5000012877,1000009574,20240731,1,1,12600.0,252.0,12348.0
10897,5000012878,1000009575,20240904,2,1,15000.0,300.0,14700.0
10898,5000012879,1000009575,20240904,2,3,15000.0,4500.0,40500.0
10899,5000012880,1000009576,20250705,1,3,13200.0,0.0,39600.0
10900,5000012881,1000009577,20250619,1,2,12000.0,480.0,23520.0
10901,5000012882,1000009578,20240411,2,2,13500.0,0.0,27000.0
10902,5000012883,1000009579,20240704,2,3,15000.0,4500.0,40500.0
10903,5000012884,1000009580,20250731,2,2,15000.0,1500.0,28500.0
10904,5000012885,1000009580,20250731,2,1,15750.0,315.0,15435.0
10905,5000012886,1000009581,20240708,1,1,10800.0,0.0,10800.0
10906,5000012887,1000009582,20250410,1,2,10800.0,2160.0,19440.0
10907,5000012888,1000009583,20240116,1,3,12000.0,720.0,35280.0
10908,5000012889,1000009583,20240116,2,1,15750.0,0.0,15750.0
10909,5000012890,1000009584,20240506,2,2,16500.0,3300.0,29700.0
10910,5000012891,1000009585,20240325,1,3,12600.0,756.0,37044.0
10911,5000012892,1000009586,20240818,1,3,12000.0,3600.0,32400.0
10912,5000012893,1000009587,20240416,1,3,12000.0,1800.0,34200.0
10913,5000012894,1000009588,20250729,1,2,12000.0,0.0,24000.0
10914,5000012895,1000009589,20240504,1,3,12000.0,720.0,35280.0
10915,5000012896,1000009589,20240504,1,3,12000.0,0.0,36000.0
10916,5000012897,1000009590,20240606,1,2,12000.0,0.0,24000.0
10917,5000012898,1000009591,20250710,1,3,10800.0,3240.0,29160.0
10918,5000012899,1000009591,20250710,2,1,15000.0,1500.0,13500.0
10919,5000012900,1000009592,20250702,2,1,15000.0,750.0,14250.0
10920,5000012901,1000009593,20250717,1,3,12000.0,1800.0,34200.0
10921,5000012902,1000009594,20250819,1,3,12000.0,1800.0,34200.0
10922,5000012905,1000009596,20240409,2,3,15000.0,2250.0,42750.0
10923,5000012908,1000009598,20250102,1,3,13200.0,3960.0,35640.0
10924,5000012909,1000009599,20250306,1,3,13200.0,1980.0,37620.0
10925,5000012910,1000009600,20240320,2,3,13500.0,810.0,39690.0
10926,5000012911,1000009601,20241216,1,2,10800.0,2160.0,19440.0
10927,5000012912,1000009602,20240102,2,1,15000.0,0.0,15000.0
10928,5000012913,1000009603,20240717,2,2,15000.0,600.0,29400.0
10929,5000012914,1000009603,20240717,1,1,13200.0,264.0,12936.0
10930,5000012915,1000009604,20240414,1,2,10800.0,2160.0,19440.0
10931,5000012916,1000009605,20250623,2,2,15000.0,1500.0,28500.0
10932,5000012917,1000009606,20250923,2,1,15750.0,315.0,15435.0
10933,5000012918,1000009607,20240420,2,3,15000.0,4500.0,40500.0
10934,5000012919,1000009607,20240420,1,2,10800.0,2160.0,19440.0
10935,5000012920,1000009608,20240527,2,3,15000.0,4500.0,40500.0
10936,5000012921,1000009608,20240527,1,2,13200.0,528.0,25872.0
10937,5000012922,1000009609,20240814,1,1,10800.0,0.0,10800.0
10938,5000012923,1000009610,20240828,2,3,15000.0,2250.0,42750.0
10939,5000012924,1000009611,20240712,1,2,10800.0,1080.0,20520.0
10940,5000012925,1000009611,20240712,1,2,12000.0,480.0,23520.0
10941,5000012928,1000009613,20250610,2,3,15750.0,0.0,47250.0
10942,5000012929,1000009614,20250821,2,2,15000.0,600.0,29400.0
10943,5000012931,1000009616,20241225,1,3,12000.0,3600.0,32400.0
10944,5000012932,1000009616,20241225,1,3,12000.0,720.0,35280.0
10945,5000012933,1000009616,20241225,1,2,12000.0,1200.0,22800.0
10946,5000012934,1000009617,20240916,2,3,13500.0,2025.0,38475.0
10947,5000012937,1000009619,20250507,2,1,13500.0,270.0,13230.0
10948,5000012938,1000009620,20250612,2,3,15000.0,2250.0,42750.0
10949,5000012939,1000009620,20250612,1,2,12000.0,1200.0,22800.0
10950,5000012940,1000009621,20241006,2,3,16500.0,2475.0,47025.0
10951,5000012942,1000009623,20240102,2,2,16500.0,1650.0,31350.0
10952,5000012943,1000009624,20250410,1,2,12600.0,2520.0,22680.0
10953,5000012944,1000009625,20241011,1,2,13200.0,2640.0,23760.0
10954,5000012945,1000009625,20241011,1,2,12000.0,2400.0,21600.0
10955,5000012946,1000009625,20241011,1,3,12000.0,0.0,36000.0
10956,5000012947,1000009626,20250908,2,2,15000.0,3000.0,27000.0
10957,5000012948,1000009626,20250908,1,1,12600.0,0.0,12600.0
10958,5000012949,1000009627,20240309,1,2,12000.0,0.0,24000.0
10959,5000012950,1000009628,20240712,1,1,13200.0,264.0,12936.0
10960,5000012951,1000009629,20240721,1,3,12000.0,720.0,35280.0
10961,5000012952,1000009630,20250127,2,3,13500.0,2025.0,38475.0
10962,5000012953,1000009630,20250127,2,3,15000.0,0.0,45000.0
10963,5000012954,1000009631,20241215,2,3,16500.0,2475.0,47025.0
10964,5000012955,1000009632,20241020,1,2,10800.0,0.0,21600.0
10965,5000012956,1000009633,20240322,2,3,15750.0,945.0,46305.0
10966,5000012957,1000009634,20250626,2,3,15000.0,0.0,45000.0
10967,5000012959,1000009636,20250815,2,2,15000.0,600.0,29400.0
10968,5000012960,1000009637,20240323,1,1,12000.0,0.0,12000.0
10969,5000012961,1000009638,20250727,2,3,13500.0,0.0,40500.0
10970,5000012962,1000009639,20241225,2,2,15000.0,0.0,30000.0
10971,5000012963,1000009640,20241222,1,2,12000.0,480.0,23520.0
10972,5000012964,1000009640,20241222,1,1,12000.0,240.0,11760.0
10973,5000012965,1000009641,20240223,2,3,15750.0,2362.5,44887.5
10974,5000012966,1000009642,20250424,1,1,13200.0,660.0,12540.0
10975,5000012967,1000009643,20250126,1,1,10800.0,1080.0,9720.0
10976,5000012968,1000009643,20250126,2,3,15000.0,2250.0,42750.0
10977,5000012969,1000009643,20250126,2,3,15000.0,900.0,44100.0
10978,5000012970,1000009644,20240409,2,2,15750.0,630.0,30870.0
10979,5000012971,1000009644,20240409,1,2,12000.0,0.0,24000.0
10980,5000012972,1000009645,20240708,1,3,12000.0,0.0,36000.0
10981,5000012974,1000009647,20240425,2,1,15000.0,300.0,14700.0
10982,5000012975,1000009648,20250305,2,1,16500.0,330.0,16170.0
10983,5000012976,1000009649,20250314,1,2,12000.0,0.0,24000.0
10984,5000012977,1000009649,20250314,1,1,12600.0,0.0,12600.0
10985,5000012978,1000009650,20250906,1,1,10800.0,216.0,10584.0
10986,5000012979,1000009650,20250906,1,1,12000.0,1200.0,10800.0
10987,5000012980,1000009651,20250723,1,1,12000.0,600.0,11400.0
10988,5000012981,1000009651,20250723,2,2,15000.0,0.0,30000.0
10989,5000012982,1000009652,20241111,2,3,15000.0,2250.0,42750.0
10990,5000012983,1000009653,20241217,2,1,15000.0,0.0,15000.0
10991,5000012984,1000009654,20250921,1,2,10800.0,432.0,21168.0
10992,5000012985,1000009655,20250303,2,3,15000.0,2250.0,42750.0
10993,5000012986,1000009655,20250303,1,1,12000.0,240.0,11760.0
10994,5000012989,1000009657,20240521,2,2,16500.0,1650.0,31350.0
10995,5000012990,1000009658,20250219,2,2,13500.0,540.0,26460.0
10996,5000012991,1000009658,20250219,2,1,15750.0,1575.0,14175.0
10997,5000012992,1000009659,20240705,2,2,15000.0,0.0,30000.0
10998,5000012993,1000009660,20250616,1,1,12600.0,0.0,12600.0
10999,5000012994,1000009660,20250616,1,2,10800.0,1080.0,20520.0
11000,5000012995,1000009661,20241206,1,3,12000.0,720.0,35280.0
11001,5000012998,1000009664,20241109,1,2,12000.0,1200.0,22800.0
11002,5000012999,1000009665,20250815,1,2,12000.0,0.0,24000.0
11003,5000013000,1000009666,20240612,2,2,16500.0,3300.0,29700.0
11004,5000013001,1000009666,20240612,1,3,12000.0,720.0,35280.0
11005,5000013002,1000009667,20240630,1,2,10800.0,0.0,21600.0
11006,5000013003,1000009668,20241129,2,2,15000.0,0.0,30000.0
11007,5000013004,1000009669,20241226,2,3,15000.0,900.0,44100.0
11008,5000013005,1000009669,20241226,1,3,13200.0,3960.0,35640.0
11009,5000013006,1000009670,20240919,1,2,12600.0,504.0,24696.0
11010,5000013007,1000009670,20240919,1,3,12000.0,720.0,35280.0
11011,5000013008,1000009671,20250503,2,1,15000.0,300.0,14700.0
11012,5000013009,1000009672,20240727,1,1,12000.0,0.0,12000.0
11013,5000013010,1000009672,20240727,2,2,15000.0,600.0,29400.0
11014,5000013011,1000009673,20240829,1,1,12000.0,600.0,11400.0
11015,5000013012,1000009674,20250722,1,1,10800.0,0.0,10800.0
11016,5000013013,1000009675,20250618,2,1,15000.0,750.0,14250.0
11017,5000013017,1000009678,20240722,2,1,15000.0,300.0,14700.0
11018,5000013019,1000009680,20240712,1,3,12000.0,3600.0,32400.0
11019,5000013020,1000009680,20240712,2,2,15750.0,0.0,31500.0
11020,5000013021,1000009681,20250729,1,3,12000.0,1800.0,34200.0
11021,5000013022,1000009682,20241008,1,3,12000.0,720.0,35280.0
11022,5000013023,1000009683,20241217,1,3,13200.0,1980.0,37620.0
11023,5000013024,1000009684,20240507,1,3,12000.0,0.0,36000.0
11024,5000013025,1000009684,20240507,1,3,12000.0,0.0,36000.0
11025,5000013026,1000009685,20240503,1,3,10800.0,648.0,31752.0
11026,5000013027,1000009686,20240624,2,2,15000.0,1500.0,28500.0
11027,5000013028,1000009687,20250117,2,2,15000.0,0.0,30000.0
11028,5000013029,1000009687,20250117,2,2,15000.0,0.0,30000.0
11029,5000013030,1000009687,20250117,1,3,12600.0,3780.0,34020.0
11030,5000013031,1000009688,20240723,2,1,15000.0,300.0,14700.0
11031,5000013034,1000009690,20241217,1,2,12000.0,2400.0,21600.0
11032,5000013035,1000009691,20250224,2,3,15000.0,0.0,45000.0
11033,5000013036,1000009692,20240430,1,2,12000.0,480.0,23520.0
11034,5000013039,1000009694,20240120,2,3,13500.0,4050.0,36450.0
11035,5000013040,1000009695,20240624,1,1,10800.0,216.0,10584.0
11036,5000013041,1000009696,20241020,2,1,15000.0,750.0,14250.0
11037,5000013042,1000009697,20240408,1,2,12000.0,0.0,24000.0
11038,5000013043,1000009698,20240305,1,1,12600.0,1260.0,11340.0
11039,5000013044,1000009699,20250107,1,2,12600.0,504.0,24696.0
11040,5000013045,1000009700,20250621,1,2,10800.0,2160.0,19440.0
11041,5000013046,1000009701,20250517,2,1,16500.0,330.0,16170.0
11042,5000013047,1000009701,20250517,1,1,12600.0,0.0,12600.0
11043,5000013048,1000009702,20250722,2,1,15000.0,750.0,14250.0
11044,5000013049,1000009703,20240914,1,3,12000.0,1800.0,34200.0
11045,5000013050,1000009704,20241001,1,2,10800.0,2160.0,19440.0
11046,5000013051,1000009705,20250810,1,2,12000.0,0.0,24000.0
11047,5000013052,1000009705,20250810,2,2,15000.0,600.0,29400.0
11048,5000013055,1000009707,20240510,2,2,15750.0,0.0,31500.0
11049,5000013056,1000009708,20240915,1,2,12600.0,2520.0,22680.0
11050,5000013057,1000009709,20240510,1,1,12000.0,240.0,11760.0
11051,5000013058,1000009710,20240902,1,2,12600.0,1260.0,23940.0
11052,5000013059,1000009711,20250608,1,3,12600.0,1890.0,35910.0
11053,5000013060,1000009712,20240519,1,1,12000.0,1200.0,10800.0
11054,5000013061,1000009713,20240313,2,1,15000.0,300.0,14700.0
11055,5000013062,1000009714,20250906,1,1,12000.0,0.0,12000.0
11056,5000013063,1000009714,20250906,1,3,12000.0,3600.0,32400.0
11057,5000013064,1000009715,20250403,1,3,10800.0,1620.0,30780.0
11058,5000013065,1000009715,20250403,2,1,15000.0,750.0,14250.0
11059,5000013067,1000009717,20240219,2,1,13500.0,0.0,13500.0
11060,5000013068,1000009718,20240301,2,1,13500.0,270.0,13230.0
11061,5000013069,1000009719,20240326,1,3,12000.0,3600.0,32400.0
11062,5000013070,1000009720,20240806,1,2,10800.0,432.0,21168.0
11063,5000013071,1000009720,20240806,2,1,15750.0,1575.0,14175.0
11064,5000013072,1000009721,20250201,2,1,15000.0,0.0,15000.0
11065,5000013073,1000009722,20240804,1,1,12000.0,240.0,11760.0
11066,5000013074,1000009723,20240801,1,2,12000.0,2400.0,21600.0
11067,5000013075,1000009724,20241029,1,2,12000.0,1200.0,22800.0
11068,5000013076,1000009725,20241206,2,1,15000.0,1500.0,13500.0
11069,5000013078,1000009727,20250710,1,2,12000.0,2400.0,21600.0
11070,5000013080,1000009729,20250922,1,3,12000.0,720.0,35280.0
11071,5000013081,1000009729,20250922,1,2,12600.0,2520.0,22680.0
11072,5000013082,1000009730,20240630,1,2,12000.0,480.0,23520.0
11073,5000013083,1000009731,20241130,2,1,15000.0,1500.0,13500.0
11074,5000013084,1000009731,20241130,2,1,15000.0,0.0,15000.0
11075,5000013085,1000009732,20250603,1,3,12000.0,0.0,36000.0
11076,5000013086,1000009733,20250331,1,2,12000.0,2400.0,21600.0
11077,5000013087,1000009733,20250331,2,1,15750.0,315.0,15435.0
11078,5000013088,1000009734,20240601,2,2,13500.0,540.0,26460.0
11079,5000013089,1000009735,20250506,2,3,15000.0,0.0,45000.0
11080,5000013090,1000009735,20250506,1,1,10800.0,540.0,10260.0
11081,5000013091,1000009735,20250506,1,1,12000.0,0.0,12000.0
11082,5000013092,1000009736,20240226,1,1,10800.0,540.0,10260.0
11083,5000013093,1000009737,20250602,1,2,12000.0,2400.0,21600.0
11084,5000013094,1000009738,20240905,1,1,10800.0,540.0,10260.0
11085,5000013095,1000009739,20240823,1,2,12000.0,2400.0,21600.0
11086,5000013096,1000009740,20240916,1,2,10800.0,432.0,21168.0
11087,5000013097,1000009741,20240529,2,2,15000.0,3000.0,27000.0
11088,5000013098,1000009741,20240529,2,3,15000.0,900.0,44100.0
11089,5000013099,1000009742,20250919,1,3,12000.0,1800.0,34200.0
11090,5000013100,1000009742,20250919,1,2,10800.0,432.0,21168.0
11091,5000013101,1000009742,20250919,2,1,15000.0,1500.0,13500.0
11092,5000013102,1000009743,20250129,2,2,15750.0,3150.0,28350.0
11093,5000013103,1000009744,20250327,1,1,12600.0,630.0,11970.0
11094,5000013104,1000009745,20240120,2,3,15000.0,0.0,45000.0
11095,5000013105,1000009746,20240112,1,1,12000.0,0.0,12000.0
11096,5000013106,1000009747,20240720,1,3,12000.0,0.0,36000.0
11097,5000013107,1000009748,20240616,1,1,12000.0,1200.0,10800.0
11098,5000013108,1000009749,20240730,1,2,12600.0,1260.0,23940.0
11099,5000013109,1000009750,20250519,2,1,15000.0,750.0,14250.0
11100,5000013110,1000009751,20241111,1,1,12000.0,240.0,11760.0
11101,5000013111,1000009751,20241111,2,1,13500.0,0.0,13500.0
11102,5000013113,1000009753,20250420,2,2,15750.0,3150.0,28350.0
11103,5000013114,1000009754,20240430,1,1,12000.0,240.0,11760.0
11104,5000013115,1000009755,20240223,2,3,15750.0,0.0,47250.0
11105,5000013116,1000009756,20250318,2,1,15000.0,750.0,14250.0
11106,5000013117,1000009757,20240101,1,3,12000.0,3600.0,32400.0
11107,5000013118,1000009758,20241030,2,2,15750.0,0.0,31500.0
11108,5000013119,1000009758,20241030,1,2,13200.0,528.0,25872.0
11109,5000013120,1000009759,20240907,1,3,12600.0,0.0,37800.0
11110,5000013121,1000009760,20241122,2,2,15000.0,600.0,29400.0
11111,5000013122,1000009760,20241122,2,1,16500.0,0.0,16500.0
11112,5000013123,1000009761,20250607,1,1,12000.0,1200.0,10800.0
11113,5000013124,1000009761,20250607,1,3,12000.0,720.0,35280.0
11114,5000013125,1000009762,20241118,1,2,12600.0,1260.0,23940.0
11115,5000013126,1000009762,20241118,1,2,12000.0,0.0,24000.0
11116,5000013127,1000009762,20241118,2,1,16500.0,1650.0,14850.0
11117,5000013128,1000009763,20240305,1,2,12600.0,0.0,25200.0
11118,5000013129,1000009764,20240514,1,2,12000.0,1200.0,22800.0
11119,5000013130,1000009764,20240514,1,3,12000.0,720.0,35280.0
11120,5000013131,1000009765,20250404,2,2,16500.0,1650.0,31350.0
11121,5000013132,1000009766,20250123,2,1,15000.0,300.0,14700.0
11122,5000013133,1000009766,20250123,1,3,12600.0,1890.0,35910.0
11123,5000013134,1000009767,20240831,1,1,12000.0,240.0,11760.0
11124,5000013135,1000009768,20241129,2,3,15000.0,4500.0,40500.0
11125,5000013136,1000009769,20240427,2,1,15000.0,1500.0,13500.0
11126,5000013137,1000009769,20240427,2,1,15000.0,300.0,14700.0
11127,5000013138,1000009770,20241024,1,2,12000.0,2400.0,21600.0
11128,5000013139,1000009771,20250221,1,2,12600.0,1260.0,23940.0
11129,5000013140,1000009772,20241206,2,1,15000.0,750.0,14250.0
11130,5000013141,1000009773,20240401,2,1,15000.0,750.0,14250.0
11131,5000013142,1000009773,20240401,1,1,12000.0,1200.0,10800.0
11132,5000013143,1000009774,20240820,1,1,10800.0,216.0,10584.0
11133,5000013144,1000009775,20250105,1,3,12000.0,1800.0,34200.0
11134,5000013145,1000009776,20240605,1,3,12000.0,1800.0,34200.0
11135,5000013146,1000009777,20240409,1,2,12000.0,480.0,23520.0
11136,5000013147,1000009777,20240409,2,3,15750.0,945.0,46305.0
11137,5000013148,1000009778,20250907,1,3,12000.0,1800.0,34200.0
11138,5000013149,1000009779,20240909,1,3,12000.0,0.0,36000.0
11139,5000013150,1000009780,20241119,2,3,15000.0,2250.0,42750.0
11140,5000013151,1000009781,20240222,2,3,16500.0,990.0,48510.0
11141,5000013152,1000009781,20240222,2,3,15000.0,0.0,45000.0
11142,5000013153,1000009781,20240222,1,2,10800.0,1080.0,20520.0
11143,5000013154,1000009782,20240626,2,1,15000.0,0.0,15000.0
11144,5000013155,1000009782,20240626,2,2,15000.0,0.0,30000.0
11145,5000013156,1000009783,20240805,1,2,12000.0,1200.0,22800.0
11146,5000013157,1000009783,20240805,1,2,12000.0,1200.0,22800.0
11147,5000013162,1000009787,20240128,1,2,12000.0,1200.0,22800.0
11148,5000013163,1000009788,20250201,1,2,12000.0,0.0,24000.0
11149,5000013164,1000009789,20250917,2,2,15000.0,3000.0,27000.0
11150,5000013165,1000009789,20250917,1,1,12000.0,240.0,11760.0
11151,5000013166,1000009790,20240121,2,2,13500.0,2700.0,24300.0
11152,5000013167,1000009790,20240121,2,2,15000.0,3000.0,27000.0
11153,5000013168,1000009791,20240401,2,2,15000.0,0.0,30000.0
11154,5000013170,1000009793,20250615,2,1,13500.0,270.0,13230.0
11155,5000013171,1000009794,20240212,2,2,15750.0,1575.0,29925.0
11156,5000013172,1000009794,20240212,2,2,15000.0,0.0,30000.0
11157,5000013173,1000009795,20240927,1,1,12000.0,240.0,11760.0
11158,5000013174,1000009796,20240906,1,2,12000.0,1200.0,22800.0
11159,5000013175,1000009797,20240917,1,2,13200.0,0.0,26400.0
11160,5000013176,1000009797,20240917,1,1,12000.0,0.0,12000.0
11161,5000013177,1000009798,20240602,2,2,15000.0,1500.0,28500.0
11162,5000013178,1000009799,20240921,2,3,15000.0,4500.0,40500.0
11163,5000013180,1000009801,20250528,1,2,13200.0,1320.0,25080.0
11164,5000013181,1000009802,20240520,2,3,15000.0,4500.0,40500.0
11165,5000013182,1000009802,20240520,2,3,15000.0,0.0,45000.0
11166,5000013184,1000009804,20240901,1,3,12000.0,3600.0,32400.0
11167,5000013185,1000009804,20240901,1,3,12000.0,1800.0,34200.0
11168,5000013186,1000009805,20240610,1,3,12000.0,3600.0,32400.0
11169,5000013187,1000009805,20240610,2,2,15000.0,1500.0,28500.0
11170,5000013188,1000009806,20250313,1,3,12000.0,1800.0,34200.0
11171,5000013189,1000009807,20241110,1,3,12000.0,3600.0,32400.0
11172,5000013190,1000009808,20240309,1,3,10800.0,1620.0,30780.0
11173,5000013191,1000009809,20240806,2,2,15000.0,0.0,30000.0
11174,5000013192,1000009810,20240529,1,1,12000.0,600.0,11400.0
11175,5000013193,1000009811,20250131,1,1,12000.0,600.0,11400.0
11176,5000013194,1000009812,20240323,2,1,16500.0,0.0,16500.0
11177,5000013196,1000009814,20250108,2,2,15000.0,0.0,30000.0
11178,5000013197,1000009814,20250108,1,3,12000.0,3600.0,32400.0
11179,5000013198,1000009815,20240211,1,3,12000.0,0.0,36000.0
11180,5000013199,1000009815,20240211,1,3,12000.0,1800.0,34200.0
11181,5000013200,1000009816,20240625,1,1,12600.0,630.0,11970.0
11182,5000013201,1000009817,20241008,1,2,12000.0,2400.0,21600.0
11183,5000013202,1000009818,20240925,1,3,12000.0,3600.0,32400.0
11184,5000013203,1000009819,20250829,2,3,15000.0,4500.0,40500.0
11185,5000013204,1000009820,20240428,1,1,12000.0,600.0,11400.0
11186,5000013208,1000009823,20240706,2,2,15000.0,0.0,30000.0
11187,5000013209,1000009824,20240718,1,3,13200.0,1980.0,37620.0
11188,5000013212,1000009826,20240527,1,1,10800.0,540.0,10260.0
11189,5000013213,1000009827,20241003,1,1,10800.0,540.0,10260.0
11190,5000013214,1000009827,20241003,2,3,15000.0,900.0,44100.0
11191,5000013215,1000009828,20240205,1,2,12600.0,504.0,24696.0
11192,5000013217,1000009830,20250609,1,3,12000.0,3600.0,32400.0
11193,5000013218,1000009831,20240105,2,2,15000.0,3000.0,27000.0
11194,5000013219,1000009831,20240105,2,2,15000.0,0.0,30000.0
11195,5000013220,1000009832,20240609,1,2,12000.0,480.0,23520.0
11196,5000013221,1000009833,20241030,2,1,15750.0,1575.0,14175.0
11197,5000013225,1000009835,20250430,2,3,15000.0,2250.0,42750.0
11198,5000013227,1000009837,20240909,2,2,15000.0,600.0,29400.0
11199,5000013228,1000009838,20250327,1,1,12000.0,0.0,12000.0
11200,5000013229,1000009838,20250327,2,1,15000.0,1500.0,13500.0
11201,5000013230,1000009839,20240426,1,3,12000.0,720.0,35280.0
11202,5000013231,1000009839,20240426,2,2,13500.0,1350.0,25650.0
11203,5000013233,1000009841,20250201,1,1,10800.0,0.0,10800.0
11204,5000013234,1000009842,20240210,2,1,16500.0,330.0,16170.0
11205,5000013235,1000009843,20241008,2,3,15000.0,4500.0,40500.0
11206,5000013236,1000009843,20241008,1,3,13200.0,792.0,38808.0
11207,5000013237,1000009844,20250316,1,2,12000.0,1200.0,22800.0
11208,5000013238,1000009844,20250316,1,3,12000.0,720.0,35280.0
11209,5000013241,1000009846,20241103,2,1,13500.0,270.0,13230.0
11210,5000013242,1000009847,20240813,1,2,12000.0,0.0,24000.0
11211,5000013243,1000009848,20240523,2,1,16500.0,330.0,16170.0
11212,5000013244,1000009849,20240917,1,2,12000.0,2400.0,21600.0
11213,5000013247,1000009851,20250715,1,3,12000.0,1800.0,34200.0
11214,5000013248,1000009851,20250715,2,3,15000.0,0.0,45000.0
11215,5000013249,1000009852,20240614,1,2,12600.0,0.0,25200.0
11216,5000013250,1000009852,20240614,1,1,12600.0,252.0,12348.0
11217,5000013251,1000009852,20240614,2,1,15000.0,300.0,14700.0
11218,5000013252,1000009853,20240421,2,1,16500.0,0.0,16500.0
11219,5000013253,1000009854,20240102,1,2,10800.0,1080.0,20520.0
11220,5000013254,1000009855,20241206,1,2,12000.0,1200.0,22800.0
11221,5000013255,1000009856,20241118,1,2,12600.0,0.0,25200.0
11222,5000013256,1000009857,20250505,2,2,15000.0,1500.0,28500.0
11223,5000013257,1000009857,20250505,1,3,12000.0,0.0,36000.0
11224,5000013258,1000009858,20250426,1,3,12000.0,1800.0,34200.0
11225,5000013259,1000009858,20250426,1,3,12000.0,0.0,36000.0
11226,5000013260,1000009859,20250605,1,3,12000.0,1800.0,34200.0
11227,5000013261,1000009860,20250102,2,3,15750.0,0.0,47250.0
11228,5000013262,1000009860,20250102,2,2,15000.0,1500.0,28500.0
11229,5000013263,1000009861,20250521,2,3,15000.0,4500.0,40500.0
11230,5000013264,1000009861,20250521,1,3,12000.0,720.0,35280.0
11231,5000013265,1000009862,20250727,1,3,12000.0,1800.0,34200.0
11232,5000013266,1000009862,20250727,1,3,12600.0,756.0,37044.0
11233,5000013267,1000009863,20241122,2,3,15000.0,900.0,44100.0
11234,5000013268,1000009864,20240203,2,1,15000.0,1500.0,13500.0
11235,5000013269,1000009864,20240203,2,1,15000.0,300.0,14700.0
11236,5000013270,1000009865,20240715,2,2,15000.0,600.0,29400.0
11237,5000013272,1000009867,20250703,1,2,12000.0,1200.0,22800.0
11238,5000013273,1000009867,20250703,1,2,13200.0,0.0,26400.0
11239,5000013275,1000009869,20241112,2,3,15000.0,0.0,45000.0
11240,5000013277,1000009871,20250507,1,2,12000.0,480.0,23520.0
11241,5000013278,1000009871,20250507,1,3,12000.0,0.0,36000.0
11242,5000013279,1000009872,20250303,1,1,12000.0,1200.0,10800.0
11243,5000013281,1000009874,20250611,2,2,15000.0,1500.0,28500.0
11244,5000013282,1000009875,20240913,1,3,13200.0,3960.0,35640.0
11245,5000013283,1000009876,20250708,1,2,12000.0,480.0,23520.0
11246,5000013284,1000009876,20250708,1,3,12000.0,720.0,35280.0
11247,5000013285,1000009877,20240715,1,1,12000.0,1200.0,10800.0
11248,5000013286,1000009877,20240715,2,1,15000.0,300.0,14700.0
11249,5000013287,1000009878,20250318,2,2,15000.0,1500.0,28500.0
11250,5000013288,1000009879,20240611,1,3,12000.0,720.0,35280.0
11251,5000013289,1000009880,20240309,1,2,10800.0,1080.0,20520.0
11252,5000013290,1000009880,20240309,1,3,12000.0,3600.0,32400.0
11253,5000013292,1000009882,20250624,1,1,12600.0,0.0,12600.0
11254,5000013293,1000009883,20240615,2,1,15750.0,315.0,15435.0
11255,5000013294,1000009883,20240615,2,3,15000.0,4500.0,40500.0
11256,5000013295,1000009884,20250401,2,1,15750.0,1575.0,14175.0
11257,5000013296,1000009885,20240315,2,3,15000.0,900.0,44100.0
11258,5000013297,1000009886,20250313,2,2,13500.0,1350.0,25650.0
11259,5000013298,1000009886,20250313,1,1,12000.0,1200.0,10800.0
11260,5000013299,1000009887,20240421,1,1,12000.0,1200.0,10800.0
11261,5000013300,1000009887,20240421,2,1,15000.0,1500.0,13500.0
11262,5000013302,1000009889,20250322,1,2,12000.0,1200.0,22800.0
11263,5000013303,1000009890,20241204,2,2,15000.0,600.0,29400.0
11264,5000013304,1000009891,20250211,1,1,10800.0,1080.0,9720.0
11265,5000013305,1000009891,20250211,2,2,15000.0,0.0,30000.0
11266,5000013306,1000009892,20241024,2,3,13500.0,810.0,39690.0
11267,5000013307,1000009893,20241006,1,2,12000.0,2400.0,21600.0
11268,5000013308,1000009893,20241006,1,3,10800.0,648.0,31752.0
11269,5000013309,1000009894,20240119,2,3,15000.0,4500.0,40500.0
11270,5000013310,1000009895,20240826,2,2,13500.0,540.0,26460.0
11271,5000013311,1000009896,20250201,2,2,15000.0,1500.0,28500.0
11272,5000013312,1000009896,20250201,2,3,15000.0,2250.0,42750.0
11273,5000013313,1000009896,20250201,1,1,13200.0,0.0,13200.0
11274,5000013314,1000009897,20240125,1,1,12000.0,1200.0,10800.0
11275,5000013316,1000009899,20250912,1,2,12000.0,480.0,23520.0
11276,5000013317,1000009900,20250521,2,2,15000.0,0.0,30000.0
11277,5000013318,1000009900,20250521,1,2,13200.0,1320.0,25080.0
11278,5000013319,1000009901,20250316,1,3,12000.0,3600.0,32400.0
11279,5000013320,1000009902,20250214,2,1,15000.0,300.0,14700.0
11280,5000013321,1000009903,20240606,1,1,10800.0,216.0,10584.0
11281,5000013324,1000009905,20240115,2,2,15000.0,1500.0,28500.0
11282,5000013325,1000009906,20250627,2,1,16500.0,825.0,15675.0
11283,5000013326,1000009907,20240117,2,1,15000.0,300.0,14700.0
11284,5000013327,1000009908,20250725,1,1,12000.0,600.0,11400.0
11285,5000013328,1000009909,20240920,2,3,15750.0,2362.5,44887.5
11286,5000013329,1000009910,20241027,1,2,10800.0,1080.0,20520.0
11287,5000013330,1000009911,20241221,2,1,15000.0,0.0,15000.0
11288,5000013331,1000009911,20241221,1,1,12000.0,0.0,12000.0
11289,5000013332,1000009912,20240528,1,3,12000.0,3600.0,32400.0
11290,5000013333,1000009912,20240528,1,3,12000.0,3600.0,32400.0
11291,5000013335,1000009914,20240809,2,3,15750.0,2362.5,44887.5
11292,5000013336,1000009915,20240904,1,1,12000.0,600.0,11400.0
11293,5000013337,1000009915,20240904,1,3,12000.0,1800.0,34200.0
11294,5000013338,1000009916,20250728,1,1,12000.0,240.0,11760.0
11295,5000013339,1000009916,20250728,2,2,13500.0,1350.0,25650.0
11296,5000013340,1000009917,20240130,2,2,15000.0,0.0,30000.0
11297,5000013342,1000009919,20250420,2,2,13500.0,0.0,27000.0
11298,5000013343,1000009920,20240407,2,1,16500.0,1650.0,14850.0
11299,5000013344,1000009920,20240407,1,1,12600.0,0.0,12600.0
11300,5000013345,1000009921,20250116,2,2,15000.0,600.0,29400.0
11301,5000013347,1000009923,20250802,2,1,15000.0,0.0,15000.0
11302,5000013348,1000009924,20250512,2,3,15000.0,0.0,45000.0
11303,5000013349,1000009925,20240128,2,2,15000.0,1500.0,28500.0
11304,5000013350,1000009925,20240128,2,3,15750.0,0.0,47250.0
11305,5000013351,1000009926,20241221,2,3,15750.0,4725.0,42525.0
11306,5000013352,1000009926,20241221,2,2,15000.0,1500.0,28500.0
11307,5000013353,1000009927,20240503,1,2,13200.0,2640.0,23760.0
11308,5000013354,1000009928,20250111,2,2,15750.0,630.0,30870.0
11309,5000013355,1000009929,20250618,2,2,15000.0,3000.0,27000.0
11310,5000013356,1000009930,20240630,1,3,10800.0,3240.0,29160.0
11311,5000013357,1000009931,20250803,2,3,15000.0,2250.0,42750.0
11312,5000013358,1000009932,20241104,1,3,10800.0,1620.0,30780.0
11313,5000013359,1000009933,20250331,2,2,16500.0,0.0,33000.0
11314,5000013360,1000009934,20241201,2,2,15000.0,600.0,29400.0
11315,5000013361,1000009935,20241013,1,1,12000.0,1200.0,10800.0
11316,5000013362,1000009936,20250822,1,3,12000.0,0.0,36000.0
11317,5000013363,1000009937,20240623,1,1,10800.0,1080.0,9720.0
11318,5000013364,1000009938,20240314,1,3,12000.0,0.0,36000.0
11319,5000013365,1000009938,20240314,1,1,12000.0,1200.0,10800.0
11320,5000013366,1000009939,20241013,2,2,15000.0,3000.0,27000.0
11321,5000013367,1000009939,20241013,2,1,15000.0,1500.0,13500.0
11322,5000013368,1000009940,20250730,2,1,13500.0,0.0,13500.0
11323,5000013369,1000009941,20250118,2,2,13500.0,1350.0,25650.0
11324,5000013370,1000009942,20241121,2,3,15750.0,945.0,46305.0
11325,5000013371,1000009943,20240321,1,2,13200.0,528.0,25872.0
11326,5000013373,1000009945,20250823,2,1,15000.0,300.0,14700.0
11327,5000013374,1000009946,20250928,1,3,12000.0,0.0,36000.0
11328,5000013375,1000009947,20250529,2,2,15000.0,1500.0,28500.0
11329,5000013378,1000009950,20250108,1,3,10800.0,1620.0,30780.0
11330,5000013379,1000009951,20241113,1,3,12000.0,0.0,36000.0
11331,5000013381,1000009953,20240403,1,1,12000.0,1200.0,10800.0
11332,5000013382,1000009954,20250316,2,3,13500.0,810.0,39690.0
11333,5000013383,1000009955,20240915,1,3,12000.0,0.0,36000.0
11334,5000013384,1000009956,20250522,1,3,12000.0,3600.0,32400.0
11335,5000013385,1000009956,20250522,2,1,15000.0,750.0,14250.0
11336,5000013386,1000009957,20250318,1,3,12000.0,3600.0,32400.0
11337,5000013387,1000009958,20250112,1,2,12600.0,504.0,24696.0
11338,5000013388,1000009958,20250112,1,3,12000.0,720.0,35280.0
11339,5000013389,1000009959,20250525,2,1,16500.0,0.0,16500.0
11340,5000013390,1000009960,20240308,1,1,12000.0,240.0,11760.0
11341,5000013391,1000009961,20250713,2,1,15750.0,315.0,15435.0
11342,5000013392,1000009962,20240614,2,3,13500.0,2025.0,38475.0
11343,5000013393,1000009963,20240912,2,3,15000.0,4500.0,40500.0
11344,5000013394,1000009964,20250812,1,2,12000.0,480.0,23520.0
11345,5000013395,1000009965,20240114,2,1,15750.0,1575.0,14175.0
11346,5000013396,1000009966,20241008,2,1,15000.0,0.0,15000.0
11347,5000013397,1000009967,20250423,1,1,12000.0,600.0,11400.0
11348,5000013398,1000009968,20250130,1,1,12000.0,240.0,11760.0
11349,5000013399,1000009968,20250130,2,2,15000.0,600.0,29400.0
11350,5000013400,1000009968,20250130,1,2,12600.0,2520.0,22680.0
11351,5000013401,1000009969,20240831,1,2,12600.0,504.0,24696.0
11352,5000013402,1000009970,20240503,2,1,15000.0,300.0,14700.0
11353,5000013403,1000009970,20240503,2,2,15750.0,3150.0,28350.0
11354,5000013404,1000009971,20240819,2,3,15000.0,0.0,45000.0
11355,5000013405,1000009971,20240819,2,2,13500.0,540.0,26460.0
11356,5000013406,1000009972,20250423,2,2,15000.0,600.0,29400.0
11357,5000013407,1000009973,20240309,2,2,15000.0,3000.0,27000.0
11358,5000013408,1000009974,20240911,1,2,12000.0,0.0,24000.0
11359,5000013409,1000009975,20241212,1,3,12000.0,1800.0,34200.0
11360,5000013410,1000009976,20240706,1,1,12000.0,0.0,12000.0
11361,5000013411,1000009976,20240706,2,1,16500.0,1650.0,14850.0
11362,5000013412,1000009976,20240706,1,3,12600.0,756.0,37044.0
11363,5000013413,1000009977,20240423,1,2,12600.0,0.0,25200.0
11364,5000013414,1000009977,20240423,1,3,12000.0,0.0,36000.0
11365,5000013416,1000009979,20240130,2,2,15000.0,0.0,30000.0
11366,5000013417,1000009980,20241017,1,3,12000.0,720.0,35280.0
11367,5000013419,1000009982,20250113,1,2,12600.0,1260.0,23940.0
11368,5000013420,1000009983,20250904,1,1,12600.0,630.0,11970.0
11369,5000013421,1000009984,20241202,1,2,12000.0,0.0,24000.0
11370,5000013422,1000009984,20241202,1,2,12000.0,2400.0,21600.0
11371,5000013423,1000009984,20241202,2,2,16500.0,3300.0,29700.0
11372,5000013424,1000009985,20240829,2,1,15750.0,787.5,14962.5
11373,5000013425,1000009986,20241007,2,3,13500.0,2025.0,38475.0
11374,5000013426,1000009987,20240322,1,1,12600.0,630.0,11970.0
11375,5000013427,1000009988,20240617,2,3,15000.0,0.0,45000.0
11376,5000013428,1000009989,20240213,2,3,15000.0,4500.0,40500.0
11377,5000013429,1000009989,20240213,2,3,15750.0,0.0,47250.0
11378,5000013430,1000009990,20240221,1,3,10800.0,1620.0,30780.0
11379,5000013431,1000009991,20250628,1,3,12000.0,0.0,36000.0
11380,5000013432,1000009991,20250628,1,2,12000.0,1200.0,22800.0
11381,5000013433,1000009991,20250628,2,3,15000.0,2250.0,42750.0
11382,5000013434,1000009992,20240605,1,2,12000.0,480.0,23520.0
11383,5000013435,1000009993,20250327,2,3,15000.0,0.0,45000.0
11384,5000013436,1000009993,20250327,1,2,12000.0,1200.0,22800.0
11385,5000013437,1000009994,20240607,1,2,13200.0,2640.0,23760.0
11386,5000013438,1000009995,20250109,1,3,12000.0,720.0,35280.0
11387,5000013439,1000009996,20250313,1,3,10800.0,1620.0,30780.0
11388,5000013440,1000009997,20250517,1,1,12000.0,1200.0,10800.0
11389,5000013441,1000009997,20250517,1,1,12600.0,252.0,12348.0
11390,5000013442,1000009997,20250517,2,1,15000.0,750.0,14250.0
11391,5000013443,1000009998,20250303,2,1,16500.0,0.0,16500.0
11392,5000013444,1000009999,20240604,2,2,15750.0,3150.0,28350.0
11393,5000013445,1000009999,20240604,1,3,12000.0,0.0,36000.0
11394,5000013446,1000009999,20240604,2,1,15750.0,0.0,15750.0
11395,5000013447,1000010000,20250211,1,3,12000.0,3600.0,32400.0
11396,5000013448,1000010001,20240219,1,1,12000.0,240.0,11760.0
11397,5000013449,1000010001,20240219,2,2,15750.0,3150.0,28350.0
11398,5000013450,1000010002,20241004,1,3,10800.0,3240.0,29160.0
11399,5000013451,1000010002,20241004,2,3,15000.0,900.0,44100.0
11400,5000013452,1000010003,20240320,2,1,15000.0,0.0,15000.0
11401,5000013453,1000010004,20240603,1,1,12000.0,240.0,11760.0
11402,5000013454,1000010005,20240809,1,2,13200.0,2640.0,23760.0
11403,5000013455,1000010006,20241125,1,3,10800.0,3240.0,29160.0
11404,5000013456,1000010007,20240714,1,3,12000.0,1800.0,34200.0
11405,5000013457,1000010008,20250204,2,2,15750.0,0.0,31500.0
11406,5000013458,1000010009,20240213,2,3,15000.0,2250.0,42750.0
11407,5000013459,1000010010,20240702,1,3,13200.0,792.0,38808.0
11408,5000013462,1000010013,20250302,2,1,13500.0,1350.0,12150.0
11409,5000013463,1000010013,20250302,2,1,15000.0,0.0,15000.0
11410,5000013464,1000010014,20240909,2,1,13500.0,1350.0,12150.0
11411,5000013465,1000010015,20250201,2,2,15750.0,0.0,31500.0
11412,5000013466,1000010016,20240828,1,3,12000.0,3600.0,32400.0
11413,5000013467,1000010016,20240828,2,2,15750.0,0.0,31500.0
11414,5000013468,1000010017,20240629,1,2,12000.0,0.0,24000.0
11415,5000013470,1000010019,20250716,2,2,15000.0,0.0,30000.0
11416,5000013471,1000010020,20240812,1,1,10800.0,540.0,10260.0
11417,5000013472,1000010021,20240303,2,3,15750.0,2362.5,44887.5
11418,5000013473,1000010022,20240714,1,1,12000.0,600.0,11400.0
11419,5000013474,1000010023,20250405,2,2,15000.0,0.0,30000.0
11420,5000013475,1000010024,20241231,2,3,15000.0,0.0,45000.0
11421,5000013476,1000010025,20250911,2,1,15000.0,750.0,14250.0
11422,5000013477,1000010026,20250508,2,1,15000.0,1500.0,13500.0
11423,5000013478,1000010027,20240219,2,3,13500.0,0.0,40500.0
11424,5000013481,1000010029,20240415,1,3,10800.0,1620.0,30780.0
11425,5000013482,1000010030,20240609,1,1,12000.0,1200.0,10800.0
11426,5000013483,1000010031,20250705,1,1,12000.0,1200.0,10800.0
11427,5000013484,1000010031,20250705,1,3,12000.0,3600.0,32400.0
11428,5000013485,1000010032,20250818,1,1,12000.0,1200.0,10800.0
11429,5000013486,1000010033,20241216,1,2,10800.0,1080.0,20520.0
11430,5000013487,1000010034,20250921,1,2,12000.0,480.0,23520.0
11431,5000013490,1000010036,20250913,1,2,12600.0,504.0,24696.0
11432,5000013491,1000010037,20240630,1,1,12600.0,1260.0,11340.0
11433,5000013492,1000010038,20240112,2,1,15000.0,1500.0,13500.0
11434,5000013493,1000010039,20241214,2,1,15000.0,750.0,14250.0
11435,5000013495,1000010041,20250316,1,2,12000.0,2400.0,21600.0
11436,5000013496,1000010042,20250526,2,2,15000.0,3000.0,27000.0
11437,5000013497,1000010043,20240701,2,2,15750.0,630.0,30870.0
11438,5000013498,1000010044,20250419,2,1,15750.0,787.5,14962.5
11439,5000013499,1000010045,20250330,1,2,12600.0,1260.0,23940.0
11440,5000013500,1000010045,20250330,1,2,10800.0,1080.0,20520.0
11441,5000013501,1000010045,20250330,1,2,12000.0,0.0,24000.0
11442,5000013502,1000010046,20250723,2,3,15000.0,0.0,45000.0
11443,5000013503,1000010046,20250723,1,2,13200.0,1320.0,25080.0
11444,5000013504,1000010047,20240114,2,1,16500.0,825.0,15675.0
11445,5000013505,1000010048,20250107,2,2,15000.0,0.0,30000.0
11446,5000013506,1000010048,20250107,1,2,12000.0,2400.0,21600.0
11447,5000013507,1000010049,20240208,1,2,12000.0,0.0,24000.0
11448,5000013508,1000010050,20240905,1,1,12000.0,0.0,12000.0
11449,5000013511,1000010052,20250429,2,2,15000.0,0.0,30000.0
11450,5000013512,1000010053,20250805,1,2,12000.0,0.0,24000.0
11451,5000013513,1000010053,20250805,2,1,13500.0,270.0,13230.0
11452,5000013514,1000010054,20240706,1,1,12000.0,1200.0,10800.0
11453,5000013515,1000010055,20240422,2,2,13500.0,1350.0,25650.0
11454,5000013516,1000010056,20250309,1,2,12000.0,480.0,23520.0
11455,5000013518,1000010058,20250415,2,1,15000.0,300.0,14700.0
11456,5000013519,1000010059,20250615,2,3,16500.0,990.0,48510.0
11457,5000013520,1000010059,20250615,2,1,15000.0,1500.0,13500.0
11458,5000013521,1000010059,20250615,2,3,13500.0,2025.0,38475.0
11459,5000013522,1000010060,20250125,2,1,15000.0,300.0,14700.0
11460,5000013523,1000010060,20250125,1,1,12000.0,600.0,11400.0
11461,5000013524,1000010061,20250723,1,2,12600.0,1260.0,23940.0
11462,5000013525,1000010061,20250723,1,1,12000.0,0.0,12000.0
11463,5000013526,1000010062,20250227,2,1,16500.0,1650.0,14850.0
11464,5000013527,1000010062,20250227,1,2,12000.0,480.0,23520.0
11465,5000013528,1000010063,20240802,2,2,13500.0,0.0,27000.0
11466,5000013531,1000010065,20240205,1,2,10800.0,432.0,21168.0
11467,5000013532,1000010066,20250311,1,2,12000.0,480.0,23520.0
11468,5000013533,1000010067,20241128,1,3,13200.0,1980.0,37620.0
11469,5000013534,1000010067,20241128,1,1,12000.0,1200.0,10800.0
11470,5000013535,1000010068,20241227,1,3,12000.0,0.0,36000.0
11471,5000013536,1000010069,20240220,1,1,12000.0,600.0,11400.0
11472,5000013537,1000010070,20250214,1,3,12000.0,720.0,35280.0
11473,5000013538,1000010071,20250223,1,1,12000.0,0.0,12000.0
11474,5000013539,1000010072,20250516,1,3,12000.0,0.0,36000.0
11475,5000013540,1000010073,20250419,2,3,15000.0,4500.0,40500.0
11476,5000013541,1000010073,20250419,2,1,15750.0,315.0,15435.0
11477,5000013542,1000010074,20240518,1,3,10800.0,0.0,32400.0
11478,5000013543,1000010074,20240518,2,3,15000.0,900.0,44100.0
11479,5000013544,1000010074,20240518,1,1,12000.0,1200.0,10800.0
11480,5000013546,1000010076,20240712,2,2,15000.0,600.0,29400.0
11481,5000013547,1000010077,20241204,2,1,15000.0,0.0,15000.0
11482,5000013548,1000010078,20250413,1,2,12600.0,1260.0,23940.0
11483,5000013549,1000010079,20250106,1,3,12000.0,3600.0,32400.0
11484,5000013550,1000010080,20240829,2,1,15750.0,0.0,15750.0
11485,5000013552,1000010082,20250424,1,1,10800.0,0.0,10800.0
11486,5000013553,1000010083,20241129,1,1,12600.0,252.0,12348.0
11487,5000013554,1000010084,20240319,1,1,12000.0,240.0,11760.0
11488,5000013555,1000010085,20240105,2,2,15000.0,0.0,30000.0
11489,5000013556,1000010086,20240219,1,2,12000.0,0.0,24000.0
11490,5000013557,1000010087,20250909,1,1,12000.0,240.0,11760.0
11491,5000013558,1000010088,20240731,1,3,12000.0,3600.0,32400.0
11492,5000013559,1000010089,20250826,1,1,12000.0,1200.0,10800.0
11493,5000013562,1000010092,20240925,1,2,12000.0,1200.0,22800.0
11494,5000013564,1000010094,20250818,1,3,12000.0,1800.0,34200.0
11495,5000013565,1000010095,20250330,1,2,12000.0,0.0,24000.0
11496,5000013566,1000010096,20250303,1,1,12000.0,0.0,12000.0
11497,5000013568,1000010098,20250306,1,3,13200.0,792.0,38808.0
11498,5000013569,1000010098,20250306,1,1,12000.0,240.0,11760.0
11499,5000013570,1000010099,20250415,2,1,15000.0,0.0,15000.0
11500,5000013571,1000010100,20241020,1,2,12000.0,0.0,24000.0
11501,5000013574,1000010102,20250110,2,3,15000.0,4500.0,40500.0
11502,5000013575,1000010103,20250128,1,1,12000.0,1200.0,10800.0
11503,5000013576,1000010104,20240922,1,1,12000.0,1200.0,10800.0
11504,5000013577,1000010104,20240922,1,2,12000.0,0.0,24000.0
11505,5000013578,1000010104,20240922,1,3,12600.0,1890.0,35910.0
11506,5000013580,1000010106,20240406,2,1,16500.0,330.0,16170.0
11507,5000013581,1000010106,20240406,1,3,10800.0,0.0,32400.0
11508,5000013582,1000010106,20240406,2,1,13500.0,1350.0,12150.0
11509,5000013583,1000010107,20241025,1,1,12600.0,630.0,11970.0
11510,5000013584,1000010107,20241025,1,3,13200.0,792.0,38808.0
11511,5000013585,1000010107,20241025,1,1,12000.0,1200.0,10800.0
11512,5000013586,1000010108,20250829,1,1,12000.0,0.0,12000.0
11513,5000013587,1000010109,20250405,2,1,16500.0,0.0,16500.0
11514,5000013588,1000010110,20240713,1,2,12000.0,0.0,24000.0
11515,5000013589,1000010111,20250329,2,2,15000.0,1500.0,28500.0
11516,5000013590,1000010112,20250904,2,2,15000.0,600.0,29400.0
11517,5000013591,1000010112,20250904,2,1,15750.0,1575.0,14175.0
11518,5000013592,1000010113,20250823,1,2,12000.0,2400.0,21600.0
11519,5000013593,1000010114,20250903,1,1,12000.0,0.0,12000.0
11520,5000013594,1000010114,20250903,2,2,13500.0,0.0,27000.0
11521,5000013595,1000010114,20250903,1,2,12600.0,2520.0,22680.0
11522,5000013596,1000010115,20240603,2,3,16500.0,990.0,48510.0
11523,5000013597,1000010115,20240603,1,3,10800.0,0.0,32400.0
11524,5000013598,1000010115,20240603,1,3,13200.0,3960.0,35640.0
11525,5000013600,1000010117,20250104,2,1,16500.0,825.0,15675.0
11526,5000013601,1000010117,20250104,2,2,15750.0,3150.0,28350.0
11527,5000013602,1000010117,20250104,1,1,12000.0,240.0,11760.0
11528,5000013603,1000010118,20250616,1,3,12000.0,3600.0,32400.0
11529,5000013604,1000010119,20240513,2,1,16500.0,330.0,16170.0
11530,5000013605,1000010119,20240513,1,1,12600.0,1260.0,11340.0
11531,5000013606,1000010120,20240708,1,3,12000.0,720.0,35280.0
11532,5000013607,1000010121,20240623,2,2,13500.0,2700.0,24300.0
11533,5000013608,1000010121,20240623,2,1,15000.0,1500.0,13500.0
11534,5000013609,1000010122,20240513,1,1,12000.0,240.0,11760.0
11535,5000013610,1000010122,20240513,2,2,13500.0,540.0,26460.0
11536,5000013611,1000010123,20250206,1,3,12000.0,3600.0,32400.0
11537,5000013612,1000010124,20250116,2,1,15000.0,0.0,15000.0
11538,5000013613,1000010125,20250121,2,2,15000.0,3000.0,27000.0
11539,5000013614,1000010126,20240107,2,3,15750.0,0.0,47250.0
11540,5000013615,1000010126,20240107,1,3,12000.0,720.0,35280.0
11541,5000013616,1000010127,20240502,1,3,12000.0,0.0,36000.0
11542,5000013617,1000010128,20240816,1,1,10800.0,0.0,10800.0
11543,5000013618,1000010128,20240816,2,2,13500.0,1350.0,25650.0
11544,5000013619,1000010129,20241004,1,3,12000.0,1800.0,34200.0
11545,5000013620,1000010130,20250123,2,2,15000.0,1500.0,28500.0
11546,5000013621,1000010130,20250123,1,2,12600.0,2520.0,22680.0
11547,5000013622,1000010131,20240828,1,3,10800.0,1620.0,30780.0
11548,5000013623,1000010131,20240828,1,3,12000.0,3600.0,32400.0
11549,5000013624,1000010132,20240601,1,3,12000.0,720.0,35280.0
11550,5000013625,1000010132,20240601,1,2,12000.0,0.0,24000.0
11551,5000013626,1000010132,20240601,1,2,12000.0,0.0,24000.0
11552,5000013628,1000010134,20250813,1,2,13200.0,0.0,26400.0
11553,5000013629,1000010135,20240504,1,3,12000.0,1800.0,34200.0
11554,5000013631,1000010137,20240730,1,3,12000.0,1800.0,34200.0
11555,5000013632,1000010138,20240718,1,2,12000.0,1200.0,22800.0
11556,5000013633,1000010138,20240718,2,3,15750.0,4725.0,42525.0
11557,5000013634,1000010139,20250401,1,2,12000.0,480.0,23520.0
11558,5000013635,1000010140,20250323,1,3,12000.0,1800.0,34200.0
11559,5000013636,1000010141,20240502,1,3,12000.0,1800.0,34200.0
11560,5000013637,1000010142,20241126,1,3,12000.0,0.0,36000.0
11561,5000013638,1000010142,20241126,2,3,15000.0,900.0,44100.0
11562,5000013639,1000010143,20240327,2,2,15750.0,1575.0,29925.0
11563,5000013640,1000010143,20240327,2,2,15000.0,0.0,30000.0
11564,5000013641,1000010143,20240327,1,3,12600.0,1890.0,35910.0
11565,5000013642,1000010144,20240411,1,3,12000.0,720.0,35280.0
11566,5000013645,1000010146,20240701,2,3,16500.0,0.0,49500.0
11567,5000013646,1000010147,20250505,1,1,12000.0,0.0,12000.0
11568,5000013649,1000010149,20250507,2,2,15750.0,3150.0,28350.0
11569,5000013650,1000010150,20250710,2,3,15000.0,900.0,44100.0
11570,5000013651,1000010151,20240827,1,2,12000.0,2400.0,21600.0
11571,5000013652,1000010152,20240331,2,3,15000.0,2250.0,42750.0
11572,5000013654,1000010154,20240603,1,2,12000.0,2400.0,21600.0
11573,5000013655,1000010155,20240605,2,1,13500.0,675.0,12825.0
11574,5000013656,1000010156,20241001,1,1,10800.0,1080.0,9720.0
11575,5000013657,1000010156,20241001,1,2,12000.0,1200.0,22800.0
11576,5000013658,1000010157,20250222,2,2,13500.0,540.0,26460.0
11577,5000013659,1000010157,20250222,2,2,15750.0,0.0,31500.0
11578,5000013660,1000010158,20250509,1,1,10800.0,0.0,10800.0
11579,5000013661,1000010159,20250913,2,3,15000.0,0.0,45000.0
11580,5000013662,1000010160,20240202,1,1,12000.0,1200.0,10800.0
11581,5000013663,1000010161,20250222,2,1,13500.0,1350.0,12150.0
11582,5000013664,1000010162,20240810,1,1,12600.0,1260.0,11340.0
11583,5000013665,1000010163,20250217,1,2,12000.0,480.0,23520.0
11584,5000013666,1000010163,20250217,2,1,15000.0,1500.0,13500.0
11585,5000013667,1000010164,20250605,1,2,12600.0,2520.0,22680.0
11586,5000013668,1000010165,20240103,1,1,12000.0,0.0,12000.0
11587,5000013669,1000010166,20240415,1,3,12000.0,3600.0,32400.0
11588,5000013670,1000010166,20240415,1,3,10800.0,3240.0,29160.0
11589,5000013671,1000010167,20250320,2,3,15000.0,4500.0,40500.0
11590,5000013672,1000010168,20250212,2,3,15750.0,2362.5,44887.5
11591,5000013673,1000010169,20250326,1,1,12000.0,240.0,11760.0
11592,5000013674,1000010170,20250618,1,3,10800.0,3240.0,29160.0
11593,5000013676,1000010172,20240815,1,2,13200.0,528.0,25872.0
11594,5000013679,1000010174,20250214,2,3,16500.0,4950.0,44550.0
11595,5000013680,1000010175,20250830,1,2,12000.0,1200.0,22800.0
11596,5000013681,1000010175,20250830,1,3,13200.0,3960.0,35640.0
11597,5000013682,1000010176,20240217,1,1,13200.0,1320.0,11880.0
11598,5000013683,1000010177,20250805,2,1,15000.0,0.0,15000.0
11599,5000013684,1000010177,20250805,1,3,12000.0,3600.0,32400.0
11600,5000013685,1000010178,20240427,1,1,12000.0,0.0,12000.0
11601,5000013686,1000010179,20240622,1,2,12600.0,0.0,25200.0
11602,5000013689,1000010181,20240820,1,1,12000.0,1200.0,10800.0
11603,5000013690,1000010182,20250610,1,2,12000.0,1200.0,22800.0
11604,5000013691,1000010183,20240724,1,3,12600.0,1890.0,35910.0
11605,5000013692,1000010184,20241206,1,2,12000.0,480.0,23520.0
11606,5000013693,1000010184,20241206,1,1,12000.0,0.0,12000.0
11607,5000013694,1000010184,20241206,2,2,13500.0,2700.0,24300.0
11608,5000013695,1000010185,20250605,2,3,15000.0,900.0,44100.0
11609,5000013696,1000010186,20250228,1,3,12600.0,3780.0,34020.0
11610,5000013697,1000010187,20250714,1,2,13200.0,2640.0,23760.0
11611,5000013698,1000010188,20240302,1,2,10800.0,0.0,21600.0
11612,5000013699,1000010189,20240329,1,1,12000.0,1200.0,10800.0
11613,5000013700,1000010190,20250421,2,3,15000.0,4500.0,40500.0
11614,5000013701,1000010191,20240308,2,2,13500.0,2700.0,24300.0
11615,5000013702,1000010192,20241102,1,2,12600.0,2520.0,22680.0
11616,5000013703,1000010193,20240510,1,3,12600.0,3780.0,34020.0
11617,5000013704,1000010194,20250928,2,3,15000.0,0.0,45000.0
11618,5000013705,1000010195,20250903,1,3,12600.0,756.0,37044.0
11619,5000013707,1000010197,20240917,1,2,10800.0,1080.0,20520.0
11620,5000013708,1000010198,20240115,2,3,16500.0,990.0,48510.0
11621,5000013709,1000010199,20240402,2,2,15000.0,3000.0,27000.0
11622,5000013710,1000010200,20250122,2,2,15000.0,0.0,30000.0
11623,5000013711,1000010200,20250122,2,2,15000.0,600.0,29400.0
11624,5000013712,1000010201,20240206,2,2,15000.0,1500.0,28500.0
11625,5000013713,1000010202,20240325,2,1,13500.0,0.0,13500.0
11626,5000013714,1000010202,20240325,2,2,15750.0,1575.0,29925.0
11627,5000013715,1000010202,20240325,2,2,15000.0,0.0,30000.0
11628,5000013716,1000010203,20250507,2,1,16500.0,330.0,16170.0
11629,5000013717,1000010204,20250905,1,2,12600.0,1260.0,23940.0
11630,5000013718,1000010205,20240407,1,1,12000.0,1200.0,10800.0
11631,5000013719,1000010206,20240906,2,3,15750.0,945.0,46305.0
11632,5000013720,1000010206,20240906,1,1,12600.0,630.0,11970.0
11633,5000013721,1000010206,20240906,2,3,15000.0,4500.0,40500.0
11634,5000013722,1000010207,20240108,1,2,12000.0,480.0,23520.0
11635,5000013723,1000010208,20241101,1,3,12000.0,1800.0,34200.0
11636,5000013724,1000010209,20250108,1,3,12000.0,720.0,35280.0
11637,5000013725,1000010210,20241004,2,2,15750.0,0.0,31500.0
11638,5000013726,1000010211,20250712,1,1,12000.0,240.0,11760.0
11639,5000013727,1000010212,20240728,1,2,12000.0,2400.0,21600.0
11640,5000013728,1000010213,20241128,2,2,16500.0,1650.0,31350.0
11641,5000013729,1000010214,20250217,1,3,12600.0,3780.0,34020.0
11642,5000013730,1000010215,20250218,1,2,12000.0,2400.0,21600.0
11643,5000013731,1000010216,20250818,2,1,15000.0,300.0,14700.0
11644,5000013732,1000010216,20250818,2,2,13500.0,540.0,26460.0
11645,5000013733,1000010216,20250818,2,2,15000.0,0.0,30000.0
11646,5000013734,1000010217,20250630,2,3,15750.0,0.0,47250.0
11647,5000013735,1000010218,20250321,1,3,13200.0,792.0,38808.0
11648,5000013736,1000010219,20250222,2,3,15000.0,0.0,45000.0
11649,5000013737,1000010220,20250417,2,1,15000.0,300.0,14700.0
11650,5000013738,1000010221,20240831,2,1,15000.0,0.0,15000.0
11651,5000013739,1000010221,20240831,2,3,13500.0,4050.0,36450.0
11652,5000013740,1000010222,20250706,2,2,13500.0,540.0,26460.0
11653,5000013741,1000010222,20250706,2,3,15750.0,0.0,47250.0
11654,5000013742,1000010223,20240720,1,1,12000.0,240.0,11760.0
11655,5000013743,1000010223,20240720,2,3,13500.0,4050.0,36450.0
11656,5000013744,1000010224,20250403,2,1,15000.0,750.0,14250.0
11657,5000013745,1000010225,20250211,2,3,15000.0,4500.0,40500.0
11658,5000013746,1000010225,20250211,1,1,12000.0,0.0,12000.0
11659,5000013747,1000010226,20240708,1,2,10800.0,2160.0,19440.0
11660,5000013748,1000010227,20250305,1,2,12000.0,2400.0,21600.0
11661,5000013749,1000010228,20250916,1,3,12600.0,0.0,37800.0
11662,5000013750,1000010229,20240801,2,2,15000.0,0.0,30000.0
11663,5000013751,1000010229,20240801,2,1,15000.0,750.0,14250.0
11664,5000013752,1000010230,20250620,2,3,13500.0,2025.0,38475.0
11665,5000013753,1000010231,20250910,2,1,15750.0,0.0,15750.0
11666,5000013754,1000010232,20250519,2,3,15000.0,4500.0,40500.0
11667,5000013755,1000010233,20240208,1,3,12000.0,720.0,35280.0
11668,5000013756,1000010234,20240302,2,3,15000.0,2250.0,42750.0
11669,5000013757,1000010234,20240302,1,2,12000.0,1200.0,22800.0
11670,5000013758,1000010235,20240416,2,2,16500.0,1650.0,31350.0
11671,5000013759,1000010236,20240912,2,2,15000.0,600.0,29400.0
11672,5000013760,1000010236,20240912,1,1,12000.0,240.0,11760.0
11673,5000013761,1000010237,20241129,1,1,10800.0,0.0,10800.0
11674,5000013762,1000010237,20241129,2,1,16500.0,0.0,16500.0
11675,5000013763,1000010238,20240528,2,1,15000.0,1500.0,13500.0
11676,5000013764,1000010238,20240528,2,2,13500.0,0.0,27000.0
11677,5000013765,1000010239,20250325,2,3,15000.0,0.0,45000.0
11678,5000013766,1000010239,20250325,1,2,12600.0,0.0,25200.0
11679,5000013767,1000010240,20250222,2,3,15000.0,900.0,44100.0
11680,5000013768,1000010241,20240220,1,3,12000.0,3600.0,32400.0
11681,5000013769,1000010241,20240220,1,2,12600.0,2520.0,22680.0
11682,5000013770,1000010242,20241007,1,2,10800.0,0.0,21600.0
11683,5000013775,1000010246,20240920,2,3,15000.0,4500.0,40500.0
11684,5000013776,1000010247,20241124,2,3,16500.0,2475.0,47025.0
11685,5000013779,1000010249,20250210,2,1,15750.0,1575.0,14175.0
11686,5000013780,1000010250,20240422,1,1,12000.0,1200.0,10800.0
11687,5000013782,1000010252,20250108,2,2,15000.0,3000.0,27000.0
11688,5000013785,1000010254,20250629,1,2,12000.0,2400.0,21600.0
11689,5000013786,1000010255,20240922,2,1,15000.0,750.0,14250.0
11690,5000013787,1000010255,20240922,1,1,12600.0,630.0,11970.0
11691,5000013788,1000010256,20240227,2,1,15000.0,0.0,15000.0
11692,5000013789,1000010257,20250627,2,1,13500.0,0.0,13500.0
11693,5000013790,1000010258,20240408,1,1,12000.0,0.0,12000.0
11694,5000013792,1000010260,20250401,1,2,12000.0,2400.0,21600.0
11695,5000013793,1000010260,20250401,1,3,12000.0,3600.0,32400.0
11696,5000013794,1000010261,20240519,2,1,15000.0,750.0,14250.0
11697,5000013795,1000010262,20250312,1,3,12000.0,1800.0,34200.0
11698,5000013796,1000010263,20240307,2,3,15000.0,900.0,44100.0
11699,5000013798,1000010265,20241130,2,2,15000.0,1500.0,28500.0
11700,5000013799,1000010266,20250317,2,3,13500.0,0.0,40500.0
11701,5000013800,1000010267,20250927,1,3,13200.0,792.0,38808.0
11702,5000013801,1000010268,20240602,1,1,13200.0,660.0,12540.0
11703,5000013802,1000010269,20250311,2,3,13500.0,810.0,39690.0
11704,5000013803,1000010269,20250311,2,1,15000.0,300.0,14700.0
11705,5000013804,1000010270,20241101,1,2,12000.0,1200.0,22800.0
11706,5000013805,1000010271,20240825,2,3,15000.0,4500.0,40500.0
11707,5000013806,1000010272,20240429,1,2,12000.0,480.0,23520.0
11708,5000013807,1000010272,20240429,2,1,15000.0,1500.0,13500.0
11709,5000013808,1000010273,20240414,2,2,15000.0,0.0,30000.0
11710,5000013809,1000010274,20250114,2,2,15000.0,600.0,29400.0
11711,5000013810,1000010274,20250114,1,1,12000.0,240.0,11760.0
11712,5000013811,1000010275,20240725,1,2,13200.0,0.0,26400.0
11713,5000013812,1000010276,20250511,1,2,12000.0,2400.0,21600.0
11714,5000013813,1000010277,20250904,1,3,12000.0,720.0,35280.0
11715,5000013814,1000010278,20240113,1,1,10800.0,540.0,10260.0
11716,5000013815,1000010279,20240122,1,1,12000.0,600.0,11400.0
11717,5000013816,1000010279,20240122,2,3,15000.0,900.0,44100.0
11718,5000013817,1000010280,20250221,2,1,16500.0,825.0,15675.0
11719,5000013819,1000010282,20250409,2,1,15000.0,300.0,14700.0
11720,5000013820,1000010283,20241110,1,2,13200.0,2640.0,23760.0
11721,5000013824,1000010286,20240115,1,2,12000.0,480.0,23520.0
11722,5000013825,1000010286,20240115,1,2,13200.0,528.0,25872.0
11723,5000013826,1000010287,20240126,1,2,12000.0,480.0,23520.0
11724,5000013827,1000010288,20250428,1,3,12000.0,0.0,36000.0
11725,5000013828,1000010289,20241012,2,2,16500.0,0.0,33000.0
11726,5000013829,1000010290,20240330,2,1,15000.0,0.0,15000.0
11727,5000013830,1000010291,20240322,2,1,16500.0,330.0,16170.0
11728,5000013831,1000010292,20240127,1,2,10800.0,1080.0,20520.0
11729,5000013832,1000010293,20241125,2,1,15000.0,300.0,14700.0
11730,5000013837,1000010296,20241125,1,1,12000.0,600.0,11400.0
11731,5000013838,1000010297,20250621,2,2,15000.0,0.0,30000.0
11732,5000013839,1000010298,20241216,1,2,13200.0,2640.0,23760.0
11733,5000013840,1000010299,20250630,2,3,13500.0,4050.0,36450.0
11734,5000013841,1000010300,20240103,2,3,15000.0,900.0,44100.0
11735,5000013842,1000010300,20240103,2,3,15000.0,0.0,45000.0
11736,5000013843,1000010301,20240914,1,3,12000.0,3600.0,32400.0
11737,5000013844,1000010302,20250920,2,2,16500.0,0.0,33000.0
11738,5000013845,1000010302,20250920,1,3,12000.0,1800.0,34200.0
11739,5000013846,1000010303,20250220,1,3,12000.0,720.0,35280.0
11740,5000013847,1000010304,20240512,1,2,10800.0,1080.0,20520.0
11741,5000013848,1000010304,20240512,1,2,12000.0,2400.0,21600.0
11742,5000013849,1000010305,20240329,2,1,16500.0,825.0,15675.0
11743,5000013850,1000010306,20250110,1,2,12000.0,2400.0,21600.0
11744,5000013851,1000010306,20250110,1,2,12000.0,0.0,24000.0
11745,5000013852,1000010307,20250905,2,1,15000.0,1500.0,13500.0
11746,5000013853,1000010307,20250905,1,2,12000.0,2400.0,21600.0
11747,5000013854,1000010308,20241103,1,2,10800.0,1080.0,20520.0
11748,5000013855,1000010309,20250502,1,3,10800.0,3240.0,29160.0
11749,5000013856,1000010310,20241213,1,1,10800.0,1080.0,9720.0
11750,5000013857,1000010311,20241214,2,2,15750.0,3150.0,28350.0
11751,5000013858,1000010312,20250518,1,3,12600.0,1890.0,35910.0
11752,5000013859,1000010313,20240317,2,2,15750.0,3150.0,28350.0
11753,5000013860,1000010313,20240317,2,2,13500.0,0.0,27000.0
11754,5000013861,1000010314,20250122,1,2,12000.0,1200.0,22800.0
11755,5000013862,1000010314,20250122,2,2,15750.0,0.0,31500.0
11756,5000013863,1000010315,20250323,1,1,12600.0,630.0,11970.0
11757,5000013864,1000010315,20250323,1,2,12000.0,1200.0,22800.0
11758,5000013865,1000010315,20250323,2,3,15000.0,2250.0,42750.0
11759,5000013866,1000010316,20250803,1,2,12000.0,0.0,24000.0
11760,5000013867,1000010316,20250803,2,1,15000.0,300.0,14700.0
11761,5000013868,1000010316,20250803,2,1,15000.0,300.0,14700.0
11762,5000013869,1000010317,20240204,1,1,12000.0,1200.0,10800.0
11763,5000013872,1000010319,20240801,1,2,12000.0,0.0,24000.0
11764,5000013873,1000010320,20240323,2,2,15000.0,1500.0,28500.0
11765,5000013876,1000010322,20250923,1,2,12000.0,2400.0,21600.0
11766,5000013877,1000010323,20241018,1,3,12000.0,0.0,36000.0
11767,5000013878,1000010324,20240211,1,3,10800.0,648.0,31752.0
11768,5000013879,1000010324,20240211,1,2,12600.0,504.0,24696.0
11769,5000013880,1000010325,20250726,1,3,12600.0,3780.0,34020.0
11770,5000013881,1000010326,20241211,2,1,15000.0,0.0,15000.0
11771,5000013882,1000010327,20240717,2,1,15000.0,750.0,14250.0
11772,5000013883,1000010328,20250430,2,2,15000.0,0.0,30000.0
11773,5000013884,1000010329,20250630,1,3,12000.0,1800.0,34200.0
11774,5000013885,1000010329,20250630,1,2,12600.0,504.0,24696.0
11775,5000013886,1000010330,20250327,1,1,10800.0,0.0,10800.0
11776,5000013887,1000010330,20250327,1,2,10800.0,432.0,21168.0
11777,5000013888,1000010330,20250327,1,3,10800.0,0.0,32400.0
11778,5000013889,1000010331,20240514,1,1,12000.0,240.0,11760.0
11779,5000013890,1000010332,20250909,1,3,12000.0,1800.0,34200.0
11780,5000013891,1000010332,20250909,1,1,12000.0,1200.0,10800.0
11781,5000013892,1000010333,20241025,2,2,15000.0,600.0,29400.0
11782,5000013893,1000010334,20240605,2,2,15750.0,630.0,30870.0
11783,5000013894,1000010335,20250616,2,3,15000.0,4500.0,40500.0
11784,5000013895,1000010335,20250616,1,3,12000.0,0.0,36000.0
11785,5000013896,1000010335,20250616,1,1,12000.0,1200.0,10800.0
11786,5000013897,1000010336,20240703,1,3,12000.0,0.0,36000.0
11787,5000013898,1000010336,20240703,1,2,12000.0,0.0,24000.0
11788,5000013899,1000010337,20250223,1,2,12000.0,480.0,23520.0
11789,5000013900,1000010338,20250729,1,1,12000.0,600.0,11400.0
11790,5000013901,1000010339,20250525,1,2,12600.0,504.0,24696.0
11791,5000013902,1000010340,20240424,1,2,12000.0,0.0,24000.0
11792,5000013903,1000010341,20250511,1,3,12000.0,0.0,36000.0
11793,5000013904,1000010342,20250612,1,2,12000.0,2400.0,21600.0
11794,5000013905,1000010343,20250813,1,3,12000.0,3600.0,32400.0
11795,5000013906,1000010343,20250813,1,3,12000.0,3600.0,32400.0
11796,5000013907,1000010344,20241021,2,3,15000.0,4500.0,40500.0
11797,5000013908,1000010344,20241021,1,3,12000.0,720.0,35280.0
11798,5000013909,1000010344,20241021,2,3,15000.0,0.0,45000.0
11799,5000013910,1000010345,20250418,2,3,15000.0,2250.0,42750.0
11800,5000013911,1000010346,20240918,2,2,15000.0,600.0,29400.0
11801,5000013912,1000010347,20240320,1,2,12000.0,1200.0,22800.0
11802,5000013913,1000010347,20240320,2,2,13500.0,540.0,26460.0
11803,5000013914,1000010348,20240528,2,1,15750.0,1575.0,14175.0
11804,5000013915,1000010349,20241015,1,2,12000.0,0.0,24000.0
11805,5000013919,1000010352,20240612,1,3,12000.0,0.0,36000.0
11806,5000013920,1000010353,20250314,1,3,13200.0,0.0,39600.0
11807,5000013921,1000010354,20240326,1,3,12000.0,0.0,36000.0
11808,5000013922,1000010354,20240326,2,1,15000.0,300.0,14700.0
11809,5000013923,1000010355,20240418,1,3,12000.0,3600.0,32400.0
11810,5000013924,1000010355,20240418,1,3,12000.0,720.0,35280.0
11811,5000013928,1000010359,20250314,2,3,15000.0,0.0,45000.0
11812,5000013929,1000010359,20250314,1,2,12000.0,0.0,24000.0
11813,5000013930,1000010360,20250518,2,1,13500.0,1350.0,12150.0
11814,5000013931,1000010361,20250908,1,3,12600.0,0.0,37800.0
11815,5000013932,1000010362,20250922,1,2,12600.0,2520.0,22680.0
11816,5000013933,1000010363,20240201,2,3,15750.0,945.0,46305.0
11817,5000013935,1000010365,20250213,2,3,15000.0,900.0,44100.0
11818,5000013936,1000010366,20250713,1,2,12000.0,480.0,23520.0
11819,5000013937,1000010366,20250713,1,2,12000.0,0.0,24000.0
11820,5000013938,1000010366,20250713,2,1,13500.0,1350.0,12150.0
11821,5000013942,1000010368,20250923,1,2,12000.0,1200.0,22800.0
11822,5000013943,1000010368,20250923,1,3,10800.0,1620.0,30780.0
11823,5000013944,1000010369,20240304,1,3,12000.0,0.0,36000.0
11824,5000013945,1000010370,20240513,2,3,15750.0,4725.0,42525.0
11825,5000013946,1000010371,20240524,1,2,13200.0,0.0,26400.0
11826,5000013950,1000010375,20250702,2,3,15000.0,900.0,44100.0
11827,5000013951,1000010375,20250702,1,1,12000.0,240.0,11760.0
11828,5000013952,1000010376,20241227,2,2,15000.0,0.0,30000.0
11829,5000013953,1000010377,20250606,2,1,15000.0,0.0,15000.0
11830,5000013954,1000010378,20250627,1,3,12000.0,720.0,35280.0
11831,5000013955,1000010379,20240425,1,2,10800.0,1080.0,20520.0
11832,5000013956,1000010380,20250123,2,2,15000.0,3000.0,27000.0
11833,5000013957,1000010380,20250123,2,2,15000.0,3000.0,27000.0
11834,5000013958,1000010381,20240605,1,1,12600.0,630.0,11970.0
11835,5000013959,1000010381,20240605,2,1,15000.0,300.0,14700.0
11836,5000013960,1000010382,20241205,1,3,12000.0,1800.0,34200.0
11837,5000013961,1000010383,20250320,2,2,15000.0,0.0,30000.0
11838,5000013962,1000010383,20250320,2,3,15000.0,900.0,44100.0
11839,5000013963,1000010384,20241025,2,3,15000.0,0.0,45000.0
11840,5000013964,1000010385,20241115,1,1,12000.0,0.0,12000.0
11841,5000013967,1000010388,20250217,1,1,12000.0,600.0,11400.0
11842,5000013969,1000010390,20250317,2,1,16500.0,1650.0,14850.0
11843,5000013970,1000010390,20250317,1,1,12600.0,0.0,12600.0
11844,5000013971,1000010391,20240303,2,1,15750.0,315.0,15435.0
11845,5000013972,1000010391,20240303,2,3,15000.0,900.0,44100.0
11846,5000013973,1000010392,20250821,1,2,12000.0,0.0,24000.0
11847,5000013974,1000010393,20250813,2,3,16500.0,0.0,49500.0
11848,5000013975,1000010394,20250419,2,1,15000.0,0.0,15000.0
11849,5000013976,1000010395,20241217,2,1,15000.0,0.0,15000.0
11850,5000013977,1000010396,20250804,2,3,15000.0,2250.0,42750.0
11851,5000013978,1000010397,20240209,2,3,15000.0,0.0,45000.0
11852,5000013983,1000010400,20240519,1,1,12000.0,240.0,11760.0
11853,5000013984,1000010400,20240519,1,2,12000.0,0.0,24000.0
11854,5000013985,1000010401,20241108,1,1,12000.0,240.0,11760.0
11855,5000013986,1000010402,20240917,1,3,12000.0,3600.0,32400.0
11856,5000013987,1000010402,20240917,1,3,13200.0,1980.0,37620.0
11857,5000013988,1000010403,20250627,1,2,10800.0,1080.0,20520.0
11858,5000013989,1000010403,20250627,2,2,15000.0,600.0,29400.0
11859,5000013990,1000010404,20250826,2,1,15000.0,300.0,14700.0
11860,5000013991,1000010404,20250826,2,1,15000.0,1500.0,13500.0
11861,5000013992,1000010405,20240805,1,2,10800.0,1080.0,20520.0
11862,5000013993,1000010406,20250928,1,3,12000.0,720.0,35280.0
11863,5000013994,1000010406,20250928,1,1,12000.0,600.0,11400.0
11864,5000013995,1000010407,20250627,2,2,15000.0,1500.0,28500.0
11865,5000013996,1000010408,20240920,1,2,12000.0,480.0,23520.0
11866,5000013997,1000010409,20241117,1,1,12000.0,0.0,12000.0
11867,5000013998,1000010409,20241117,1,1,12000.0,240.0,11760.0
11868,5000013999,1000010410,20250607,1,1,10800.0,1080.0,9720.0
11869,5000014000,1000010411,20240325,2,1,15000.0,750.0,14250.0
11870,5000014001,1000010411,20240325,1,1,12000.0,600.0,11400.0
11871,5000014003,1000010413,20250202,1,1,12000.0,240.0,11760.0
11872,5000014005,1000010415,20241017,2,3,16500.0,990.0,48510.0
11873,5000014006,1000010416,20250924,1,3,12000.0,720.0,35280.0
11874,5000014007,1000010417,20240217,1,1,12000.0,600.0,11400.0
11875,5000014008,1000010418,20240209,1,3,12000.0,720.0,35280.0
11876,5000014009,1000010419,20250327,2,1,15000.0,750.0,14250.0
11877,5000014010,1000010420,20250504,1,2,12000.0,2400.0,21600.0
11878,5000014011,1000010421,20250524,1,2,12000.0,0.0,24000.0
11879,5000014012,1000010422,20250514,1,3,12000.0,0.0,36000.0
11880,5000014014,1000010424,20250428,2,3,16500.0,0.0,49500.0
11881,5000014015,1000010425,20250919,1,1,12000.0,0.0,12000.0
11882,5000014016,1000010426,20240110,1,3,12000.0,1800.0,34200.0
11883,5000014017,1000010426,20240110,1,3,13200.0,1980.0,37620.0
11884,5000014018,1000010427,20240914,2,2,16500.0,3300.0,29700.0
11885,5000014019,1000010428,20240829,2,2,15000.0,0.0,30000.0
11886,5000014020,1000010429,20250128,1,2,12000.0,480.0,23520.0
11887,5000014021,1000010430,20250302,1,3,12000.0,3600.0,32400.0
11888,5000014022,1000010431,20250818,2,3,15000.0,0.0,45000.0
11889,5000014023,1000010431,20250818,1,1,12000.0,0.0,12000.0
11890,5000014024,1000010432,20240622,2,2,13500.0,2700.0,24300.0
11891,5000014025,1000010432,20240622,2,3,15000.0,2250.0,42750.0
11892,5000014026,1000010433,20240319,2,1,13500.0,270.0,13230.0
11893,5000014027,1000010434,20240831,1,2,12000.0,1200.0,22800.0
11894,5000014028,1000010434,20240831,2,3,15000.0,0.0,45000.0
11895,5000014029,1000010434,20240831,2,1,13500.0,1350.0,12150.0
11896,5000014030,1000010435,20250820,2,3,15000.0,900.0,44100.0
11897,5000014031,1000010436,20240618,1,1,10800.0,216.0,10584.0
11898,5000014032,1000010437,20250918,1,3,12000.0,3600.0,32400.0
11899,5000014033,1000010438,20250128,1,2,12600.0,2520.0,22680.0
11900,5000014034,1000010438,20250128,2,3,15000.0,2250.0,42750.0
11901,5000014035,1000010439,20250424,1,1,12600.0,1260.0,11340.0
11902,5000014036,1000010439,20250424,1,3,13200.0,792.0,38808.0
11903,5000014037,1000010440,20240903,2,1,15000.0,300.0,14700.0
11904,5000014041,1000010442,20240426,2,3,16500.0,4950.0,44550.0
11905,5000014042,1000010443,20240411,1,2,10800.0,432.0,21168.0
11906,5000014043,1000010443,20240411,1,1,12000.0,1200.0,10800.0
11907,5000014044,1000010443,20240411,1,2,12000.0,1200.0,22800.0
11908,5000014045,1000010444,20240520,1,2,10800.0,2160.0,19440.0
11909,5000014046,1000010445,20240325,1,2,12000.0,2400.0,21600.0
11910,5000014047,1000010445,20240325,1,1,12600.0,1260.0,11340.0
11911,5000014048,1000010446,20240925,2,2,15750.0,0.0,31500.0
11912,5000014049,1000010447,20241014,1,1,12000.0,1200.0,10800.0
11913,5000014051,1000010449,20250219,1,3,12000.0,0.0,36000.0
11914,5000014052,1000010450,20240717,2,2,13500.0,2700.0,24300.0
11915,5000014053,1000010451,20240705,2,3,13500.0,4050.0,36450.0
11916,5000014054,1000010451,20240705,1,3,12000.0,1800.0,34200.0
11917,5000014055,1000010452,20240514,2,2,15750.0,3150.0,28350.0
11918,5000014056,1000010453,20250330,2,1,15000.0,1500.0,13500.0
11919,5000014057,1000010453,20250330,1,2,12000.0,0.0,24000.0
11920,5000014058,1000010454,20240820,2,3,15000.0,900.0,44100.0
11921,5000014059,1000010455,20250422,2,1,15000.0,1500.0,13500.0
11922,5000014060,1000010456,20250116,2,1,15000.0,0.0,15000.0
11923,5000014061,1000010456,20250116,2,2,15750.0,3150.0,28350.0
11924,5000014062,1000010457,20241104,1,1,12000.0,1200.0,10800.0
11925,5000014063,1000010458,20250912,1,3,12000.0,3600.0,32400.0
11926,5000014064,1000010459,20240406,2,1,16500.0,1650.0,14850.0
11927,5000014065,1000010460,20240131,1,3,12000.0,0.0,36000.0
11928,5000014066,1000010461,20241130,2,2,13500.0,1350.0,25650.0
11929,5000014067,1000010462,20250809,2,1,15750.0,315.0,15435.0
11930,5000014068,1000010463,20250424,1,3,12600.0,3780.0,34020.0
11931,5000014069,1000010464,20250726,2,2,15750.0,1575.0,29925.0
11932,5000014073,1000010466,20240408,1,3,10800.0,648.0,31752.0
11933,5000014074,1000010467,20240405,2,3,15000.0,900.0,44100.0
11934,5000014075,1000010468,20250602,2,3,16500.0,2475.0,47025.0
11935,5000014078,1000010470,20240205,1,1,10800.0,0.0,10800.0
11936,5000014079,1000010471,20250131,1,1,12000.0,600.0,11400.0
11937,5000014080,1000010471,20250131,1,3,12600.0,0.0,37800.0
11938,5000014081,1000010472,20250307,2,3,13500.0,0.0,40500.0
11939,5000014082,1000010473,20250909,1,1,12000.0,240.0,11760.0
11940,5000014083,1000010474,20240622,2,1,15750.0,1575.0,14175.0
11941,5000014084,1000010475,20250708,2,1,15000.0,1500.0,13500.0
11942,5000014085,1000010475,20250708,2,2,13500.0,0.0,27000.0
11943,5000014086,1000010476,20250727,2,1,13500.0,1350.0,12150.0
11944,5000014087,1000010477,20240516,2,2,13500.0,2700.0,24300.0
11945,5000014088,1000010477,20240516,1,2,12000.0,1200.0,22800.0
11946,5000014089,1000010478,20240911,1,1,10800.0,1080.0,9720.0
11947,5000014090,1000010478,20240911,2,1,15000.0,1500.0,13500.0
11948,5000014091,1000010479,20241224,1,2,12000.0,2400.0,21600.0
11949,5000014094,1000010481,20240215,1,1,13200.0,660.0,12540.0
11950,5000014095,1000010482,20250919,1,1,12600.0,0.0,12600.0
11951,5000014096,1000010483,20240713,1,2,12600.0,0.0,25200.0
11952,5000014097,1000010484,20241209,2,2,13500.0,540.0,26460.0
11953,5000014098,1000010484,20241209,2,1,16500.0,1650.0,14850.0
11954,5000014099,1000010485,20241201,2,3,16500.0,0.0,49500.0
11955,5000014100,1000010485,20241201,1,2,12000.0,480.0,23520.0
11956,5000014101,1000010486,20240122,2,3,16500.0,2475.0,47025.0
11957,5000014102,1000010486,20240122,1,2,12600.0,504.0,24696.0
11958,5000014103,1000010486,20240122,1,2,12600.0,1260.0,23940.0
11959,5000014104,1000010487,20240911,2,1,15000.0,0.0,15000.0
11960,5000014105,1000010488,20241027,2,3,15000.0,900.0,44100.0
11961,5000014108,1000010490,20240530,2,3,15000.0,4500.0,40500.0
11962,5000014109,1000010490,20240530,2,1,15000.0,750.0,14250.0
11963,5000014110,1000010490,20240530,2,3,15000.0,900.0,44100.0
11964,5000014113,1000010492,20250813,1,2,12000.0,0.0,24000.0
11965,5000014116,1000010494,20250221,1,3,13200.0,1980.0,37620.0
11966,5000014117,1000010495,20250423,1,2,12000.0,0.0,24000.0
11967,5000014118,1000010495,20250423,2,2,15750.0,0.0,31500.0
11968,5000014119,1000010496,20241008,2,1,13500.0,0.0,13500.0
11969,5000014120,1000010497,20250330,2,1,15000.0,1500.0,13500.0
11970,5000014121,1000010498,20240329,2,1,15750.0,0.0,15750.0
11971,5000014122,1000010498,20240329,2,1,15000.0,1500.0,13500.0
11972,5000014123,1000010499,20250706,1,2,12000.0,1200.0,22800.0
11973,5000014124,1000010500,20250313,2,2,13500.0,540.0,26460.0
11974,5000014125,1000010501,20240425,2,2,15750.0,0.0,31500.0
11975,5000014126,1000010501,20240425,1,2,13200.0,528.0,25872.0
11976,5000014127,1000010502,20250804,2,1,15750.0,0.0,15750.0
11977,5000014128,1000010503,20250930,2,2,13500.0,540.0,26460.0
11978,5000014129,1000010503,20250930,2,3,15000.0,0.0,45000.0
11979,5000014131,1000010505,20241111,1,2,12600.0,0.0,25200.0
11980,5000014132,1000010506,20240726,1,3,12600.0,756.0,37044.0
11981,5000014133,1000010507,20240227,1,3,12000.0,1800.0,34200.0
11982,5000014134,1000010507,20240227,2,3,13500.0,2025.0,38475.0
11983,5000014135,1000010507,20240227,2,1,16500.0,0.0,16500.0
11984,5000014136,1000010508,20250612,1,2,12000.0,2400.0,21600.0
11985,5000014137,1000010509,20250703,2,3,13500.0,2025.0,38475.0
11986,5000014140,1000010511,20250528,2,3,13500.0,810.0,39690.0
11987,5000014141,1000010511,20250528,1,2,12000.0,480.0,23520.0
11988,5000014143,1000010513,20240812,1,1,10800.0,216.0,10584.0
11989,5000014145,1000010515,20241010,2,1,15000.0,0.0,15000.0
11990,5000014146,1000010515,20241010,2,2,15000.0,0.0,30000.0
11991,5000014147,1000010516,20250311,1,1,13200.0,660.0,12540.0
11992,5000014149,1000010518,20240709,2,1,15000.0,300.0,14700.0
11993,5000014150,1000010519,20240719,1,3,12600.0,3780.0,34020.0
11994,5000014151,1000010519,20240719,2,2,15000.0,0.0,30000.0
11995,5000014152,1000010520,20250816,2,3,15750.0,945.0,46305.0
11996,5000014154,1000010522,20240625,2,2,16500.0,1650.0,31350.0
11997,5000014155,1000010523,20240210,2,1,15000.0,0.0,15000.0
11998,5000014156,1000010523,20240210,2,2,16500.0,0.0,33000.0
11999,5000014157,1000010524,20240505,2,2,15000.0,0.0,30000.0
12000,5000014158,1000010525,20250828,2,3,15000.0,4500.0,40500.0
12001,5000014159,1000010526,20241123,2,1,15750.0,1575.0,14175.0
12002,5000014160,1000010526,20241123,2,1,15000.0,750.0,14250.0
12003,5000014161,1000010527,20240119,1,1,12600.0,252.0,12348.0
12004,5000014162,1000010527,20240119,1,1,12000.0,600.0,11400.0
12005,5000014163,1000010528,20250118,1,3,10800.0,0.0,32400.0
12006,5000014164,1000010528,20250118,1,1,12000.0,240.0,11760.0
12007,5000014165,1000010528,20250118,1,3,12000.0,1800.0,34200.0
12008,5000014166,1000010529,20250707,2,1,13500.0,0.0,13500.0
12009,5000014167,1000010530,20240929,1,3,12000.0,0.0,36000.0
12010,5000014168,1000010531,20240628,1,2,12000.0,1200.0,22800.0
12011,5000014170,1000010533,20240617,2,3,13500.0,0.0,40500.0
12012,5000014171,1000010533,20240617,2,3,15000.0,4500.0,40500.0
12013,5000014172,1000010534,20240728,2,3,15000.0,0.0,45000.0
12014,5000014175,1000010536,20240603,2,2,15750.0,3150.0,28350.0
12015,5000014176,1000010537,20240516,2,1,15000.0,750.0,14250.0
12016,5000014177,1000010538,20240710,1,2,12000.0,1200.0,22800.0
12017,5000014178,1000010539,20240125,1,3,12000.0,0.0,36000.0
12018,5000014179,1000010539,20240125,2,1,15750.0,315.0,15435.0
12019,5000014180,1000010539,20240125,1,2,12000.0,2400.0,21600.0
12020,5000014181,1000010540,20241012,1,2,12000.0,0.0,24000.0
12021,5000014182,1000010541,20240628,2,1,15000.0,300.0,14700.0
12022,5000014183,1000010542,20240426,2,2,13500.0,2700.0,24300.0
12023,5000014184,1000010543,20250725,1,1,12600.0,0.0,12600.0
12024,5000014187,1000010546,20240706,2,2,15000.0,0.0,30000.0
12025,5000014188,1000010547,20241228,2,2,16500.0,1650.0,31350.0
12026,5000014189,1000010548,20240116,2,2,15000.0,0.0,30000.0
12027,5000014190,1000010549,20241111,1,3,12000.0,720.0,35280.0
12028,5000014191,1000010550,20250117,2,2,15000.0,3000.0,27000.0
12029,5000014192,1000010551,20240210,1,2,12000.0,1200.0,22800.0
12030,5000014193,1000010552,20250422,2,2,15000.0,0.0,30000.0
12031,5000014194,1000010553,20250220,1,1,12000.0,600.0,11400.0
12032,5000014195,1000010553,20250220,1,1,12000.0,1200.0,10800.0
12033,5000014196,1000010554,20250923,2,3,15000.0,2250.0,42750.0
12034,5000014197,1000010555,20250531,1,3,10800.0,0.0,32400.0
12035,5000014198,1000010556,20240309,2,3,15000.0,4500.0,40500.0
12036,5000014200,1000010558,20250521,1,1,10800.0,540.0,10260.0
12037,5000014202,1000010560,20250908,1,2,12000.0,0.0,24000.0
12038,5000014203,1000010561,20250815,1,1,12000.0,240.0,11760.0
12039,5000014204,1000010561,20250815,1,3,10800.0,648.0,31752.0
12040,5000014205,1000010562,20241030,1,2,12000.0,480.0,23520.0
12041,5000014206,1000010563,20240328,1,3,12600.0,756.0,37044.0
12042,5000014207,1000010563,20240328,1,3,12000.0,720.0,35280.0
12043,5000014208,1000010564,20250115,1,1,13200.0,660.0,12540.0
12044,5000014209,1000010564,20250115,1,2,13200.0,528.0,25872.0
12045,5000014210,1000010565,20240624,2,1,16500.0,825.0,15675.0
12046,5000014211,1000010566,20250505,1,3,12000.0,720.0,35280.0
12047,5000014212,1000010566,20250505,1,1,10800.0,216.0,10584.0
12048,5000014213,1000010566,20250505,1,1,12000.0,600.0,11400.0
12049,5000014214,1000010567,20250412,2,2,15000.0,1500.0,28500.0
12050,5000014215,1000010568,20240529,1,2,12000.0,0.0,24000.0
12051,5000014216,1000010569,20240609,2,3,15000.0,900.0,44100.0
12052,5000014217,1000010569,20240609,1,1,12000.0,600.0,11400.0
12053,5000014218,1000010570,20240122,2,2,15750.0,0.0,31500.0
12054,5000014219,1000010570,20240122,1,3,12600.0,0.0,37800.0
12055,5000014220,1000010571,20240314,2,1,15000.0,750.0,14250.0
12056,5000014221,1000010572,20250420,2,1,15750.0,1575.0,14175.0
12057,5000014222,1000010573,20250905,1,1,12000.0,0.0,12000.0
12058,5000014223,1000010574,20240211,2,3,15000.0,0.0,45000.0
12059,5000014224,1000010575,20240211,1,1,12000.0,1200.0,10800.0
12060,5000014225,1000010576,20240508,2,1,15000.0,0.0,15000.0
12061,5000014226,1000010577,20240604,1,3,12000.0,3600.0,32400.0
12062,5000014227,1000010577,20240604,1,2,12000.0,480.0,23520.0
12063,5000014228,1000010578,20240901,1,2,12000.0,0.0,24000.0
12064,5000014229,1000010578,20240901,1,1,12600.0,0.0,12600.0
12065,5000014230,1000010579,20250326,2,2,13500.0,0.0,27000.0
12066,5000014231,1000010580,20241116,1,3,12000.0,3600.0,32400.0
12067,5000014232,1000010581,20240410,1,3,12600.0,756.0,37044.0
12068,5000014233,1000010582,20240903,2,2,15750.0,1575.0,29925.0
12069,5000014234,1000010583,20250606,1,1,12600.0,630.0,11970.0
12070,5000014235,1000010583,20250606,2,1,15000.0,0.0,15000.0
12071,5000014236,1000010584,20250929,2,2,15750.0,630.0,30870.0
12072,5000014237,1000010585,20240521,2,3,15000.0,4500.0,40500.0
12073,5000014238,1000010586,20250501,2,1,15000.0,300.0,14700.0
12074,5000014239,1000010586,20250501,2,1,13500.0,0.0,13500.0
12075,5000014241,1000010588,20240614,2,1,15750.0,787.5,14962.5
12076,5000014242,1000010589,20240506,1,1,12000.0,600.0,11400.0
12077,5000014243,1000010589,20240506,2,1,13500.0,0.0,13500.0
12078,5000014244,1000010590,20240416,1,2,12000.0,2400.0,21600.0
12079,5000014245,1000010591,20240405,2,3,15000.0,0.0,45000.0
12080,5000014247,1000010593,20250723,1,1,12000.0,1200.0,10800.0
12081,5000014248,1000010594,20240729,1,2,12000.0,2400.0,21600.0
12082,5000014249,1000010595,20241119,1,2,10800.0,2160.0,19440.0
12083,5000014250,1000010596,20240319,2,3,15750.0,945.0,46305.0
12084,5000014251,1000010596,20240319,1,1,10800.0,216.0,10584.0
12085,5000014252,1000010597,20240320,1,2,12000.0,480.0,23520.0
12086,5000014253,1000010598,20240818,1,2,10800.0,432.0,21168.0
12087,5000014256,1000010600,20250304,1,1,12000.0,600.0,11400.0
12088,5000014257,1000010601,20241111,2,1,15000.0,0.0,15000.0
12089,5000014258,1000010602,20240813,2,3,15000.0,0.0,45000.0
12090,5000014259,1000010603,20241109,2,1,15000.0,750.0,14250.0
12091,5000014260,1000010604,20240412,1,1,12000.0,1200.0,10800.0
12092,5000014261,1000010604,20240412,1,3,12000.0,1800.0,34200.0
12093,5000014262,1000010605,20250424,1,1,10800.0,1080.0,9720.0
12094,5000014263,1000010606,20241011,2,1,15750.0,0.0,15750.0
12095,5000014264,1000010607,20250421,1,3,12600.0,0.0,37800.0
12096,5000014265,1000010608,20241005,1,2,10800.0,2160.0,19440.0
12097,5000014267,1000010610,20240530,1,2,12000.0,1200.0,22800.0
12098,5000014268,1000010611,20240907,2,2,15000.0,3000.0,27000.0
12099,5000014269,1000010611,20240907,2,2,15750.0,0.0,31500.0
12100,5000014270,1000010612,20250630,2,1,15000.0,1500.0,13500.0
12101,5000014271,1000010612,20250630,1,1,12000.0,1200.0,10800.0
12102,5000014272,1000010612,20250630,2,3,13500.0,810.0,39690.0
12103,5000014273,1000010613,20250430,2,1,15000.0,1500.0,13500.0
12104,5000014274,1000010614,20240110,1,2,12600.0,2520.0,22680.0
12105,5000014275,1000010614,20240110,2,2,15000.0,0.0,30000.0
12106,5000014276,1000010614,20240110,2,2,13500.0,540.0,26460.0
12107,5000014277,1000010615,20250719,1,2,12000.0,0.0,24000.0
12108,5000014278,1000010615,20250719,2,2,15750.0,0.0,31500.0
12109,5000014279,1000010616,20250118,1,3,12600.0,0.0,37800.0
12110,5000014280,1000010616,20250118,2,2,15000.0,1500.0,28500.0
12111,5000014281,1000010617,20250204,2,1,15000.0,750.0,14250.0
12112,5000014282,1000010618,20250606,1,3,12000.0,0.0,36000.0
12113,5000014283,1000010619,20250323,1,2,12000.0,2400.0,21600.0
12114,5000014284,1000010619,20250323,1,2,12000.0,2400.0,21600.0
12115,5000014286,1000010621,20250711,1,2,12000.0,2400.0,21600.0
12116,5000014287,1000010622,20250108,1,1,12600.0,630.0,11970.0
12117,5000014288,1000010622,20250108,1,2,12000.0,0.0,24000.0
12118,5000014289,1000010622,20250108,2,2,15000.0,0.0,30000.0
12119,5000014290,1000010623,20250831,2,3,15000.0,4500.0,40500.0
12120,5000014291,1000010624,20250117,2,2,15000.0,0.0,30000.0
12121,5000014292,1000010624,20250117,1,3,12000.0,720.0,35280.0
12122,5000014293,1000010625,20250926,2,3,15750.0,945.0,46305.0
12123,5000014294,1000010626,20250415,1,1,10800.0,540.0,10260.0
12124,5000014295,1000010627,20241212,2,3,15000.0,4500.0,40500.0
12125,5000014296,1000010627,20241212,2,2,15000.0,3000.0,27000.0
12126,5000014297,1000010628,20250728,1,1,12600.0,252.0,12348.0
12127,5000014299,1000010630,20241018,2,3,15750.0,0.0,47250.0
12128,5000014300,1000010631,20240720,2,1,15000.0,0.0,15000.0
12129,5000014301,1000010632,20250513,1,1,10800.0,0.0,10800.0
12130,5000014302,1000010633,20241117,1,3,12000.0,1800.0,34200.0
12131,5000014303,1000010634,20240827,1,2,12000.0,2400.0,21600.0
12132,5000014304,1000010634,20240827,1,2,12000.0,0.0,24000.0
12133,5000014305,1000010634,20240827,2,1,15000.0,300.0,14700.0
12134,5000014306,1000010635,20240116,2,1,15750.0,0.0,15750.0
12135,5000014307,1000010635,20240116,1,3,10800.0,648.0,31752.0
12136,5000014309,1000010637,20240701,1,1,12000.0,0.0,12000.0
12137,5000014310,1000010638,20250507,1,3,13200.0,3960.0,35640.0
12138,5000014311,1000010639,20250208,2,3,15000.0,2250.0,42750.0
12139,5000014312,1000010639,20250208,1,3,12600.0,3780.0,34020.0
12140,5000014313,1000010639,20250208,2,3,15000.0,900.0,44100.0
12141,5000014314,1000010640,20240820,1,2,12000.0,2400.0,21600.0
12142,5000014315,1000010641,20240523,1,3,12000.0,3600.0,32400.0
12143,5000014316,1000010642,20250706,1,1,13200.0,0.0,13200.0
12144,5000014317,1000010643,20250325,1,2,12000.0,0.0,24000.0
12145,5000014318,1000010644,20250604,1,1,10800.0,216.0,10584.0
12146,5000014319,1000010645,20240802,2,3,15000.0,2250.0,42750.0
12147,5000014320,1000010645,20240802,1,2,12600.0,1260.0,23940.0
12148,5000014322,1000010647,20250603,1,2,12000.0,2400.0,21600.0
12149,5000014323,1000010647,20250603,1,2,10800.0,1080.0,20520.0
12150,5000014324,1000010648,20240113,1,2,12000.0,0.0,24000.0
12151,5000014325,1000010649,20250306,2,3,16500.0,4950.0,44550.0
12152,5000014326,1000010649,20250306,1,3,12000.0,1800.0,34200.0
12153,5000014327,1000010650,20240228,2,3,15000.0,2250.0,42750.0
12154,5000014328,1000010650,20240228,1,2,10800.0,1080.0,20520.0
12155,5000014329,1000010651,20240327,1,2,12600.0,2520.0,22680.0
12156,5000014330,1000010651,20240327,1,1,13200.0,1320.0,11880.0
12157,5000014331,1000010652,20250830,1,1,12600.0,252.0,12348.0
12158,5000014332,1000010653,20240602,1,1,12000.0,1200.0,10800.0
12159,5000014333,1000010654,20241201,2,3,15000.0,0.0,45000.0
12160,5000014334,1000010655,20240828,2,2,15750.0,630.0,30870.0
12161,5000014335,1000010655,20240828,2,3,15000.0,0.0,45000.0
12162,5000014336,1000010656,20250723,1,2,12000.0,0.0,24000.0
12163,5000014337,1000010657,20241006,2,3,15750.0,945.0,46305.0
12164,5000014338,1000010658,20250205,1,3,12000.0,0.0,36000.0
12165,5000014339,1000010659,20250720,1,3,12000.0,3600.0,32400.0
12166,5000014340,1000010660,20240901,2,1,15000.0,750.0,14250.0
12167,5000014341,1000010661,20240321,1,3,12000.0,0.0,36000.0
12168,5000014344,1000010664,20250511,1,2,12000.0,480.0,23520.0
12169,5000014346,1000010666,20240521,1,1,12000.0,600.0,11400.0
12170,5000014347,1000010667,20240802,1,1,10800.0,0.0,10800.0
12171,5000014348,1000010667,20240802,1,2,12000.0,1200.0,22800.0
12172,5000014349,1000010668,20250715,2,2,16500.0,1650.0,31350.0
12173,5000014350,1000010669,20240502,1,3,12000.0,720.0,35280.0
12174,5000014351,1000010670,20250809,2,1,13500.0,0.0,13500.0
12175,5000014352,1000010670,20250809,1,1,10800.0,0.0,10800.0
12176,5000014353,1000010670,20250809,1,2,12000.0,2400.0,21600.0
12177,5000014356,1000010672,20240302,1,1,12000.0,600.0,11400.0
12178,5000014357,1000010673,20250123,2,2,15000.0,0.0,30000.0
12179,5000014358,1000010674,20240803,1,3,10800.0,3240.0,29160.0
12180,5000014359,1000010675,20240721,2,3,15000.0,4500.0,40500.0
12181,5000014360,1000010675,20240721,2,1,15750.0,787.5,14962.5
12182,5000014361,1000010676,20250813,2,1,15000.0,300.0,14700.0
12183,5000014362,1000010677,20241205,2,2,15000.0,1500.0,28500.0
12184,5000014363,1000010678,20240506,1,2,12000.0,0.0,24000.0
12185,5000014364,1000010678,20240506,1,1,12000.0,0.0,12000.0
12186,5000014365,1000010679,20241218,1,3,12000.0,1800.0,34200.0
12187,5000014366,1000010679,20241218,1,1,13200.0,264.0,12936.0
12188,5000014368,1000010681,20250614,1,1,12000.0,0.0,12000.0
12189,5000014369,1000010682,20250903,2,2,15000.0,0.0,30000.0
12190,5000014372,1000010684,20250601,2,1,15000.0,750.0,14250.0
12191,5000014373,1000010685,20240628,1,3,12000.0,1800.0,34200.0
12192,5000014374,1000010686,20240825,1,2,12000.0,0.0,24000.0
12193,5000014376,1000010688,20241227,1,1,12000.0,1200.0,10800.0
12194,5000014377,1000010689,20241010,2,1,15000.0,0.0,15000.0
12195,5000014379,1000010691,20250908,2,1,13500.0,675.0,12825.0
12196,5000014382,1000010693,20250624,1,1,12000.0,1200.0,10800.0
12197,5000014383,1000010694,20250220,2,3,16500.0,4950.0,44550.0
12198,5000014384,1000010695,20240629,1,2,10800.0,432.0,21168.0
12199,5000014385,1000010696,20250821,1,2,12000.0,1200.0,22800.0
12200,5000014386,1000010697,20250818,2,2,15000.0,1500.0,28500.0
12201,5000014387,1000010697,20250818,2,3,15000.0,0.0,45000.0
12202,5000014388,1000010698,20241209,1,2,12000.0,1200.0,22800.0
12203,5000014389,1000010699,20240928,2,3,15000.0,4500.0,40500.0
12204,5000014390,1000010699,20240928,1,2,12000.0,1200.0,22800.0
12205,5000014391,1000010700,20240921,1,2,12600.0,1260.0,23940.0
12206,5000014392,1000010701,20241221,2,3,15000.0,900.0,44100.0
12207,5000014393,1000010701,20241221,2,1,15000.0,0.0,15000.0
12208,5000014394,1000010702,20250926,2,1,15000.0,0.0,15000.0
12209,5000014395,1000010702,20250926,1,2,12000.0,0.0,24000.0
12210,5000014396,1000010703,20240421,2,2,15000.0,3000.0,27000.0
12211,5000014397,1000010704,20250424,2,3,15750.0,945.0,46305.0
12212,5000014398,1000010704,20250424,1,3,12000.0,0.0,36000.0
12213,5000014399,1000010705,20250522,2,1,13500.0,675.0,12825.0
12214,5000014400,1000010705,20250522,2,3,15000.0,900.0,44100.0
12215,5000014401,1000010706,20250530,1,3,12600.0,756.0,37044.0
12216,5000014402,1000010707,20241212,2,3,15000.0,900.0,44100.0
12217,5000014403,1000010708,20250718,1,2,12600.0,1260.0,23940.0
12218,5000014404,1000010709,20250103,2,2,13500.0,2700.0,24300.0
12219,5000014405,1000010710,20241218,2,1,13500.0,270.0,13230.0
12220,5000014406,1000010711,20250124,1,3,12000.0,3600.0,32400.0
12221,5000014407,1000010712,20250524,1,2,12000.0,2400.0,21600.0
12222,5000014408,1000010712,20250524,2,1,16500.0,825.0,15675.0
12223,5000014412,1000010714,20240204,1,3,12000.0,0.0,36000.0
12224,5000014413,1000010714,20240204,2,1,15000.0,1500.0,13500.0
12225,5000014415,1000010716,20240105,1,1,12000.0,600.0,11400.0
12226,5000014420,1000010720,20240812,1,2,12000.0,480.0,23520.0
12227,5000014421,1000010721,20250623,2,1,15000.0,300.0,14700.0
12228,5000014422,1000010722,20240925,1,1,12000.0,600.0,11400.0
12229,5000014423,1000010723,20250808,2,3,15000.0,4500.0,40500.0
12230,5000014424,1000010724,20250908,2,3,16500.0,990.0,48510.0
12231,5000014425,1000010725,20241217,2,2,15750.0,3150.0,28350.0
12232,5000014426,1000010725,20241217,1,1,12000.0,240.0,11760.0
12233,5000014427,1000010726,20240109,2,3,15000.0,900.0,44100.0
12234,5000014428,1000010727,20250620,1,1,10800.0,216.0,10584.0
12235,5000014430,1000010729,20241001,2,2,15000.0,3000.0,27000.0
12236,5000014431,1000010730,20240202,1,2,12600.0,1260.0,23940.0
12237,5000014433,1000010732,20250315,2,1,16500.0,1650.0,14850.0
12238,5000014434,1000010733,20250106,2,3,15000.0,0.0,45000.0
12239,5000014435,1000010734,20240602,1,1,10800.0,540.0,10260.0
12240,5000014437,1000010736,20240301,1,2,12000.0,1200.0,22800.0
12241,5000014438,1000010736,20240301,2,1,15000.0,0.0,15000.0
12242,5000014439,1000010737,20250329,1,3,12000.0,0.0,36000.0
12243,5000014440,1000010738,20241019,2,3,15000.0,2250.0,42750.0
12244,5000014441,1000010739,20241126,2,2,15750.0,0.0,31500.0
12245,5000014442,1000010740,20240619,2,3,13500.0,2025.0,38475.0
12246,5000014444,1000010742,20240606,2,1,16500.0,1650.0,14850.0
12247,5000014445,1000010742,20240606,2,2,15000.0,3000.0,27000.0
12248,5000014446,1000010743,20240807,2,3,16500.0,0.0,49500.0
12249,5000014447,1000010743,20240807,2,3,15000.0,0.0,45000.0
12250,5000014448,1000010744,20250423,2,2,15000.0,1500.0,28500.0
12251,5000014449,1000010744,20250423,1,1,12600.0,252.0,12348.0
12252,5000014450,1000010745,20241009,1,2,12000.0,480.0,23520.0
12253,5000014451,1000010745,20241009,2,2,15000.0,0.0,30000.0
12254,5000014452,1000010745,20241009,1,2,12600.0,2520.0,22680.0
12255,5000014456,1000010748,20250113,1,3,10800.0,1620.0,30780.0
12256,5000014457,1000010749,20250323,2,2,15000.0,600.0,29400.0
12257,5000014460,1000010752,20240626,2,3,15000.0,0.0,45000.0
12258,5000014464,1000010755,20240420,2,1,15000.0,750.0,14250.0
12259,5000014465,1000010756,20250204,2,2,15000.0,1500.0,28500.0
12260,5000014466,1000010757,20240529,1,1,12600.0,1260.0,11340.0
12261,5000014467,1000010757,20240529,1,1,12000.0,600.0,11400.0
12262,5000014468,1000010758,20250430,2,3,16500.0,0.0,49500.0
12263,5000014469,1000010759,20250204,1,3,13200.0,3960.0,35640.0
12264,5000014471,1000010761,20250214,1,2,10800.0,1080.0,20520.0
12265,5000014472,1000010761,20250214,1,3,13200.0,0.0,39600.0
12266,5000014473,1000010761,20250214,2,3,15000.0,4500.0,40500.0
12267,5000014474,1000010762,20250712,1,2,10800.0,2160.0,19440.0
12268,5000014475,1000010762,20250712,1,3,12000.0,0.0,36000.0
12269,5000014476,1000010763,20240423,2,1,15000.0,750.0,14250.0
12270,5000014477,1000010763,20240423,2,1,16500.0,825.0,15675.0
12271,5000014480,1000010766,20240613,1,3,12000.0,1800.0,34200.0
12272,5000014481,1000010766,20240613,1,3,12000.0,0.0,36000.0
12273,5000014482,1000010767,20240306,2,1,13500.0,1350.0,12150.0
12274,5000014483,1000010768,20250106,2,2,15000.0,600.0,29400.0
12275,5000014484,1000010768,20250106,1,2,12000.0,1200.0,22800.0
12276,5000014485,1000010769,20250401,2,2,15000.0,1500.0,28500.0
12277,5000014486,1000010769,20250401,1,1,12000.0,240.0,11760.0
12278,5000014487,1000010770,20250123,1,1,12000.0,600.0,11400.0
12279,5000014488,1000010771,20250128,2,3,16500.0,4950.0,44550.0
12280,5000014489,1000010772,20240811,2,2,15000.0,0.0,30000.0
12281,5000014490,1000010773,20240202,2,3,13500.0,2025.0,38475.0
12282,5000014493,1000010775,20240215,2,1,16500.0,0.0,16500.0
12283,5000014497,1000010778,20240216,2,3,15000.0,900.0,44100.0
12284,5000014498,1000010779,20240922,1,1,10800.0,540.0,10260.0
12285,5000014499,1000010780,20240912,1,2,12000.0,0.0,24000.0
12286,5000014500,1000010781,20250831,1,1,12000.0,240.0,11760.0
12287,5000014501,1000010782,20241220,1,1,13200.0,0.0,13200.0
12288,5000014502,1000010783,20250426,1,3,12000.0,720.0,35280.0
12289,5000014503,1000010783,20250426,1,3,12000.0,3600.0,32400.0
12290,5000014504,1000010784,20250302,2,2,15000.0,1500.0,28500.0
12291,5000014505,1000010785,20250731,1,2,12600.0,0.0,25200.0
12292,5000014506,1000010785,20250731,1,2,12000.0,480.0,23520.0
12293,5000014507,1000010786,20241016,1,2,12000.0,480.0,23520.0
12294,5000014508,1000010787,20240829,1,3,12000.0,0.0,36000.0
12295,5000014509,1000010788,20250619,1,2,12600.0,2520.0,22680.0
12296,5000014511,1000010790,20250301,2,3,13500.0,810.0,39690.0
12297,5000014512,1000010790,20250301,1,3,12000.0,3600.0,32400.0
12298,5000014513,1000010790,20250301,1,3,12600.0,756.0,37044.0
12299,5000014514,1000010791,20241019,1,1,12000.0,1200.0,10800.0
12300,5000014515,1000010792,20250618,2,2,15750.0,1575.0,29925.0
12301,5000014516,1000010793,20240404,2,3,15000.0,2250.0,42750.0
12302,5000014517,1000010794,20250811,2,2,13500.0,1350.0,25650.0
12303,5000014518,1000010795,20241030,1,1,10800.0,1080.0,9720.0
12304,5000014519,1000010796,20250223,2,2,15000.0,3000.0,27000.0
12305,5000014520,1000010797,20240722,1,2,12600.0,504.0,24696.0
12306,5000014521,1000010798,20240522,2,3,15000.0,4500.0,40500.0
12307,5000014522,1000010798,20240522,2,3,15000.0,4500.0,40500.0
12308,5000014523,1000010798,20240522,1,2,10800.0,0.0,21600.0
12309,5000014524,1000010799,20240528,2,1,16500.0,330.0,16170.0
12310,5000014526,1000010801,20240222,1,2,12600.0,2520.0,22680.0
12311,5000014529,1000010803,20240820,2,2,15000.0,600.0,29400.0
12312,5000014530,1000010804,20240128,2,2,15000.0,1500.0,28500.0
12313,5000014531,1000010804,20240128,2,2,15750.0,0.0,31500.0
12314,5000014532,1000010805,20240617,2,1,15000.0,1500.0,13500.0
12315,5000014533,1000010806,20240530,1,3,12000.0,3600.0,32400.0
12316,5000014534,1000010807,20240602,1,2,12000.0,480.0,23520.0
12317,5000014535,1000010807,20240602,2,1,15000.0,750.0,14250.0
12318,5000014536,1000010808,20241105,1,3,10800.0,3240.0,29160.0
12319,5000014537,1000010808,20241105,2,3,15000.0,4500.0,40500.0
12320,5000014538,1000010809,20240126,1,3,12000.0,720.0,35280.0
12321,5000014539,1000010810,20250714,2,1,15000.0,0.0,15000.0
12322,5000014540,1000010811,20240315,1,2,12000.0,480.0,23520.0
12323,5000014541,1000010811,20240315,1,1,12000.0,240.0,11760.0
12324,5000014542,1000010812,20250103,1,2,13200.0,2640.0,23760.0
12325,5000014543,1000010813,20240625,1,1,12000.0,240.0,11760.0
12326,5000014545,1000010815,20250510,2,1,15750.0,1575.0,14175.0
12327,5000014546,1000010816,20250412,2,1,15750.0,0.0,15750.0
12328,5000014547,1000010816,20250412,2,3,16500.0,990.0,48510.0
12329,5000014548,1000010817,20250417,1,1,12600.0,1260.0,11340.0
12330,5000014549,1000010817,20250417,1,2,12000.0,480.0,23520.0
12331,5000014550,1000010818,20250216,2,1,15000.0,750.0,14250.0
12332,5000014551,1000010819,20250508,1,2,13200.0,2640.0,23760.0
12333,5000014552,1000010820,20250117,1,2,12000.0,1200.0,22800.0
12334,5000014553,1000010820,20250117,2,3,15750.0,2362.5,44887.5
12335,5000014554,1000010821,20250923,1,2,12600.0,504.0,24696.0
12336,5000014555,1000010822,20240401,1,1,10800.0,1080.0,9720.0
12337,5000014558,1000010824,20250904,2,1,13500.0,270.0,13230.0
12338,5000014559,1000010825,20250409,1,3,12000.0,1800.0,34200.0
12339,5000014560,1000010826,20250516,1,3,12000.0,3600.0,32400.0
12340,5000014561,1000010827,20240228,2,3,15750.0,4725.0,42525.0
12341,5000014562,1000010827,20240228,1,1,10800.0,1080.0,9720.0
12342,5000014563,1000010827,20240228,1,2,12000.0,480.0,23520.0
12343,5000014564,1000010828,20250402,2,2,15000.0,0.0,30000.0
12344,5000014565,1000010829,20241215,1,1,12000.0,1200.0,10800.0
12345,5000014566,1000010830,20240228,2,1,15750.0,787.5,14962.5
12346,5000014567,1000010830,20240228,2,3,15000.0,900.0,44100.0
12347,5000014568,1000010831,20250321,2,2,15000.0,3000.0,27000.0
12348,5000014569,1000010832,20240111,1,2,12000.0,2400.0,21600.0
12349,5000014570,1000010832,20240111,1,1,10800.0,0.0,10800.0
12350,5000014571,1000010833,20250423,1,2,12000.0,1200.0,22800.0
12351,5000014572,1000010833,20250423,1,1,10800.0,1080.0,9720.0
12352,5000014573,1000010833,20250423,2,3,15750.0,2362.5,44887.5
12353,5000014574,1000010834,20250128,1,2,13200.0,1320.0,25080.0
12354,5000014575,1000010835,20250730,1,3,12600.0,0.0,37800.0
12355,5000014577,1000010837,20250217,2,1,13500.0,1350.0,12150.0
12356,5000014578,1000010838,20241205,1,2,10800.0,1080.0,20520.0
12357,5000014579,1000010839,20250530,1,1,12600.0,1260.0,11340.0
12358,5000014580,1000010840,20240215,2,2,15000.0,600.0,29400.0
12359,5000014581,1000010841,20240527,2,2,13500.0,1350.0,25650.0
12360,5000014582,1000010842,20250307,1,2,12000.0,480.0,23520.0
12361,5000014584,1000010844,20240318,2,1,15000.0,300.0,14700.0
12362,5000014585,1000010845,20250616,2,2,15000.0,1500.0,28500.0
12363,5000014586,1000010846,20250819,2,2,15750.0,630.0,30870.0
12364,5000014587,1000010847,20240226,2,3,15000.0,900.0,44100.0
12365,5000014588,1000010848,20240928,2,3,15000.0,0.0,45000.0
12366,5000014589,1000010848,20240928,1,1,12000.0,1200.0,10800.0
12367,5000014590,1000010849,20240729,1,2,13200.0,0.0,26400.0
12368,5000014591,1000010850,20241006,2,1,15000.0,300.0,14700.0
12369,5000014592,1000010851,20240102,1,3,12000.0,3600.0,32400.0
12370,5000014593,1000010851,20240102,1,2,12000.0,0.0,24000.0
12371,5000014594,1000010852,20250925,1,1,12000.0,0.0,12000.0
12372,5000014595,1000010853,20241201,1,1,12000.0,0.0,12000.0
12373,5000014596,1000010854,20240123,1,3,13200.0,3960.0,35640.0
12374,5000014597,1000010855,20250823,1,1,12600.0,0.0,12600.0
12375,5000014598,1000010856,20250521,2,3,15000.0,2250.0,42750.0
12376,5000014599,1000010857,20250521,2,3,15000.0,4500.0,40500.0
12377,5000014600,1000010858,20250624,1,1,10800.0,540.0,10260.0
12378,5000014601,1000010859,20250716,2,3,13500.0,2025.0,38475.0
12379,5000014602,1000010860,20240526,1,1,12000.0,0.0,12000.0
12380,5000014603,1000010860,20240526,2,2,13500.0,0.0,27000.0
12381,5000014604,1000010861,20250119,2,3,15000.0,0.0,45000.0
12382,5000014605,1000010862,20240701,2,2,15750.0,3150.0,28350.0
12383,5000014606,1000010862,20240701,2,2,13500.0,0.0,27000.0
12384,5000014607,1000010863,20250713,1,1,12600.0,0.0,12600.0
12385,5000014608,1000010863,20250713,2,1,15000.0,1500.0,13500.0
12386,5000014609,1000010864,20250504,2,1,13500.0,270.0,13230.0
12387,5000014610,1000010865,20240802,2,3,13500.0,0.0,40500.0
12388,5000014611,1000010866,20250621,1,1,13200.0,264.0,12936.0
12389,5000014612,1000010866,20250621,2,2,15000.0,1500.0,28500.0
12390,5000014613,1000010867,20250313,2,3,15000.0,900.0,44100.0
12391,5000014614,1000010868,20240925,1,3,12600.0,756.0,37044.0
12392,5000014615,1000010869,20241212,1,2,12600.0,0.0,25200.0
12393,5000014616,1000010869,20241212,2,2,15000.0,3000.0,27000.0
12394,5000014617,1000010870,20250704,2,3,16500.0,4950.0,44550.0
12395,5000014618,1000010871,20240709,1,1,12000.0,600.0,11400.0
12396,5000014619,1000010872,20250119,1,1,12000.0,240.0,11760.0
12397,5000014620,1000010873,20250118,1,1,12600.0,252.0,12348.0
12398,5000014621,1000010873,20250118,1,2,12600.0,0.0,25200.0
12399,5000014622,1000010874,20250914,2,3,16500.0,2475.0,47025.0
12400,5000014623,1000010875,20250702,1,3,12000.0,3600.0,32400.0
12401,5000014624,1000010876,20241118,2,3,15000.0,0.0,45000.0
12402,5000014625,1000010876,20241118,2,2,15750.0,0.0,31500.0
12403,5000014627,1000010878,20250726,2,1,13500.0,270.0,13230.0
12404,5000014628,1000010878,20250726,1,2,12000.0,2400.0,21600.0
12405,5000014629,1000010879,20250908,1,3,12000.0,1800.0,34200.0
12406,5000014630,1000010879,20250908,2,3,13500.0,810.0,39690.0
12407,5000014631,1000010880,20240609,2,1,16500.0,330.0,16170.0
12408,5000014635,1000010883,20250705,2,2,15000.0,1500.0,28500.0
12409,5000014636,1000010883,20250705,1,1,12600.0,0.0,12600.0
12410,5000014637,1000010884,20250411,2,2,15750.0,630.0,30870.0
12411,5000014639,1000010886,20250122,1,3,10800.0,648.0,31752.0
12412,5000014640,1000010887,20250109,1,3,12000.0,0.0,36000.0
12413,5000014641,1000010888,20240615,2,2,15000.0,600.0,29400.0
12414,5000014642,1000010889,20240229,2,2,15000.0,600.0,29400.0
12415,5000014643,1000010889,20240229,1,2,12000.0,1200.0,22800.0
12416,5000014644,1000010890,20250415,1,2,12000.0,1200.0,22800.0
12417,5000014645,1000010890,20250415,1,3,10800.0,648.0,31752.0
12418,5000014646,1000010891,20241213,1,3,12000.0,3600.0,32400.0
12419,5000014647,1000010892,20240411,1,1,12000.0,240.0,11760.0
12420,5000014648,1000010892,20240411,1,3,13200.0,1980.0,37620.0
12421,5000014649,1000010893,20250623,1,2,12000.0,2400.0,21600.0
12422,5000014651,1000010895,20240102,2,3,15000.0,2250.0,42750.0
12423,5000014652,1000010896,20250217,1,1,13200.0,264.0,12936.0
12424,5000014653,1000010897,20240404,2,3,13500.0,2025.0,38475.0
12425,5000014654,1000010898,20250810,2,1,15000.0,1500.0,13500.0
12426,5000014655,1000010899,20250416,2,1,15750.0,787.5,14962.5
12427,5000014656,1000010900,20250119,1,2,12000.0,480.0,23520.0
12428,5000014658,1000010902,20240117,1,3,12000.0,0.0,36000.0
12429,5000014659,1000010903,20240211,1,3,12600.0,0.0,37800.0
12430,5000014660,1000010903,20240211,1,1,10800.0,216.0,10584.0
12431,5000014662,1000010905,20240101,2,2,15000.0,3000.0,27000.0
12432,5000014663,1000010906,20240706,2,2,13500.0,540.0,26460.0
12433,5000014664,1000010907,20250202,1,1,12000.0,0.0,12000.0
12434,5000014665,1000010907,20250202,2,1,15000.0,0.0,15000.0
12435,5000014666,1000010907,20250202,2,2,15000.0,3000.0,27000.0
12436,5000014667,1000010908,20240509,1,1,12000.0,1200.0,10800.0
12437,5000014668,1000010909,20241228,2,2,15750.0,0.0,31500.0
12438,5000014669,1000010909,20241228,1,2,12000.0,1200.0,22800.0
12439,5000014670,1000010910,20250617,2,3,15750.0,2362.5,44887.5
12440,5000014671,1000010910,20250617,1,2,12000.0,2400.0,21600.0
12441,5000014672,1000010911,20250703,2,1,15000.0,1500.0,13500.0
12442,5000014673,1000010911,20250703,1,1,12000.0,240.0,11760.0
12443,5000014674,1000010912,20240610,2,3,13500.0,2025.0,38475.0
12444,5000014675,1000010912,20240610,2,2,15000.0,1500.0,28500.0
12445,5000014676,1000010913,20240624,1,1,12000.0,0.0,12000.0
12446,5000014677,1000010913,20240624,2,1,13500.0,1350.0,12150.0
12447,5000014678,1000010914,20240827,1,2,12000.0,2400.0,21600.0
12448,5000014680,1000010916,20240522,2,3,13500.0,0.0,40500.0
12449,5000014681,1000010916,20240522,2,2,15000.0,1500.0,28500.0
12450,5000014682,1000010917,20240127,1,1,12000.0,1200.0,10800.0
12451,5000014683,1000010918,20240531,2,2,13500.0,540.0,26460.0
12452,5000014684,1000010919,20240607,2,3,15750.0,4725.0,42525.0
12453,5000014685,1000010919,20240607,2,3,13500.0,0.0,40500.0
12454,5000014686,1000010920,20240609,2,3,15750.0,0.0,47250.0
12455,5000014687,1000010921,20250515,2,3,15000.0,2250.0,42750.0
12456,5000014688,1000010922,20250904,1,1,10800.0,0.0,10800.0
12457,5000014689,1000010922,20250904,2,2,16500.0,0.0,33000.0
12458,5000014690,1000010923,20240826,1,2,12000.0,0.0,24000.0
12459,5000014691,1000010924,20240421,2,2,13500.0,2700.0,24300.0
12460,5000014692,1000010925,20240515,2,2,15000.0,1500.0,28500.0
12461,5000014694,1000010927,20240313,2,2,15000.0,3000.0,27000.0
12462,5000014695,1000010928,20241028,2,1,16500.0,330.0,16170.0
12463,5000014696,1000010929,20250522,2,2,16500.0,660.0,32340.0
12464,5000014697,1000010929,20250522,1,1,13200.0,660.0,12540.0
12465,5000014698,1000010929,20250522,2,3,15000.0,0.0,45000.0
12466,5000014699,1000010930,20250918,2,2,15000.0,3000.0,27000.0
12467,5000014700,1000010931,20250821,2,2,15750.0,0.0,31500.0
12468,5000014701,1000010932,20241219,2,2,16500.0,0.0,33000.0
12469,5000014702,1000010933,20240111,2,1,13500.0,1350.0,12150.0
12470,5000014707,1000010937,20241021,1,3,12000.0,1800.0,34200.0
12471,5000014708,1000010937,20241021,2,3,15750.0,2362.5,44887.5
12472,5000014710,1000010939,20240226,1,3,12000.0,1800.0,34200.0
12473,5000014711,1000010939,20240226,1,2,13200.0,0.0,26400.0
12474,5000014712,1000010939,20240226,2,3,15750.0,2362.5,44887.5
12475,5000014715,1000010942,20241025,1,2,10800.0,1080.0,20520.0
12476,5000014716,1000010942,20241025,2,3,13500.0,2025.0,38475.0
12477,5000014717,1000010943,20240722,1,1,12000.0,1200.0,10800.0
12478,5000014718,1000010944,20250316,2,1,15000.0,0.0,15000.0
12479,5000014719,1000010944,20250316,1,2,12000.0,2400.0,21600.0
12480,5000014720,1000010945,20250517,2,2,15000.0,0.0,30000.0
12481,5000014721,1000010946,20241112,1,2,12000.0,2400.0,21600.0
12482,5000014722,1000010947,20240429,2,3,16500.0,2475.0,47025.0
12483,5000014723,1000010947,20240429,2,2,15000.0,1500.0,28500.0
12484,5000014725,1000010949,20241204,1,2,10800.0,2160.0,19440.0
12485,5000014727,1000010951,20250327,1,2,10800.0,1080.0,20520.0
12486,5000014728,1000010952,20250911,1,3,10800.0,1620.0,30780.0
12487,5000014729,1000010952,20250911,2,2,16500.0,1650.0,31350.0
12488,5000014735,1000010955,20250912,2,1,15000.0,300.0,14700.0
12489,5000014736,1000010956,20250326,2,1,15750.0,1575.0,14175.0
12490,5000014737,1000010956,20250326,1,3,12600.0,756.0,37044.0
12491,5000014738,1000010957,20240315,1,2,12000.0,1200.0,22800.0
12492,5000014739,1000010958,20241015,2,1,13500.0,270.0,13230.0
12493,5000014740,1000010959,20241027,1,3,13200.0,1980.0,37620.0
12494,5000014742,1000010961,20250119,1,3,13200.0,3960.0,35640.0
12495,5000014743,1000010962,20250713,2,1,15000.0,300.0,14700.0
12496,5000014744,1000010962,20250713,1,1,12000.0,0.0,12000.0
12497,5000014745,1000010963,20250723,1,3,12000.0,720.0,35280.0
12498,5000014746,1000010964,20250613,2,2,15000.0,0.0,30000.0
12499,5000014747,1000010965,20250107,1,3,10800.0,3240.0,29160.0
12500,5000014748,1000010966,20250728,2,2,15000.0,1500.0,28500.0
12501,5000014749,1000010967,20240823,1,3,12000.0,3600.0,32400.0
12502,5000014750,1000010967,20240823,2,2,16500.0,1650.0,31350.0
12503,5000014751,1000010968,20241212,2,2,15000.0,3000.0,27000.0
12504,5000014752,1000010969,20240728,2,2,15750.0,630.0,30870.0
12505,5000014753,1000010969,20240728,2,3,15000.0,4500.0,40500.0
12506,5000014755,1000010971,20241224,1,1,12000.0,240.0,11760.0
12507,5000014756,1000010972,20240214,2,3,15000.0,0.0,45000.0
12508,5000014757,1000010973,20250217,1,3,10800.0,1620.0,30780.0
12509,5000014758,1000010973,20250217,1,1,12000.0,600.0,11400.0
12510,5000014759,1000010974,20240506,1,2,12000.0,1200.0,22800.0
12511,5000014760,1000010975,20250128,1,1,12000.0,0.0,12000.0
12512,5000014761,1000010976,20250402,1,3,12000.0,720.0,35280.0
12513,5000014762,1000010976,20250402,1,3,12600.0,756.0,37044.0
12514,5000014763,1000010977,20240715,1,1,12000.0,1200.0,10800.0
12515,5000014764,1000010977,20240715,2,3,15000.0,2250.0,42750.0
12516,5000014765,1000010977,20240715,2,3,15000.0,900.0,44100.0
12517,5000014766,1000010978,20240402,1,1,12000.0,240.0,11760.0
12518,5000014767,1000010979,20240709,1,2,12000.0,480.0,23520.0
12519,5000014768,1000010980,20250202,2,2,15000.0,3000.0,27000.0
12520,5000014769,1000010980,20250202,2,2,15000.0,600.0,29400.0
12521,5000014770,1000010980,20250202,2,1,16500.0,825.0,15675.0
12522,5000014771,1000010981,20250204,2,2,16500.0,1650.0,31350.0
12523,5000014772,1000010981,20250204,1,1,13200.0,264.0,12936.0
12524,5000014773,1000010982,20250610,2,1,15000.0,750.0,14250.0
12525,5000014774,1000010983,20241113,2,2,15000.0,1500.0,28500.0
12526,5000014775,1000010984,20240308,1,2,13200.0,1320.0,25080.0
12527,5000014776,1000010984,20240308,2,2,13500.0,540.0,26460.0
12528,5000014777,1000010985,20240120,1,1,12000.0,240.0,11760.0
12529,5000014778,1000010986,20250324,2,3,15000.0,2250.0,42750.0
12530,5000014779,1000010986,20250324,2,3,15000.0,2250.0,42750.0
12531,5000014780,1000010987,20240625,2,1,13500.0,675.0,12825.0
12532,5000014782,1000010989,20240703,1,1,12000.0,0.0,12000.0
12533,5000014783,1000010990,20250424,2,2,15000.0,600.0,29400.0
12534,5000014784,1000010991,20241201,2,1,13500.0,270.0,13230.0
12535,5000014785,1000010991,20241201,1,3,12000.0,0.0,36000.0
12536,5000014786,1000010992,20240528,1,2,12000.0,1200.0,22800.0
12537,5000014787,1000010993,20250216,1,1,12000.0,1200.0,10800.0
12538,5000014788,1000010993,20250216,2,2,15000.0,3000.0,27000.0
12539,5000014789,1000010993,20250216,2,2,15750.0,3150.0,28350.0
12540,5000014790,1000010994,20250829,1,2,12000.0,2400.0,21600.0
12541,5000014791,1000010995,20241010,1,3,12000.0,0.0,36000.0
12542,5000014792,1000010995,20241010,1,3,12000.0,3600.0,32400.0
12543,5000014793,1000010996,20240104,1,2,12000.0,0.0,24000.0
12544,5000014796,1000010998,20250909,1,2,12600.0,1260.0,23940.0
12545,5000014797,1000010998,20250909,2,3,16500.0,4950.0,44550.0
12546,5000014798,1000010999,20241001,2,1,16500.0,1650.0,14850.0
12547,5000014799,1000010999,20241001,2,3,15000.0,4500.0,40500.0
12548,5000014800,1000010999,20241001,1,1,12000.0,0.0,12000.0
12549,5000014801,1000011000,20250624,2,1,13500.0,0.0,13500.0
12550,5000014802,1000011001,20241108,2,3,13500.0,810.0,39690.0
12551,5000014803,1000011001,20241108,2,2,15000.0,0.0,30000.0
12552,5000014804,1000011002,20250226,2,3,15750.0,4725.0,42525.0
12553,5000014805,1000011002,20250226,1,2,12000.0,2400.0,21600.0
12554,5000014806,1000011003,20250902,2,1,15000.0,0.0,15000.0
12555,5000014808,1000011005,20250316,1,3,10800.0,0.0,32400.0
12556,5000014809,1000011005,20250316,2,2,15000.0,1500.0,28500.0
12557,5000014810,1000011005,20250316,1,1,12600.0,630.0,11970.0
12558,5000014811,1000011006,20240525,2,3,15000.0,4500.0,40500.0
12559,5000014812,1000011007,20250424,1,2,12000.0,0.0,24000.0
12560,5000014813,1000011008,20240220,1,3,12000.0,720.0,35280.0
12561,5000014814,1000011009,20250728,1,2,12000.0,1200.0,22800.0
12562,5000014815,1000011010,20240207,2,3,15000.0,0.0,45000.0
12563,5000014816,1000011011,20240609,1,1,10800.0,540.0,10260.0
12564,5000014817,1000011012,20250811,1,3,12000.0,720.0,35280.0
12565,5000014818,1000011013,20240410,1,1,12000.0,1200.0,10800.0
12566,5000014819,1000011014,20241206,2,2,13500.0,1350.0,25650.0
12567,5000014820,1000011015,20250712,1,1,10800.0,216.0,10584.0
12568,5000014821,1000011016,20250112,1,1,12000.0,240.0,11760.0
12569,5000014822,1000011016,20250112,2,3,13500.0,0.0,40500.0
12570,5000014824,1000011018,20250520,2,2,15000.0,0.0,30000.0
12571,5000014825,1000011019,20250128,1,1,12000.0,0.0,12000.0
12572,5000014826,1000011020,20250601,2,2,13500.0,0.0,27000.0
12573,5000014827,1000011020,20250601,1,3,12000.0,0.0,36000.0
12574,5000014828,1000011021,20240902,1,1,12600.0,0.0,12600.0
12575,5000014829,1000011021,20240902,2,1,15000.0,1500.0,13500.0
12576,5000014830,1000011022,20241010,1,2,12000.0,2400.0,21600.0
12577,5000014832,1000011024,20240316,2,2,15000.0,3000.0,27000.0
12578,5000014833,1000011025,20250723,2,2,15750.0,630.0,30870.0
12579,5000014834,1000011025,20250723,1,2,13200.0,528.0,25872.0
12580,5000014835,1000011026,20240623,2,1,15000.0,0.0,15000.0
12581,5000014837,1000011028,20240209,2,3,15000.0,0.0,45000.0
12582,5000014838,1000011028,20240209,2,1,15000.0,300.0,14700.0
12583,5000014839,1000011028,20240209,1,1,10800.0,0.0,10800.0
12584,5000014840,1000011029,20240903,1,2,12000.0,480.0,23520.0
12585,5000014842,1000011031,20250830,1,1,13200.0,1320.0,11880.0
12586,5000014843,1000011031,20250830,1,1,10800.0,540.0,10260.0
12587,5000014844,1000011032,20240106,1,3,12600.0,3780.0,34020.0
12588,5000014845,1000011032,20240106,1,2,12000.0,1200.0,22800.0
12589,5000014846,1000011033,20241022,2,2,15000.0,1500.0,28500.0
12590,5000014849,1000011035,20240723,1,1,12000.0,600.0,11400.0
12591,5000014850,1000011036,20250817,1,1,13200.0,264.0,12936.0
12592,5000014851,1000011036,20250817,1,3,12000.0,0.0,36000.0
12593,5000014852,1000011037,20250908,2,2,15750.0,1575.0,29925.0
12594,5000014853,1000011038,20240905,2,2,15750.0,1575.0,29925.0
12595,5000014854,1000011038,20240905,1,3,12000.0,1800.0,34200.0
12596,5000014855,1000011039,20240824,1,3,10800.0,0.0,32400.0
12597,5000014856,1000011040,20241031,1,1,12000.0,0.0,12000.0
12598,5000014857,1000011041,20241203,1,1,12000.0,1200.0,10800.0
12599,5000014858,1000011042,20240924,2,2,15750.0,1575.0,29925.0
12600,5000014859,1000011043,20250120,2,3,15000.0,4500.0,40500.0
12601,5000014860,1000011043,20250120,2,3,15750.0,945.0,46305.0
12602,5000014861,1000011044,20240517,2,2,15000.0,0.0,30000.0
12603,5000014862,1000011044,20240517,1,2,10800.0,432.0,21168.0
12604,5000014863,1000011045,20240123,2,3,15000.0,4500.0,40500.0
12605,5000014864,1000011046,20240402,2,1,15000.0,300.0,14700.0
12606,5000014865,1000011047,20250210,2,1,15000.0,300.0,14700.0
12607,5000014866,1000011048,20241125,2,3,15000.0,900.0,44100.0
12608,5000014867,1000011049,20241006,2,1,13500.0,1350.0,12150.0
12609,5000014868,1000011050,20240819,1,3,12000.0,3600.0,32400.0
12610,5000014869,1000011051,20250105,2,3,15750.0,0.0,47250.0
12611,5000014870,1000011051,20250105,2,2,15000.0,600.0,29400.0
12612,5000014871,1000011052,20250821,1,2,12000.0,480.0,23520.0
12613,5000014872,1000011053,20250101,1,3,12000.0,3600.0,32400.0
12614,5000014873,1000011054,20240203,2,2,15000.0,3000.0,27000.0
12615,5000014874,1000011054,20240203,2,2,15750.0,3150.0,28350.0
12616,5000014875,1000011054,20240203,2,2,13500.0,540.0,26460.0
12617,5000014876,1000011055,20240531,1,2,12000.0,1200.0,22800.0
12618,5000014879,1000011057,20240417,1,1,13200.0,0.0,13200.0
12619,5000014880,1000011058,20250715,2,2,13500.0,1350.0,25650.0
12620,5000014881,1000011059,20241231,2,2,15000.0,0.0,30000.0
12621,5000014883,1000011061,20240802,1,1,12000.0,1200.0,10800.0
12622,5000014884,1000011062,20250715,2,2,15000.0,1500.0,28500.0
12623,5000014885,1000011063,20240721,1,1,12600.0,630.0,11970.0
12624,5000014886,1000011063,20240721,1,3,12000.0,720.0,35280.0
12625,5000014887,1000011064,20240701,1,1,12000.0,240.0,11760.0
12626,5000014888,1000011065,20250131,2,2,15000.0,1500.0,28500.0
12627,5000014889,1000011065,20250131,2,3,15000.0,0.0,45000.0
12628,5000014890,1000011066,20250804,2,2,13500.0,2700.0,24300.0
12629,5000014891,1000011067,20241215,1,1,12000.0,1200.0,10800.0
12630,5000014892,1000011067,20241215,2,3,15000.0,4500.0,40500.0
12631,5000014893,1000011068,20250601,2,3,15000.0,0.0,45000.0
12632,5000014895,1000011070,20240305,2,1,15000.0,750.0,14250.0
12633,5000014896,1000011071,20250926,2,2,15750.0,0.0,31500.0
12634,5000014899,1000011073,20250309,1,3,10800.0,1620.0,30780.0
12635,5000014900,1000011074,20240827,2,1,15000.0,1500.0,13500.0
12636,5000014901,1000011075,20240720,1,3,12000.0,1800.0,34200.0
12637,5000014902,1000011076,20240516,2,3,15000.0,4500.0,40500.0
12638,5000014903,1000011076,20240516,1,2,12000.0,0.0,24000.0
12639,5000014904,1000011077,20240401,1,2,12000.0,0.0,24000.0
12640,5000014905,1000011078,20250318,1,2,12000.0,0.0,24000.0
12641,5000014906,1000011079,20240303,2,2,15000.0,600.0,29400.0
12642,5000014907,1000011080,20250618,1,1,12000.0,600.0,11400.0
12643,5000014908,1000011080,20250618,1,1,13200.0,660.0,12540.0
12644,5000014909,1000011081,20250212,1,2,12000.0,2400.0,21600.0
12645,5000014910,1000011082,20240619,1,3,12600.0,1890.0,35910.0
12646,5000014911,1000011082,20240619,2,1,15000.0,300.0,14700.0
12647,5000014913,1000011084,20250411,2,3,15000.0,2250.0,42750.0
12648,5000014914,1000011084,20250411,1,3,12000.0,1800.0,34200.0
12649,5000014918,1000011086,20250101,1,1,10800.0,0.0,10800.0
12650,5000014921,1000011088,20241107,2,3,15000.0,0.0,45000.0
12651,5000014922,1000011089,20240331,1,3,10800.0,1620.0,30780.0
12652,5000014923,1000011090,20240104,2,1,15000.0,750.0,14250.0
12653,5000014924,1000011091,20250823,2,2,15750.0,630.0,30870.0
12654,5000014925,1000011092,20240226,2,1,15000.0,1500.0,13500.0
12655,5000014926,1000011093,20241211,2,3,15000.0,0.0,45000.0
12656,5000014927,1000011094,20241226,1,2,12000.0,0.0,24000.0
12657,5000014928,1000011095,20250824,1,2,10800.0,1080.0,20520.0
12658,5000014929,1000011096,20241009,1,1,12000.0,240.0,11760.0
12659,5000014930,1000011097,20250823,1,1,12000.0,0.0,12000.0
12660,5000014931,1000011098,20240131,2,2,15000.0,3000.0,27000.0
12661,5000014932,1000011099,20250426,2,1,15000.0,0.0,15000.0
12662,5000014933,1000011100,20241113,1,2,12000.0,480.0,23520.0
12663,5000014934,1000011101,20250524,1,1,13200.0,264.0,12936.0
12664,5000014935,1000011102,20241224,1,3,12600.0,0.0,37800.0
12665,5000014936,1000011103,20240323,1,2,12000.0,480.0,23520.0
12666,5000014937,1000011103,20240323,1,3,12000.0,1800.0,34200.0
12667,5000014940,1000011105,20241215,1,1,12000.0,600.0,11400.0
12668,5000014941,1000011105,20241215,1,1,12000.0,1200.0,10800.0
12669,5000014942,1000011106,20240819,1,2,12000.0,0.0,24000.0
12670,5000014943,1000011107,20240529,1,2,10800.0,0.0,21600.0
12671,5000014944,1000011108,20241103,1,1,12000.0,1200.0,10800.0
12672,5000014945,1000011109,20250529,2,3,15000.0,900.0,44100.0
12673,5000014946,1000011110,20240701,1,2,12000.0,480.0,23520.0
12674,5000014950,1000011112,20250118,2,2,13500.0,0.0,27000.0
12675,5000014951,1000011113,20250603,1,1,13200.0,264.0,12936.0
12676,5000014952,1000011114,20240912,2,1,15000.0,300.0,14700.0
12677,5000014953,1000011115,20250823,2,2,15000.0,1500.0,28500.0
12678,5000014954,1000011116,20241218,1,3,13200.0,1980.0,37620.0
12679,5000014955,1000011116,20241218,1,3,13200.0,1980.0,37620.0
12680,5000014956,1000011117,20250330,2,3,15750.0,0.0,47250.0
12681,5000014957,1000011117,20250330,2,1,15000.0,0.0,15000.0
12682,5000014958,1000011117,20250330,2,3,13500.0,0.0,40500.0
12683,5000014960,1000011119,20240620,2,3,15000.0,900.0,44100.0
12684,5000014961,1000011120,20250224,1,3,12000.0,720.0,35280.0
12685,5000014962,1000011120,20250224,2,1,15750.0,315.0,15435.0
12686,5000014963,1000011121,20250807,2,3,15000.0,2250.0,42750.0
12687,5000014964,1000011122,20250809,2,3,15000.0,2250.0,42750.0
12688,5000014965,1000011123,20240511,2,3,15000.0,0.0,45000.0
12689,5000014966,1000011123,20240511,1,1,10800.0,1080.0,9720.0
12690,5000014967,1000011124,20240401,1,1,10800.0,216.0,10584.0
12691,5000014968,1000011125,20240921,1,2,12000.0,2400.0,21600.0
12692,5000014971,1000011127,20240225,2,3,15000.0,900.0,44100.0
12693,5000014972,1000011128,20250411,1,3,12000.0,3600.0,32400.0
12694,5000014973,1000011128,20250411,1,2,12000.0,480.0,23520.0
12695,5000014974,1000011128,20250411,1,3,10800.0,648.0,31752.0
12696,5000014975,1000011129,20241217,2,1,15000.0,750.0,14250.0
12697,5000014976,1000011129,20241217,1,3,12000.0,0.0,36000.0
12698,5000014977,1000011130,20240502,1,3,13200.0,792.0,38808.0
12699,5000014979,1000011132,20240307,2,3,13500.0,0.0,40500.0
12700,5000014980,1000011133,20250412,1,1,12600.0,1260.0,11340.0
12701,5000014981,1000011134,20250503,2,3,13500.0,0.0,40500.0
12702,5000014982,1000011135,20240130,2,3,15000.0,4500.0,40500.0
12703,5000014983,1000011136,20250207,2,1,16500.0,330.0,16170.0
12704,5000014984,1000011137,20241228,1,2,12000.0,0.0,24000.0
12705,5000014985,1000011138,20250906,1,2,13200.0,1320.0,25080.0
12706,5000014986,1000011138,20250906,1,3,13200.0,792.0,38808.0
12707,5000014987,1000011139,20250625,2,2,13500.0,2700.0,24300.0
12708,5000014988,1000011140,20250727,1,3,12000.0,3600.0,32400.0
12709,5000014989,1000011140,20250727,1,2,12600.0,504.0,24696.0
12710,5000014990,1000011140,20250727,1,2,12000.0,0.0,24000.0
12711,5000014991,1000011141,20250513,2,3,16500.0,4950.0,44550.0
12712,5000014992,1000011142,20250626,2,3,15000.0,0.0,45000.0
12713,5000014993,1000011143,20241127,2,1,13500.0,1350.0,12150.0
12714,5000014994,1000011144,20250919,2,2,16500.0,3300.0,29700.0
12715,5000014995,1000011144,20250919,2,3,15000.0,4500.0,40500.0
12716,5000015000,1000011147,20241020,1,3,12000.0,0.0,36000.0
12717,5000015001,1000011148,20240807,1,1,12000.0,600.0,11400.0
12718,5000015002,1000011148,20240807,2,2,13500.0,2700.0,24300.0
12719,5000015003,1000011149,20240813,2,1,13500.0,675.0,12825.0
12720,5000015004,1000011150,20250313,2,1,13500.0,270.0,13230.0
12721,5000015006,1000011152,20250912,2,1,15000.0,1500.0,13500.0
12722,5000015007,1000011152,20250912,1,3,12000.0,720.0,35280.0
12723,5000015008,1000011153,20240125,1,3,12600.0,3780.0,34020.0
12724,5000015009,1000011154,20240802,1,1,10800.0,1080.0,9720.0
12725,5000015010,1000011155,20250815,2,2,15750.0,3150.0,28350.0
12726,5000015011,1000011156,20241008,1,1,10800.0,1080.0,9720.0
12727,5000015012,1000011157,20240109,2,3,16500.0,2475.0,47025.0
12728,5000015013,1000011158,20241025,2,2,15000.0,600.0,29400.0
12729,5000015014,1000011159,20250506,1,3,12000.0,3600.0,32400.0
12730,5000015015,1000011160,20240804,1,2,12600.0,504.0,24696.0
12731,5000015018,1000011162,20240205,1,1,12000.0,240.0,11760.0
12732,5000015019,1000011162,20240205,1,3,12000.0,1800.0,34200.0
12733,5000015020,1000011163,20240317,2,2,13500.0,2700.0,24300.0
12734,5000015021,1000011164,20250220,1,1,12000.0,240.0,11760.0
12735,5000015023,1000011166,20241002,2,1,15000.0,750.0,14250.0
12736,5000015024,1000011167,20240526,2,2,15750.0,630.0,30870.0
12737,5000015026,1000011169,20240809,2,2,15000.0,600.0,29400.0
12738,5000015027,1000011170,20250808,1,2,12000.0,2400.0,21600.0
12739,5000015028,1000011170,20250808,2,2,15750.0,1575.0,29925.0
12740,5000015029,1000011171,20250819,2,2,15000.0,1500.0,28500.0
12741,5000015030,1000011172,20241212,2,1,16500.0,330.0,16170.0
12742,5000015031,1000011173,20241009,1,2,12000.0,0.0,24000.0
12743,5000015032,1000011174,20240908,1,2,12000.0,1200.0,22800.0
12744,5000015033,1000011175,20250220,1,2,13200.0,528.0,25872.0
12745,5000015034,1000011175,20250220,1,2,12600.0,1260.0,23940.0
12746,5000015037,1000011177,20241026,1,2,12600.0,1260.0,23940.0
12747,5000015041,1000011179,20240829,2,2,13500.0,540.0,26460.0
12748,5000015042,1000011179,20240829,1,3,12600.0,3780.0,34020.0
12749,5000015043,1000011180,20250313,2,1,15000.0,0.0,15000.0
12750,5000015045,1000011182,20250404,2,3,15750.0,4725.0,42525.0
12751,5000015046,1000011183,20241011,1,2,12000.0,2400.0,21600.0
12752,5000015050,1000011185,20250122,2,1,15000.0,1500.0,13500.0
12753,5000015051,1000011186,20250815,1,3,12000.0,1800.0,34200.0
12754,5000015052,1000011187,20240127,2,1,15000.0,1500.0,13500.0
12755,5000015053,1000011188,20241212,2,2,15000.0,0.0,30000.0
12756,5000015054,1000011188,20241212,2,1,15000.0,300.0,14700.0
12757,5000015055,1000011189,20250503,1,2,12000.0,0.0,24000.0
12758,5000015056,1000011190,20240801,1,3,12600.0,1890.0,35910.0
12759,5000015059,1000011193,20250103,1,3,12600.0,3780.0,34020.0
12760,5000015060,1000011194,20240323,1,1,12000.0,600.0,11400.0
12761,5000015061,1000011195,20250425,2,1,13500.0,1350.0,12150.0
12762,5000015062,1000011195,20250425,2,2,15000.0,1500.0,28500.0
12763,5000015063,1000011195,20250425,1,3,12000.0,1800.0,34200.0
12764,5000015065,1000011197,20240608,2,3,15000.0,2250.0,42750.0
12765,5000015066,1000011198,20241020,2,1,16500.0,1650.0,14850.0
12766,5000015067,1000011199,20250215,1,3,12000.0,3600.0,32400.0
12767,5000015068,1000011200,20240723,2,3,15750.0,945.0,46305.0
12768,5000015069,1000011201,20250207,1,2,12000.0,2400.0,21600.0
12769,5000015070,1000011202,20241204,2,1,15000.0,300.0,14700.0
12770,5000015071,1000011203,20240909,1,3,10800.0,648.0,31752.0
12771,5000015072,1000011204,20250422,2,2,13500.0,0.0,27000.0
12772,5000015073,1000011205,20250214,1,1,12000.0,1200.0,10800.0
12773,5000015074,1000011206,20241010,2,3,15000.0,4500.0,40500.0
12774,5000015075,1000011207,20250119,2,1,13500.0,0.0,13500.0
12775,5000015076,1000011208,20250327,1,2,12000.0,480.0,23520.0
12776,5000015077,1000011209,20250726,2,1,15750.0,1575.0,14175.0
12777,5000015078,1000011210,20250324,2,3,15000.0,900.0,44100.0
12778,5000015079,1000011210,20250324,2,3,16500.0,2475.0,47025.0
12779,5000015080,1000011211,20250522,1,3,13200.0,0.0,39600.0
12780,5000015082,1000011213,20250627,1,2,10800.0,0.0,21600.0
12781,5000015083,1000011214,20240912,1,1,10800.0,540.0,10260.0
12782,5000015084,1000011215,20241215,2,3,16500.0,4950.0,44550.0
12783,5000015085,1000011215,20241215,2,1,15000.0,750.0,14250.0
12784,5000015086,1000011216,20250522,1,3,12000.0,0.0,36000.0
12785,5000015087,1000011216,20250522,1,2,12000.0,480.0,23520.0
12786,5000015088,1000011217,20250316,2,2,15750.0,630.0,30870.0
12787,5000015089,1000011218,20240206,1,2,12000.0,0.0,24000.0
12788,5000015091,1000011220,20240928,2,3,15750.0,0.0,47250.0
12789,5000015092,1000011220,20240928,2,2,13500.0,2700.0,24300.0
12790,5000015093,1000011221,20241109,1,1,12000.0,600.0,11400.0
12791,5000015094,1000011221,20241109,2,2,15000.0,0.0,30000.0
12792,5000015095,1000011221,20241109,2,3,15000.0,4500.0,40500.0
12793,5000015096,1000011222,20250118,2,3,15750.0,2362.5,44887.5
12794,5000015097,1000011223,20240228,2,3,15000.0,2250.0,42750.0
12795,5000015098,1000011224,20250203,1,3,12600.0,1890.0,35910.0
12796,5000015099,1000011225,20250112,2,2,15000.0,1500.0,28500.0
12797,5000015100,1000011225,20250112,1,3,12000.0,1800.0,34200.0
12798,5000015101,1000011226,20250524,2,3,15000.0,2250.0,42750.0
12799,5000015102,1000011226,20250524,1,2,12000.0,1200.0,22800.0
12800,5000015103,1000011227,20240608,2,3,15000.0,0.0,45000.0
12801,5000015104,1000011228,20250516,2,2,16500.0,0.0,33000.0
12802,5000015105,1000011228,20250516,1,2,12600.0,1260.0,23940.0
12803,5000015106,1000011228,20250516,1,3,13200.0,792.0,38808.0
12804,5000015107,1000011229,20250601,1,2,12000.0,0.0,24000.0
12805,5000015108,1000011230,20240621,1,3,12000.0,1800.0,34200.0
12806,5000015109,1000011231,20250727,1,3,12600.0,1890.0,35910.0
12807,5000015110,1000011231,20250727,2,1,15000.0,1500.0,13500.0
12808,5000015113,1000011233,20250816,1,1,10800.0,1080.0,9720.0
12809,5000015114,1000011234,20240126,2,2,15750.0,630.0,30870.0
12810,5000015115,1000011235,20250813,1,3,13200.0,792.0,38808.0
12811,5000015117,1000011237,20240705,1,3,10800.0,1620.0,30780.0
12812,5000015118,1000011237,20240705,2,1,15000.0,0.0,15000.0
12813,5000015119,1000011237,20240705,2,3,15000.0,900.0,44100.0
12814,5000015120,1000011238,20250804,1,1,13200.0,264.0,12936.0
12815,5000015121,1000011239,20240821,2,2,15000.0,1500.0,28500.0
12816,5000015122,1000011239,20240821,1,1,12600.0,0.0,12600.0
12817,5000015124,1000011241,20250612,2,2,15750.0,0.0,31500.0
12818,5000015125,1000011241,20250612,2,3,15000.0,900.0,44100.0
12819,5000015126,1000011241,20250612,1,2,12000.0,0.0,24000.0
12820,5000015127,1000011242,20240113,1,1,12600.0,0.0,12600.0
12821,5000015129,1000011244,20250706,2,1,15000.0,1500.0,13500.0
12822,5000015130,1000011245,20250804,1,1,12000.0,600.0,11400.0
12823,5000015131,1000011246,20240603,1,1,12000.0,0.0,12000.0
12824,5000015132,1000011246,20240603,1,1,13200.0,1320.0,11880.0
12825,5000015133,1000011247,20240208,1,2,12000.0,0.0,24000.0
12826,5000015134,1000011247,20240208,2,3,15750.0,0.0,47250.0
12827,5000015135,1000011248,20240229,1,3,10800.0,3240.0,29160.0
12828,5000015136,1000011248,20240229,1,3,13200.0,3960.0,35640.0
12829,5000015137,1000011249,20250827,2,3,16500.0,4950.0,44550.0
12830,5000015138,1000011250,20250304,2,1,15000.0,0.0,15000.0
12831,5000015139,1000011251,20250320,2,2,15750.0,1575.0,29925.0
12832,5000015140,1000011251,20250320,2,3,15000.0,900.0,44100.0
12833,5000015141,1000011252,20250523,2,2,15750.0,1575.0,29925.0
12834,5000015142,1000011253,20250525,1,3,12000.0,0.0,36000.0
12835,5000015143,1000011253,20250525,1,1,12600.0,1260.0,11340.0
12836,5000015144,1000011253,20250525,2,2,15000.0,3000.0,27000.0
12837,5000015145,1000011254,20250921,1,2,12000.0,0.0,24000.0
12838,5000015146,1000011254,20250921,1,3,12000.0,720.0,35280.0
12839,5000015147,1000011255,20250713,2,3,15000.0,4500.0,40500.0
12840,5000015148,1000011256,20250417,2,3,15000.0,0.0,45000.0
12841,5000015149,1000011256,20250417,1,2,10800.0,2160.0,19440.0
12842,5000015150,1000011257,20250629,1,2,12000.0,1200.0,22800.0
12843,5000015151,1000011258,20250104,1,1,12600.0,1260.0,11340.0
12844,5000015152,1000011259,20240531,1,2,12600.0,2520.0,22680.0
12845,5000015153,1000011260,20240220,1,3,12000.0,720.0,35280.0
12846,5000015154,1000011261,20240415,1,3,12000.0,3600.0,32400.0
12847,5000015155,1000011261,20240415,2,1,15000.0,1500.0,13500.0
12848,5000015156,1000011262,20250614,1,3,12000.0,720.0,35280.0
12849,5000015158,1000011264,20250304,2,3,13500.0,810.0,39690.0
12850,5000015159,1000011265,20240807,2,3,16500.0,2475.0,47025.0
12851,5000015160,1000011265,20240807,2,1,13500.0,1350.0,12150.0
12852,5000015161,1000011266,20250115,2,2,15750.0,3150.0,28350.0
12853,5000015162,1000011266,20250115,1,3,10800.0,1620.0,30780.0
12854,5000015163,1000011267,20250311,1,3,12000.0,3600.0,32400.0
12855,5000015164,1000011268,20240409,2,1,15750.0,1575.0,14175.0
12856,5000015165,1000011269,20250401,2,2,13500.0,0.0,27000.0
12857,5000015166,1000011270,20240621,2,1,15000.0,0.0,15000.0
12858,5000015167,1000011270,20240621,2,3,15000.0,900.0,44100.0
12859,5000015168,1000011270,20240621,2,2,13500.0,1350.0,25650.0
12860,5000015169,1000011271,20250514,2,2,15000.0,1500.0,28500.0
12861,5000015170,1000011272,20241229,2,3,13500.0,4050.0,36450.0
12862,5000015171,1000011273,20250905,2,1,15750.0,0.0,15750.0
12863,5000015172,1000011274,20240911,1,3,12000.0,720.0,35280.0
12864,5000015173,1000011274,20240911,1,2,10800.0,0.0,21600.0
12865,5000015174,1000011274,20240911,2,1,15000.0,1500.0,13500.0
12866,5000015175,1000011275,20240429,2,2,13500.0,0.0,27000.0
12867,5000015176,1000011276,20240604,2,3,15000.0,4500.0,40500.0
12868,5000015177,1000011277,20250107,2,1,16500.0,825.0,15675.0
12869,5000015178,1000011278,20250408,1,3,12600.0,3780.0,34020.0
12870,5000015179,1000011278,20250408,1,3,12000.0,720.0,35280.0
12871,5000015182,1000011280,20250322,2,2,15000.0,1500.0,28500.0
12872,5000015183,1000011280,20250322,1,1,12000.0,1200.0,10800.0
12873,5000015184,1000011281,20240310,2,2,15750.0,630.0,30870.0
12874,5000015185,1000011282,20250604,1,3,12600.0,3780.0,34020.0
12875,5000015186,1000011283,20250403,2,3,15000.0,900.0,44100.0
12876,5000015187,1000011284,20250331,1,2,12600.0,0.0,25200.0
12877,5000015188,1000011284,20250331,1,2,12000.0,0.0,24000.0
12878,5000015190,1000011286,20250411,2,3,15750.0,0.0,47250.0
12879,5000015192,1000011288,20240603,1,1,10800.0,540.0,10260.0
12880,5000015193,1000011288,20240603,2,2,13500.0,2700.0,24300.0
12881,5000015194,1000011289,20250111,2,2,15000.0,0.0,30000.0
12882,5000015195,1000011289,20250111,1,2,12000.0,2400.0,21600.0
12883,5000015196,1000011290,20240917,1,2,12000.0,2400.0,21600.0
12884,5000015197,1000011291,20240131,1,2,12000.0,480.0,23520.0
12885,5000015198,1000011292,20240112,2,1,15000.0,1500.0,13500.0
12886,5000015199,1000011293,20240718,2,1,15000.0,0.0,15000.0
12887,5000015200,1000011294,20250217,2,2,13500.0,0.0,27000.0
12888,5000015201,1000011294,20250217,1,3,12000.0,720.0,35280.0
12889,5000015202,1000011295,20241223,1,2,13200.0,2640.0,23760.0
12890,5000015203,1000011296,20240504,2,3,15750.0,4725.0,42525.0
12891,5000015204,1000011296,20240504,1,1,12600.0,1260.0,11340.0
12892,5000015205,1000011297,20240728,2,3,15000.0,900.0,44100.0
12893,5000015207,1000011299,20250817,2,3,13500.0,810.0,39690.0
12894,5000015210,1000011301,20250514,2,1,15000.0,750.0,14250.0
12895,5000015215,1000011304,20240529,2,2,15750.0,630.0,30870.0
12896,5000015216,1000011305,20240421,1,1,12000.0,0.0,12000.0
12897,5000015217,1000011306,20250226,2,1,15000.0,0.0,15000.0
12898,5000015218,1000011307,20250412,2,3,15000.0,0.0,45000.0
12899,5000015219,1000011308,20240101,2,1,15750.0,787.5,14962.5
12900,5000015220,1000011309,20240620,1,1,13200.0,660.0,12540.0
12901,5000015221,1000011309,20240620,2,3,15000.0,4500.0,40500.0
12902,5000015222,1000011310,20241123,2,2,15750.0,630.0,30870.0
12903,5000015223,1000011311,20240811,1,3,12000.0,720.0,35280.0
12904,5000015224,1000011311,20240811,1,1,10800.0,0.0,10800.0
12905,5000015225,1000011311,20240811,1,2,12000.0,2400.0,21600.0
12906,5000015228,1000011313,20250910,2,2,15000.0,600.0,29400.0
12907,5000015229,1000011313,20250910,2,2,15000.0,3000.0,27000.0
12908,5000015230,1000011314,20250708,1,3,13200.0,3960.0,35640.0
12909,5000015231,1000011314,20250708,1,1,10800.0,0.0,10800.0
12910,5000015232,1000011314,20250708,2,2,13500.0,1350.0,25650.0
12911,5000015233,1000011315,20250212,2,2,13500.0,1350.0,25650.0
12912,5000015235,1000011317,20241115,1,2,12000.0,2400.0,21600.0
12913,5000015238,1000011320,20240202,2,2,15000.0,0.0,30000.0
12914,5000015239,1000011321,20250124,2,3,15000.0,0.0,45000.0
12915,5000015240,1000011322,20250921,2,3,15000.0,2250.0,42750.0
12916,5000015241,1000011322,20250921,2,3,15750.0,2362.5,44887.5
12917,5000015243,1000011324,20250403,1,2,13200.0,2640.0,23760.0
12918,5000015244,1000011325,20240630,1,2,12000.0,480.0,23520.0
12919,5000015245,1000011326,20250711,1,2,13200.0,528.0,25872.0
12920,5000015246,1000011326,20250711,1,3,12000.0,0.0,36000.0
12921,5000015247,1000011326,20250711,1,3,12000.0,1800.0,34200.0
12922,5000015248,1000011327,20240306,2,1,15000.0,0.0,15000.0
12923,5000015249,1000011328,20240918,2,2,15750.0,0.0,31500.0
12924,5000015250,1000011328,20240918,2,2,15000.0,600.0,29400.0
12925,5000015251,1000011329,20250709,2,1,15000.0,1500.0,13500.0
12926,5000015252,1000011330,20240202,2,2,15000.0,3000.0,27000.0
12927,5000015253,1000011331,20240519,2,1,15750.0,1575.0,14175.0
12928,5000015254,1000011332,20250613,2,2,15750.0,630.0,30870.0
12929,5000015255,1000011333,20250701,1,1,12000.0,0.0,12000.0
12930,5000015256,1000011333,20250701,1,1,13200.0,264.0,12936.0
12931,5000015257,1000011334,20240223,2,3,15750.0,945.0,46305.0
12932,5000015258,1000011334,20240223,1,2,12000.0,0.0,24000.0
12933,5000015259,1000011335,20250803,1,3,12000.0,720.0,35280.0
12934,5000015260,1000011336,20240305,1,1,13200.0,0.0,13200.0
12935,5000015261,1000011337,20250102,1,3,10800.0,0.0,32400.0
12936,5000015262,1000011338,20240720,2,3,16500.0,4950.0,44550.0
12937,5000015264,1000011340,20240217,1,1,12000.0,240.0,11760.0
12938,5000015265,1000011341,20240902,2,2,15750.0,630.0,30870.0
12939,5000015266,1000011342,20241024,2,2,16500.0,1650.0,31350.0
12940,5000015267,1000011343,20240215,2,3,15000.0,4500.0,40500.0
12941,5000015268,1000011344,20250412,2,3,13500.0,2025.0,38475.0
12942,5000015269,1000011345,20240915,1,2,12600.0,0.0,25200.0
12943,5000015270,1000011345,20240915,2,1,15000.0,1500.0,13500.0
12944,5000015271,1000011346,20250303,2,1,15000.0,1500.0,13500.0
12945,5000015272,1000011346,20250303,1,1,13200.0,1320.0,11880.0
12946,5000015273,1000011347,20250109,2,3,15000.0,0.0,45000.0
12947,5000015274,1000011347,20250109,2,3,15000.0,4500.0,40500.0
12948,5000015275,1000011348,20250224,2,1,15000.0,750.0,14250.0
12949,5000015276,1000011349,20240412,1,3,13200.0,0.0,39600.0
12950,5000015277,1000011350,20241226,1,3,12000.0,720.0,35280.0
12951,5000015278,1000011351,20240205,2,2,16500.0,0.0,33000.0
12952,5000015279,1000011352,20240424,1,2,12000.0,480.0,23520.0
12953,5000015280,1000011353,20250309,2,3,15750.0,945.0,46305.0
12954,5000015281,1000011354,20250411,2,2,13500.0,0.0,27000.0
12955,5000015282,1000011354,20250411,2,1,15000.0,750.0,14250.0
12956,5000015283,1000011355,20240923,1,1,10800.0,1080.0,9720.0
12957,5000015285,1000011357,20250424,2,1,15000.0,0.0,15000.0
12958,5000015286,1000011357,20250424,1,3,12000.0,3600.0,32400.0
12959,5000015287,1000011357,20250424,1,2,13200.0,528.0,25872.0
12960,5000015288,1000011358,20240908,1,3,10800.0,0.0,32400.0
12961,5000015289,1000011359,20240708,1,1,12000.0,1200.0,10800.0
12962,5000015290,1000011359,20240708,2,1,15000.0,750.0,14250.0
12963,5000015291,1000011360,20250214,1,2,13200.0,528.0,25872.0
12964,5000015292,1000011361,20240505,2,2,15000.0,3000.0,27000.0
12965,5000015293,1000011362,20240103,2,3,15000.0,4500.0,40500.0
12966,5000015294,1000011363,20240731,2,3,15750.0,4725.0,42525.0
12967,5000015295,1000011363,20240731,2,2,15000.0,600.0,29400.0
12968,5000015296,1000011364,20240312,2,1,15750.0,1575.0,14175.0
12969,5000015297,1000011365,20241120,2,3,15000.0,900.0,44100.0
12970,5000015298,1000011365,20241120,1,3,12600.0,1890.0,35910.0
12971,5000015299,1000011366,20240920,1,3,10800.0,0.0,32400.0
12972,5000015300,1000011367,20240604,1,3,12000.0,3600.0,32400.0
12973,5000015301,1000011368,20240219,1,2,12000.0,480.0,23520.0
12974,5000015302,1000011369,20241222,1,3,12000.0,3600.0,32400.0
12975,5000015303,1000011369,20241222,1,2,12000.0,0.0,24000.0
12976,5000015304,1000011370,20241225,2,2,15000.0,3000.0,27000.0
12977,5000015305,1000011371,20250526,1,2,13200.0,528.0,25872.0
12978,5000015307,1000011373,20250117,2,2,15000.0,0.0,30000.0
12979,5000015308,1000011374,20250622,2,3,15000.0,2250.0,42750.0
12980,5000015309,1000011375,20240728,1,3,10800.0,648.0,31752.0
12981,5000015310,1000011375,20240728,1,1,12600.0,1260.0,11340.0
12982,5000015311,1000011376,20240818,1,1,12000.0,240.0,11760.0
12983,5000015312,1000011377,20241214,1,3,12000.0,720.0,35280.0
12984,5000015313,1000011377,20241214,1,3,12000.0,720.0,35280.0
12985,5000015315,1000011379,20250923,2,3,15000.0,900.0,44100.0
12986,5000015316,1000011380,20250514,2,2,15750.0,1575.0,29925.0
12987,5000015317,1000011381,20250423,1,1,12600.0,1260.0,11340.0
12988,5000015318,1000011382,20240729,1,3,13200.0,792.0,38808.0
12989,5000015319,1000011382,20240729,2,1,15000.0,1500.0,13500.0
12990,5000015320,1000011383,20241212,1,2,12000.0,0.0,24000.0
12991,5000015328,1000011389,20240912,1,1,12600.0,630.0,11970.0
12992,5000015329,1000011390,20240518,2,3,15750.0,2362.5,44887.5
12993,5000015330,1000011391,20241004,1,2,12000.0,2400.0,21600.0
12994,5000015331,1000011391,20241004,2,1,15000.0,750.0,14250.0
12995,5000015332,1000011392,20240217,1,1,12600.0,252.0,12348.0
12996,5000015333,1000011393,20241203,2,1,15000.0,750.0,14250.0
12997,5000015334,1000011393,20241203,1,3,12000.0,1800.0,34200.0
12998,5000015335,1000011393,20241203,2,3,15000.0,2250.0,42750.0
12999,5000015336,1000011394,20250830,2,3,15750.0,945.0,46305.0
13000,5000015337,1000011394,20250830,1,3,13200.0,792.0,38808.0
13001,5000015339,1000011396,20250207,1,1,12000.0,1200.0,10800.0
13002,5000015343,1000011398,20250928,1,3,12000.0,720.0,35280.0
13003,5000015344,1000011399,20240321,2,2,15000.0,3000.0,27000.0
13004,5000015345,1000011400,20240915,1,1,12000.0,1200.0,10800.0
13005,5000015346,1000011400,20240915,2,3,16500.0,990.0,48510.0
13006,5000015347,1000011401,20250122,2,3,15000.0,4500.0,40500.0
13007,5000015348,1000011401,20250122,1,3,10800.0,0.0,32400.0
13008,5000015349,1000011402,20240730,2,2,15000.0,0.0,30000.0
13009,5000015350,1000011403,20240516,2,2,15000.0,600.0,29400.0
13010,5000015351,1000011404,20240219,2,2,15000.0,1500.0,28500.0
13011,5000015352,1000011405,20250727,1,1,12000.0,0.0,12000.0
13012,5000015353,1000011406,20240820,1,2,12600.0,2520.0,22680.0
13013,5000015354,1000011407,20250806,2,1,15000.0,1500.0,13500.0
13014,5000015355,1000011408,20250814,2,3,15000.0,900.0,44100.0
13015,5000015356,1000011408,20250814,1,1,12000.0,0.0,12000.0
13016,5000015357,1000011409,20240411,1,3,12000.0,3600.0,32400.0
13017,5000015358,1000011410,20250805,2,3,15000.0,2250.0,42750.0
13018,5000015359,1000011410,20250805,1,1,13200.0,0.0,13200.0
13019,5000015360,1000011411,20240808,1,2,12000.0,2400.0,21600.0
13020,5000015361,1000011411,20240808,1,1,12000.0,1200.0,10800.0
13021,5000015362,1000011412,20240402,1,1,12600.0,0.0,12600.0
13022,5000015363,1000011413,20250515,2,2,15000.0,3000.0,27000.0
13023,5000015364,1000011413,20250515,2,2,15000.0,1500.0,28500.0
13024,5000015365,1000011414,20250516,2,3,15000.0,0.0,45000.0
13025,5000015366,1000011414,20250516,2,3,13500.0,810.0,39690.0
13026,5000015367,1000011415,20250320,1,2,13200.0,2640.0,23760.0
13027,5000015368,1000011416,20250208,2,3,15750.0,0.0,47250.0
13028,5000015369,1000011416,20250208,2,1,15000.0,1500.0,13500.0
13029,5000015370,1000011416,20250208,1,2,12000.0,2400.0,21600.0
13030,5000015371,1000011417,20250407,1,3,12000.0,1800.0,34200.0
13031,5000015372,1000011418,20240218,1,1,12600.0,630.0,11970.0
13032,5000015373,1000011419,20241007,1,2,10800.0,1080.0,20520.0
13033,5000015374,1000011420,20241015,2,2,13500.0,540.0,26460.0
13034,5000015375,1000011421,20240523,2,1,15000.0,1500.0,13500.0
13035,5000015376,1000011422,20250626,1,2,12600.0,0.0,25200.0
13036,5000015377,1000011423,20240926,1,3,12000.0,720.0,35280.0
13037,5000015378,1000011424,20250203,1,1,12000.0,600.0,11400.0
13038,5000015379,1000011425,20250530,1,3,12000.0,0.0,36000.0
13039,5000015380,1000011425,20250530,2,3,15000.0,4500.0,40500.0
13040,5000015381,1000011426,20250428,1,3,12000.0,3600.0,32400.0
13041,5000015382,1000011426,20250428,2,3,15000.0,2250.0,42750.0
13042,5000015383,1000011427,20241218,1,1,10800.0,216.0,10584.0
13043,5000015384,1000011428,20241203,1,3,12600.0,1890.0,35910.0
13044,5000015385,1000011428,20241203,1,1,12600.0,252.0,12348.0
13045,5000015386,1000011429,20241011,1,3,12000.0,720.0,35280.0
13046,5000015387,1000011429,20241011,1,2,12000.0,2400.0,21600.0
13047,5000015391,1000011431,20240608,2,1,15000.0,300.0,14700.0
13048,5000015392,1000011432,20250828,1,1,12600.0,252.0,12348.0
13049,5000015393,1000011433,20240915,2,3,15000.0,4500.0,40500.0
13050,5000015394,1000011434,20250902,2,2,16500.0,0.0,33000.0
13051,5000015395,1000011435,20250821,2,1,15750.0,0.0,15750.0
13052,5000015396,1000011435,20250821,2,2,15000.0,1500.0,28500.0
13053,5000015397,1000011436,20240913,1,2,12000.0,480.0,23520.0
13054,5000015398,1000011436,20240913,1,3,12000.0,720.0,35280.0
13055,5000015399,1000011437,20250910,2,2,15000.0,600.0,29400.0
13056,5000015400,1000011438,20241209,2,1,15750.0,787.5,14962.5
13057,5000015401,1000011439,20240910,1,3,12000.0,3600.0,32400.0
13058,5000015404,1000011441,20250410,1,3,12600.0,756.0,37044.0
13059,5000015405,1000011442,20240922,1,3,12000.0,3600.0,32400.0
13060,5000015406,1000011443,20250722,2,3,15000.0,4500.0,40500.0
13061,5000015407,1000011443,20250722,2,3,16500.0,4950.0,44550.0
13062,5000015409,1000011445,20250314,2,2,15000.0,0.0,30000.0
13063,5000015410,1000011446,20240725,1,1,12000.0,0.0,12000.0
13064,5000015411,1000011447,20250526,2,3,15000.0,0.0,45000.0
13065,5000015412,1000011447,20250526,2,2,15750.0,0.0,31500.0
13066,5000015413,1000011448,20250813,1,2,12000.0,2400.0,21600.0
13067,5000015414,1000011449,20240329,2,2,15750.0,630.0,30870.0
13068,5000015415,1000011449,20240329,1,2,10800.0,0.0,21600.0
13069,5000015416,1000011450,20240105,1,3,10800.0,0.0,32400.0
13070,5000015417,1000011450,20240105,1,1,12600.0,630.0,11970.0
13071,5000015418,1000011450,20240105,2,2,13500.0,2700.0,24300.0
13072,5000015420,1000011452,20250508,2,1,15750.0,315.0,15435.0
13073,5000015421,1000011453,20240513,2,3,13500.0,0.0,40500.0
13074,5000015422,1000011454,20240915,1,1,13200.0,1320.0,11880.0
13075,5000015423,1000011455,20250628,1,2,12000.0,1200.0,22800.0
13076,5000015424,1000011456,20250721,2,3,15000.0,4500.0,40500.0
13077,5000015425,1000011457,20240308,2,2,15750.0,3150.0,28350.0
13078,5000015426,1000011458,20250908,1,2,13200.0,528.0,25872.0
13079,5000015427,1000011459,20240120,2,2,15000.0,1500.0,28500.0
13080,5000015428,1000011459,20240120,1,2,12000.0,0.0,24000.0
13081,5000015429,1000011460,20250610,1,2,12600.0,2520.0,22680.0
13082,5000015430,1000011461,20240924,1,2,12000.0,2400.0,21600.0
13083,5000015433,1000011463,20250618,1,2,13200.0,0.0,26400.0
13084,5000015434,1000011464,20241203,1,2,12000.0,0.0,24000.0
13085,5000015435,1000011465,20240430,1,2,12600.0,1260.0,23940.0
13086,5000015436,1000011466,20250504,2,3,15000.0,900.0,44100.0
13087,5000015437,1000011467,20240803,2,1,15000.0,1500.0,13500.0
13088,5000015438,1000011467,20240803,2,1,15000.0,0.0,15000.0
13089,5000015439,1000011468,20240909,2,1,13500.0,270.0,13230.0
13090,5000015440,1000011468,20240909,1,3,13200.0,1980.0,37620.0
13091,5000015441,1000011468,20240909,1,2,12600.0,1260.0,23940.0
13092,5000015443,1000011470,20250913,2,1,16500.0,825.0,15675.0
13093,5000015444,1000011470,20250913,2,3,16500.0,4950.0,44550.0
13094,5000015445,1000011471,20241013,2,1,16500.0,825.0,15675.0
13095,5000015446,1000011472,20250102,2,3,15750.0,945.0,46305.0
13096,5000015447,1000011473,20240930,2,1,16500.0,1650.0,14850.0
13097,5000015448,1000011474,20240208,1,2,12000.0,0.0,24000.0
13098,5000015449,1000011474,20240208,2,2,15000.0,600.0,29400.0
13099,5000015450,1000011475,20240820,2,3,15000.0,0.0,45000.0
13100,5000015451,1000011476,20240827,1,3,10800.0,0.0,32400.0
13101,5000015452,1000011477,20240527,2,1,15750.0,0.0,15750.0
13102,5000015453,1000011477,20240527,1,1,13200.0,1320.0,11880.0
13103,5000015454,1000011478,20240801,1,3,10800.0,1620.0,30780.0
13104,5000015455,1000011478,20240801,1,3,12000.0,720.0,35280.0
13105,5000015456,1000011479,20241109,1,3,12000.0,1800.0,34200.0
13106,5000015457,1000011480,20250917,2,1,15000.0,300.0,14700.0
13107,5000015461,1000011483,20240601,2,3,16500.0,2475.0,47025.0
13108,5000015462,1000011484,20250129,2,1,15750.0,0.0,15750.0
13109,5000015463,1000011484,20250129,2,3,15000.0,4500.0,40500.0
13110,5000015464,1000011485,20240915,1,1,12000.0,240.0,11760.0
13111,5000015465,1000011485,20240915,1,1,12000.0,0.0,12000.0
13112,5000015466,1000011486,20240510,2,3,15000.0,0.0,45000.0
13113,5000015467,1000011487,20240622,1,2,12000.0,480.0,23520.0
13114,5000015468,1000011488,20240520,1,2,12000.0,2400.0,21600.0
13115,5000015469,1000011488,20240520,1,3,10800.0,1620.0,30780.0
13116,5000015470,1000011489,20240914,1,3,12600.0,3780.0,34020.0
13117,5000015471,1000011489,20240914,2,1,15750.0,315.0,15435.0
13118,5000015472,1000011490,20240326,2,2,16500.0,660.0,32340.0
13119,5000015473,1000011491,20250908,2,3,15000.0,4500.0,40500.0
13120,5000015474,1000011492,20241030,2,2,15000.0,1500.0,28500.0
13121,5000015475,1000011492,20241030,1,3,12000.0,720.0,35280.0
13122,5000015479,1000011494,20241118,1,1,10800.0,540.0,10260.0
13123,5000015480,1000011495,20241213,1,1,12000.0,0.0,12000.0
13124,5000015481,1000011496,20250819,1,2,12000.0,0.0,24000.0
13125,5000015483,1000011498,20240316,1,1,12600.0,0.0,12600.0
13126,5000015484,1000011498,20240316,1,2,10800.0,2160.0,19440.0
13127,5000015485,1000011499,20240116,1,2,10800.0,432.0,21168.0
13128,5000015486,1000011499,20240116,2,1,15000.0,0.0,15000.0
13129,5000015487,1000011500,20250305,1,1,10800.0,540.0,10260.0
13130,5000015488,1000011500,20250305,2,3,16500.0,0.0,49500.0
13131,5000015489,1000011500,20250305,2,2,15000.0,0.0,30000.0
13132,5000015490,1000011501,20240528,2,3,13500.0,4050.0,36450.0
13133,5000015491,1000011501,20240528,2,3,15000.0,2250.0,42750.0
13134,5000015492,1000011502,20240902,1,2,13200.0,2640.0,23760.0
13135,5000015493,1000011503,20241224,1,3,12000.0,1800.0,34200.0
13136,5000015495,1000011505,20241008,2,3,15000.0,900.0,44100.0
13137,5000015498,1000011507,20250402,2,3,13500.0,4050.0,36450.0
13138,5000015499,1000011508,20240516,2,1,15000.0,1500.0,13500.0
13139,5000015500,1000011509,20250202,2,1,16500.0,0.0,16500.0
13140,5000015501,1000011509,20250202,2,1,15000.0,300.0,14700.0
13141,5000015502,1000011510,20240808,2,3,15000.0,900.0,44100.0
13142,5000015503,1000011510,20240808,2,3,15000.0,900.0,44100.0
13143,5000015504,1000011510,20240808,2,1,13500.0,0.0,13500.0
13144,5000015505,1000011511,20250307,2,3,16500.0,2475.0,47025.0
13145,5000015506,1000011512,20240708,1,2,10800.0,1080.0,20520.0
13146,5000015507,1000011513,20250118,1,3,10800.0,648.0,31752.0
13147,5000015508,1000011514,20240809,1,1,12000.0,0.0,12000.0
13148,5000015509,1000011514,20240809,1,3,12000.0,720.0,35280.0
13149,5000015510,1000011514,20240809,2,2,15000.0,3000.0,27000.0
13150,5000015511,1000011515,20250714,2,2,15000.0,0.0,30000.0
13151,5000015512,1000011516,20250330,2,1,13500.0,0.0,13500.0
13152,5000015513,1000011516,20250330,2,3,15000.0,900.0,44100.0
13153,5000015514,1000011516,20250330,2,2,15000.0,3000.0,27000.0
13154,5000015515,1000011517,20250118,2,2,16500.0,0.0,33000.0
13155,5000015516,1000011518,20250223,2,1,15750.0,315.0,15435.0
13156,5000015517,1000011518,20250223,2,2,15750.0,630.0,30870.0
13157,5000015518,1000011519,20250208,1,1,12600.0,0.0,12600.0
13158,5000015519,1000011520,20240517,2,1,15000.0,750.0,14250.0
13159,5000015520,1000011520,20240517,1,3,10800.0,3240.0,29160.0
13160,5000015521,1000011521,20250605,1,1,12000.0,600.0,11400.0
13161,5000015522,1000011522,20250202,1,3,13200.0,3960.0,35640.0
13162,5000015523,1000011523,20240602,1,2,12000.0,0.0,24000.0
13163,5000015524,1000011523,20240602,1,1,13200.0,1320.0,11880.0
13164,5000015525,1000011524,20250226,2,3,16500.0,4950.0,44550.0
13165,5000015526,1000011525,20240320,2,3,15000.0,0.0,45000.0
13166,5000015527,1000011526,20241025,1,2,12000.0,480.0,23520.0
13167,5000015528,1000011527,20241021,1,1,13200.0,660.0,12540.0
13168,5000015529,1000011528,20240722,2,1,15750.0,1575.0,14175.0
13169,5000015530,1000011529,20240605,1,1,12600.0,252.0,12348.0
13170,5000015531,1000011529,20240605,2,1,15750.0,0.0,15750.0
13171,5000015532,1000011530,20241011,2,3,13500.0,810.0,39690.0
13172,5000015533,1000011530,20241011,2,2,13500.0,0.0,27000.0
13173,5000015536,1000011532,20241227,2,1,15750.0,0.0,15750.0
13174,5000015537,1000011533,20240103,2,2,15750.0,0.0,31500.0
13175,5000015539,1000011535,20240802,1,3,12000.0,0.0,36000.0
13176,5000015540,1000011536,20240516,1,3,12000.0,720.0,35280.0
13177,5000015541,1000011536,20240516,1,1,12000.0,0.0,12000.0
13178,5000015542,1000011536,20240516,2,1,15000.0,300.0,14700.0
13179,5000015543,1000011537,20241024,1,2,12000.0,1200.0,22800.0
13180,5000015544,1000011538,20240225,1,3,12000.0,1800.0,34200.0
13181,5000015545,1000011539,20250206,1,1,12000.0,600.0,11400.0
13182,5000015546,1000011539,20250206,2,3,15000.0,900.0,44100.0
13183,5000015547,1000011539,20250206,2,2,15000.0,600.0,29400.0
13184,5000015548,1000011540,20241225,2,1,15000.0,750.0,14250.0
13185,5000015549,1000011541,20240809,2,2,15000.0,3000.0,27000.0
13186,5000015550,1000011542,20240130,1,3,12000.0,720.0,35280.0
13187,5000015551,1000011542,20240130,1,3,12000.0,1800.0,34200.0
13188,5000015552,1000011542,20240130,1,1,12000.0,0.0,12000.0
13189,5000015553,1000011543,20241002,1,3,12000.0,0.0,36000.0
13190,5000015554,1000011544,20240414,2,1,15000.0,1500.0,13500.0
13191,5000015555,1000011545,20240221,2,3,15000.0,4500.0,40500.0
13192,5000015556,1000011546,20240320,1,1,12000.0,1200.0,10800.0
13193,5000015557,1000011546,20240320,1,1,12000.0,240.0,11760.0
13194,5000015558,1000011547,20241121,2,3,15750.0,0.0,47250.0
13195,5000015561,1000011549,20250725,1,3,12000.0,720.0,35280.0
13196,5000015562,1000011549,20250725,1,2,12000.0,2400.0,21600.0
13197,5000015566,1000011551,20250115,1,3,13200.0,792.0,38808.0
13198,5000015567,1000011552,20240912,2,2,13500.0,2700.0,24300.0
13199,5000015568,1000011553,20241215,1,2,12000.0,480.0,23520.0
13200,5000015569,1000011553,20241215,1,3,12000.0,720.0,35280.0
13201,5000015570,1000011553,20241215,2,1,15000.0,1500.0,13500.0
13202,5000015571,1000011554,20241227,2,2,15000.0,600.0,29400.0
13203,5000015572,1000011555,20241118,1,1,12000.0,240.0,11760.0
13204,5000015573,1000011555,20241118,1,2,12000.0,0.0,24000.0
13205,5000015574,1000011556,20240506,2,1,15000.0,1500.0,13500.0
13206,5000015575,1000011557,20250116,2,1,15000.0,1500.0,13500.0
13207,5000015576,1000011557,20250116,1,2,12000.0,0.0,24000.0
13208,5000015579,1000011559,20250413,2,1,16500.0,0.0,16500.0
13209,5000015580,1000011559,20250413,2,2,15000.0,3000.0,27000.0
13210,5000015581,1000011560,20241104,1,3,12600.0,1890.0,35910.0
13211,5000015582,1000011560,20241104,1,3,12000.0,720.0,35280.0
13212,5000015583,1000011560,20241104,2,3,15750.0,4725.0,42525.0
13213,5000015584,1000011561,20250415,2,3,16500.0,4950.0,44550.0
13214,5000015585,1000011561,20250415,1,1,10800.0,216.0,10584.0
13215,5000015588,1000011563,20250204,1,2,12000.0,2400.0,21600.0
13216,5000015589,1000011564,20240817,2,3,15000.0,0.0,45000.0
13217,5000015592,1000011566,20250912,1,3,12000.0,3600.0,32400.0
13218,5000015593,1000011567,20250804,1,3,12000.0,1800.0,34200.0
13219,5000015594,1000011568,20241126,2,2,15000.0,3000.0,27000.0
13220,5000015595,1000011568,20241126,1,3,12000.0,1800.0,34200.0
13221,5000015598,1000011570,20240104,2,3,15000.0,0.0,45000.0
13222,5000015599,1000011571,20250623,1,2,12000.0,1200.0,22800.0
13223,5000015601,1000011573,20250319,2,1,16500.0,1650.0,14850.0
13224,5000015602,1000011573,20250319,1,1,13200.0,0.0,13200.0
13225,5000015603,1000011574,20241107,2,3,15000.0,900.0,44100.0
13226,5000015604,1000011575,20250113,1,1,12600.0,630.0,11970.0
13227,5000015606,1000011577,20250307,2,1,15000.0,300.0,14700.0
13228,5000015607,1000011578,20240802,2,2,15000.0,0.0,30000.0
13229,5000015608,1000011578,20240802,1,2,12000.0,1200.0,22800.0
13230,5000015609,1000011579,20250712,2,3,13500.0,4050.0,36450.0
13231,5000015610,1000011580,20240807,1,3,12000.0,3600.0,32400.0
13232,5000015611,1000011581,20241220,1,2,12000.0,480.0,23520.0
13233,5000015612,1000011582,20250109,2,1,16500.0,330.0,16170.0
13234,5000015613,1000011583,20250411,2,3,15750.0,945.0,46305.0
13235,5000015614,1000011584,20240913,2,1,15750.0,315.0,15435.0
13236,5000015615,1000011585,20250521,2,1,15000.0,1500.0,13500.0
13237,5000015616,1000011586,20250202,1,3,10800.0,0.0,32400.0
13238,5000015617,1000011587,20240728,1,3,12000.0,0.0,36000.0
13239,5000015618,1000011587,20240728,2,3,16500.0,4950.0,44550.0
13240,5000015619,1000011587,20240728,1,2,12600.0,1260.0,23940.0
13241,5000015620,1000011588,20240507,1,1,12000.0,1200.0,10800.0
13242,5000015621,1000011588,20240507,2,2,15750.0,0.0,31500.0
13243,5000015622,1000011589,20240622,1,3,12000.0,720.0,35280.0
13244,5000015623,1000011590,20250729,1,1,12600.0,630.0,11970.0
13245,5000015624,1000011591,20240203,1,2,12000.0,1200.0,22800.0
13246,5000015625,1000011592,20250701,1,3,10800.0,3240.0,29160.0
13247,5000015626,1000011593,20250723,1,1,12000.0,0.0,12000.0
13248,5000015627,1000011593,20250723,2,2,15000.0,0.0,30000.0
13249,5000015631,1000011595,20240407,2,1,15000.0,750.0,14250.0
13250,5000015632,1000011596,20250204,1,3,10800.0,648.0,31752.0
13251,5000015633,1000011596,20250204,1,2,13200.0,2640.0,23760.0
13252,5000015636,1000011598,20240224,1,2,10800.0,432.0,21168.0
13253,5000015637,1000011598,20240224,1,2,12000.0,480.0,23520.0
13254,5000015638,1000011599,20250327,2,2,13500.0,2700.0,24300.0
13255,5000015639,1000011600,20240122,1,3,12600.0,3780.0,34020.0
13256,5000015640,1000011601,20240903,2,2,15000.0,3000.0,27000.0
13257,5000015641,1000011602,20250701,2,2,13500.0,1350.0,25650.0
13258,5000015642,1000011603,20250927,2,3,15000.0,2250.0,42750.0
13259,5000015644,1000011605,20240111,2,3,15750.0,0.0,47250.0
13260,5000015645,1000011606,20250707,1,3,12600.0,756.0,37044.0
13261,5000015646,1000011607,20250714,2,2,15000.0,3000.0,27000.0
13262,5000015647,1000011608,20240524,1,2,12000.0,0.0,24000.0
13263,5000015648,1000011608,20240524,2,2,13500.0,1350.0,25650.0
13264,5000015649,1000011609,20240130,1,1,13200.0,1320.0,11880.0
13265,5000015650,1000011609,20240130,1,1,12000.0,240.0,11760.0
13266,5000015652,1000011611,20250921,1,2,12000.0,480.0,23520.0
13267,5000015653,1000011612,20240113,1,1,12600.0,252.0,12348.0
13268,5000015654,1000011613,20250316,1,2,12600.0,1260.0,23940.0
13269,5000015656,1000011615,20250209,1,1,12000.0,0.0,12000.0
13270,5000015659,1000011617,20240618,2,1,15000.0,1500.0,13500.0
13271,5000015660,1000011617,20240618,2,3,15000.0,2250.0,42750.0
13272,5000015661,1000011618,20250912,2,1,13500.0,675.0,12825.0
13273,5000015662,1000011619,20250705,2,1,13500.0,675.0,12825.0
13274,5000015663,1000011620,20240502,2,1,16500.0,0.0,16500.0
13275,5000015665,1000011622,20250811,2,3,15750.0,4725.0,42525.0
13276,5000015666,1000011623,20240312,1,3,12000.0,0.0,36000.0
13277,5000015667,1000011624,20240111,2,3,15750.0,945.0,46305.0
13278,5000015668,1000011625,20241002,1,3,12600.0,1890.0,35910.0
13279,5000015669,1000011625,20241002,1,1,12000.0,1200.0,10800.0
13280,5000015670,1000011626,20240921,1,1,12000.0,240.0,11760.0
13281,5000015671,1000011627,20241020,2,1,15000.0,750.0,14250.0
13282,5000015672,1000011627,20241020,2,3,15000.0,900.0,44100.0
13283,5000015673,1000011628,20240303,1,3,12000.0,3600.0,32400.0
13284,5000015674,1000011629,20250712,2,1,15000.0,0.0,15000.0
13285,5000015675,1000011630,20240618,1,2,10800.0,432.0,21168.0
13286,5000015676,1000011631,20250616,2,3,16500.0,4950.0,44550.0
13287,5000015677,1000011632,20250115,1,2,12000.0,1200.0,22800.0
13288,5000015678,1000011633,20250222,2,1,13500.0,0.0,13500.0
13289,5000015679,1000011634,20241009,1,1,12000.0,0.0,12000.0
13290,5000015682,1000011637,20240105,2,2,15000.0,1500.0,28500.0
13291,5000015683,1000011637,20240105,1,1,12600.0,1260.0,11340.0
13292,5000015684,1000011638,20241003,1,1,12000.0,0.0,12000.0
13293,5000015687,1000011641,20240314,2,1,15000.0,1500.0,13500.0
13294,5000015688,1000011642,20250922,1,3,12000.0,720.0,35280.0
13295,5000015690,1000011644,20241015,1,2,12000.0,1200.0,22800.0
13296,5000015691,1000011645,20250226,2,1,15000.0,750.0,14250.0
13297,5000015692,1000011645,20250226,1,2,12000.0,2400.0,21600.0
13298,5000015693,1000011646,20240609,2,2,15000.0,3000.0,27000.0
13299,5000015694,1000011647,20241207,2,3,15000.0,900.0,44100.0
13300,5000015695,1000011648,20240215,1,1,12600.0,252.0,12348.0
13301,5000015696,1000011648,20240215,1,1,12600.0,252.0,12348.0
13302,5000015697,1000011649,20250709,1,1,12600.0,252.0,12348.0
13303,5000015698,1000011650,20250426,1,1,13200.0,0.0,13200.0
13304,5000015699,1000011650,20250426,2,3,15000.0,4500.0,40500.0
13305,5000015700,1000011651,20240915,2,2,15000.0,0.0,30000.0
13306,5000015702,1000011653,20240127,1,2,10800.0,2160.0,19440.0
13307,5000015703,1000011653,20240127,1,2,12000.0,1200.0,22800.0
13308,5000015704,1000011654,20240215,1,3,12000.0,3600.0,32400.0
13309,5000015705,1000011655,20250724,2,2,15000.0,0.0,30000.0
13310,5000015706,1000011656,20250611,1,1,12600.0,0.0,12600.0
13311,5000015707,1000011656,20250611,1,3,12000.0,0.0,36000.0
13312,5000015708,1000011657,20240414,1,1,12000.0,240.0,11760.0
13313,5000015709,1000011658,20240103,2,3,15000.0,0.0,45000.0
13314,5000015710,1000011658,20240103,1,2,12000.0,480.0,23520.0
13315,5000015711,1000011658,20240103,2,1,13500.0,1350.0,12150.0
13316,5000015712,1000011659,20240619,1,1,13200.0,1320.0,11880.0
13317,5000015713,1000011660,20240812,1,3,12000.0,0.0,36000.0
13318,5000015714,1000011661,20240715,2,1,15000.0,300.0,14700.0
13319,5000015715,1000011662,20240622,1,1,12000.0,240.0,11760.0
13320,5000015716,1000011663,20250324,1,3,12000.0,1800.0,34200.0
13321,5000015717,1000011664,20240417,1,2,12000.0,480.0,23520.0
13322,5000015718,1000011665,20240805,2,3,16500.0,0.0,49500.0
13323,5000015719,1000011666,20240820,1,2,12000.0,480.0,23520.0
13324,5000015720,1000011667,20250413,2,2,15000.0,1500.0,28500.0
13325,5000015722,1000011669,20241010,2,2,15000.0,0.0,30000.0
13326,5000015723,1000011670,20240123,2,2,15750.0,1575.0,29925.0
13327,5000015724,1000011671,20240601,2,3,15000.0,0.0,45000.0
13328,5000015725,1000011671,20240601,2,3,15000.0,4500.0,40500.0
13329,5000015726,1000011672,20240603,2,3,15000.0,4500.0,40500.0
13330,5000015727,1000011673,20241128,2,1,15000.0,0.0,15000.0
13331,5000015728,1000011674,20250722,2,1,15000.0,0.0,15000.0
13332,5000015729,1000011674,20250722,2,2,15000.0,3000.0,27000.0
13333,5000015730,1000011675,20250507,1,2,12600.0,2520.0,22680.0
13334,5000015731,1000011676,20250730,1,3,12000.0,0.0,36000.0
13335,5000015732,1000011677,20241220,2,2,15000.0,600.0,29400.0
13336,5000015733,1000011678,20240205,1,3,12000.0,720.0,35280.0
13337,5000015734,1000011679,20240606,1,3,10800.0,648.0,31752.0
13338,5000015735,1000011680,20250410,2,1,16500.0,1650.0,14850.0
13339,5000015736,1000011680,20250410,2,2,15000.0,600.0,29400.0
13340,5000015737,1000011681,20240420,2,2,15000.0,600.0,29400.0
13341,5000015738,1000011682,20250613,2,3,15000.0,0.0,45000.0
13342,5000015739,1000011683,20250827,1,3,12000.0,0.0,36000.0
13343,5000015740,1000011684,20250426,2,2,15750.0,630.0,30870.0
13344,5000015741,1000011685,20240104,1,1,13200.0,1320.0,11880.0
13345,5000015742,1000011686,20250910,2,2,15000.0,600.0,29400.0
13346,5000015743,1000011687,20240209,1,1,12000.0,0.0,12000.0
13347,5000015744,1000011688,20240701,2,2,13500.0,2700.0,24300.0
13348,5000015745,1000011689,20240116,1,2,12000.0,480.0,23520.0
13349,5000015746,1000011690,20241104,2,1,15000.0,0.0,15000.0
13350,5000015747,1000011691,20250901,1,3,12600.0,0.0,37800.0
13351,5000015751,1000011694,20250822,1,1,12000.0,240.0,11760.0
13352,5000015752,1000011694,20250822,2,2,16500.0,1650.0,31350.0
13353,5000015753,1000011695,20250610,1,1,12000.0,0.0,12000.0
13354,5000015754,1000011696,20240615,1,1,12000.0,600.0,11400.0
13355,5000015755,1000011696,20240615,1,2,12000.0,1200.0,22800.0
13356,5000015756,1000011697,20240609,2,2,15000.0,0.0,30000.0
13357,5000015757,1000011698,20241015,2,2,15000.0,0.0,30000.0
13358,5000015758,1000011699,20250211,1,3,10800.0,648.0,31752.0
13359,5000015759,1000011699,20250211,2,2,15000.0,1500.0,28500.0
13360,5000015760,1000011700,20240808,2,1,16500.0,825.0,15675.0
13361,5000015761,1000011701,20240901,1,2,12000.0,2400.0,21600.0
13362,5000015762,1000011702,20241007,1,2,10800.0,0.0,21600.0
13363,5000015763,1000011703,20240520,2,1,15000.0,750.0,14250.0
13364,5000015764,1000011703,20240520,1,3,12000.0,1800.0,34200.0
13365,5000015765,1000011704,20240910,1,1,12000.0,240.0,11760.0
13366,5000015766,1000011705,20240326,2,1,15000.0,750.0,14250.0
13367,5000015767,1000011706,20241110,2,1,15000.0,1500.0,13500.0
13368,5000015768,1000011707,20240122,1,1,12000.0,240.0,11760.0
13369,5000015769,1000011707,20240122,2,2,15000.0,600.0,29400.0
13370,5000015770,1000011708,20240815,1,2,10800.0,1080.0,20520.0
13371,5000015771,1000011709,20240921,1,2,12000.0,480.0,23520.0
13372,5000015772,1000011710,20240411,2,2,15000.0,0.0,30000.0
13373,5000015773,1000011711,20250211,1,2,10800.0,0.0,21600.0
13374,5000015774,1000011712,20250724,2,2,15000.0,0.0,30000.0
13375,5000015778,1000011714,20240623,2,1,13500.0,675.0,12825.0
13376,5000015779,1000011714,20240623,1,3,10800.0,0.0,32400.0
13377,5000015780,1000011715,20250207,2,1,16500.0,0.0,16500.0
13378,5000015781,1000011716,20240415,1,1,12000.0,240.0,11760.0
13379,5000015782,1000011716,20240415,1,3,12000.0,3600.0,32400.0
13380,5000015784,1000011718,20250106,1,1,12000.0,240.0,11760.0
13381,5000015785,1000011719,20250830,1,3,10800.0,1620.0,30780.0
13382,5000015786,1000011719,20250830,2,2,15000.0,0.0,30000.0
13383,5000015787,1000011720,20250414,1,2,12000.0,480.0,23520.0
13384,5000015788,1000011721,20240210,2,3,15000.0,0.0,45000.0
13385,5000015790,1000011723,20240204,2,1,15000.0,0.0,15000.0
13386,5000015791,1000011724,20250525,1,2,12600.0,504.0,24696.0
13387,5000015792,1000011724,20250525,2,1,15750.0,787.5,14962.5
13388,5000015793,1000011725,20240303,1,3,12000.0,3600.0,32400.0
13389,5000015794,1000011726,20240611,1,1,12000.0,600.0,11400.0
13390,5000015795,1000011727,20240507,2,3,16500.0,990.0,48510.0
13391,5000015796,1000011728,20240817,2,2,13500.0,540.0,26460.0
13392,5000015797,1000011729,20241209,1,2,12000.0,480.0,23520.0
13393,5000015798,1000011730,20240929,2,1,15000.0,750.0,14250.0
13394,5000015799,1000011730,20240929,1,2,10800.0,2160.0,19440.0
13395,5000015800,1000011730,20240929,1,2,12000.0,480.0,23520.0
13396,5000015802,1000011732,20241208,1,2,12000.0,2400.0,21600.0
13397,5000015803,1000011733,20241219,2,1,15000.0,1500.0,13500.0
13398,5000015804,1000011734,20250222,2,1,15000.0,750.0,14250.0
13399,5000015805,1000011735,20240927,2,2,15000.0,600.0,29400.0
13400,5000015807,1000011737,20241109,2,1,15000.0,1500.0,13500.0
13401,5000015808,1000011738,20240628,2,3,15000.0,2250.0,42750.0
13402,5000015809,1000011739,20240918,1,1,13200.0,660.0,12540.0
13403,5000015810,1000011740,20240316,1,1,12600.0,1260.0,11340.0
13404,5000015811,1000011741,20240523,1,1,12000.0,1200.0,10800.0
13405,5000015812,1000011742,20250312,1,1,12000.0,0.0,12000.0
13406,5000015813,1000011743,20240721,2,1,15000.0,300.0,14700.0
13407,5000015814,1000011743,20240721,2,3,15000.0,4500.0,40500.0
13408,5000015815,1000011743,20240721,1,1,12000.0,600.0,11400.0
13409,5000015816,1000011744,20250126,2,1,15000.0,1500.0,13500.0
13410,5000015817,1000011744,20250126,2,2,15750.0,3150.0,28350.0
13411,5000015818,1000011745,20240331,1,3,12000.0,720.0,35280.0
13412,5000015819,1000011745,20240331,1,1,12000.0,240.0,11760.0
13413,5000015820,1000011746,20240307,2,1,15000.0,750.0,14250.0
13414,5000015821,1000011747,20240618,1,3,10800.0,0.0,32400.0
13415,5000015822,1000011748,20240724,2,1,13500.0,270.0,13230.0
13416,5000015823,1000011749,20240516,2,1,15750.0,0.0,15750.0
13417,5000015824,1000011750,20241212,1,3,12000.0,3600.0,32400.0
13418,5000015830,1000011754,20250811,2,2,15000.0,1500.0,28500.0
13419,5000015831,1000011754,20250811,2,2,15000.0,600.0,29400.0
13420,5000015832,1000011755,20241004,2,1,15000.0,750.0,14250.0
13421,5000015833,1000011756,20241123,1,1,12000.0,0.0,12000.0
13422,5000015834,1000011757,20240314,1,2,12000.0,2400.0,21600.0
13423,5000015835,1000011758,20250720,2,2,13500.0,0.0,27000.0
13424,5000015836,1000011758,20250720,1,1,13200.0,0.0,13200.0
13425,5000015837,1000011759,20240801,2,3,15000.0,4500.0,40500.0
13426,5000015838,1000011760,20240728,2,2,15000.0,600.0,29400.0
13427,5000015839,1000011760,20240728,2,1,15000.0,0.0,15000.0
13428,5000015840,1000011761,20240820,2,3,16500.0,4950.0,44550.0
13429,5000015841,1000011762,20241013,2,3,15000.0,4500.0,40500.0
13430,5000015842,1000011763,20240412,1,3,10800.0,648.0,31752.0
13431,5000015843,1000011764,20250328,2,2,15750.0,1575.0,29925.0
13432,5000015844,1000011765,20240607,1,2,12000.0,2400.0,21600.0
13433,5000015845,1000011766,20250717,1,2,12000.0,2400.0,21600.0
13434,5000015846,1000011766,20250717,1,1,12600.0,0.0,12600.0
13435,5000015847,1000011767,20241111,1,2,12000.0,480.0,23520.0
13436,5000015848,1000011767,20241111,2,3,15000.0,0.0,45000.0
13437,5000015849,1000011768,20240912,1,1,12000.0,600.0,11400.0
13438,5000015851,1000011770,20241209,2,3,15000.0,4500.0,40500.0
13439,5000015852,1000011771,20240611,1,2,10800.0,0.0,21600.0
13440,5000015854,1000011773,20250503,2,1,15000.0,750.0,14250.0
13441,5000015855,1000011773,20250503,1,1,10800.0,1080.0,9720.0
13442,5000015856,1000011774,20250130,1,1,12600.0,252.0,12348.0
13443,5000015857,1000011774,20250130,1,1,10800.0,540.0,10260.0
13444,5000015858,1000011775,20240929,1,1,12000.0,240.0,11760.0
13445,5000015859,1000011776,20240907,2,3,16500.0,2475.0,47025.0
13446,5000015860,1000011777,20240425,1,1,12600.0,630.0,11970.0
13447,5000015862,1000011779,20241124,2,3,15000.0,4500.0,40500.0
13448,5000015863,1000011780,20240103,1,2,13200.0,0.0,26400.0
13449,5000015864,1000011781,20240926,1,3,12000.0,720.0,35280.0
13450,5000015865,1000011782,20240104,2,1,15000.0,1500.0,13500.0
13451,5000015866,1000011783,20240109,1,2,12000.0,1200.0,22800.0
13452,5000015867,1000011784,20250511,2,1,15000.0,750.0,14250.0
13453,5000015868,1000011785,20250209,1,1,12000.0,240.0,11760.0
13454,5000015869,1000011786,20240902,1,3,12600.0,3780.0,34020.0
13455,5000015870,1000011787,20250914,2,3,15000.0,0.0,45000.0
13456,5000015871,1000011788,20241012,2,2,15750.0,630.0,30870.0
13457,5000015872,1000011788,20241012,1,2,12000.0,2400.0,21600.0
13458,5000015873,1000011789,20240601,1,2,12600.0,0.0,25200.0
13459,5000015874,1000011789,20240601,1,2,12000.0,2400.0,21600.0
13460,5000015875,1000011790,20250716,2,2,15000.0,0.0,30000.0
13461,5000015876,1000011791,20250506,1,1,12000.0,240.0,11760.0
13462,5000015877,1000011792,20250315,2,2,15000.0,600.0,29400.0
13463,5000015878,1000011793,20250808,1,1,12600.0,0.0,12600.0
13464,5000015879,1000011794,20241010,2,2,15000.0,1500.0,28500.0
13465,5000015880,1000011794,20241010,1,3,10800.0,1620.0,30780.0
13466,5000015881,1000011794,20241010,2,1,15750.0,787.5,14962.5
13467,5000015882,1000011795,20250106,2,2,15000.0,3000.0,27000.0
13468,5000015883,1000011796,20240301,2,3,15000.0,900.0,44100.0
13469,5000015884,1000011797,20240504,1,2,10800.0,432.0,21168.0
13470,5000015885,1000011797,20240504,1,1,12000.0,1200.0,10800.0
13471,5000015886,1000011797,20240504,1,3,13200.0,792.0,38808.0
13472,5000015887,1000011798,20240125,1,3,13200.0,792.0,38808.0
13473,5000015888,1000011799,20241221,1,1,13200.0,1320.0,11880.0
13474,5000015889,1000011799,20241221,2,2,15000.0,1500.0,28500.0
13475,5000015890,1000011800,20250605,1,3,12000.0,3600.0,32400.0
13476,5000015891,1000011801,20250704,2,1,15000.0,750.0,14250.0
13477,5000015892,1000011802,20240426,2,2,15000.0,1500.0,28500.0
13478,5000015893,1000011803,20250523,1,1,12000.0,600.0,11400.0
13479,5000015894,1000011804,20240117,1,2,13200.0,2640.0,23760.0
13480,5000015895,1000011805,20240415,1,1,12000.0,0.0,12000.0
13481,5000015896,1000011806,20240617,1,1,12000.0,600.0,11400.0
13482,5000015897,1000011807,20240620,2,1,16500.0,825.0,15675.0
13483,5000015898,1000011808,20250529,2,3,13500.0,0.0,40500.0
13484,5000015899,1000011808,20250529,1,3,13200.0,1980.0,37620.0
13485,5000015900,1000011808,20250529,1,2,10800.0,0.0,21600.0
13486,5000015901,1000011809,20240903,1,1,12600.0,630.0,11970.0
13487,5000015902,1000011810,20250911,1,3,12000.0,1800.0,34200.0
13488,5000015906,1000011813,20250930,2,1,13500.0,1350.0,12150.0
13489,5000015907,1000011814,20240821,1,3,12000.0,0.0,36000.0
13490,5000015908,1000011815,20240110,1,2,10800.0,0.0,21600.0
13491,5000015909,1000011816,20240314,1,2,10800.0,0.0,21600.0
13492,5000015910,1000011817,20241122,2,2,15000.0,0.0,30000.0
13493,5000015911,1000011818,20250506,1,1,12000.0,1200.0,10800.0
13494,5000015912,1000011819,20240331,1,1,10800.0,216.0,10584.0
13495,5000015913,1000011819,20240331,1,2,12000.0,480.0,23520.0
13496,5000015916,1000011821,20241015,1,3,12000.0,1800.0,34200.0
13497,5000015917,1000011822,20240912,1,1,13200.0,0.0,13200.0
13498,5000015918,1000011822,20240912,2,1,15000.0,300.0,14700.0
13499,5000015919,1000011823,20250216,1,3,12600.0,3780.0,34020.0
13500,5000015920,1000011823,20250216,1,2,12000.0,480.0,23520.0
13501,5000015921,1000011824,20240620,1,1,12000.0,0.0,12000.0
13502,5000015924,1000011826,20250629,1,2,12000.0,2400.0,21600.0
13503,5000015926,1000011828,20240310,1,2,10800.0,0.0,21600.0
13504,5000015927,1000011828,20240310,2,3,13500.0,2025.0,38475.0
13505,5000015928,1000011828,20240310,1,2,10800.0,432.0,21168.0
13506,5000015929,1000011829,20240705,2,3,13500.0,4050.0,36450.0
13507,5000015930,1000011829,20240705,1,2,12600.0,1260.0,23940.0
13508,5000015931,1000011830,20250609,2,2,15000.0,600.0,29400.0
13509,5000015932,1000011831,20250804,1,2,12000.0,2400.0,21600.0
13510,5000015933,1000011832,20240905,1,2,12600.0,0.0,25200.0
13511,5000015934,1000011832,20240905,1,3,13200.0,792.0,38808.0
13512,5000015935,1000011833,20241118,2,3,15000.0,4500.0,40500.0
13513,5000015936,1000011833,20241118,1,3,12000.0,1800.0,34200.0
13514,5000015937,1000011834,20240415,1,3,12600.0,0.0,37800.0
13515,5000015939,1000011836,20240227,2,2,15000.0,3000.0,27000.0
13516,5000015940,1000011837,20250609,1,2,10800.0,1080.0,20520.0
13517,5000015941,1000011838,20250202,1,2,12600.0,2520.0,22680.0
13518,5000015942,1000011839,20241202,1,3,12000.0,3600.0,32400.0
13519,5000015943,1000011840,20250809,1,2,13200.0,528.0,25872.0
13520,5000015945,1000011842,20250812,1,1,12000.0,600.0,11400.0
13521,5000015946,1000011842,20250812,2,2,15000.0,600.0,29400.0
13522,5000015947,1000011843,20250415,1,1,12000.0,0.0,12000.0
13523,5000015948,1000011844,20240326,2,1,15750.0,0.0,15750.0
13524,5000015949,1000011844,20240326,1,1,12000.0,600.0,11400.0
13525,5000015950,1000011845,20241211,2,1,15000.0,300.0,14700.0
13526,5000015951,1000011846,20250311,2,1,13500.0,1350.0,12150.0
13527,5000015952,1000011847,20250903,2,3,15000.0,0.0,45000.0
13528,5000015953,1000011848,20240828,2,3,15000.0,2250.0,42750.0
13529,5000015954,1000011849,20240305,2,3,15000.0,2250.0,42750.0
13530,5000015955,1000011850,20241109,2,1,15000.0,1500.0,13500.0
13531,5000015956,1000011851,20240208,2,3,15000.0,2250.0,42750.0
13532,5000015957,1000011852,20250802,2,3,15000.0,0.0,45000.0
13533,5000015958,1000011853,20241221,1,1,13200.0,264.0,12936.0
13534,5000015959,1000011854,20240601,2,1,15000.0,1500.0,13500.0
13535,5000015960,1000011855,20240302,1,3,10800.0,3240.0,29160.0
13536,5000015961,1000011856,20240708,1,2,12000.0,2400.0,21600.0
13537,5000015962,1000011857,20250127,2,1,15000.0,300.0,14700.0
13538,5000015963,1000011858,20240626,1,1,12000.0,1200.0,10800.0
13539,5000015964,1000011859,20240326,2,2,13500.0,1350.0,25650.0
13540,5000015965,1000011860,20240402,1,2,10800.0,2160.0,19440.0
13541,5000015966,1000011861,20240706,2,1,15000.0,300.0,14700.0
13542,5000015967,1000011862,20250108,2,2,15000.0,1500.0,28500.0
13543,5000015968,1000011863,20250308,2,3,13500.0,810.0,39690.0
13544,5000015969,1000011863,20250308,1,1,12600.0,0.0,12600.0
13545,5000015970,1000011864,20240118,1,1,12600.0,630.0,11970.0
13546,5000015971,1000011864,20240118,1,3,12000.0,720.0,35280.0
13547,5000015972,1000011865,20241130,1,3,12000.0,3600.0,32400.0
13548,5000015974,1000011867,20250217,1,2,10800.0,0.0,21600.0
13549,5000015975,1000011868,20250526,2,1,15000.0,1500.0,13500.0
13550,5000015976,1000011869,20240105,1,1,12000.0,240.0,11760.0
13551,5000015977,1000011869,20240105,1,1,12000.0,600.0,11400.0
13552,5000015978,1000011870,20250830,2,3,13500.0,0.0,40500.0
13553,5000015979,1000011871,20250904,2,3,15000.0,2250.0,42750.0
13554,5000015980,1000011872,20250527,2,1,15750.0,0.0,15750.0
13555,5000015981,1000011873,20250829,1,1,12000.0,0.0,12000.0
13556,5000015982,1000011874,20250324,2,3,15000.0,4500.0,40500.0
13557,5000015983,1000011875,20250502,2,2,15000.0,1500.0,28500.0
13558,5000015984,1000011876,20241216,2,1,16500.0,330.0,16170.0
13559,5000015985,1000011876,20241216,2,3,15750.0,945.0,46305.0
13560,5000015986,1000011876,20241216,2,1,15000.0,750.0,14250.0
13561,5000015987,1000011877,20240419,2,1,13500.0,1350.0,12150.0
13562,5000015988,1000011877,20240419,2,1,15750.0,787.5,14962.5
13563,5000015989,1000011878,20241209,2,2,15000.0,1500.0,28500.0
13564,5000015990,1000011879,20250907,1,2,10800.0,2160.0,19440.0
13565,5000015991,1000011880,20250521,2,2,15000.0,600.0,29400.0
13566,5000015992,1000011881,20240523,2,2,15000.0,600.0,29400.0
13567,5000015993,1000011882,20240219,2,2,15000.0,600.0,29400.0
13568,5000015994,1000011883,20250314,2,2,15000.0,3000.0,27000.0
13569,5000015995,1000011884,20240505,1,1,12000.0,0.0,12000.0
13570,5000015996,1000011884,20240505,1,3,10800.0,3240.0,29160.0
13571,5000015997,1000011884,20240505,2,2,15000.0,0.0,30000.0
13572,5000015998,1000011885,20250212,2,3,15000.0,2250.0,42750.0
13573,5000015999,1000011886,20240710,2,3,15000.0,4500.0,40500.0
13574,5000016000,1000011887,20240705,1,3,12000.0,1800.0,34200.0
13575,5000016001,1000011888,20250114,2,3,15000.0,900.0,44100.0
13576,5000016002,1000011889,20250908,1,1,12000.0,240.0,11760.0
13577,5000016003,1000011890,20250528,1,1,12000.0,240.0,11760.0
13578,5000016004,1000011891,20250826,2,3,16500.0,0.0,49500.0
13579,5000016005,1000011892,20250228,1,1,12000.0,1200.0,10800.0
13580,5000016006,1000011893,20240331,1,2,13200.0,0.0,26400.0
13581,5000016007,1000011894,20250731,1,3,12600.0,1890.0,35910.0
13582,5000016008,1000011895,20250309,1,3,12000.0,720.0,35280.0
13583,5000016009,1000011896,20240604,2,3,15000.0,2250.0,42750.0
13584,5000016010,1000011897,20241105,1,1,10800.0,540.0,10260.0
13585,5000016011,1000011897,20241105,2,3,16500.0,2475.0,47025.0
13586,5000016015,1000011900,20241227,1,3,12600.0,0.0,37800.0
13587,5000016016,1000011900,20241227,1,1,13200.0,264.0,12936.0
13588,5000016017,1000011901,20240810,2,1,15750.0,0.0,15750.0
13589,5000016018,1000011902,20250503,1,3,12000.0,1800.0,34200.0
13590,5000016019,1000011903,20240107,2,2,16500.0,3300.0,29700.0
13591,5000016020,1000011903,20240107,2,3,15000.0,2250.0,42750.0
13592,5000016021,1000011904,20240306,2,1,15000.0,750.0,14250.0
13593,5000016022,1000011905,20240730,1,1,12000.0,240.0,11760.0
13594,5000016023,1000011905,20240730,1,1,12000.0,240.0,11760.0
13595,5000016024,1000011906,20250804,1,3,12000.0,0.0,36000.0
13596,5000016025,1000011906,20250804,1,1,13200.0,1320.0,11880.0
13597,5000016026,1000011907,20250411,2,1,13500.0,1350.0,12150.0
13598,5000016027,1000011908,20241024,2,2,15000.0,600.0,29400.0
13599,5000016028,1000011909,20241201,2,3,13500.0,810.0,39690.0
13600,5000016029,1000011909,20241201,2,3,13500.0,4050.0,36450.0
13601,5000016030,1000011910,20250722,2,3,15000.0,2250.0,42750.0
13602,5000016031,1000011910,20250722,1,3,12000.0,3600.0,32400.0
13603,5000016032,1000011911,20250214,2,1,16500.0,330.0,16170.0
13604,5000016033,1000011912,20250525,1,2,12000.0,2400.0,21600.0
13605,5000016034,1000011913,20250325,1,3,12600.0,3780.0,34020.0
13606,5000016035,1000011913,20250325,2,3,15000.0,4500.0,40500.0
13607,5000016036,1000011914,20250112,2,3,15000.0,0.0,45000.0
13608,5000016037,1000011915,20240411,1,1,12600.0,1260.0,11340.0
13609,5000016038,1000011916,20240518,2,1,15000.0,750.0,14250.0
13610,5000016039,1000011916,20240518,1,1,10800.0,1080.0,9720.0
13611,5000016040,1000011917,20250831,1,1,12000.0,240.0,11760.0
13612,5000016041,1000011918,20240908,1,1,12000.0,1200.0,10800.0
13613,5000016042,1000011918,20240908,1,2,12000.0,0.0,24000.0
13614,5000016045,1000011920,20240928,2,1,15750.0,315.0,15435.0
13615,5000016046,1000011920,20240928,1,3,12600.0,756.0,37044.0
13616,5000016047,1000011921,20240728,2,1,13500.0,0.0,13500.0
13617,5000016048,1000011922,20250420,2,3,15000.0,0.0,45000.0
13618,5000016049,1000011923,20250109,1,3,12000.0,720.0,35280.0
13619,5000016050,1000011924,20240305,1,3,12000.0,3600.0,32400.0
13620,5000016051,1000011925,20250305,2,2,15000.0,600.0,29400.0
13621,5000016052,1000011926,20240322,1,3,12000.0,720.0,35280.0
13622,5000016053,1000011926,20240322,1,1,12000.0,240.0,11760.0
13623,5000016054,1000011927,20240220,1,2,12000.0,480.0,23520.0
13624,5000016055,1000011927,20240220,1,1,12000.0,1200.0,10800.0
13625,5000016056,1000011928,20241216,2,1,15000.0,1500.0,13500.0
13626,5000016057,1000011928,20241216,2,3,13500.0,4050.0,36450.0
13627,5000016058,1000011928,20241216,1,1,12000.0,600.0,11400.0
13628,5000016059,1000011929,20240515,2,1,15750.0,315.0,15435.0
13629,5000016060,1000011930,20240323,2,1,15750.0,787.5,14962.5
13630,5000016063,1000011933,20240427,1,1,12000.0,240.0,11760.0
13631,5000016064,1000011933,20240427,2,1,15000.0,1500.0,13500.0
13632,5000016065,1000011934,20250717,2,1,15000.0,300.0,14700.0
13633,5000016066,1000011934,20250717,1,2,12600.0,0.0,25200.0
13634,5000016067,1000011935,20240523,1,1,12600.0,0.0,12600.0
13635,5000016068,1000011936,20241007,2,3,15000.0,900.0,44100.0
13636,5000016069,1000011936,20241007,2,1,16500.0,330.0,16170.0
13637,5000016070,1000011937,20240508,2,1,13500.0,0.0,13500.0
13638,5000016071,1000011937,20240508,1,1,10800.0,0.0,10800.0
13639,5000016072,1000011938,20240518,2,2,15000.0,600.0,29400.0
13640,5000016073,1000011939,20250617,2,3,13500.0,4050.0,36450.0
13641,5000016075,1000011941,20250807,2,1,13500.0,0.0,13500.0
13642,5000016076,1000011942,20240708,2,2,16500.0,1650.0,31350.0
13643,5000016077,1000011943,20241118,1,1,10800.0,1080.0,9720.0
13644,5000016078,1000011944,20250511,1,2,13200.0,528.0,25872.0
13645,5000016079,1000011944,20250511,2,2,15000.0,600.0,29400.0
13646,5000016080,1000011945,20250319,2,2,15000.0,3000.0,27000.0
13647,5000016082,1000011947,20240827,1,3,12000.0,720.0,35280.0
13648,5000016083,1000011947,20240827,1,1,12000.0,240.0,11760.0
13649,5000016084,1000011947,20240827,1,1,10800.0,540.0,10260.0
13650,5000016085,1000011948,20240113,2,1,15000.0,1500.0,13500.0
13651,5000016086,1000011948,20240113,1,3,12000.0,1800.0,34200.0
13652,5000016087,1000011949,20250808,2,1,15000.0,0.0,15000.0
13653,5000016088,1000011949,20250808,2,3,15000.0,0.0,45000.0
13654,5000016089,1000011950,20241112,1,1,10800.0,1080.0,9720.0
13655,5000016090,1000011950,20241112,2,3,15000.0,900.0,44100.0
13656,5000016091,1000011951,20241015,2,1,15000.0,0.0,15000.0
13657,5000016092,1000011952,20250722,1,2,12000.0,0.0,24000.0
13658,5000016093,1000011952,20250722,2,1,16500.0,0.0,16500.0
13659,5000016094,1000011953,20250731,1,3,12000.0,1800.0,34200.0
13660,5000016095,1000011954,20240303,1,3,10800.0,1620.0,30780.0
13661,5000016097,1000011956,20250212,2,2,15000.0,1500.0,28500.0
13662,5000016098,1000011956,20250212,2,2,15000.0,600.0,29400.0
13663,5000016099,1000011957,20240810,1,1,10800.0,216.0,10584.0
13664,5000016100,1000011958,20250209,2,3,16500.0,990.0,48510.0
13665,5000016101,1000011958,20250209,2,2,15000.0,0.0,30000.0
13666,5000016102,1000011958,20250209,1,1,12000.0,0.0,12000.0
13667,5000016103,1000011959,20250129,1,3,12000.0,3600.0,32400.0
13668,5000016105,1000011961,20250728,1,1,13200.0,660.0,12540.0
13669,5000016106,1000011962,20240529,2,2,15000.0,0.0,30000.0
13670,5000016107,1000011963,20240102,1,2,13200.0,2640.0,23760.0
13671,5000016108,1000011963,20240102,1,2,12000.0,480.0,23520.0
13672,5000016109,1000011964,20250514,1,3,13200.0,1980.0,37620.0
13673,5000016110,1000011965,20250104,1,2,10800.0,0.0,21600.0
13674,5000016111,1000011966,20250226,1,3,12600.0,756.0,37044.0
13675,5000016112,1000011967,20241022,1,1,12000.0,240.0,11760.0
13676,5000016113,1000011968,20250514,2,2,15000.0,3000.0,27000.0
13677,5000016114,1000011969,20250519,2,2,15000.0,1500.0,28500.0
13678,5000016115,1000011970,20250918,1,3,12600.0,0.0,37800.0
13679,5000016116,1000011971,20250713,1,1,12000.0,1200.0,10800.0
13680,5000016117,1000011972,20250722,2,3,15000.0,2250.0,42750.0
13681,5000016118,1000011972,20250722,1,3,12000.0,0.0,36000.0
13682,5000016120,1000011974,20250425,1,2,12600.0,0.0,25200.0
13683,5000016122,1000011976,20250330,2,1,16500.0,825.0,15675.0
13684,5000016123,1000011977,20250114,1,1,12000.0,600.0,11400.0
13685,5000016124,1000011977,20250114,2,3,15000.0,900.0,44100.0
13686,5000016126,1000011979,20240104,1,1,12600.0,0.0,12600.0
13687,5000016127,1000011979,20240104,1,2,12000.0,1200.0,22800.0
13688,5000016128,1000011980,20240923,2,1,15000.0,1500.0,13500.0
13689,5000016129,1000011980,20240923,2,2,15000.0,0.0,30000.0
13690,5000016131,1000011982,20240219,2,1,15000.0,750.0,14250.0
13691,5000016132,1000011982,20240219,2,2,15000.0,600.0,29400.0
13692,5000016133,1000011983,20240423,1,2,12000.0,480.0,23520.0
13693,5000016134,1000011983,20240423,2,1,15000.0,0.0,15000.0
13694,5000016135,1000011984,20240529,1,3,10800.0,1620.0,30780.0
13695,5000016136,1000011985,20240905,2,3,15000.0,0.0,45000.0
13696,5000016137,1000011985,20240905,1,2,12000.0,480.0,23520.0
13697,5000016138,1000011985,20240905,1,2,12000.0,0.0,24000.0
13698,5000016139,1000011986,20250320,1,1,12000.0,240.0,11760.0
13699,5000016140,1000011986,20250320,2,3,15000.0,2250.0,42750.0
13700,5000016141,1000011987,20240719,2,2,15000.0,1500.0,28500.0
13701,5000016146,1000011990,20240313,1,3,10800.0,3240.0,29160.0
13702,5000016147,1000011991,20250131,2,1,15000.0,1500.0,13500.0
13703,5000016148,1000011992,20250222,1,3,13200.0,0.0,39600.0
13704,5000016149,1000011993,20240927,1,1,12000.0,240.0,11760.0
13705,5000016150,1000011993,20240927,2,1,16500.0,330.0,16170.0
13706,5000016151,1000011993,20240927,1,2,12000.0,2400.0,21600.0
13707,5000016152,1000011994,20240721,2,1,15000.0,0.0,15000.0
13708,5000016153,1000011995,20250611,2,2,13500.0,0.0,27000.0
13709,5000016154,1000011996,20240903,1,2,10800.0,432.0,21168.0
13710,5000016157,1000011998,20250720,2,1,15000.0,750.0,14250.0
13711,5000016158,1000011999,20250820,1,3,10800.0,1620.0,30780.0
13712,5000016159,1000011999,20250820,1,2,12600.0,504.0,24696.0
