pago_sk,payment_id,order_id,fecha_key,method,status,amount
1,7000000000,1000000000,20241127,CARD,PAID,63636.0
2,7000000001,1000000001,0,GATEWAY,PENDING,78146.4
3,7000000002,1000000002,20250228,CARD,PAID,32064.6
4,7000000003,1000000003,20250302,CARD,PAID,30855.0
5,7000000004,1000000004,20240401,CARD,PAID,53451.75
6,7000000005,1000000005,20240313,CASH,PAID,29040.0
7,7000000006,1000000006,20250717,CARD,REFUNDED,18442.5
8,7000000007,1000000007,20241114,CARD,PAID,17535.0
9,7000000008,1000000008,20240825,CARD,PAID,109011.0
10,7000000009,1000000009,20240331,GATEWAY,PAID,16718.25
11,7000000010,1000000010,20240314,TRANSFER,REFUNDED,17787.0
12,7000000011,1000000011,20250617,CASH,PAID,41309.4
13,7000000012,1000000012,20240812,CARD,PAID,42688.8
14,7000000013,1000000013,20250323,CASH,PAID,123283.88
15,7000000014,1000000014,20250820,CARD,PAID,15129.6
16,7000000015,1000000015,0,CARD,FAILED,29659.2
17,7000000016,1000000016,20250829,GATEWAY,PAID,28642.8
18,7000000017,1000000017,20250220,CARD,PAID,80912.7
19,7000000018,1000000018,0,GATEWAY,FAILED,100107.9
20,7000000019,1000000019,20250423,CARD,PAID,46023.24
21,7000000020,1000000020,20240506,CARD,PAID,59895.0
22,7000000021,1000000021,20250925,CARD,PAID,29659.2
23,7000000022,1000000022,20240402,TRANSFER,REFUNDED,29040.0
24,7000000023,1000000023,20250708,CASH,PAID,82764.0
25,7000000024,1000000024,20250303,CARD,PAID,14229.6
26,7000000025,1000000025,20250827,CARD,PAID,86005.88
27,7000000026,1000000026,20241215,CARD,PAID,17535.0
28,7000000027,1000000027,20241202,CARD,PAID,28488.0
29,7000000028,1000000028,20240518,CARD,PAID,14520.0
30,7000000029,1000000029,20250914,CARD,PAID,79235.4
31,7000000030,1000000030,20250611,CARD,PAID,41382.0
32,7000000031,1000000031,20250513,CASH,PAID,28459.2
33,7000000032,1000000032,20250316,CARD,PAID,33870.0
34,7000000033,1000000033,20240608,CASH,PAID,17787.0
35,7000000034,1000000034,20241119,CASH,PAID,103318.88
36,7000000035,1000000035,20240113,CARD,PAID,26136.0
37,7000000036,1000000036,20240926,CARD,PAID,61158.0
38,7000000037,1000000037,20240127,CARD,PAID,31082.16
39,7000000038,1000000038,20240202,CARD,PAID,14229.6
40,7000000039,1000000039,20240523,CARD,PAID,71583.6
41,7000000040,1000000040,0,CARD,FAILED,14994.0
42,7000000041,1000000041,20240115,CASH,PAID,29657.1
43,7000000042,1000000042,20240928,GATEWAY,PAID,13914.6
44,7000000043,1000000043,20240522,CARD,PAID,48816.0
45,7000000044,1000000044,20250905,GATEWAY,PAID,90435.0
46,7000000045,1000000045,20240203,GATEWAY,PAID,44460.0
47,7000000046,1000000046,20240115,CARD,PAID,39930.0
48,7000000047,1000000047,20240308,CASH,PAID,13068.0
49,7000000048,1000000048,0,CARD,PENDING,28459.2
50,7000000049,1000000049,20240813,TRANSFER,PAID,49005.0
51,7000000050,1000000050,20240725,GATEWAY,PAID,35685.0
52,7000000051,1000000051,20240918,CARD,PAID,38252.7
53,7000000052,1000000052,20241106,CARD,PAID,85377.6
54,7000000053,1000000053,0,CARD,FAILED,33570.0
55,7000000054,1000000054,20240318,CASH,PAID,14941.08
56,7000000055,1000000055,20250724,CARD,PAID,51727.5
57,7000000056,1000000056,20250415,CARD,PAID,87140.25
58,7000000057,1000000057,20250223,CASH,PAID,34394.25
59,7000000058,1000000058,0,CARD,FAILED,53953.5
60,7000000059,1000000059,20240703,CARD,PAID,77682.0
61,7000000060,1000000060,0,CARD,FAILED,35283.6
62,7000000061,1000000061,20250303,CARD,PAID,15720.0
63,7000000062,1000000062,20241224,TRANSFER,PAID,54450.0
64,7000000063,1000000063,20240601,GATEWAY,PAID,46323.24
65,7000000064,1000000064,20250307,GATEWAY,PAID,19168.5
66,7000000065,1000000065,20240918,GATEWAY,PAID,43888.8
67,7000000066,1000000066,0,GATEWAY,FAILED,43888.8
68,7000000067,1000000067,20250412,GATEWAY,REFUNDED,18687.0
69,7000000068,1000000068,20241204,CARD,PAID,102166.35
70,7000000069,1000000069,20240614,CARD,PAID,53361.0
71,7000000070,1000000070,20250728,CARD,PAID,15420.0
72,7000000071,1000000071,20240724,CARD,PAID,14229.6
73,7000000072,1000000072,20240204,GATEWAY,PAID,17018.25
74,7000000073,1000000073,20241209,CARD,PAID,19576.35
75,7000000074,1000000074,20241214,CARD,PAID,69071.4
76,7000000075,1000000075,20250324,CARD,PAID,36474.0
77,7000000076,1000000076,20240302,CARD,PAID,29659.2
78,7000000077,1000000077,20241206,CASH,PAID,28459.2
79,7000000078,1000000078,20250112,CARD,PAID,49186.5
80,7000000079,1000000079,20250918,GATEWAY,PAID,40404.0
81,7000000080,1000000080,20241111,CARD,PAID,18687.0
82,7000000081,1000000081,20250202,CARD,PAID,64788.0
83,7000000082,1000000082,20250921,CARD,PAID,42582.0
84,7000000083,1000000083,20240213,GATEWAY,REFUNDED,47301.0
85,7000000084,1000000084,20241127,GATEWAY,PAID,19050.0
86,7000000085,1000000085,20250302,GATEWAY,PAID,16441.08
87,7000000086,1000000086,20250820,GATEWAY,PAID,14268.0
88,7000000087,1000000087,0,CARD,FAILED,14994.0
89,7000000088,1000000088,20240203,GATEWAY,PAID,69144.0
90,7000000089,1000000089,20250620,CARD,PAID,18442.5
91,7000000090,1000000090,20240129,CARD,PAID,45458.25
92,7000000091,1000000091,20240219,GATEWAY,PAID,110342.92
93,7000000092,1000000092,20240615,GATEWAY,PAID,37200.0
94,7000000093,1000000093,20241115,CASH,PAID,102456.75
95,7000000094,1000000094,20241229,CASH,PAID,90387.0
96,7000000095,1000000095,20250926,GATEWAY,PAID,59897.1
97,7000000096,1000000096,20250524,CASH,PAID,42688.8
98,7000000097,1000000097,20240614,CASH,PAID,18676.35
99,7000000098,1000000098,20250117,CARD,PAID,44351.1
100,7000000099,1000000099,20240228,CARD,PAID,14520.0
101,7000000100,1000000100,0,CARD,FAILED,28909.08
102,7000000101,1000000101,20240331,GATEWAY,PAID,44460.0
103,7000000102,1000000102,20241120,CARD,PAID,43888.8
104,7000000103,1000000103,0,CASH,PENDING,37243.8
105,7000000104,1000000104,20240324,CARD,REFUNDED,37500.0
106,7000000105,1000000105,20240512,CARD,PAID,27336.0
107,7000000106,1000000106,20250210,GATEWAY,PAID,19050.0
108,7000000107,1000000107,20240522,CARD,PAID,42064.2
109,7000000108,1000000108,20250704,CASH,PAID,56029.05
110,7000000109,1000000109,20240424,CARD,PAID,39930.0
111,7000000110,1000000110,0,TRANSFER,FAILED,82364.7
112,7000000111,1000000111,20241221,GATEWAY,PAID,19876.35
113,7000000112,1000000112,20250302,CASH,PAID,92891.7
114,7000000113,1000000113,0,CARD,FAILED,15652.56
115,7000000114,1000000114,20240919,TRANSFER,PAID,11761.2
116,7000000115,1000000115,20240219,CARD,REFUNDED,27636.0
117,7000000116,1000000116,20240704,CARD,PAID,49116.0
118,7000000117,1000000117,20250120,CARD,PAID,30240.0
119,7000000118,1000000118,20250818,CARD,PAID,47857.68
120,7000000119,1000000119,20250716,CARD,PAID,17787.0
121,7000000120,1000000120,20240421,CARD,PAID,14229.6
122,7000000121,1000000121,20241220,TRANSFER,PAID,45520.2
123,7000000122,1000000122,20250830,CASH,PAID,43560.0
124,7000000123,1000000123,0,CARD,FAILED,18987.0
125,7000000124,1000000124,20240206,GATEWAY,PAID,67367.64
126,7000000125,1000000125,20240711,TRANSFER,PAID,62073.0
127,7000000126,1000000126,20240612,CASH,PAID,18150.0
128,7000000127,1000000127,20240229,CARD,PAID,69988.5
129,7000000128,1000000128,0,CARD,FAILED,101470.2
130,7000000129,1000000129,20250920,CARD,PAID,76858.8
131,7000000130,1000000130,20250523,CASH,PAID,14701.5
132,7000000131,1000000131,20240125,CASH,PAID,47916.0
133,7000000132,1000000132,20240728,CARD,PAID,33216.6
134,7000000133,1000000133,20240616,TRANSFER,PAID,18150.0
135,7000000134,1000000134,20240108,CASH,PAID,75358.8
136,7000000135,1000000135,20240601,CASH,PAID,39930.0
137,7000000136,1000000136,20250122,CARD,PAID,34485.0
138,7000000137,1000000137,20241118,GATEWAY,PAID,14229.6
139,7000000138,1000000138,20240106,CARD,PAID,42882.0
140,7000000139,1000000139,20240408,CARD,PAID,17535.0
141,7000000140,1000000140,20250220,CASH,PAID,16008.3
142,7000000141,1000000141,20241203,TRANSFER,REFUNDED,14374.8
143,7000000142,1000000142,20250626,CARD,REFUNDED,62854.26
144,7000000143,1000000143,20240608,CARD,PAID,80586.0
145,7000000144,1000000144,0,CARD,FAILED,35937.0
146,7000000145,1000000145,20250721,GATEWAY,PAID,37800.0
147,7000000146,1000000146,20240505,CARD,PAID,100951.88
148,7000000147,1000000147,20241208,CARD,PAID,72701.4
149,7000000148,1000000148,20250624,CARD,PAID,43888.8
150,7000000149,1000000149,20250123,GATEWAY,PAID,17235.0
151,7000000150,1000000150,20250531,CARD,PAID,39131.4
152,7000000151,1000000151,20240417,CARD,PAID,42688.8
153,7000000152,1000000152,20240109,CARD,PAID,11761.2
154,7000000153,1000000153,0,CARD,FAILED,13068.0
155,7000000154,1000000154,20240702,CASH,PAID,51455.25
156,7000000155,1000000155,20240212,CARD,PAID,15420.0
157,7000000156,1000000156,20241029,CASH,PAID,51727.5
158,7000000157,1000000157,0,TRANSFER,FAILED,71692.5
159,7000000158,1000000158,20240425,CARD,PAID,36300.0
160,7000000159,1000000159,20240714,CARD,PAID,16141.08
161,7000000160,1000000160,20240614,TRANSFER,PAID,35574.0
162,7000000161,1000000161,20241022,GATEWAY,PAID,55350.0
163,7000000162,1000000162,20250801,CARD,PAID,27588.0
164,7000000163,1000000163,20240227,CARD,PAID,27036.0
165,7000000164,1000000164,20250223,CARD,PAID,77130.0
166,7000000165,1000000165,20250828,GATEWAY,PAID,29959.2
167,7000000166,1000000166,20250729,GATEWAY,PAID,53744.25
168,7000000167,1000000167,0,CARD,FAILED,58172.85
169,7000000168,1000000168,0,CARD,FAILED,50205.0
170,7000000169,1000000169,20240709,GATEWAY,PAID,14268.0
171,7000000170,1000000170,20240329,TRANSFER,PAID,36300.0
172,7000000171,1000000171,0,CARD,PENDING,15429.6
173,7000000172,1000000172,20240507,GATEWAY,PAID,28488.0
174,7000000173,1000000173,20250618,CARD,PAID,39315.0
175,7000000174,1000000174,20240908,TRANSFER,PAID,14229.6
176,7000000175,1000000175,20240602,GATEWAY,PAID,15420.0
177,7000000176,1000000176,20250227,CASH,PAID,17968.5
178,7000000177,1000000177,20241125,CARD,PAID,16718.25
179,7000000178,1000000178,20250504,CARD,PAID,16335.0
180,7000000179,1000000179,20250813,GATEWAY,PAID,88746.0
181,7000000180,1000000180,20240522,GATEWAY,PAID,31692.0
182,7000000181,1000000181,20241113,CARD,PAID,29359.2
183,7000000182,1000000182,20240910,GATEWAY,PAID,31546.8
184,7000000183,1000000183,20241028,TRANSFER,PAID,32670.0
185,7000000184,1000000184,20250513,CASH,PAID,16335.0
186,7000000185,1000000185,20240720,CARD,PAID,73611.24
187,7000000186,1000000186,20240731,GATEWAY,PAID,14694.0
188,7000000187,1000000187,20250214,CARD,REFUNDED,39204.0
189,7000000188,1000000188,20250825,CARD,PAID,32670.0
190,7000000189,1000000189,20240504,GATEWAY,PAID,45723.24
191,7000000190,1000000190,20240606,CARD,PAID,14229.6
192,7000000191,1000000191,0,CARD,FAILED,106896.24
193,7000000192,1000000192,20240310,CASH,PAID,14520.0
194,7000000193,1000000193,20240215,CARD,PAID,40404.0
195,7000000194,1000000194,20250915,GATEWAY,PAID,54450.0
196,7000000195,1000000195,20250301,CARD,PAID,56666.4
197,7000000196,1000000196,20250817,GATEWAY,PAID,37500.0
198,7000000197,1000000197,20240410,GATEWAY,PAID,14268.0
199,7000000198,1000000198,20240203,CARD,PAID,36183.6
200,7000000199,1000000199,20250320,GATEWAY,PAID,59280.0
201,7000000200,1000000200,20240927,GATEWAY,PAID,27036.0
202,7000000201,1000000201,20241117,GATEWAY,REFUNDED,50749.5
203,7000000202,1000000202,20250329,CARD,PAID,43560.0
204,7000000203,1000000203,20241118,CARD,PAID,39204.0
205,7000000204,1000000204,0,GATEWAY,FAILED,50205.0
206,7000000205,1000000205,20241001,CARD,PAID,17787.0
207,7000000206,1000000206,20250728,CARD,PAID,29659.2
208,7000000207,1000000207,20250509,GATEWAY,PAID,15841.08
209,7000000208,1000000208,20250414,CASH,PAID,53905.5
210,7000000209,1000000209,20250404,CARD,PAID,31692.0
211,7000000210,1000000210,20250321,CARD,PAID,17835.0
212,7000000211,1000000211,20250720,CASH,REFUNDED,80803.8
213,7000000212,1000000212,20250219,CARD,PAID,15129.6
214,7000000213,1000000213,20240418,GATEWAY,PAID,20557.5
215,7000000214,1000000214,20240722,GATEWAY,PAID,28342.8
216,7000000215,1000000215,20240201,CARD,PAID,62628.15
217,7000000216,1000000216,20250512,GATEWAY,PAID,19866.75
218,7000000217,1000000217,20240407,CARD,PAID,72554.62
219,7000000218,1000000218,20240707,CARD,PAID,39750.6
220,7000000219,1000000219,20240612,CASH,PAID,54450.0
221,7000000220,1000000220,20250921,CARD,PAID,14694.0
222,7000000221,1000000221,20250507,CARD,PAID,28459.2
223,7000000222,1000000222,20240831,CARD,PAID,26136.0
224,7000000223,1000000223,20241224,CASH,PAID,27442.8
225,7000000224,1000000224,20250323,CARD,PAID,50205.0
226,7000000225,1000000225,20250807,CARD,PAID,41164.2
227,7000000226,1000000226,20240718,CARD,PAID,36483.6
228,7000000227,1000000227,20240720,GATEWAY,PAID,43888.8
229,7000000228,1000000228,20250330,CARD,PAID,43588.8
230,7000000229,1000000229,0,CARD,FAILED,16335.0
231,7000000230,1000000230,20241230,GATEWAY,PAID,40104.0
232,7000000231,1000000231,20240610,GATEWAY,PAID,58072.5
233,7000000232,1000000232,20250222,GATEWAY,PAID,45892.56
234,7000000233,1000000233,20241122,CARD,PAID,19050.0
235,7000000234,1000000234,20250530,CARD,PAID,29659.2
236,7000000235,1000000235,0,CASH,FAILED,26136.0
237,7000000236,1000000236,20250106,CASH,PAID,29040.0
238,7000000237,1000000237,20241117,CASH,PAID,43560.0
239,7000000238,1000000238,20250324,CASH,PAID,25613.28
240,7000000239,1000000239,20240221,GATEWAY,PAID,63408.6
241,7000000240,1000000240,20241022,CARD,REFUNDED,48090.0
242,7000000241,1000000241,20241012,CASH,PAID,71874.0
243,7000000242,1000000242,0,GATEWAY,FAILED,46023.24
244,7000000243,1000000243,20250610,CARD,PAID,19965.0
245,7000000244,1000000244,20240914,CARD,PAID,24829.2
246,7000000245,1000000245,20250509,CASH,REFUNDED,48823.5
247,7000000246,1000000246,0,GATEWAY,FAILED,74596.5
248,7000000247,1000000247,20241202,GATEWAY,PAID,19576.35
249,7000000248,1000000248,20241028,TRANSFER,PAID,13068.0
250,7000000249,1000000249,20240421,CASH,PAID,47916.0
251,7000000250,1000000250,20240924,CARD,PAID,52955.25
252,7000000251,1000000251,20240317,CASH,PAID,41382.0
253,7000000252,1000000252,20240302,CASH,PAID,53361.0
254,7000000253,1000000253,20250426,GATEWAY,REFUNDED,56018.16
255,7000000254,1000000254,20241014,TRANSFER,PAID,25613.28
256,7000000255,1000000255,20240814,GATEWAY,PAID,18687.0
257,7000000256,1000000256,20241001,GATEWAY,PAID,29659.2
258,7000000257,1000000257,20250601,CARD,PAID,70059.0
259,7000000258,1000000258,20241229,CARD,PAID,35385.0
260,7000000259,1000000259,20250907,GATEWAY,REFUNDED,32805.12
261,7000000260,1000000260,20241213,CARD,PAID,41130.0
262,7000000261,1000000261,20250815,CARD,PAID,29040.0
263,7000000262,1000000262,20241120,CARD,PAID,43588.8
264,7000000263,1000000263,20250101,CARD,PAID,49905.0
265,7000000264,1000000264,20250820,CARD,PAID,69750.45
266,7000000265,1000000265,20240429,GATEWAY,PAID,64468.56
267,7000000266,1000000266,20250508,GATEWAY,PAID,48325.95
268,7000000267,1000000267,20240301,CARD,PAID,33870.0
269,7000000268,1000000268,0,CARD,FAILED,13794.0
270,7000000269,1000000269,0,CARD,FAILED,83617.05
271,7000000270,1000000270,20240216,CASH,PAID,14229.6
272,7000000271,1000000271,20240213,CARD,REFUNDED,87448.8
273,7000000272,1000000272,20241027,GATEWAY,PAID,33144.0
274,7000000273,1000000273,20240302,CARD,PAID,43588.8
275,7000000274,1000000274,20240928,CARD,PAID,77064.9
276,7000000275,1000000275,20240624,GATEWAY,PAID,27336.0
277,7000000276,1000000276,20250528,CARD,PAID,29040.0
278,7000000277,1000000277,20241014,CARD,PAID,50820.0
279,7000000278,1000000278,20250306,GATEWAY,PAID,27636.0
280,7000000279,1000000279,0,GATEWAY,FAILED,54261.0
281,7000000280,1000000280,20240722,CARD,PAID,33033.0
282,7000000281,1000000281,20250312,CARD,PAID,54101.28
283,7000000282,1000000282,20241229,GATEWAY,PAID,24422.4
284,7000000283,1000000283,20250723,CARD,PAID,16718.25
285,7000000284,1000000284,20240310,CARD,PAID,70785.0
286,7000000285,1000000285,0,CARD,FAILED,19350.0
287,7000000286,1000000286,20240713,CARD,PAID,37074.0
288,7000000287,1000000287,20250618,CASH,PAID,51727.5
289,7000000288,1000000288,20250202,CASH,PAID,14229.6
290,7000000289,1000000289,0,CARD,FAILED,90389.1
291,7000000290,1000000290,20241105,GATEWAY,PAID,105354.3
292,7000000291,1000000291,20241020,GATEWAY,PAID,56900.25
293,7000000292,1000000292,20250430,CARD,PAID,32270.7
294,7000000293,1000000293,20250822,CARD,PAID,27036.0
295,7000000294,1000000294,0,CARD,FAILED,44460.0
296,7000000295,1000000295,20250328,TRANSFER,REFUNDED,24829.2
297,7000000296,1000000296,20240630,CASH,PAID,18150.0
298,7000000297,1000000297,20250813,CASH,REFUNDED,53361.0
299,7000000298,1000000298,20241106,CASH,PAID,41382.0
300,7000000299,1000000299,20240508,CARD,PAID,43560.0
301,7000000300,1000000300,20241119,GATEWAY,PAID,54633.6
302,7000000301,1000000301,20240507,GATEWAY,PAID,29040.0
303,7000000302,1000000302,0,GATEWAY,FAILED,69507.0
304,7000000303,1000000303,20240319,CARD,PAID,39204.0
305,7000000304,1000000304,20240318,CARD,PAID,119873.77
306,7000000305,1000000305,20250415,CARD,PAID,31692.0
307,7000000306,1000000306,20240501,CARD,PAID,83671.5
308,7000000307,1000000307,20240913,CARD,PAID,17835.0
309,7000000308,1000000308,20240329,GATEWAY,PAID,17835.0
310,7000000309,1000000309,0,CASH,FAILED,45738.0
311,7000000310,1000000310,20250104,GATEWAY,PAID,27636.0
312,7000000311,1000000311,20250110,CARD,PAID,36209.25
313,7000000312,1000000312,20250224,CASH,PAID,36209.25
314,7000000313,1000000313,20250522,CARD,PAID,71692.5
315,7000000314,1000000314,20241017,GATEWAY,PAID,33579.6
316,7000000315,1000000315,20250506,CARD,PAID,54351.75
317,7000000316,1000000316,20250429,CARD,PAID,71601.75
318,7000000317,1000000317,20240818,CARD,PAID,37437.0
319,7000000318,1000000318,20241007,CARD,PAID,15246.0
320,7000000319,1000000319,20240422,CARD,PAID,15429.6
321,7000000320,1000000320,20250820,CARD,PAID,36592.5
322,7000000321,1000000321,20250805,GATEWAY,PAID,94491.0
323,7000000322,1000000322,20241121,CASH,PAID,37243.8
324,7000000323,1000000323,20250404,CARD,PAID,54711.36
325,7000000324,1000000324,20250113,CASH,PAID,69812.16
326,7000000325,1000000325,20241017,CARD,PAID,28749.6
327,7000000326,1000000326,20240618,CARD,PAID,84070.8
328,7000000327,1000000327,20250109,CARD,PAID,31082.16
329,7000000328,1000000328,20250211,GATEWAY,PAID,82239.75
330,7000000329,1000000329,20240317,CARD,PAID,44324.4
331,7000000330,1000000330,20241216,CASH,PAID,29040.0
332,7000000331,1000000331,20241227,CARD,PAID,68581.35
333,7000000332,1000000332,20250918,GATEWAY,PAID,62547.0
334,7000000333,1000000333,0,GATEWAY,FAILED,16552.56
335,7000000334,1000000334,20250508,GATEWAY,PAID,71341.2
336,7000000335,1000000335,20240213,CARD,PAID,73691.1
337,7000000336,1000000336,20240721,GATEWAY,PAID,47964.0
338,7000000337,1000000337,20240913,CARD,PAID,17835.0
339,7000000338,1000000338,20240325,GATEWAY,REFUNDED,47146.2
340,7000000339,1000000339,0,GATEWAY,FAILED,54561.0
341,7000000340,1000000340,20240807,GATEWAY,PAID,14268.0
342,7000000341,1000000341,20241223,CASH,PAID,30492.0
343,7000000342,1000000342,20241009,CARD,PAID,18142.5
344,7000000343,1000000343,20240813,CARD,PAID,27989.4
345,7000000344,1000000344,20240724,GATEWAY,PAID,41430.0
346,7000000345,1000000345,20240502,CARD,PAID,41164.2
347,7000000346,1000000346,20250314,TRANSFER,PAID,41382.0
348,7000000347,1000000347,20240820,CARD,PAID,54261.0
349,7000000348,1000000348,20241116,CASH,PAID,12414.6
350,7000000349,1000000349,20240829,CARD,PAID,44760.0
351,7000000350,1000000350,20240320,CASH,PAID,42688.8
352,7000000351,1000000351,20240504,CARD,PAID,32670.0
353,7000000352,1000000352,20250216,CARD,PAID,35203.5
354,7000000353,1000000353,20250510,CASH,PAID,41382.0
355,7000000354,1000000354,20250510,CARD,PAID,17172.0
356,7000000355,1000000355,20241211,CARD,PAID,50205.0
357,7000000356,1000000356,20250607,GATEWAY,PAID,53361.0
358,7000000357,1000000357,20240301,CARD,PAID,14229.6
359,7000000358,1000000358,20250709,CARD,PAID,34485.0
360,7000000359,1000000359,20240709,TRANSFER,PAID,35574.0
361,7000000360,1000000360,20240926,CASH,PAID,62871.6
362,7000000361,1000000361,20250119,GATEWAY,PAID,72783.6
363,7000000362,1000000362,20240816,CARD,PAID,43560.0
364,7000000363,1000000363,20240609,CARD,PAID,13794.0
365,7000000364,1000000364,20250819,CASH,PAID,29882.16
366,7000000365,1000000365,20250822,CARD,REFUNDED,81486.0
367,7000000366,1000000366,20250717,CARD,PAID,57529.05
368,7000000367,1000000367,20250420,GATEWAY,PAID,33570.0
369,7000000368,1000000368,0,CARD,FAILED,27336.0
370,7000000369,1000000369,20241213,CARD,PAID,39204.0
371,7000000370,1000000370,20250820,CASH,PAID,36209.25
372,7000000371,1000000371,20240117,GATEWAY,PAID,37500.0
373,7000000372,1000000372,20240823,GATEWAY,PAID,15383.7
374,7000000373,1000000373,20240219,GATEWAY,PAID,16146.0
375,7000000374,1000000374,20250417,CARD,PAID,53361.0
376,7000000375,1000000375,20250624,GATEWAY,PAID,18051.75
377,7000000376,1000000376,20241217,CASH,PAID,51727.5
378,7000000377,1000000377,20240805,CARD,PAID,36300.0
379,7000000378,1000000378,20250906,GATEWAY,PAID,49224.9
380,7000000379,1000000379,20250618,GATEWAY,PAID,13968.0
381,7000000380,1000000380,20240614,TRANSFER,PAID,68534.4
382,7000000381,1000000381,20250519,CARD,PAID,80779.2
383,7000000382,1000000382,20240623,CARD,PAID,37800.0
384,7000000383,1000000383,20241123,CARD,PAID,51455.25
385,7000000384,1000000384,20250610,GATEWAY,PAID,42688.8
386,7000000385,1000000385,20240513,TRANSFER,PAID,91294.5
387,7000000386,1000000386,20241025,CASH,PAID,17242.5
388,7000000387,1000000387,20250330,GATEWAY,PAID,44760.0
389,7000000388,1000000388,20240604,GATEWAY,PAID,53835.0
390,7000000389,1000000389,20240506,CARD,PAID,12414.6
391,7000000390,1000000390,20240317,CARD,PAID,19957.5
392,7000000391,1000000391,20240208,CARD,REFUNDED,17235.0
393,7000000392,1000000392,20240816,CASH,PAID,35574.0
394,7000000393,1000000393,20240321,CARD,PAID,14229.6
395,7000000394,1000000394,20250731,GATEWAY,PAID,47454.75
396,7000000395,1000000395,20240602,CASH,PAID,44823.24
397,7000000396,1000000396,20240814,GATEWAY,PAID,58045.8
398,7000000397,1000000397,20250706,CARD,PAID,15420.0
399,7000000398,1000000398,20240329,CARD,REFUNDED,80188.8
400,7000000399,1000000399,20241004,CASH,PAID,57354.0
401,7000000400,1000000400,20250313,CASH,PAID,15246.0
402,7000000401,1000000401,20250627,TRANSFER,PAID,49005.0
403,7000000402,1000000402,20241220,CARD,PAID,44324.4
404,7000000403,1000000403,20241216,CARD,PAID,55650.0
405,7000000404,1000000404,20250313,GATEWAY,PAID,46076.4
406,7000000405,1000000405,20240820,GATEWAY,PAID,80198.4
407,7000000406,1000000406,20240825,CASH,PAID,51727.5
408,7000000407,1000000407,0,CARD,FAILED,31036.5
409,7000000408,1000000408,20241113,CARD,PAID,38252.7
410,7000000409,1000000409,0,CARD,FAILED,39204.0
411,7000000410,1000000410,20250721,CARD,PAID,42688.8
412,7000000411,1000000411,20241110,CARD,PAID,47754.75
413,7000000412,1000000412,20241121,TRANSFER,PAID,28459.2
414,7000000413,1000000413,0,CARD,FAILED,29040.0
415,7000000414,1000000414,20250514,GATEWAY,PAID,48634.5
416,7000000415,1000000415,20250501,CARD,PAID,17787.0
417,7000000416,1000000416,0,CARD,FAILED,39131.4
418,7000000417,1000000417,20240331,TRANSFER,PAID,31944.0
419,7000000418,1000000418,20240629,CARD,REFUNDED,47364.0
420,7000000419,1000000419,20240324,GATEWAY,PAID,79436.1
421,7000000420,1000000420,20241211,CARD,PAID,13794.0
422,7000000421,1000000421,20240902,CARD,PAID,40404.0
423,7000000422,1000000422,20250224,CARD,PAID,68055.0
424,7000000423,1000000423,20250610,CASH,PAID,28459.2
425,7000000424,1000000424,20240711,CARD,PAID,15429.6
426,7000000425,1000000425,20250929,CASH,PAID,12806.64
427,7000000426,1000000426,20240711,CARD,PAID,43560.0
428,7000000427,1000000427,20240707,GATEWAY,PAID,43160.7
429,7000000428,1000000428,0,CARD,FAILED,36474.0
430,7000000429,1000000429,20250413,CARD,PAID,71220.6
431,7000000430,1000000430,20250130,CARD,PAID,46638.0
432,7000000431,1000000431,20250907,CARD,PAID,42664.2
433,7000000432,1000000432,20240122,CARD,PAID,47020.2
434,7000000433,1000000433,20250112,GATEWAY,PAID,14268.0
435,7000000434,1000000434,20240412,CARD,REFUNDED,30540.0
436,7000000435,1000000435,20240519,CARD,PAID,72193.2
437,7000000436,1000000436,20240818,CASH,PAID,43560.0
438,7000000437,1000000437,20241101,CARD,PAID,51727.5
439,7000000438,1000000438,20250503,TRANSFER,PAID,58697.1
440,7000000439,1000000439,20240104,CARD,PAID,27588.0
441,7000000440,1000000440,20241030,CARD,PAID,73616.4
442,7000000441,1000000441,20240320,GATEWAY,PAID,46323.24
443,7000000442,1000000442,20240525,CARD,PAID,53361.0
444,7000000443,1000000443,0,CARD,FAILED,120969.75
445,7000000444,1000000444,20250119,CARD,PAID,44324.4
446,7000000445,1000000445,20240725,TRANSFER,PAID,29040.0
447,7000000446,1000000446,20240813,CARD,PAID,43888.8
448,7000000447,1000000447,20241109,GATEWAY,PAID,43588.8
449,7000000448,1000000448,20250111,CARD,PAID,13794.0
450,7000000449,1000000449,20240402,GATEWAY,PAID,69516.6
451,7000000450,1000000450,20240908,CARD,PAID,20257.5
452,7000000451,1000000451,20240410,CASH,REFUNDED,34485.0
453,7000000452,1000000452,20250302,CARD,PAID,54313.88
454,7000000453,1000000453,20240415,GATEWAY,PAID,15129.6
455,7000000454,1000000454,20250524,CARD,PAID,40104.0
456,7000000455,1000000455,0,CARD,FAILED,102694.8
457,7000000456,1000000456,20240927,CASH,PAID,81783.9
458,7000000457,1000000457,20250928,GATEWAY,PAID,16418.25
459,7000000458,1000000458,20241028,CARD,PAID,48097.5
460,7000000459,1000000459,20241216,GATEWAY,REFUNDED,28749.6
461,7000000460,1000000460,20240402,CARD,PAID,18676.35
462,7000000461,1000000461,20240326,GATEWAY,PAID,27989.4
463,7000000462,1000000462,20240527,CARD,PAID,55650.0
464,7000000463,1000000463,20250831,CARD,PAID,13968.0
465,7000000464,1000000464,0,CASH,FAILED,44823.24
466,7000000465,1000000465,0,CARD,FAILED,120334.5
467,7000000466,1000000466,20250716,CARD,PAID,67447.5
468,7000000467,1000000467,20250103,CARD,PAID,39204.0
469,7000000468,1000000468,0,GATEWAY,PENDING,47020.2
470,7000000469,1000000469,20250614,GATEWAY,PAID,48924.9
471,7000000470,1000000470,20240209,TRANSFER,PAID,17787.0
472,7000000471,1000000471,20240113,CASH,PAID,41382.0
473,7000000472,1000000472,20250726,CARD,PAID,15841.08
474,7000000473,1000000473,20250301,CARD,PAID,40104.0
475,7000000474,1000000474,20240806,CASH,PAID,17242.5
476,7000000475,1000000475,0,CARD,FAILED,27588.0
477,7000000476,1000000476,20250329,CARD,PAID,72411.0
478,7000000477,1000000477,20250517,GATEWAY,PAID,14694.0
479,7000000478,1000000478,0,CASH,FAILED,13068.0
480,7000000479,1000000479,20250710,CASH,PAID,53361.0
481,7000000480,1000000480,20250610,CASH,PAID,43560.0
482,7000000481,1000000481,20240131,CASH,PAID,29221.5
483,7000000482,1000000482,20241208,CASH,REFUNDED,37933.5
484,7000000483,1000000483,20240108,GATEWAY,PAID,15720.0
485,7000000484,1000000484,20250807,GATEWAY,REFUNDED,33144.0
486,7000000485,1000000485,20240628,CARD,PAID,52927.5
487,7000000486,1000000486,20240726,TRANSFER,PAID,51909.0
488,7000000487,1000000487,20250101,CARD,PAID,29040.0
489,7000000488,1000000488,20240521,CARD,REFUNDED,55350.0
490,7000000489,1000000489,20250826,CARD,PAID,67663.2
491,7000000490,1000000490,20240930,CASH,PAID,30855.0
492,7000000491,1000000491,20241117,TRANSFER,PAID,13068.0
493,7000000492,1000000492,20250928,CASH,PAID,36826.35
494,7000000493,1000000493,20250627,GATEWAY,PAID,15429.6
495,7000000494,1000000494,20240726,GATEWAY,PAID,57229.05
496,7000000495,1000000495,0,CARD,FAILED,83853.0
497,7000000496,1000000496,20241115,GATEWAY,PAID,19287.0
498,7000000497,1000000497,0,TRANSFER,PENDING,83490.0
499,7000000498,1000000498,20240906,CARD,PAID,18687.0
500,7000000499,1000000499,0,CARD,FAILED,18351.75
501,7000000500,1000000500,0,GATEWAY,FAILED,69744.0
502,7000000501,1000000501,20240521,CASH,PAID,36300.0
503,7000000502,1000000502,20241004,CARD,PAID,27036.0
504,7000000503,1000000503,20250823,GATEWAY,PAID,43888.8
505,7000000504,1000000504,20250208,CARD,PAID,28488.0
506,7000000505,1000000505,0,CASH,FAILED,41382.0
507,7000000506,1000000506,20241206,GATEWAY,REFUNDED,44651.1
508,7000000507,1000000507,20250712,TRANSFER,PAID,19057.5
509,7000000508,1000000508,20240606,CARD,PAID,24422.4
510,7000000509,1000000509,20250803,GATEWAY,PAID,54861.0
511,7000000510,1000000510,20240903,CARD,PAID,74826.0
512,7000000511,1000000511,20240109,GATEWAY,PAID,59895.0
513,7000000512,1000000512,20250918,GATEWAY,PAID,15129.6
514,7000000513,1000000513,20241214,CASH,PAID,32016.6
515,7000000514,1000000514,20241013,CARD,PAID,93291.0
516,7000000515,1000000515,20240102,GATEWAY,PAID,18868.5
517,7000000516,1000000516,20250319,CARD,PAID,108028.8
518,7000000517,1000000517,20240620,CARD,PAID,30540.0
519,7000000518,1000000518,20250624,TRANSFER,PAID,13068.0
520,7000000519,1000000519,20240423,CARD,PAID,60867.6
521,7000000520,1000000520,20240130,GATEWAY,PAID,98638.8
522,7000000521,1000000521,20240828,CARD,PAID,63797.25
523,7000000522,1000000522,20240828,CARD,PAID,44460.0
524,7000000523,1000000523,20240921,CARD,PAID,28459.2
525,7000000524,1000000524,20240516,CASH,PAID,54450.0
526,7000000525,1000000525,20240113,CARD,PAID,27036.0
527,7000000526,1000000526,20240220,CARD,PAID,54261.0
528,7000000527,1000000527,20250519,TRANSFER,PAID,36300.0
529,7000000528,1000000528,20240224,CARD,PAID,18150.0
530,7000000529,1000000529,20241021,GATEWAY,PAID,58989.6
531,7000000530,1000000530,20240511,CARD,PAID,29959.2
532,7000000531,1000000531,20241210,CASH,REFUNDED,39930.0
533,7000000532,1000000532,20241013,CARD,PAID,17535.0
534,7000000533,1000000533,20250429,CARD,PAID,42882.0
535,7000000534,1000000534,20250224,GATEWAY,PAID,24829.2
536,7000000535,1000000535,20250411,GATEWAY,PAID,59541.36
537,7000000536,1000000536,20250304,CARD,PAID,43560.0
538,7000000537,1000000537,20240830,CASH,PAID,41164.2
539,7000000538,1000000538,20241218,CARD,PAID,30903.0
540,7000000539,1000000539,20250303,GATEWAY,PAID,53249.28
541,7000000540,1000000540,0,CARD,FAILED,13068.0
542,7000000541,1000000541,20250101,CARD,PAID,14520.0
543,7000000542,1000000542,20240503,CARD,PAID,46023.24
544,7000000543,1000000543,20240730,GATEWAY,PAID,18442.5
545,7000000544,1000000544,20240324,CASH,PAID,17968.5
546,7000000545,1000000545,20250331,CASH,PAID,29882.16
547,7000000546,1000000546,20241116,CARD,PAID,29949.6
548,7000000547,1000000547,20250604,CARD,PAID,30240.0
549,7000000548,1000000548,20250919,CARD,PAID,37109.25
550,7000000549,1000000549,20250316,CARD,PAID,27588.0
551,7000000550,1000000550,20250417,CARD,PAID,42664.2
552,7000000551,1000000551,20250930,GATEWAY,PAID,43308.0
553,7000000552,1000000552,20250426,CARD,PAID,26136.0
554,7000000553,1000000553,20240627,CASH,PAID,43560.0
555,7000000554,1000000554,20250527,CARD,PAID,54561.0
556,7000000555,1000000555,20250802,GATEWAY,PAID,17835.0
557,7000000556,1000000556,20250122,CARD,PAID,35283.6
558,7000000557,1000000557,20240409,CARD,PAID,35574.0
559,7000000558,1000000558,20240924,CASH,PAID,54450.0
560,7000000559,1000000559,20250112,CARD,PAID,70603.5
561,7000000560,1000000560,20250511,GATEWAY,PAID,58072.5
562,7000000561,1000000561,20250315,GATEWAY,PAID,41382.0
563,7000000562,1000000562,20250606,CARD,PAID,42282.0
564,7000000563,1000000563,20240323,CARD,PAID,14701.5
565,7000000564,1000000564,20240515,CARD,PAID,45012.0
566,7000000565,1000000565,0,GATEWAY,FAILED,86505.0
567,7000000566,1000000566,20250412,CARD,PAID,28788.0
568,7000000567,1000000567,20240807,CARD,PAID,32670.0
569,7000000568,1000000568,0,CARD,PENDING,37243.8
570,7000000569,1000000569,20250513,CARD,PAID,13794.0
571,7000000570,1000000570,20240902,CARD,PAID,34485.0
572,7000000571,1000000571,20240424,CASH,PAID,16335.0
573,7000000572,1000000572,20240902,CARD,PAID,57172.5
574,7000000573,1000000573,20240116,GATEWAY,PAID,43588.8
575,7000000574,1000000574,20240330,CARD,PAID,40704.0
576,7000000575,1000000575,0,CASH,FAILED,48024.9
577,7000000576,1000000576,20240602,GATEWAY,PAID,27336.0
578,7000000577,1000000577,20250116,CARD,PAID,43560.0
579,7000000578,1000000578,20241118,CASH,PAID,18104.62
580,7000000579,1000000579,20250502,CARD,PAID,17172.0
581,7000000580,1000000580,0,CARD,FAILED,70286.16
582,7000000581,1000000581,20240402,GATEWAY,PAID,17835.0
583,7000000582,1000000582,20241009,GATEWAY,PAID,27036.0
584,7000000583,1000000583,20241207,GATEWAY,REFUNDED,43588.8
585,7000000584,1000000584,20240620,CARD,REFUNDED,31464.6
586,7000000585,1000000585,20240521,CARD,PAID,31218.0
587,7000000586,1000000586,20250825,GATEWAY,PAID,50994.0
588,7000000587,1000000587,20250101,CARD,PAID,19565.7
589,7000000588,1000000588,0,CARD,PENDING,81069.6
590,7000000589,1000000589,20250802,CASH,PAID,30818.7
591,7000000590,1000000590,20240701,GATEWAY,PAID,71032.12
592,7000000591,1000000591,20241026,GATEWAY,PAID,29940.0
593,7000000592,1000000592,0,CASH,FAILED,26136.0
594,7000000593,1000000593,20240808,CARD,PAID,42688.8
595,7000000594,1000000594,20250312,CARD,PAID,52627.5
596,7000000595,1000000595,20241110,GATEWAY,PAID,31990.95
597,7000000596,1000000596,20240813,CARD,PAID,56900.25
598,7000000597,1000000597,20240226,CARD,PAID,83020.2
599,7000000598,1000000598,20241023,CARD,PAID,29882.16
600,7000000599,1000000599,20240303,CARD,PAID,55650.0
601,7000000600,1000000600,20250112,CARD,PAID,49005.0
602,7000000601,1000000601,20240906,CARD,PAID,17242.5
603,7000000602,1000000602,20241205,GATEWAY,PAID,52655.25
604,7000000603,1000000603,20250510,GATEWAY,PAID,41077.08
605,7000000604,1000000604,20241029,GATEWAY,PAID,59897.1
606,7000000605,1000000605,20240615,TRANSFER,PAID,12806.64
607,7000000606,1000000606,20240220,CASH,PAID,14701.5
608,7000000607,1000000607,20240603,CARD,PAID,36183.6
609,7000000608,1000000608,20241119,CASH,PAID,65340.0
610,7000000609,1000000609,20240526,CASH,PAID,45520.2
611,7000000610,1000000610,20250428,GATEWAY,PAID,87557.7
612,7000000611,1000000611,20240816,CARD,PAID,29959.2
613,7000000612,1000000612,20250515,CARD,PAID,40104.0
614,7000000613,1000000613,20250818,CARD,PAID,31246.8
615,7000000614,1000000614,20250203,CASH,PAID,90089.34
616,7000000615,1000000615,20240202,CASH,PAID,36300.0
617,7000000616,1000000616,20250426,CARD,PAID,58443.0
618,7000000617,1000000617,20240620,CARD,PAID,39319.92
619,7000000618,1000000618,20250117,GATEWAY,PAID,37200.0
620,7000000619,1000000619,20250729,GATEWAY,PAID,29359.2
621,7000000620,1000000620,20240222,CARD,PAID,43588.8
622,7000000621,1000000621,20241025,CARD,PAID,84753.0
623,7000000622,1000000622,20250620,CARD,PAID,68659.92
624,7000000623,1000000623,20241020,GATEWAY,PAID,104192.7
625,7000000624,1000000624,20240619,CARD,PAID,34485.0
626,7000000625,1000000625,20241106,CASH,PAID,45375.0
627,7000000626,1000000626,20240710,CASH,PAID,100841.4
628,7000000627,1000000627,20240229,TRANSFER,PAID,51455.25
629,7000000628,1000000628,20240704,CARD,PAID,46957.68
630,7000000629,1000000629,20250130,CARD,PAID,73282.44
631,7000000630,1000000630,20250418,CARD,PAID,33870.0
632,7000000631,1000000631,20240912,CASH,PAID,44558.25
633,7000000632,1000000632,20241015,CASH,PAID,42688.8
634,7000000633,1000000633,20240801,CARD,PAID,44823.24
635,7000000634,1000000634,20240925,CARD,PAID,48924.9
636,7000000635,1000000635,20250225,CARD,REFUNDED,85493.76
637,7000000636,1000000636,0,CARD,FAILED,26136.0
638,7000000637,1000000637,20250122,CASH,PAID,38419.92
639,7000000638,1000000638,20240127,TRANSFER,PAID,34303.5
640,7000000639,1000000639,20240221,CASH,PAID,53361.0
641,7000000640,1000000640,0,CARD,PENDING,39433.5
642,7000000641,1000000641,20250222,CARD,PAID,14941.08
643,7000000642,1000000642,20240927,CARD,PAID,77621.1
644,7000000643,1000000643,20241014,GATEWAY,PAID,65975.25
645,7000000644,1000000644,20240211,CARD,PAID,24722.4
646,7000000645,1000000645,20250904,CARD,PAID,113195.1
647,7000000646,1000000646,20250319,GATEWAY,PAID,60838.8
648,7000000647,1000000647,0,GATEWAY,FAILED,18687.0
649,7000000648,1000000648,20240724,GATEWAY,REFUNDED,55650.0
650,7000000649,1000000649,20250707,GATEWAY,PAID,48816.0
651,7000000650,1000000650,20250916,GATEWAY,PAID,38143.8
652,7000000651,1000000651,20250611,CARD,PAID,13968.0
653,7000000652,1000000652,20240825,CARD,PAID,28459.2
654,7000000653,1000000653,20250410,CARD,PAID,17835.0
655,7000000654,1000000654,20240820,CARD,PAID,44460.0
656,7000000655,1000000655,20250220,TRANSFER,PAID,34303.5
657,7000000656,1000000656,20250607,CARD,PAID,18687.0
658,7000000657,1000000657,20240610,CARD,PAID,42582.0
659,7000000658,1000000658,20240831,CARD,PAID,50903.25
660,7000000659,1000000659,0,CARD,FAILED,30492.0
661,7000000660,1000000660,20240410,CARD,PAID,106041.38
662,7000000661,1000000661,20240602,CARD,PAID,39433.5
663,7000000662,1000000662,20241114,TRANSFER,PAID,14701.5
664,7000000663,1000000663,0,CASH,FAILED,14229.6
665,7000000664,1000000664,20250421,CARD,PAID,55950.0
666,7000000665,1000000665,20250411,CARD,PAID,39131.4
667,7000000666,1000000666,20250528,GATEWAY,PAID,29659.2
668,7000000667,1000000667,20250630,CASH,PAID,32670.0
669,7000000668,1000000668,0,CARD,FAILED,40704.0
670,7000000669,1000000669,20240916,CARD,PAID,69807.0
671,7000000670,1000000670,20240621,GATEWAY,PAID,39204.0
672,7000000671,1000000671,20240504,CARD,PAID,30240.0
673,7000000672,1000000672,20240419,GATEWAY,PAID,16073.4
674,7000000673,1000000673,20250623,CASH,PAID,53361.0
675,7000000674,1000000674,20250719,CASH,PAID,49005.0
676,7000000675,1000000675,20250622,CARD,PAID,30540.0
677,7000000676,1000000676,20241028,CASH,PAID,58697.1
678,7000000677,1000000677,20241218,CASH,PAID,75576.6
679,7000000678,1000000678,20240524,CARD,PAID,31692.0
680,7000000679,1000000679,20240417,GATEWAY,PAID,50205.0
681,7000000680,1000000680,20241208,CARD,PAID,43451.1
682,7000000681,1000000681,20241109,CARD,PAID,55650.0
683,7000000682,1000000682,20240212,CASH,PAID,71383.95
684,7000000683,1000000683,20240331,CARD,PAID,24422.4
685,7000000684,1000000684,20240530,CARD,PAID,67901.25
686,7000000685,1000000685,20241026,GATEWAY,PAID,34170.0
687,7000000686,1000000686,20240901,CASH,PAID,49005.0
688,7000000687,1000000687,0,CASH,FAILED,26136.0
689,7000000688,1000000688,20250828,CARD,PAID,18987.0
690,7000000689,1000000689,20240622,GATEWAY,PAID,127025.4
691,7000000690,1000000690,20250919,CARD,PAID,87700.8
692,7000000691,1000000691,20250221,CARD,PAID,43451.1
693,7000000692,1000000692,20240108,TRANSFER,PAID,26136.0
694,7000000693,1000000693,20240216,GATEWAY,PAID,30240.0
695,7000000694,1000000694,20250619,CARD,PAID,42688.8
696,7000000695,1000000695,20240909,TRANSFER,PAID,17787.0
697,7000000696,1000000696,20250430,CARD,PAID,55950.0
698,7000000697,1000000697,20250406,TRANSFER,PAID,17242.5
699,7000000698,1000000698,20240225,CARD,REFUNDED,17235.0
700,7000000699,1000000699,20241017,CASH,PAID,59169.0
701,7000000700,1000000700,20250419,CARD,PAID,40031.4
702,7000000701,1000000701,20240312,CARD,PAID,13794.0
703,7000000702,1000000702,20240809,CARD,PAID,30346.8
704,7000000703,1000000703,20241208,CARD,PAID,18150.0
705,7000000704,1000000704,20240221,GATEWAY,PAID,43888.8
706,7000000705,1000000705,0,CARD,FAILED,74226.0
707,7000000706,1000000706,20250914,CASH,PAID,46554.75
708,7000000707,1000000707,20240628,GATEWAY,PAID,55213.88
709,7000000708,1000000708,20250314,GATEWAY,REFUNDED,15429.6
710,7000000709,1000000709,20250619,CARD,REFUNDED,18150.0
711,7000000710,1000000710,20250107,CASH,PAID,14229.6
712,7000000711,1000000711,20240630,CARD,PAID,83092.8
713,7000000712,1000000712,20240217,GATEWAY,PAID,55513.88
714,7000000713,1000000713,20241017,CASH,PAID,35283.6
715,7000000714,1000000714,20250831,GATEWAY,PAID,19287.0
716,7000000715,1000000715,20240106,CASH,PAID,14520.0
717,7000000716,1000000716,20240312,CARD,PAID,31692.0
718,7000000717,1000000717,20240219,CARD,PAID,49433.1
719,7000000718,1000000718,20240519,GATEWAY,PAID,81894.9
720,7000000719,1000000719,20240822,TRANSFER,REFUNDED,31305.12
721,7000000720,1000000720,20250815,GATEWAY,PAID,65340.0
722,7000000721,1000000721,20240928,CARD,PAID,44760.0
723,7000000722,1000000722,0,GATEWAY,FAILED,35685.0
724,7000000723,1000000723,20240415,CARD,PAID,26513.28
725,7000000724,1000000724,20250504,CARD,PAID,17535.0
726,7000000725,1000000725,20250603,CASH,PAID,15652.56
727,7000000726,1000000726,20240705,GATEWAY,PAID,40704.0
728,7000000727,1000000727,20250619,GATEWAY,PAID,29359.2
729,7000000728,1000000728,20241027,CARD,PAID,95344.05
730,7000000729,1000000729,20240806,GATEWAY,PAID,67810.5
731,7000000730,1000000730,20250826,CARD,PAID,60838.8
732,7000000731,1000000731,20250225,CASH,PAID,13068.0
733,7000000732,1000000732,20240109,CARD,PAID,44460.0
734,7000000733,1000000733,20240530,CARD,PAID,27113.28
735,7000000734,1000000734,20240213,CARD,PAID,38115.0
736,7000000735,1000000735,20250604,CARD,PAID,53361.0
737,7000000736,1000000736,20250807,CASH,PAID,14520.0
738,7000000737,1000000737,20250306,CARD,PAID,95178.6
739,7000000738,1000000738,20241216,CARD,PAID,13614.6
740,7000000739,1000000739,20240311,CASH,PAID,15518.25
741,7000000740,1000000740,20240421,CASH,PAID,78262.8
742,7000000741,1000000741,0,CARD,FAILED,54561.0
743,7000000742,1000000742,20240710,CARD,REFUNDED,13068.0
744,7000000743,1000000743,20240810,GATEWAY,PAID,17235.0
745,7000000744,1000000744,20240721,GATEWAY,PAID,52518.6
746,7000000745,1000000745,20250119,GATEWAY,PAID,27336.0
747,7000000746,1000000746,20250103,GATEWAY,PAID,56412.3
748,7000000747,1000000747,20240630,CARD,PAID,29040.0
749,7000000748,1000000748,20250227,TRANSFER,PAID,15246.0
750,7000000749,1000000749,20241101,GATEWAY,PAID,33444.0
751,7000000750,1000000750,20240927,CARD,PAID,52355.25
752,7000000751,1000000751,20250703,CARD,PAID,53361.0
753,7000000752,1000000752,20250124,CARD,PAID,40704.0
754,7000000753,1000000753,20250728,GATEWAY,PAID,44760.0
755,7000000754,1000000754,20250911,CARD,PAID,142659.0
756,7000000755,1000000755,20250827,CARD,PAID,74816.4
757,7000000756,1000000756,20250816,CARD,PAID,67779.12
758,7000000757,1000000757,0,CARD,FAILED,43451.1
759,7000000758,1000000758,20240818,GATEWAY,PAID,54261.0
760,7000000759,1000000759,20240104,CARD,PAID,34170.0
761,7000000760,1000000760,20241218,GATEWAY,PAID,29659.2
762,7000000761,1000000761,20250427,GATEWAY,PAID,16073.4
763,7000000762,1000000762,20250331,CARD,PAID,26029.2
764,7000000763,1000000763,20240507,CARD,PAID,42364.2
765,7000000764,1000000764,20240912,CARD,PAID,44460.0
766,7000000765,1000000765,20241118,GATEWAY,PAID,55350.0
767,7000000766,1000000766,20240909,CARD,REFUNDED,38419.92
768,7000000767,1000000767,20241028,GATEWAY,PAID,12414.6
769,7000000768,1000000768,20250929,GATEWAY,PAID,15129.6
770,7000000769,1000000769,20241229,GATEWAY,PAID,30240.0
771,7000000770,1000000770,20241228,GATEWAY,PAID,20166.75
772,7000000771,1000000771,20250523,TRANSFER,PAID,29040.0
773,7000000772,1000000772,20240725,CARD,PAID,49905.0
774,7000000773,1000000773,20250504,GATEWAY,PAID,29867.4
775,7000000774,1000000774,20241123,CARD,PAID,47916.0
776,7000000775,1000000775,20240301,CARD,PAID,52272.0
777,7000000776,1000000776,20240109,CARD,PAID,40104.0
778,7000000777,1000000777,20250201,CARD,PAID,34303.5
779,7000000778,1000000778,20240805,GATEWAY,PAID,14268.0
780,7000000779,1000000779,20241124,CARD,PAID,27588.0
781,7000000780,1000000780,0,TRANSFER,FAILED,41382.0
782,7000000781,1000000781,20250125,CARD,PAID,96673.92
783,7000000782,1000000782,20250211,TRANSFER,PAID,13068.0
784,7000000783,1000000783,20250207,GATEWAY,REFUNDED,65731.8
785,7000000784,1000000784,20250421,CARD,PAID,26813.28
786,7000000785,1000000785,20240407,CARD,PAID,51727.5
787,7000000786,1000000786,20240715,GATEWAY,PAID,99754.5
788,7000000787,1000000787,20241030,CARD,PAID,28459.2
789,7000000788,1000000788,20240917,CARD,PAID,106533.0
790,7000000789,1000000789,20250630,CARD,PAID,66249.6
791,7000000790,1000000790,20250702,CARD,PAID,18142.5
792,7000000791,1000000791,20240517,CARD,PAID,19050.0
793,7000000792,1000000792,20241112,GATEWAY,PAID,63636.0
794,7000000793,1000000793,20240815,CARD,REFUNDED,51727.5
795,7000000794,1000000794,20250428,TRANSFER,PAID,88209.0
796,7000000795,1000000795,20250902,CARD,PAID,13794.0
797,7000000796,1000000796,0,GATEWAY,FAILED,96528.72
798,7000000797,1000000797,20240113,CASH,PAID,72904.92
799,7000000798,1000000798,20250312,CASH,PAID,16335.0
800,7000000799,1000000799,20240206,CARD,PAID,29940.0
801,7000000800,1000000800,20250414,CARD,PAID,44760.0
802,7000000801,1000000801,20250224,CARD,PAID,27689.4
803,7000000802,1000000802,20250509,CASH,PAID,27588.0
804,7000000803,1000000803,20250919,GATEWAY,PAID,58372.5
805,7000000804,1000000804,20240221,GATEWAY,PAID,15129.6
806,7000000805,1000000805,0,GATEWAY,FAILED,13914.6
807,7000000806,1000000806,20240801,TRANSFER,PAID,32670.0
808,7000000807,1000000807,0,CASH,FAILED,42688.8
809,7000000808,1000000808,20240224,CASH,PAID,16335.0
810,7000000809,1000000809,20240723,CARD,PAID,56482.8
811,7000000810,1000000810,20250304,CASH,PAID,35574.0
812,7000000811,1000000811,20250811,CASH,PAID,28459.2
813,7000000812,1000000812,20250111,CARD,PAID,37074.0
814,7000000813,1000000813,20241011,CARD,PAID,31692.0
815,7000000814,1000000814,20241018,CARD,PAID,27036.0
816,7000000815,1000000815,20250620,CARD,PAID,40220.4
817,7000000816,1000000816,20250430,CARD,PAID,51727.5
818,7000000817,1000000817,20250219,CARD,PAID,14520.0
819,7000000818,1000000818,20250420,GATEWAY,PAID,55650.0
820,7000000819,1000000819,20250708,CASH,PAID,72926.7
821,7000000820,1000000820,20240304,CARD,PAID,68302.08
822,7000000821,1000000821,20241008,CARD,PAID,65388.0
823,7000000822,1000000822,20240713,GATEWAY,PAID,25729.2
824,7000000823,1000000823,20240114,GATEWAY,PAID,15601.5
825,7000000824,1000000824,20250328,GATEWAY,PAID,28642.8
826,7000000825,1000000825,20240128,GATEWAY,PAID,71758.65
827,7000000826,1000000826,20241105,CASH,PAID,45738.0
828,7000000827,1000000827,20241130,GATEWAY,PAID,16552.56
829,7000000828,1000000828,20240924,CARD,PAID,76449.9
830,7000000829,1000000829,20241214,CARD,PAID,71874.0
831,7000000830,1000000830,20240627,CASH,PAID,13068.0
832,7000000831,1000000831,20241006,CARD,PAID,42582.0
833,7000000832,1000000832,20240319,CARD,PAID,29040.0
834,7000000833,1000000833,20250922,CARD,PAID,48024.9
835,7000000834,1000000834,20240624,CARD,PAID,85154.64
836,7000000835,1000000835,20241218,CARD,PAID,18104.62
837,7000000836,1000000836,20241109,CARD,REFUNDED,70741.2
838,7000000837,1000000837,20241214,GATEWAY,PAID,27336.0
839,7000000838,1000000838,20250301,CASH,PAID,39204.0
840,7000000839,1000000839,20250417,CARD,PAID,55650.0
841,7000000840,1000000840,20250720,CARD,PAID,40331.4
842,7000000841,1000000841,0,CARD,FAILED,37709.25
843,7000000842,1000000842,20250607,CARD,PAID,43560.0
844,7000000843,1000000843,20240315,CARD,PAID,44624.4
845,7000000844,1000000844,20250804,CARD,PAID,16141.08
846,7000000845,1000000845,20240830,CARD,PAID,41926.5
847,7000000846,1000000846,20250829,GATEWAY,PAID,25613.28
848,7000000847,1000000847,20240502,CARD,PAID,29867.4
849,7000000848,1000000848,20250726,CARD,PAID,28642.8
850,7000000849,1000000849,20250226,CASH,REFUNDED,16008.3
851,7000000850,1000000850,0,GATEWAY,FAILED,55350.0
852,7000000851,1000000851,20240811,CARD,PAID,35685.0
853,7000000852,1000000852,20240327,CARD,PAID,19965.0
854,7000000853,1000000853,20250729,CARD,PAID,55405.5
855,7000000854,1000000854,20250815,CASH,PAID,26898.3
856,7000000855,1000000855,20240404,CARD,PAID,54450.0
857,7000000856,1000000856,20250514,CARD,REFUNDED,33870.0
858,7000000857,1000000857,20250806,CARD,PAID,33870.0
859,7000000858,1000000858,20240331,CARD,PAID,14268.0
860,7000000859,1000000859,20250818,CARD,PAID,56029.05
861,7000000860,1000000860,20250214,CARD,PAID,25729.2
862,7000000861,1000000861,20241224,CARD,REFUNDED,14483.7
863,7000000862,1000000862,20250606,CARD,PAID,49905.0
864,7000000863,1000000863,0,GATEWAY,PENDING,54188.4
865,7000000864,1000000864,20240426,CARD,PAID,138871.38
866,7000000865,1000000865,20250217,CARD,PAID,55650.0
867,7000000866,1000000866,20250618,CASH,PAID,39204.0
868,7000000867,1000000867,0,CASH,FAILED,41382.0
869,7000000868,1000000868,20240905,CARD,PAID,36474.0
870,7000000869,1000000869,20240424,GATEWAY,PAID,16718.25
871,7000000870,1000000870,20250225,GATEWAY,PAID,50306.64
872,7000000871,1000000871,20250603,TRANSFER,PAID,49821.75
873,7000000872,1000000872,20250423,CARD,PAID,36474.0
874,7000000873,1000000873,20250209,CASH,PAID,25613.28
875,7000000874,1000000874,20240413,CASH,PAID,14483.7
876,7000000875,1000000875,20250322,GATEWAY,PAID,50205.0
877,7000000876,1000000876,20240407,CARD,PAID,54778.8
878,7000000877,1000000877,20241029,CARD,PAID,32670.0
879,7000000878,1000000878,20240526,CASH,PAID,14520.0
880,7000000879,1000000879,20250403,CARD,PAID,11761.2
881,7000000880,1000000880,20240821,CARD,PAID,23522.4
882,7000000881,1000000881,20240315,CARD,PAID,53288.4
883,7000000882,1000000882,20240803,GATEWAY,PAID,13614.6
884,7000000883,1000000883,20240825,CARD,PAID,61693.42
885,7000000884,1000000884,20250711,GATEWAY,PAID,17172.0
886,7000000885,1000000885,20240207,CARD,PAID,27336.0
887,7000000886,1000000886,20241225,CARD,PAID,54316.5
888,7000000887,1000000887,20241224,GATEWAY,PAID,51727.5
889,7000000888,1000000888,0,CARD,FAILED,19304.62
890,7000000889,1000000889,20241017,TRANSFER,PAID,53361.0
891,7000000890,1000000890,20240815,CARD,PAID,30492.0
892,7000000891,1000000891,20241019,GATEWAY,PAID,40830.0
893,7000000892,1000000892,20250817,CARD,PAID,44460.0
894,7000000893,1000000893,0,CASH,PENDING,51727.5
895,7000000894,1000000894,20240123,GATEWAY,PAID,78945.0
896,7000000895,1000000895,20240603,CARD,PAID,28459.2
897,7000000896,1000000896,20250829,CARD,PAID,97284.0
898,7000000897,1000000897,20251002,TRANSFER,PAID,38419.92
899,7000000898,1000000898,20240612,CARD,PAID,31728.3
900,7000000899,1000000899,20240509,GATEWAY,PAID,29659.2
901,7000000900,1000000900,20240514,CARD,PAID,106288.5
902,7000000901,1000000901,20250227,CARD,PAID,13721.4
903,7000000902,1000000902,20240115,CASH,PAID,73652.7
904,7000000903,1000000903,20250916,CASH,PAID,59212.56
905,7000000904,1000000904,20250412,CARD,PAID,17968.5
906,7000000905,1000000905,20240714,CARD,PAID,83936.25
907,7000000906,1000000906,20250112,GATEWAY,PAID,44760.0
908,7000000907,1000000907,20250413,CARD,PAID,71692.5
909,7000000908,1000000908,20240506,CASH,PAID,13068.0
910,7000000909,1000000909,20250109,GATEWAY,PAID,31382.16
911,7000000910,1000000910,20240529,CASH,PAID,14941.08
912,7000000911,1000000911,20241010,CARD,PAID,16020.0
913,7000000912,1000000912,20240411,CARD,REFUNDED,90546.48
914,7000000913,1000000913,20240401,CASH,PAID,62552.16
915,7000000914,1000000914,0,GATEWAY,FAILED,40830.0
916,7000000915,1000000915,20240730,CARD,PAID,14520.0
917,7000000916,1000000916,20241228,CASH,PAID,40619.7
918,7000000917,1000000917,20240617,CARD,PAID,50205.0
919,7000000918,1000000918,20250611,CASH,PAID,44104.5
920,7000000919,1000000919,20250213,CARD,PAID,36892.5
921,7000000920,1000000920,20250730,CARD,PAID,29659.2
922,7000000921,1000000921,20250406,CARD,PAID,43560.0
923,7000000922,1000000922,20250818,CASH,PAID,13721.4
924,7000000923,1000000923,20250519,CARD,PAID,13068.0
925,7000000924,1000000924,20240831,CARD,PAID,63636.0
926,7000000925,1000000925,20250719,CARD,PAID,27336.0
927,7000000926,1000000926,20240213,GATEWAY,PAID,82303.8
928,7000000927,1000000927,20250413,CARD,PAID,76631.4
929,7000000928,1000000928,0,GATEWAY,FAILED,27336.0
930,7000000929,1000000929,20241206,CARD,PAID,44188.8
931,7000000930,1000000930,20241213,CARD,PAID,102885.9
932,7000000931,1000000931,20250406,CARD,PAID,36483.6
933,7000000932,1000000932,0,CARD,FAILED,23522.4
934,7000000933,1000000933,20240720,CASH,PAID,12414.6
935,7000000934,1000000934,20241212,GATEWAY,PAID,33570.0
936,7000000935,1000000935,20240818,GATEWAY,PAID,13914.6
937,7000000936,1000000936,20240703,GATEWAY,PAID,16335.0
938,7000000937,1000000937,20250321,CARD,PAID,14374.8
939,7000000938,1000000938,20241217,CARD,PAID,16373.4
940,7000000939,1000000939,20250217,CARD,PAID,30240.0
941,7000000940,1000000940,20240109,CASH,PAID,31744.35
942,7000000941,1000000941,20250601,CARD,PAID,55350.0
943,7000000942,1000000942,20240117,GATEWAY,PAID,44460.0
944,7000000943,1000000943,20250403,CASH,PAID,39204.0
945,7000000944,1000000944,20240608,TRANSFER,PAID,14229.6
946,7000000945,1000000945,20240520,CASH,PAID,14229.6
947,7000000946,1000000946,20240104,CARD,PAID,65811.9
948,7000000947,1000000947,0,CARD,PENDING,110424.6
949,7000000948,1000000948,20240201,CASH,PAID,49005.0
950,7000000949,1000000949,20240425,CASH,PAID,45738.0
951,7000000950,1000000950,20250120,CARD,PAID,55650.0
952,7000000951,1000000951,20241205,CASH,PAID,14520.0
953,7000000952,1000000952,20250725,CASH,PAID,39204.0
954,7000000953,1000000953,20240425,CARD,PAID,47986.78
955,7000000954,1000000954,20251001,CASH,PAID,50094.0
956,7000000955,1000000955,20250909,CASH,PAID,51727.5
957,7000000956,1000000956,20240611,CARD,PAID,50205.0
958,7000000957,1000000957,20240812,GATEWAY,PAID,28488.0
959,7000000958,1000000958,20250405,GATEWAY,PAID,27113.28
960,7000000959,1000000959,0,CARD,FAILED,39619.92
961,7000000960,1000000960,20250623,CASH,PAID,29040.0
962,7000000961,1000000961,20240404,CARD,PAID,28488.0
963,7000000962,1000000962,20250818,CASH,PAID,80368.2
964,7000000963,1000000963,20250429,CARD,PAID,13968.0
965,7000000964,1000000964,20250910,CARD,PAID,19876.35
966,7000000965,1000000965,20250731,CARD,PAID,14229.6
967,7000000966,1000000966,20241113,CARD,PAID,56029.05
968,7000000967,1000000967,20250711,CARD,PAID,46023.24
969,7000000968,1000000968,20240828,CARD,PAID,31692.0
970,7000000969,1000000969,20240402,CASH,PAID,72237.0
971,7000000970,1000000970,20240418,GATEWAY,PAID,70591.08
972,7000000971,1000000971,20250920,GATEWAY,PAID,37074.0
973,7000000972,1000000972,20240414,GATEWAY,PAID,15901.5
974,7000000973,1000000973,20250304,GATEWAY,PAID,29940.0
975,7000000974,1000000974,20250916,GATEWAY,PAID,18676.35
976,7000000975,1000000975,20240724,TRANSFER,PAID,53361.0
977,7000000976,1000000976,20240122,CARD,PAID,43560.0
978,7000000977,1000000977,20250605,CARD,PAID,69018.0
979,7000000978,1000000978,0,GATEWAY,PENDING,35503.5
980,7000000979,1000000979,20250901,CASH,PAID,36300.0
981,7000000980,1000000980,20250515,CARD,PAID,19004.62
982,7000000981,1000000981,20250514,TRANSFER,PAID,71656.2
983,7000000982,1000000982,20240705,CASH,PAID,13721.4
984,7000000983,1000000983,20240724,CARD,REFUNDED,45738.0
985,7000000984,1000000984,20241101,GATEWAY,PAID,42882.0
986,7000000985,1000000985,0,CASH,FAILED,71556.38
987,7000000986,1000000986,20240409,CARD,PAID,56929.05
988,7000000987,1000000987,20240413,CASH,PAID,86521.05
989,7000000988,1000000988,20241226,CASH,REFUNDED,60228.96
990,7000000989,1000000989,20240329,CARD,PAID,94438.08
991,7000000990,1000000990,20250805,CASH,PAID,63525.0
992,7000000991,1000000991,20240428,CARD,PAID,28342.8
993,7000000992,1000000992,20250908,CARD,PAID,24829.2
994,7000000993,1000000993,20250303,CASH,PAID,14374.8
995,7000000994,1000000994,20241018,CARD,PAID,33577.5
996,7000000995,1000000995,20240407,CARD,PAID,30240.0
997,7000000996,1000000996,20250923,CARD,PAID,54561.0
998,7000000997,1000000997,20240805,GATEWAY,PAID,79390.2
999,7000000998,1000000998,0,CARD,FAILED,28749.6
1000,7000000999,1000000999,20250523,CARD,PAID,43560.0
1001,7000001000,1000001000,20240210,GATEWAY,PAID,14994.0
1002,7000001001,1000001001,20241210,CARD,PAID,37500.0
1003,7000001002,1000001002,20250926,CARD,REFUNDED,92474.25
1004,7000001003,1000001003,20240816,CARD,PAID,42282.0
1005,7000001004,1000001004,20241204,GATEWAY,PAID,52627.5
1006,7000001005,1000001005,20240712,CARD,PAID,18150.0
1007,7000001006,1000001006,20240923,CARD,PAID,14568.0
1008,7000001007,1000001007,20250726,CASH,PAID,71692.5
1009,7000001008,1000001008,20240908,GATEWAY,PAID,72783.6
1010,7000001009,1000001009,20250907,CASH,PAID,47124.66
1011,7000001010,1000001010,20240913,TRANSFER,PAID,64831.8
1012,7000001011,1000001011,20240516,GATEWAY,PAID,37200.0
1013,7000001012,1000001012,20250729,GATEWAY,PAID,50505.0
1014,7000001013,1000001013,20250912,CARD,PAID,34122.0
1015,7000001014,1000001014,20240302,CASH,PAID,60258.0
1016,7000001015,1000001015,20240210,CASH,PAID,36300.0
1017,7000001016,1000001016,20250521,CARD,PAID,43888.8
1018,7000001017,1000001017,20240925,CARD,PAID,29403.0
1019,7000001018,1000001018,20241109,GATEWAY,PAID,27336.0
1020,7000001019,1000001019,20250101,GATEWAY,PAID,86442.0
1021,7000001020,1000001020,20240820,GATEWAY,REFUNDED,87755.25
1022,7000001021,1000001021,20241015,CASH,PAID,29911.2
1023,7000001022,1000001022,20250427,CARD,PAID,19287.0
1024,7000001023,1000001023,0,CARD,FAILED,60795.0
1025,7000001024,1000001024,20241211,CASH,PAID,17787.0
1026,7000001025,1000001025,20241201,CASH,PAID,29040.0
1027,7000001026,1000001026,20241019,GATEWAY,PAID,35574.0
1028,7000001027,1000001027,20250623,GATEWAY,PAID,26029.2
1029,7000001028,1000001028,20240110,GATEWAY,PAID,32236.5
1030,7000001029,1000001029,0,CARD,PENDING,29940.0
1031,7000001030,1000001030,20240106,CARD,PAID,54261.0
1032,7000001031,1000001031,0,CARD,FAILED,54561.0
1033,7000001032,1000001032,0,CASH,FAILED,46957.68
1034,7000001033,1000001033,20240626,GATEWAY,PAID,62058.24
1035,7000001034,1000001034,20250513,CARD,REFUNDED,18676.35
1036,7000001035,1000001035,0,CARD,PENDING,68824.8
1037,7000001036,1000001036,20240707,GATEWAY,PAID,29659.2
1038,7000001037,1000001037,20240228,GATEWAY,PAID,28488.0
1039,7000001038,1000001038,0,CARD,FAILED,43888.8
1040,7000001039,1000001039,20250226,GATEWAY,PAID,104955.0
1041,7000001040,1000001040,20250214,GATEWAY,PAID,20557.5
1042,7000001041,1000001041,20250312,CARD,PAID,13968.0
1043,7000001042,1000001042,20240125,CARD,PAID,50703.6
1044,7000001043,1000001043,20250220,CARD,PAID,29649.6
1045,7000001044,1000001044,20250213,CASH,PAID,35574.0
1046,7000001045,1000001045,20240916,CARD,PAID,58007.4
1047,7000001046,1000001046,20250313,CARD,PAID,74547.78
1048,7000001047,1000001047,20250906,GATEWAY,PAID,38743.8
1049,7000001048,1000001048,20240207,CARD,PAID,65025.0
1050,7000001049,1000001049,20240419,CARD,PAID,43560.0
1051,7000001050,1000001050,20240913,GATEWAY,PAID,32805.12
1052,7000001051,1000001051,20250430,CASH,REFUNDED,32670.0
1053,7000001052,1000001052,0,GATEWAY,FAILED,42582.0
1054,7000001053,1000001053,20250212,CARD,PAID,29040.0
1055,7000001054,1000001054,20250827,CARD,PAID,24722.4
1056,7000001055,1000001055,20240804,CARD,PAID,29867.4
1057,7000001056,1000001056,20250918,CARD,PAID,86248.8
1058,7000001057,1000001057,20240131,GATEWAY,PAID,37709.25
1059,7000001058,1000001058,0,GATEWAY,FAILED,50277.6
1060,7000001059,1000001059,20240202,CARD,PAID,107756.55
1061,7000001060,1000001060,20241022,CARD,PAID,19057.5
1062,7000001061,1000001061,0,CASH,FAILED,29040.0
1063,7000001062,1000001062,20250526,GATEWAY,PAID,14694.0
1064,7000001063,1000001063,20240616,CARD,PAID,34666.5
1065,7000001064,1000001064,20240222,CASH,PAID,13068.0
1066,7000001065,1000001065,0,GATEWAY,PENDING,18687.0
1067,7000001066,1000001066,0,GATEWAY,FAILED,27336.0
1068,7000001067,1000001067,20240505,GATEWAY,PAID,29940.0
1069,7000001068,1000001068,0,CARD,FAILED,73442.16
1070,7000001069,1000001069,20250315,GATEWAY,PAID,37500.0
1071,7000001070,1000001070,20250331,CARD,PAID,51001.5
1072,7000001071,1000001071,20240708,GATEWAY,PAID,36774.0
1073,7000001072,1000001072,0,GATEWAY,PENDING,97821.0
1074,7000001073,1000001073,0,CARD,PENDING,37744.5
1075,7000001074,1000001074,20240211,CARD,PAID,59895.0
1076,7000001075,1000001075,20250113,GATEWAY,PAID,52655.25
1077,7000001076,1000001076,20240605,GATEWAY,PAID,18442.5
1078,7000001077,1000001077,20241123,CARD,PAID,91403.4
1079,7000001078,1000001078,20250213,CARD,PAID,31936.5
1080,7000001079,1000001079,0,CASH,FAILED,49005.0
1081,7000001080,1000001080,20241218,CARD,PAID,14268.0
1082,7000001081,1000001081,20240116,CARD,PAID,52165.2
1083,7000001082,1000001082,0,GATEWAY,FAILED,46720.2
1084,7000001083,1000001083,20240201,CARD,PAID,30249.6
1085,7000001084,1000001084,20241009,GATEWAY,PAID,52627.5
1086,7000001085,1000001085,20240222,GATEWAY,PAID,49116.0
1087,7000001086,1000001086,20240501,GATEWAY,PAID,64788.0
1088,7000001087,1000001087,20250825,TRANSFER,PAID,29040.0
1089,7000001088,1000001088,0,CARD,FAILED,50205.0
1090,7000001089,1000001089,20250921,GATEWAY,PAID,13614.6
1091,7000001090,1000001090,20250915,CARD,PAID,42282.0
1092,7000001091,1000001091,20241011,CARD,PAID,31036.5
1093,7000001092,1000001092,20241222,CARD,PAID,31992.0
1094,7000001093,1000001093,20250330,CARD,PAID,56918.4
1095,7000001094,1000001094,20250420,CASH,REFUNDED,30492.0
1096,7000001095,1000001095,20250402,CARD,PAID,15720.0
1097,7000001096,1000001096,20240126,GATEWAY,REFUNDED,57717.0
1098,7000001097,1000001097,20240419,TRANSFER,PAID,18150.0
1099,7000001098,1000001098,20240722,CARD,PAID,76857.75
1100,7000001099,1000001099,20250610,TRANSFER,PAID,13794.0
1101,7000001100,1000001100,20250722,CARD,PAID,27588.0
1102,7000001101,1000001101,20240330,CARD,PAID,117757.2
1103,7000001102,1000001102,20240708,CARD,PAID,14006.64
1104,7000001103,1000001103,20240207,GATEWAY,PAID,16552.56
1105,7000001104,1000001104,20250702,CASH,PAID,17787.0
1106,7000001105,1000001105,20241208,CARD,PAID,32670.0
1107,7000001106,1000001106,20241105,CARD,PAID,55350.0
1108,7000001107,1000001107,20240824,TRANSFER,PAID,47916.0
1109,7000001108,1000001108,0,CARD,FAILED,46554.75
1110,7000001109,1000001109,20240805,GATEWAY,PAID,30240.0
1111,7000001110,1000001110,20240725,CARD,PAID,64817.28
1112,7000001111,1000001111,20250309,CARD,REFUNDED,28488.0
1113,7000001112,1000001112,20250724,CARD,PAID,18104.62
1114,7000001113,1000001113,20250508,CASH,REFUNDED,51727.5
1115,7000001114,1000001114,20250425,GATEWAY,PAID,59161.5
1116,7000001115,1000001115,20240608,CASH,PAID,39131.4
1117,7000001116,1000001116,20250808,CARD,PAID,49116.0
1118,7000001117,1000001117,20250616,TRANSFER,PAID,27588.0
1119,7000001118,1000001118,20250130,CASH,PAID,13721.4
1120,7000001119,1000001119,20240218,CARD,PAID,35574.0
1121,7000001120,1000001120,20250520,CASH,PAID,45738.0
1122,7000001121,1000001121,20240314,TRANSFER,PAID,31944.0
1123,7000001122,1000001122,20240824,CARD,PAID,29475.6
1124,7000001123,1000001123,20241012,TRANSFER,PAID,15652.56
1125,7000001124,1000001124,20250419,GATEWAY,PAID,46023.24
1126,7000001125,1000001125,20250803,GATEWAY,PAID,19050.0
1127,7000001126,1000001126,20241119,CARD,PAID,45723.24
1128,7000001127,1000001127,20241012,CARD,PAID,43560.0
1129,7000001128,1000001128,20241029,CASH,PAID,26136.0
1130,7000001129,1000001129,20241007,TRANSFER,PAID,60025.68
1131,7000001130,1000001130,20250915,CASH,PAID,28459.2
1132,7000001131,1000001131,20250327,CARD,PAID,18966.75
1133,7000001132,1000001132,0,CASH,PENDING,13721.4
1134,7000001133,1000001133,20250522,GATEWAY,PAID,29882.16
1135,7000001134,1000001134,20250929,CARD,PAID,58672.5
1136,7000001135,1000001135,20240414,GATEWAY,PAID,17787.0
1137,7000001136,1000001136,20241116,CARD,PAID,18150.0
1138,7000001137,1000001137,20250618,CARD,PAID,36774.0
1139,7000001138,1000001138,20240915,CARD,PAID,50205.0
1140,7000001139,1000001139,20240806,CARD,PAID,36483.6
1141,7000001140,1000001140,20250106,CARD,PAID,40404.0
1142,7000001141,1000001141,20250626,CARD,PAID,31692.0
1143,7000001142,1000001142,20250210,CASH,PAID,39204.0
1144,7000001143,1000001143,20250819,CARD,PAID,42282.0
1145,7000001144,1000001144,20250707,CASH,PAID,45520.2
1146,7000001145,1000001145,20250914,CARD,PAID,57172.5
1147,7000001146,1000001146,20250729,CASH,PAID,57172.5
1148,7000001147,1000001147,0,GATEWAY,PENDING,19050.0
1149,7000001148,1000001148,20250129,GATEWAY,PAID,56656.8
1150,7000001149,1000001149,20241130,CARD,PAID,59897.1
1151,7000001150,1000001150,20240420,CARD,PAID,33668.25
1152,7000001151,1000001151,0,GATEWAY,FAILED,26136.0
1153,7000001152,1000001152,20241004,CARD,PAID,32916.6
1154,7000001153,1000001153,20240301,GATEWAY,PAID,39319.92
1155,7000001154,1000001154,20241231,GATEWAY,PAID,57529.05
1156,7000001155,1000001155,20240524,CASH,PAID,39204.0
1157,7000001156,1000001156,20241009,GATEWAY,PAID,126135.0
1158,7000001157,1000001157,20250513,CASH,REFUNDED,54313.88
1159,7000001158,1000001158,20240719,CASH,PAID,45738.0
1160,7000001159,1000001159,20250825,CARD,PAID,27588.0
1161,7000001160,1000001160,20240416,CARD,PAID,41382.0
1162,7000001161,1000001161,20240420,GATEWAY,PAID,44324.4
1163,7000001162,1000001162,20250321,CARD,PAID,29040.0
1164,7000001163,1000001163,20240412,CARD,REFUNDED,91342.5
1165,7000001164,1000001164,20240120,CASH,PAID,14520.0
1166,7000001165,1000001165,20240228,CARD,REFUNDED,17787.0
1167,7000001166,1000001166,20241217,CARD,PAID,31246.8
1168,7000001167,1000001167,20240716,GATEWAY,PAID,112578.0
1169,7000001168,1000001168,20250220,GATEWAY,PAID,15720.0
1170,7000001169,1000001169,20240414,CARD,PAID,44760.0
1171,7000001170,1000001170,20240809,CARD,PAID,43560.0
1172,7000001171,1000001171,0,CASH,FAILED,80310.12
1173,7000001172,1000001172,20250623,CARD,PAID,73700.7
1174,7000001173,1000001173,20250719,CASH,PAID,29882.16
1175,7000001174,1000001174,20250115,CARD,PAID,40104.0
1176,7000001175,1000001175,0,GATEWAY,FAILED,35685.0
1177,7000001176,1000001176,20250530,CARD,PAID,99391.5
1178,7000001177,1000001177,20240915,GATEWAY,PAID,55650.0
1179,7000001178,1000001178,20240304,CARD,PAID,88209.0
1180,7000001179,1000001179,20250623,CARD,PAID,47754.75
1181,7000001180,1000001180,20240821,CARD,PAID,38419.92
1182,7000001181,1000001181,20250216,CARD,PAID,19350.0
1183,7000001182,1000001182,20240911,CARD,PAID,49005.0
1184,7000001183,1000001183,20240706,GATEWAY,PAID,86142.0
1185,7000001184,1000001184,20250327,GATEWAY,PAID,35985.0
1186,7000001185,1000001185,20241118,CARD,PAID,34485.0
1187,7000001186,1000001186,20240204,CASH,PAID,68970.0
1188,7000001187,1000001187,20250305,GATEWAY,PAID,15729.6
1189,7000001188,1000001188,20250809,CARD,PAID,83301.0
1190,7000001189,1000001189,20240504,CASH,PAID,32670.0
1191,7000001190,1000001190,20240423,CARD,PAID,41382.0
1192,7000001191,1000001191,20250128,GATEWAY,PAID,26136.0
1193,7000001192,1000001192,20250125,CARD,PAID,40704.0
1194,7000001193,1000001193,20240925,CARD,PAID,83490.0
1195,7000001194,1000001194,20240413,GATEWAY,PAID,57174.6
1196,7000001195,1000001195,20240528,CARD,PAID,14374.8
1197,7000001196,1000001196,0,CASH,FAILED,94380.0
1198,7000001197,1000001197,20250315,CASH,PAID,38419.92
1199,7000001198,1000001198,20250209,CARD,REFUNDED,17535.0
1200,7000001199,1000001199,20241214,CARD,PAID,36774.0
1201,7000001200,1000001200,20240504,CARD,REFUNDED,19350.0
1202,7000001201,1000001201,0,CARD,PENDING,27588.0
1203,7000001202,1000001202,20250731,TRANSFER,PAID,51727.5
1204,7000001203,1000001203,20241105,CARD,PAID,47916.0
1205,7000001204,1000001204,20250101,GATEWAY,REFUNDED,39619.92
1206,7000001205,1000001205,20250821,CARD,PAID,27336.0
1207,7000001206,1000001206,0,CARD,FAILED,26136.0
1208,7000001207,1000001207,20240728,CARD,PAID,56874.6
1209,7000001208,1000001208,20240130,GATEWAY,PAID,44188.8
1210,7000001209,1000001209,20241121,CARD,PAID,18442.5
1211,7000001210,1000001210,20250620,CARD,PAID,30467.4
1212,7000001211,1000001211,20250627,CARD,REFUNDED,56900.25
1213,7000001212,1000001212,20240318,CARD,PAID,64359.9
1214,7000001213,1000001213,20240224,GATEWAY,PAID,33507.0
1215,7000001214,1000001214,20240412,GATEWAY,PAID,18150.0
1216,7000001215,1000001215,20250930,CASH,PAID,13721.4
1217,7000001216,1000001216,20240705,CARD,PAID,49905.0
1218,7000001217,1000001217,20250522,CASH,PAID,44823.24
1219,7000001218,1000001218,20240920,GATEWAY,PAID,48924.9
1220,7000001219,1000001219,20241005,CARD,PAID,14520.0
1221,7000001220,1000001220,20250429,CARD,PAID,32916.6
1222,7000001221,1000001221,0,CARD,FAILED,20257.5
1223,7000001222,1000001222,20250404,GATEWAY,PAID,53361.0
1224,7000001223,1000001223,20250225,CARD,PAID,63343.5
1225,7000001224,1000001224,20241126,CARD,PAID,69289.2
1226,7000001225,1000001225,20240228,CASH,PAID,80803.8
1227,7000001226,1000001226,20241126,GATEWAY,PAID,55405.5
1228,7000001227,1000001227,0,CARD,FAILED,18442.5
1229,7000001228,1000001228,20240330,CARD,PAID,44651.1
1230,7000001229,1000001229,20240416,CASH,PAID,42688.8
1231,7000001230,1000001230,20240331,GATEWAY,PAID,42664.2
1232,7000001231,1000001231,20250902,CASH,PAID,42688.8
1233,7000001232,1000001232,20250904,CARD,PAID,60369.0
1234,7000001233,1000001233,20250118,CARD,PAID,21065.7
1235,7000001234,1000001234,20240915,GATEWAY,PAID,13968.0
1236,7000001235,1000001235,20250317,CARD,PAID,31246.8
1237,7000001236,1000001236,0,CASH,FAILED,18966.75
1238,7000001237,1000001237,20250613,GATEWAY,PAID,44651.1
1239,7000001238,1000001238,20250523,GATEWAY,REFUNDED,45304.5
1240,7000001239,1000001239,20250901,CARD,PAID,28459.2
1241,7000001240,1000001240,20240321,GATEWAY,PAID,37200.0
1242,7000001241,1000001241,0,CARD,FAILED,41164.2
1243,7000001242,1000001242,0,CARD,FAILED,50195.4
1244,7000001243,1000001243,20250220,CARD,PAID,33371.4
1245,7000001244,1000001244,20240609,CASH,PAID,82872.9
1246,7000001245,1000001245,20250610,CARD,PAID,67082.4
1247,7000001246,1000001246,20240622,GATEWAY,PAID,43888.8
1248,7000001247,1000001247,20240701,CARD,PAID,39315.0
1249,7000001248,1000001248,20241015,CARD,PAID,146494.38
1250,7000001249,1000001249,20250306,CARD,REFUNDED,18442.5
1251,7000001250,1000001250,20240129,CARD,PAID,18987.0
1252,7000001251,1000001251,20241126,CARD,PAID,14229.6
1253,7000001252,1000001252,20250528,CARD,PAID,15129.6
1254,7000001253,1000001253,20240927,GATEWAY,PAID,14694.0
1255,7000001254,1000001254,20240405,CARD,PAID,56929.05
1256,7000001255,1000001255,20250716,GATEWAY,PAID,79825.8
1257,7000001256,1000001256,20250117,GATEWAY,PAID,14568.0
1258,7000001257,1000001257,20240608,CARD,PAID,29475.6
1259,7000001258,1000001258,20240711,GATEWAY,PAID,29040.0
1260,7000001259,1000001259,20240702,CARD,PAID,42582.0
1261,7000001260,1000001260,20241013,CASH,PAID,28967.4
1262,7000001261,1000001261,20240415,CARD,PAID,15129.6
1263,7000001262,1000001262,20240727,GATEWAY,PAID,27636.0
1264,7000001263,1000001263,0,TRANSFER,FAILED,68244.0
1265,7000001264,1000001264,20240423,GATEWAY,PAID,19304.62
1266,7000001265,1000001265,20250925,GATEWAY,PAID,44760.0
1267,7000001266,1000001266,0,CARD,FAILED,35574.0
1268,7000001267,1000001267,20240711,CARD,PAID,55393.8
1269,7000001268,1000001268,20250226,GATEWAY,PAID,14229.6
1270,7000001269,1000001269,20240131,GATEWAY,PAID,14306.64
1271,7000001270,1000001270,0,GATEWAY,PENDING,38552.7
1272,7000001271,1000001271,0,CASH,FAILED,16335.0
1273,7000001272,1000001272,20240402,CARD,PAID,42064.2
1274,7000001273,1000001273,20240124,CARD,PAID,19050.0
1275,7000001274,1000001274,0,CARD,PENDING,52320.0
1276,7000001275,1000001275,20250528,CARD,PAID,31218.0
1277,7000001276,1000001276,20250615,CASH,PAID,57441.12
1278,7000001277,1000001277,20241114,CARD,PAID,53227.5
1279,7000001278,1000001278,0,GATEWAY,FAILED,26755.2
1280,7000001279,1000001279,20250226,GATEWAY,REFUNDED,62973.0
1281,7000001280,1000001280,20250330,CARD,PAID,44324.4
1282,7000001281,1000001281,20240210,CARD,PAID,76563.72
1283,7000001282,1000001282,20240417,GATEWAY,PAID,47754.75
1284,7000001283,1000001283,20240313,CARD,PAID,19350.0
1285,7000001284,1000001284,20250917,CARD,PAID,156816.0
1286,7000001285,1000001285,20240515,CASH,PAID,16335.0
1287,7000001286,1000001286,20240301,TRANSFER,REFUNDED,43560.0
1288,7000001287,1000001287,20250426,GATEWAY,PAID,55650.0
1289,7000001288,1000001288,20240206,GATEWAY,PAID,17472.0
1290,7000001289,1000001289,0,CARD,FAILED,52927.5
1291,7000001290,1000001290,20250929,CARD,PAID,36300.0
1292,7000001291,1000001291,20240326,CARD,PAID,32670.0
1293,7000001292,1000001292,20241128,GATEWAY,PAID,31392.0
1294,7000001293,1000001293,20241221,GATEWAY,PAID,29359.2
1295,7000001294,1000001294,20240319,CARD,PAID,12806.64
1296,7000001295,1000001295,20240517,CARD,PAID,16441.08
1297,7000001296,1000001296,20240224,CARD,REFUNDED,43588.8
1298,7000001297,1000001297,20240817,TRANSFER,PAID,14520.0
1299,7000001298,1000001298,0,CARD,FAILED,51110.4
1300,7000001299,1000001299,0,CARD,FAILED,43888.8
1301,7000001300,1000001300,20250412,CASH,PAID,17242.5
1302,7000001301,1000001301,20240617,CARD,PAID,25022.4
1303,7000001302,1000001302,20250305,CARD,PAID,43124.4
1304,7000001303,1000001303,20240324,CARD,PAID,54261.0
1305,7000001304,1000001304,20240224,CASH,PAID,76273.56
1306,7000001305,1000001305,20241014,CARD,PAID,19965.0
1307,7000001306,1000001306,0,CARD,FAILED,13068.0
1308,7000001307,1000001307,0,CARD,PENDING,11761.2
1309,7000001308,1000001308,20240720,CARD,PAID,31036.5
1310,7000001309,1000001309,20240503,GATEWAY,PAID,74190.75
1311,7000001310,1000001310,0,CARD,FAILED,34485.0
1312,7000001311,1000001311,20240315,GATEWAY,PAID,71859.24
1313,7000001312,1000001312,20240331,CARD,PAID,13068.0
1314,7000001313,1000001313,20240711,GATEWAY,PAID,54861.0
1315,7000001314,1000001314,20240831,GATEWAY,PAID,35985.0
1316,7000001315,1000001315,20250909,CARD,PAID,33570.0
1317,7000001316,1000001316,20240706,TRANSFER,PAID,35574.0
1318,7000001317,1000001317,0,CARD,FAILED,49551.6
1319,7000001318,1000001318,0,GATEWAY,PENDING,30240.0
1320,7000001319,1000001319,20240320,GATEWAY,PAID,71704.2
1321,7000001320,1000001320,20240810,GATEWAY,PAID,19650.0
1322,7000001321,1000001321,20241229,CARD,PAID,52627.5
1323,7000001322,1000001322,20250411,GATEWAY,PAID,74293.68
1324,7000001323,1000001323,20240626,GATEWAY,PAID,35685.0
1325,7000001324,1000001324,20240410,CARD,PAID,91693.8
1326,7000001325,1000001325,20240815,CARD,PAID,33570.0
1327,7000001326,1000001326,20250407,GATEWAY,PAID,62031.54
1328,7000001327,1000001327,0,CASH,PENDING,13794.0
1329,7000001328,1000001328,20240619,CASH,PAID,57717.0
1330,7000001329,1000001329,20241113,CASH,REFUNDED,41382.0
1331,7000001330,1000001330,20250927,TRANSFER,PAID,13068.0
1332,7000001331,1000001331,20240824,CASH,PAID,34485.0
1333,7000001332,1000001332,20250717,CASH,PAID,65811.9
1334,7000001333,1000001333,20250917,CARD,PAID,54450.0
1335,7000001334,1000001334,20240630,GATEWAY,PAID,12661.2
1336,7000001335,1000001335,20250528,CASH,PAID,25613.28
1337,7000001336,1000001336,20250914,CARD,PAID,29882.16
1338,7000001337,1000001337,20250201,CASH,PAID,29040.0
1339,7000001338,1000001338,20240103,CASH,PAID,46899.6
1340,7000001339,1000001339,20250603,GATEWAY,PAID,54805.5
1341,7000001340,1000001340,0,TRANSFER,PENDING,14520.0
1342,7000001341,1000001341,20240126,CARD,PAID,40404.0
1343,7000001342,1000001342,20250611,CASH,PAID,105088.5
1344,7000001343,1000001343,20250224,GATEWAY,PAID,15420.0
1345,7000001344,1000001344,20250608,GATEWAY,PAID,43588.8
1346,7000001345,1000001345,20250518,TRANSFER,PAID,15972.0
1347,7000001346,1000001346,20250216,GATEWAY,PAID,14994.0
1348,7000001347,1000001347,20241111,CARD,PAID,16446.0
1349,7000001348,1000001348,20250518,CASH,PAID,49821.75
1350,7000001349,1000001349,20250514,CARD,PAID,40404.0
1351,7000001350,1000001350,20240826,GATEWAY,PAID,17535.0
1352,7000001351,1000001351,20240802,CARD,PAID,27636.0
1353,7000001352,1000001352,20240702,CARD,PAID,65703.0
1354,7000001353,1000001353,20250106,TRANSFER,PAID,42688.8
1355,7000001354,1000001354,20241106,CASH,PAID,38419.92
1356,7000001355,1000001355,0,CARD,FAILED,13068.0
1357,7000001356,1000001356,20250428,CASH,PAID,38115.0
1358,7000001357,1000001357,20250222,GATEWAY,PAID,71148.0
1359,7000001358,1000001358,20241219,CARD,PAID,95915.49
1360,7000001359,1000001359,0,CARD,FAILED,44460.0
1361,7000001360,1000001360,0,GATEWAY,PENDING,28488.0
1362,7000001361,1000001361,20241206,GATEWAY,PAID,40704.0
1363,7000001362,1000001362,0,CARD,PENDING,15720.0
1364,7000001363,1000001363,20250813,GATEWAY,PAID,39619.92
1365,7000001364,1000001364,20250407,CARD,PAID,46638.0
1366,7000001365,1000001365,0,CARD,FAILED,47454.75
1367,7000001366,1000001366,20241201,CARD,PAID,50006.64
1368,7000001367,1000001367,20250713,CARD,REFUNDED,40404.0
1369,7000001368,1000001368,20240118,GATEWAY,PAID,58672.5
1370,7000001369,1000001369,20250303,GATEWAY,PAID,41382.0
1371,7000001370,1000001370,20250421,CARD,PAID,40104.0
1372,7000001371,1000001371,20250411,CARD,PAID,38443.8
1373,7000001372,1000001372,20250402,CASH,PAID,16335.0
1374,7000001373,1000001373,20241229,CARD,REFUNDED,32771.4
1375,7000001374,1000001374,0,CARD,FAILED,55974.6
1376,7000001375,1000001375,20250324,CARD,PAID,70324.8
1377,7000001376,1000001376,20240807,CARD,PAID,12414.6
1378,7000001377,1000001377,20240314,CARD,PAID,42688.8
1379,7000001378,1000001378,20240929,CARD,PAID,32670.0
1380,7000001379,1000001379,20240708,CARD,PAID,25874.64
1381,7000001380,1000001380,20250517,CARD,PAID,19866.75
1382,7000001381,1000001381,20240222,CASH,PAID,49005.0
1383,7000001382,1000001382,20250620,TRANSFER,PAID,119245.5
1384,7000001383,1000001383,20250821,GATEWAY,REFUNDED,13721.4
1385,7000001384,1000001384,20241006,CASH,PAID,56337.6
1386,7000001385,1000001385,20241023,CARD,PAID,15720.0
1387,7000001386,1000001386,20240802,CARD,PAID,19350.0
1388,7000001387,1000001387,20240724,CARD,PAID,14994.0
1389,7000001388,1000001388,20250214,CARD,PAID,54754.92
1390,7000001389,1000001389,20250502,GATEWAY,PAID,13794.0
1391,7000001390,1000001390,20250628,GATEWAY,PAID,40104.0
1392,7000001391,1000001391,0,CARD,FAILED,43560.0
1393,7000001392,1000001392,20240613,CARD,PAID,24722.4
1394,7000001393,1000001393,20240827,CARD,PAID,30564.6
1395,7000001394,1000001394,20240125,CASH,REFUNDED,42688.8
1396,7000001395,1000001395,20241004,CARD,PAID,55213.88
1397,7000001396,1000001396,20241222,CARD,PAID,16852.56
1398,7000001397,1000001397,20250713,CASH,PAID,19057.5
1399,7000001398,1000001398,20241110,CARD,PAID,51455.25
1400,7000001399,1000001399,20250201,GATEWAY,REFUNDED,71057.25
1401,7000001400,1000001400,20250102,CARD,PAID,48054.75
1402,7000001401,1000001401,20241201,TRANSFER,PAID,59604.6
1403,7000001402,1000001402,20240729,CARD,PAID,15129.6
1404,7000001403,1000001403,20250804,GATEWAY,PAID,98764.8
1405,7000001404,1000001404,20250713,GATEWAY,PAID,50205.0
1406,7000001405,1000001405,20240410,GATEWAY,PAID,18687.0
1407,7000001406,1000001406,20240329,CASH,PAID,102583.8
1408,7000001407,1000001407,20250426,GATEWAY,PAID,13068.0
1409,7000001408,1000001408,20240828,CARD,PAID,31936.5
1410,7000001409,1000001409,20250210,CARD,PAID,52852.56
1411,7000001410,1000001410,20240719,CARD,PAID,17835.0
1412,7000001411,1000001411,20241108,GATEWAY,PAID,15841.08
1413,7000001412,1000001412,20250624,GATEWAY,PAID,43888.8
1414,7000001413,1000001413,20250713,GATEWAY,PAID,17472.0
1415,7000001414,1000001414,20250607,CARD,PAID,18987.0
1416,7000001415,1000001415,20240119,TRANSFER,PAID,34485.0
1417,7000001416,1000001416,20241231,CARD,PAID,29040.0
1418,7000001417,1000001417,20250502,TRANSFER,REFUNDED,13794.0
1419,7000001418,1000001418,0,CASH,FAILED,132259.05
1420,7000001419,1000001419,20250128,CARD,PAID,38252.7
1421,7000001420,1000001420,20240713,GATEWAY,PAID,15294.0
1422,7000001421,1000001421,20241216,CARD,PAID,58100.25
1423,7000001422,1000001422,20240430,CARD,REFUNDED,49053.0
1424,7000001423,1000001423,20240430,CASH,PAID,14520.0
1425,7000001424,1000001424,20240512,GATEWAY,PAID,50505.0
1426,7000001425,1000001425,20241122,TRANSFER,PAID,30346.8
1427,7000001426,1000001426,20240802,CARD,PAID,60984.0
1428,7000001427,1000001427,20241002,CARD,PAID,43560.0
1429,7000001428,1000001428,20250703,CARD,PAID,76847.1
1430,7000001429,1000001429,20240208,GATEWAY,PAID,15429.6
1431,7000001430,1000001430,20241007,CASH,PAID,49005.0
1432,7000001431,1000001431,20250803,GATEWAY,REFUNDED,101785.2
1433,7000001432,1000001432,20250323,CARD,PAID,86414.25
1434,7000001433,1000001433,20250720,GATEWAY,PAID,43560.0
1435,7000001434,1000001434,20250930,CASH,PAID,61129.2
1436,7000001435,1000001435,20240229,CASH,PAID,101549.25
1437,7000001436,1000001436,20240406,CARD,PAID,27588.0
1438,7000001437,1000001437,20240531,CARD,PAID,11761.2
1439,7000001438,1000001438,20240109,CARD,PAID,54450.0
1440,7000001439,1000001439,20250623,GATEWAY,PAID,18687.0
1441,7000001440,1000001440,20241113,CARD,PAID,17235.0
1442,7000001441,1000001441,20240918,CARD,PAID,73618.5
1443,7000001442,1000001442,0,CASH,FAILED,29040.0
1444,7000001443,1000001443,20240531,GATEWAY,PAID,72200.7
1445,7000001444,1000001444,0,CARD,FAILED,14921.4
1446,7000001445,1000001445,20241116,CARD,PAID,45520.2
1447,7000001446,1000001446,20240312,CASH,PAID,44286.0
1448,7000001447,1000001447,0,CARD,FAILED,43451.1
1449,7000001448,1000001448,20241220,CASH,PAID,28459.2
1450,7000001449,1000001449,20250501,CARD,PAID,15246.0
1451,7000001450,1000001450,20240709,GATEWAY,PAID,16746.0
1452,7000001451,1000001451,20250823,CARD,PAID,99384.24
1453,7000001452,1000001452,20250501,CASH,PAID,100914.0
1454,7000001453,1000001453,20250804,CARD,PAID,13794.0
1455,7000001454,1000001454,20250224,CARD,PAID,30748.2
1456,7000001455,1000001455,20250719,GATEWAY,PAID,50205.0
1457,7000001456,1000001456,20240121,CARD,PAID,64817.28
1458,7000001457,1000001457,20240323,CARD,PAID,14568.0
1459,7000001458,1000001458,20240212,GATEWAY,PAID,55350.0
1460,7000001459,1000001459,20240613,GATEWAY,PAID,67329.0
1461,7000001460,1000001460,0,CASH,FAILED,73507.5
1462,7000001461,1000001461,20240219,CASH,PAID,29882.16
1463,7000001462,1000001462,20240710,CARD,PAID,76484.1
1464,7000001463,1000001463,20250209,CARD,PAID,59851.2
1465,7000001464,1000001464,20240417,CASH,PAID,81791.16
1466,7000001465,1000001465,20240512,CARD,PAID,38743.8
1467,7000001466,1000001466,0,GATEWAY,FAILED,38253.75
1468,7000001467,1000001467,20240217,TRANSFER,PAID,31036.5
1469,7000001468,1000001468,20250815,CARD,PAID,32307.0
1470,7000001469,1000001469,20240105,GATEWAY,PAID,14268.0
1471,7000001470,1000001470,20240930,GATEWAY,PAID,42064.2
1472,7000001471,1000001471,20240505,CARD,PAID,17787.0
1473,7000001472,1000001472,20240326,CASH,PAID,54722.25
1474,7000001473,1000001473,20240718,GATEWAY,PAID,43308.0
1475,7000001474,1000001474,20241201,GATEWAY,PAID,69018.0
1476,7000001475,1000001475,20250617,CARD,PAID,108900.0
1477,7000001476,1000001476,20240103,CARD,PAID,50505.0
1478,7000001477,1000001477,20240324,CARD,PAID,29659.2
1479,7000001478,1000001478,20250807,CARD,PAID,41188.08
1480,7000001479,1000001479,0,GATEWAY,FAILED,45738.0
1481,7000001480,1000001480,20250421,CASH,REFUNDED,44921.25
1482,7000001481,1000001481,20240413,CASH,PAID,67881.0
1483,7000001482,1000001482,20250215,CARD,PAID,29040.0
1484,7000001483,1000001483,20240722,CASH,PAID,48024.9
1485,7000001484,1000001484,20240917,CARD,PAID,78843.6
1486,7000001485,1000001485,20241230,GATEWAY,REFUNDED,82401.0
1487,7000001486,1000001486,20240709,CARD,PAID,52272.0
1488,7000001487,1000001487,20240818,GATEWAY,REFUNDED,13068.0
1489,7000001488,1000001488,20241003,CARD,PAID,16852.56
1490,7000001489,1000001489,20250731,CARD,PAID,15972.0
1491,7000001490,1000001490,20240517,GATEWAY,PAID,13314.6
1492,7000001491,1000001491,20250131,CARD,PAID,92429.16
1493,7000001492,1000001492,20240702,CASH,PAID,17242.5
1494,7000001493,1000001493,20250521,GATEWAY,PAID,35203.5
1495,7000001494,1000001494,20250718,GATEWAY,PAID,29867.4
1496,7000001495,1000001495,20240324,CASH,PAID,56029.05
1497,7000001496,1000001496,20241106,CARD,PAID,41382.0
1498,7000001497,1000001497,20250502,CASH,PAID,16335.0
1499,7000001498,1000001498,20240224,CARD,PAID,39930.0
1500,7000001499,1000001499,20240822,CARD,PAID,37137.0
1501,7000001500,1000001500,20240130,CARD,PAID,14483.7
1502,7000001501,1000001501,20250101,CASH,PAID,101277.0
1503,7000001502,1000001502,20241213,GATEWAY,PAID,66392.7
1504,7000001503,1000001503,20240412,CASH,PAID,14520.0
1505,7000001504,1000001504,20250226,CARD,PAID,39204.0
1506,7000001505,1000001505,20250823,TRANSFER,PAID,49005.0
1507,7000001506,1000001506,20250625,GATEWAY,PAID,30240.0
1508,7000001507,1000001507,0,CARD,FAILED,45723.24
1509,7000001508,1000001508,20241216,CASH,PAID,13068.0
1510,7000001509,1000001509,20251003,CARD,PAID,37137.0
1511,7000001510,1000001510,20240510,CARD,PAID,92385.6
1512,7000001511,1000001511,20240731,CARD,REFUNDED,30303.0
1513,7000001512,1000001512,20240329,GATEWAY,PAID,44760.0
1514,7000001513,1000001513,0,TRANSFER,PENDING,27951.0
1515,7000001514,1000001514,20250802,CARD,PAID,18142.5
1516,7000001515,1000001515,20250902,CARD,PAID,44760.0
1517,7000001516,1000001516,20241231,CARD,PAID,55650.0
1518,7000001517,1000001517,20250907,CASH,PAID,51455.25
1519,7000001518,1000001518,20240908,CARD,PAID,50205.0
1520,7000001519,1000001519,20241127,CARD,PAID,45912.0
1521,7000001520,1000001520,20250606,CASH,REFUNDED,45865.05
1522,7000001521,1000001521,20240608,CASH,PAID,56628.0
1523,7000001522,1000001522,20241122,CARD,PAID,43451.1
1524,7000001523,1000001523,20241224,TRANSFER,PAID,45701.7
1525,7000001524,1000001524,20250417,CARD,PAID,35574.0
1526,7000001525,1000001525,20250313,GATEWAY,PAID,18051.75
1527,7000001526,1000001526,0,CARD,PENDING,27636.0
1528,7000001527,1000001527,0,CASH,PENDING,41382.0
1529,7000001528,1000001528,20240101,CARD,PAID,80515.5
1530,7000001529,1000001529,20240903,CARD,PAID,13794.0
1531,7000001530,1000001530,0,CARD,FAILED,42664.2
1532,7000001531,1000001531,20250409,GATEWAY,PAID,50558.4
1533,7000001532,1000001532,20240330,CARD,PAID,36209.25
1534,7000001533,1000001533,20250520,CARD,PAID,41382.0
1535,7000001534,1000001534,20241113,CARD,PAID,48233.91
1536,7000001535,1000001535,20241113,GATEWAY,REFUNDED,83490.0
1537,7000001536,1000001536,20240413,TRANSFER,PAID,17787.0
1538,7000001537,1000001537,20240828,CARD,PAID,13068.0
1539,7000001538,1000001538,0,CARD,PENDING,30129.0
1540,7000001539,1000001539,20250218,CASH,PAID,39131.4
1541,7000001540,1000001540,20240409,CARD,PAID,67329.0
1542,7000001541,1000001541,20240530,CARD,PAID,43560.0
1543,7000001542,1000001542,20250304,GATEWAY,REFUNDED,52627.5
1544,7000001543,1000001543,20250703,GATEWAY,REFUNDED,50205.0
1545,7000001544,1000001544,20250619,CARD,PAID,67447.5
1546,7000001545,1000001545,20240613,GATEWAY,PAID,18442.5
1547,7000001546,1000001546,20240111,CARD,PAID,26136.0
1548,7000001547,1000001547,20250617,CARD,PAID,46901.7
1549,7000001548,1000001548,20250411,GATEWAY,PAID,50505.0
1550,7000001549,1000001549,20240323,CASH,PAID,17242.5
1551,7000001550,1000001550,0,CARD,FAILED,33870.0
1552,7000001551,1000001551,20250204,GATEWAY,PAID,42688.8
1553,7000001552,1000001552,20250123,GATEWAY,PAID,44460.0
1554,7000001553,1000001553,20240821,CARD,PAID,20557.5
1555,7000001554,1000001554,20240518,CARD,REFUNDED,87294.0
1556,7000001555,1000001555,20250824,CARD,PAID,20257.5
1557,7000001556,1000001556,20240703,CARD,PAID,40104.0
1558,7000001557,1000001557,20240622,CARD,PAID,43888.8
1559,7000001558,1000001558,20250727,CARD,PAID,57470.16
1560,7000001559,1000001559,20240326,CASH,PAID,80586.0
1561,7000001560,1000001560,20250419,CASH,PAID,65703.0
1562,7000001561,1000001561,0,CARD,FAILED,54861.0
1563,7000001562,1000001562,20241202,GATEWAY,PAID,64628.28
1564,7000001563,1000001563,20240517,CARD,PAID,29040.0
1565,7000001564,1000001564,20250227,GATEWAY,PAID,17208.3
1566,7000001565,1000001565,20241106,CARD,PAID,28788.0
1567,7000001566,1000001566,20250515,CARD,PAID,42688.8
1568,7000001567,1000001567,20240621,GATEWAY,PAID,13068.0
1569,7000001568,1000001568,20250913,CARD,PAID,42688.8
1570,7000001569,1000001569,20240522,CARD,REFUNDED,16020.0
1571,7000001570,1000001570,20250209,CARD,PAID,33870.0
1572,7000001571,1000001571,20250416,CARD,PAID,46901.7
1573,7000001572,1000001572,20250805,CASH,PAID,18104.62
1574,7000001573,1000001573,20250418,CARD,PAID,34394.25
1575,7000001574,1000001574,0,CARD,FAILED,28488.0
1576,7000001575,1000001575,20250410,GATEWAY,PAID,18104.62
1577,7000001576,1000001576,20240214,CARD,PAID,30240.0
1578,7000001577,1000001577,20241023,CARD,PAID,26029.2
1579,7000001578,1000001578,20240315,CASH,PAID,27588.0
1580,7000001579,1000001579,20250326,TRANSFER,PAID,41382.0
1581,7000001580,1000001580,0,GATEWAY,FAILED,82003.8
1582,7000001581,1000001581,20241219,CARD,PAID,19350.0
1583,7000001582,1000001582,20240907,CASH,PAID,16008.3
1584,7000001583,1000001583,20250701,CARD,PAID,84942.0
1585,7000001584,1000001584,20241229,CASH,PAID,91693.8
1586,7000001585,1000001585,20240602,GATEWAY,PAID,55650.0
1587,7000001586,1000001586,20250921,CASH,PAID,39204.0
1588,7000001587,1000001587,20250615,GATEWAY,PAID,42688.8
1589,7000001588,1000001588,20240306,CASH,PAID,42688.8
1590,7000001589,1000001589,20240913,GATEWAY,PAID,44324.4
1591,7000001590,1000001590,20240318,CARD,PAID,59459.4
1592,7000001591,1000001591,20250212,CARD,PAID,33870.0
1593,7000001592,1000001592,20240614,GATEWAY,PAID,39542.4
1594,7000001593,1000001593,0,CARD,PENDING,27588.0
1595,7000001594,1000001594,20250926,CARD,PAID,85416.0
1596,7000001595,1000001595,20241122,CASH,REFUNDED,17242.5
1597,7000001596,1000001596,20240126,CASH,REFUNDED,13068.0
1598,7000001597,1000001597,0,GATEWAY,FAILED,55513.88
1599,7000001598,1000001598,0,CASH,FAILED,43923.0
1600,7000001599,1000001599,20250331,TRANSFER,PAID,79860.0
1601,7000001600,1000001600,20250710,CARD,PAID,40031.4
1602,7000001601,1000001601,20250828,CARD,PAID,67447.5
1603,7000001602,1000001602,20250609,CASH,PAID,14941.08
1604,7000001603,1000001603,20250814,CARD,PAID,52927.5
1605,7000001604,1000001604,20250618,TRANSFER,PAID,82455.45
1606,7000001605,1000001605,20250607,CARD,PAID,85305.0
1607,7000001606,1000001606,20250315,GATEWAY,PAID,40104.0
1608,7000001607,1000001607,20250519,CARD,PAID,85377.6
1609,7000001608,1000001608,20250521,CARD,PAID,18351.75
1610,7000001609,1000001609,20250126,TRANSFER,PAID,109771.2
1611,7000001610,1000001610,20240517,CARD,PAID,45534.72
1612,7000001611,1000001611,20250505,CASH,PAID,43560.0
1613,7000001612,1000001612,20241216,CARD,REFUNDED,31992.0
1614,7000001613,1000001613,20250602,GATEWAY,PAID,38552.7
1615,7000001614,1000001614,20250913,CARD,PAID,46554.75
1616,7000001615,1000001615,20240405,CARD,PAID,52627.5
1617,7000001616,1000001616,20250321,GATEWAY,PAID,17208.3
1618,7000001617,1000001617,20240304,CASH,PAID,49005.0
1619,7000001618,1000001618,20250228,GATEWAY,PAID,61095.0
1620,7000001619,1000001619,0,CARD,FAILED,34303.5
1621,7000001620,1000001620,20250511,GATEWAY,PAID,14268.0
1622,7000001621,1000001621,20240413,GATEWAY,PAID,42364.2
1623,7000001622,1000001622,20250520,CARD,PAID,40404.0
1624,7000001623,1000001623,20250312,CARD,PAID,101932.5
1625,7000001624,1000001624,20250919,GATEWAY,PAID,53227.5
1626,7000001625,1000001625,20240705,GATEWAY,REFUNDED,53361.0
1627,7000001626,1000001626,20240208,CARD,PAID,29088.0
1628,7000001627,1000001627,20240920,CARD,PAID,29659.2
1629,7000001628,1000001628,20250713,GATEWAY,PAID,46638.0
1630,7000001629,1000001629,20250821,GATEWAY,PAID,44760.0
1631,7000001630,1000001630,0,CARD,FAILED,16335.0
1632,7000001631,1000001631,20240706,CASH,PAID,27588.0
1633,7000001632,1000001632,20250814,CARD,PAID,51294.0
1634,7000001633,1000001633,20250731,CARD,PAID,53227.5
1635,7000001634,1000001634,20250714,CARD,PAID,55350.0
1636,7000001635,1000001635,20241120,CARD,PAID,15246.0
1637,7000001636,1000001636,20241229,CASH,REFUNDED,18150.0
1638,7000001637,1000001637,20250315,CARD,PAID,45520.2
1639,7000001638,1000001638,20250705,GATEWAY,PAID,28788.0
1640,7000001639,1000001639,0,GATEWAY,PENDING,82875.0
1641,7000001640,1000001640,20240927,GATEWAY,REFUNDED,15420.0
1642,7000001641,1000001641,20240829,GATEWAY,PAID,30240.0
1643,7000001642,1000001642,20240501,CARD,PAID,93774.6
1644,7000001643,1000001643,20241101,GATEWAY,PAID,44351.1
1645,7000001644,1000001644,20240714,CASH,PAID,34485.0
1646,7000001645,1000001645,20250327,CASH,PAID,39930.0
1647,7000001646,1000001646,20240319,CARD,PAID,36300.0
1648,7000001647,1000001647,20240724,GATEWAY,PAID,37437.0
1649,7000001648,1000001648,20240211,GATEWAY,PAID,14994.0
1650,7000001649,1000001649,20250311,TRANSFER,PAID,14229.6
1651,7000001650,1000001650,20240113,CARD,PAID,46720.2
1652,7000001651,1000001651,20250818,GATEWAY,PAID,27588.0
1653,7000001652,1000001652,20240111,CARD,PAID,27636.0
1654,7000001653,1000001653,20250503,CASH,REFUNDED,48024.9
1655,7000001654,1000001654,0,CARD,FAILED,42427.2
1656,7000001655,1000001655,20241230,CASH,PAID,35937.0
1657,7000001656,1000001656,20250528,CASH,PAID,70422.0
1658,7000001657,1000001657,20241204,CARD,PAID,28314.0
1659,7000001658,1000001658,20240110,CASH,PAID,26136.0
1660,7000001659,1000001659,20250616,CASH,PAID,76230.0
1661,7000001660,1000001660,0,GATEWAY,PENDING,18687.0
1662,7000001661,1000001661,20240128,CARD,PAID,27636.0
1663,7000001662,1000001662,20240724,CARD,PAID,26136.0
1664,7000001663,1000001663,20241003,CARD,REFUNDED,58806.0
1665,7000001664,1000001664,20241117,GATEWAY,PAID,13968.0
1666,7000001665,1000001665,20240410,GATEWAY,PAID,14994.0
1667,7000001666,1000001666,20240219,CARD,PAID,53215.8
1668,7000001667,1000001667,20240415,CARD,PAID,74008.2
1669,7000001668,1000001668,20241004,GATEWAY,PAID,14568.0
1670,7000001669,1000001669,20240516,CASH,PAID,13068.0
1671,7000001670,1000001670,20241012,CARD,PAID,15652.56
1672,7000001671,1000001671,0,CARD,FAILED,35574.0
1673,7000001672,1000001672,0,GATEWAY,PENDING,49905.0
1674,7000001673,1000001673,20241107,CARD,PAID,30346.8
1675,7000001674,1000001674,20240328,CARD,PAID,55350.0
1676,7000001675,1000001675,20250314,GATEWAY,PAID,52927.5
1677,7000001676,1000001676,20250830,GATEWAY,PAID,50268.0
1678,7000001677,1000001677,20241116,CARD,PAID,44881.08
1679,7000001678,1000001678,20250523,CARD,PAID,71503.5
1680,7000001679,1000001679,20250131,GATEWAY,PAID,45004.5
1681,7000001680,1000001680,20241127,GATEWAY,PAID,30167.4
1682,7000001681,1000001681,20240412,CARD,PAID,29940.0
1683,7000001682,1000001682,20250720,CASH,PAID,43451.1
1684,7000001683,1000001683,20241218,GATEWAY,PAID,33144.0
1685,7000001684,1000001684,20240305,GATEWAY,PAID,57229.05
1686,7000001685,1000001685,0,CARD,FAILED,15518.25
1687,7000001686,1000001686,20240602,CASH,PAID,76484.1
1688,7000001687,1000001687,20240626,TRANSFER,REFUNDED,19965.0
1689,7000001688,1000001688,20250212,GATEWAY,PAID,69502.08
1690,7000001689,1000001689,20240916,GATEWAY,PAID,29959.2
1691,7000001690,1000001690,20240527,CARD,PAID,65267.4
1692,7000001691,1000001691,20250227,CARD,PAID,18651.75
1693,7000001692,1000001692,20240716,CARD,PAID,15246.0
1694,7000001693,1000001693,20240908,CASH,PAID,123619.65
1695,7000001694,1000001694,20250111,CARD,REFUNDED,18104.62
1696,7000001695,1000001695,20240130,TRANSFER,PAID,34303.5
1697,7000001696,1000001696,20241216,CARD,PAID,38852.7
1698,7000001697,1000001697,20250315,GATEWAY,PAID,38552.7
1699,7000001698,1000001698,20250403,CASH,PAID,132930.6
1700,7000001699,1000001699,20250813,CARD,PAID,37933.5
1701,7000001700,1000001700,20250126,CARD,PAID,67147.5
1702,7000001701,1000001701,20240819,CARD,PAID,15294.0
1703,7000001702,1000001702,20250731,CARD,PAID,16335.0
1704,7000001703,1000001703,20241102,CARD,PAID,27036.0
1705,7000001704,1000001704,20240626,CASH,REFUNDED,28459.2
1706,7000001705,1000001705,20250214,TRANSFER,REFUNDED,19565.7
1707,7000001706,1000001706,20250403,GATEWAY,PAID,56029.05
1708,7000001707,1000001707,20240817,CASH,PAID,85359.45
1709,7000001708,1000001708,20240823,TRANSFER,PAID,13794.0
1710,7000001709,1000001709,20240626,CARD,PAID,49005.0
1711,7000001710,1000001710,20241008,CARD,PAID,44460.0
1712,7000001711,1000001711,20240622,CASH,PAID,70422.0
1713,7000001712,1000001712,20241009,GATEWAY,PAID,31546.8
1714,7000001713,1000001713,20250906,CARD,PAID,36774.0
1715,7000001714,1000001714,0,CASH,FAILED,14229.6
1716,7000001715,1000001715,20250113,CARD,PAID,71583.6
1717,7000001716,1000001716,20241209,GATEWAY,PAID,40104.0
1718,7000001717,1000001717,20240916,CARD,PAID,15420.0
1719,7000001718,1000001718,20240307,CARD,PAID,86442.0
1720,7000001719,1000001719,20241003,CARD,PAID,42688.8
1721,7000001720,1000001720,0,TRANSFER,FAILED,53542.5
1722,7000001721,1000001721,20250508,CASH,PAID,66973.5
1723,7000001722,1000001722,20250802,CARD,PAID,27442.8
1724,7000001723,1000001723,20250813,CARD,PAID,41382.0
1725,7000001724,1000001724,20250723,CARD,PAID,31305.12
1726,7000001725,1000001725,20250418,CARD,PAID,57402.0
1727,7000001726,1000001726,20250527,CARD,PAID,29359.2
1728,7000001727,1000001727,20240416,GATEWAY,PAID,42582.0
1729,7000001728,1000001728,0,TRANSFER,PENDING,28459.2
1730,7000001729,1000001729,20250910,CARD,PAID,97675.8
1731,7000001730,1000001730,20250703,GATEWAY,PAID,15429.6
1732,7000001731,1000001731,20250714,TRANSFER,PAID,34485.0
1733,7000001732,1000001732,20250727,GATEWAY,PAID,15429.6
1734,7000001733,1000001733,20240721,TRANSFER,PAID,83853.0
1735,7000001734,1000001734,20240223,CARD,PAID,98677.68
1736,7000001735,1000001735,20250516,TRANSFER,PAID,14483.7
1737,7000001736,1000001736,20240727,GATEWAY,PAID,16446.0
1738,7000001737,1000001737,20240616,CARD,PAID,49985.1
1739,7000001738,1000001738,20240904,CARD,PAID,15429.6
1740,7000001739,1000001739,20240420,CASH,PAID,30492.0
1741,7000001740,1000001740,20241212,TRANSFER,PAID,35574.0
1742,7000001741,1000001741,20240429,CASH,PAID,51001.5
1743,7000001742,1000001742,20240525,CASH,PAID,53361.0
1744,7000001743,1000001743,20240507,CARD,PAID,54450.0
1745,7000001744,1000001744,20250820,GATEWAY,PAID,43888.8
1746,7000001745,1000001745,20250104,GATEWAY,PAID,27551.7
1747,7000001746,1000001746,20241003,GATEWAY,PAID,28488.0
1748,7000001747,1000001747,20240115,CASH,PAID,14229.6
1749,7000001748,1000001748,20240304,CARD,PAID,73800.0
1750,7000001749,1000001749,20240502,CARD,PAID,40104.0
1751,7000001750,1000001750,0,CASH,FAILED,121350.9
1752,7000001751,1000001751,20250221,CARD,PAID,25613.28
1753,7000001752,1000001752,20240729,CARD,PAID,88935.0
1754,7000001753,1000001753,20250531,CARD,PAID,28788.0
1755,7000001754,1000001754,20250806,GATEWAY,PAID,19350.0
1756,7000001755,1000001755,20241004,GATEWAY,PAID,89298.0
1757,7000001756,1000001756,20250514,GATEWAY,PAID,25022.4
1758,7000001757,1000001757,20250227,CARD,PAID,14621.4
1759,7000001758,1000001758,20240106,CARD,PAID,75867.0
1760,7000001759,1000001759,20240704,TRANSFER,PAID,43560.0
1761,7000001760,1000001760,20241219,CARD,PAID,29867.4
1762,7000001761,1000001761,20250706,CARD,PAID,31944.0
1763,7000001762,1000001762,20241202,CASH,REFUNDED,29403.0
1764,7000001763,1000001763,20250925,CARD,PAID,85377.6
1765,7000001764,1000001764,20250204,CARD,PAID,44760.0
1766,7000001765,1000001765,20250221,CASH,PAID,14229.6
1767,7000001766,1000001766,20240805,CASH,PAID,34485.0
1768,7000001767,1000001767,20240701,CASH,PAID,43451.1
1769,7000001768,1000001768,20240528,GATEWAY,PAID,44188.8
1770,7000001769,1000001769,20240820,CARD,PAID,14694.0
1771,7000001770,1000001770,20240228,TRANSFER,PAID,49005.0
1772,7000001771,1000001771,20240925,CARD,PAID,37200.0
1773,7000001772,1000001772,20250616,CARD,PAID,18150.0
1774,7000001773,1000001773,20250623,GATEWAY,PAID,36774.0
1775,7000001774,1000001774,20250109,GATEWAY,PAID,35385.0
1776,7000001775,1000001775,20250528,CASH,PAID,29040.0
1777,7000001776,1000001776,20240805,TRANSFER,PAID,34485.0
1778,7000001777,1000001777,20250930,CARD,PAID,31944.0
1779,7000001778,1000001778,0,GATEWAY,FAILED,87712.5
1780,7000001779,1000001779,20241022,GATEWAY,PAID,43008.0
1781,7000001780,1000001780,20250925,GATEWAY,PAID,73074.0
1782,7000001781,1000001781,20250809,GATEWAY,PAID,15720.0
1783,7000001782,1000001782,20241103,CARD,PAID,14520.0
1784,7000001783,1000001783,20240808,GATEWAY,PAID,74889.0
1785,7000001784,1000001784,20240428,CARD,PAID,26029.2
1786,7000001785,1000001785,0,CARD,FAILED,16008.3
1787,7000001786,1000001786,20240125,CARD,REFUNDED,32670.0
1788,7000001787,1000001787,20241102,CASH,PAID,49803.6
1789,7000001788,1000001788,20250718,CASH,PAID,13068.0
1790,7000001789,1000001789,20250430,GATEWAY,PAID,30240.0
1791,7000001790,1000001790,20250116,GATEWAY,PAID,72892.5
1792,7000001791,1000001791,20250418,CASH,PAID,53361.0
1793,7000001792,1000001792,20240714,GATEWAY,PAID,13914.6
1794,7000001793,1000001793,20240723,CARD,PAID,77793.0
1795,7000001794,1000001794,20241102,CARD,PAID,14520.0
1796,7000001795,1000001795,20240709,CARD,PAID,33570.0
1797,7000001796,1000001796,20241015,CARD,PAID,34485.0
1798,7000001797,1000001797,20250202,GATEWAY,PAID,40104.0
1799,7000001798,1000001798,20250324,CARD,REFUNDED,39204.0
1800,7000001799,1000001799,20240115,CASH,PAID,16335.0
1801,7000001800,1000001800,20240701,CASH,PAID,30492.0
1802,7000001801,1000001801,20240911,GATEWAY,PAID,40104.0
1803,7000001802,1000001802,20240206,GATEWAY,PAID,39131.4
1804,7000001803,1000001803,0,CASH,FAILED,13794.0
1805,7000001804,1000001804,20240918,CARD,PAID,33570.0
1806,7000001805,1000001805,20250829,GATEWAY,PAID,16908.3
1807,7000001806,1000001806,20241015,CARD,PAID,44760.0
1808,7000001807,1000001807,20240925,GATEWAY,PAID,85570.8
1809,7000001808,1000001808,0,GATEWAY,FAILED,80987.4
1810,7000001809,1000001809,20240315,CARD,PAID,16746.0
1811,7000001810,1000001810,20240914,GATEWAY,PAID,44188.8
1812,7000001811,1000001811,20250805,GATEWAY,PAID,58370.16
1813,7000001812,1000001812,0,CASH,PENDING,39204.0
1814,7000001813,1000001813,20250330,CASH,PAID,26136.0
1815,7000001814,1000001814,20241121,CARD,PAID,17787.0
1816,7000001815,1000001815,20241203,TRANSFER,PAID,45476.64
1817,7000001816,1000001816,0,CARD,FAILED,70893.9
1818,7000001817,1000001817,0,CARD,FAILED,50858.4
1819,7000001818,1000001818,20250108,TRANSFER,PAID,35937.0
1820,7000001819,1000001819,20240604,GATEWAY,PAID,42582.0
1821,7000001820,1000001820,0,CASH,PENDING,50166.6
1822,7000001821,1000001821,20240928,CARD,PAID,33870.0
1823,7000001822,1000001822,20250523,CARD,PAID,18150.0
1824,7000001823,1000001823,20240725,CARD,PAID,13794.0
1825,7000001824,1000001824,0,CASH,FAILED,51455.25
1826,7000001825,1000001825,20240508,CASH,PAID,35574.0
1827,7000001826,1000001826,20240730,CASH,PAID,53361.0
1828,7000001827,1000001827,20240113,CARD,PAID,27442.8
1829,7000001828,1000001828,20241019,CARD,PAID,38252.7
1830,7000001829,1000001829,20250310,CARD,PAID,13706.64
1831,7000001830,1000001830,20241122,GATEWAY,REFUNDED,14483.7
1832,7000001831,1000001831,20240815,TRANSFER,PAID,39204.0
1833,7000001832,1000001832,20250704,CASH,PAID,43560.0
1834,7000001833,1000001833,20250905,GATEWAY,PAID,59132.7
1835,7000001834,1000001834,20240818,CARD,PAID,69589.2
1836,7000001835,1000001835,20250131,TRANSFER,PAID,41382.0
1837,7000001836,1000001836,20240217,CARD,PAID,42761.4
1838,7000001837,1000001837,20250618,CARD,PAID,13968.0
1839,7000001838,1000001838,20240731,GATEWAY,REFUNDED,35385.0
1840,7000001839,1000001839,20240121,CARD,PAID,36300.0
1841,7000001840,1000001840,20250207,CARD,PAID,16852.56
1842,7000001841,1000001841,20240205,GATEWAY,PAID,58980.0
1843,7000001842,1000001842,0,CARD,FAILED,44760.0
1844,7000001843,1000001843,20240318,CASH,PAID,116160.0
1845,7000001844,1000001844,20240612,CARD,PAID,52627.5
1846,7000001845,1000001845,20250115,CARD,PAID,51003.6
1847,7000001846,1000001846,20250321,CARD,PAID,30167.4
1848,7000001847,1000001847,20250612,CARD,PAID,57172.5
1849,7000001848,1000001848,20250205,TRANSFER,PAID,34485.0
1850,7000001849,1000001849,20241221,GATEWAY,PAID,49905.0
1851,7000001850,1000001850,0,CARD,FAILED,30240.0
1852,7000001851,1000001851,20240603,TRANSFER,REFUNDED,45375.0
1853,7000001852,1000001852,20241001,CASH,REFUNDED,42035.4
1854,7000001853,1000001853,20240727,CASH,PAID,59895.0
1855,7000001854,1000001854,20250311,CARD,PAID,15129.6
1856,7000001855,1000001855,20250605,CARD,PAID,69877.5
1857,7000001856,1000001856,20240729,CASH,PAID,34485.0
1858,7000001857,1000001857,20250611,CARD,PAID,37800.0
1859,7000001858,1000001858,20241010,CARD,PAID,40404.0
1860,7000001859,1000001859,20240923,CARD,REFUNDED,37352.7
1861,7000001860,1000001860,20241230,CARD,PAID,68055.0
1862,7000001861,1000001861,20240929,CASH,PAID,34485.0
1863,7000001862,1000001862,20240506,GATEWAY,PAID,44460.0
1864,7000001863,1000001863,20250316,GATEWAY,PAID,47454.75
1865,7000001864,1000001864,20241209,TRANSFER,PAID,27588.0
1866,7000001865,1000001865,20250206,GATEWAY,PAID,43371.0
1867,7000001866,1000001866,20240902,CARD,PAID,42364.2
1868,7000001867,1000001867,20240819,CARD,PAID,42688.8
1869,7000001868,1000001868,20250117,CARD,REFUNDED,60984.0
1870,7000001869,1000001869,20240709,CARD,PAID,19004.62
1871,7000001870,1000001870,0,CARD,FAILED,52927.5
1872,7000001871,1000001871,20250317,CARD,PAID,37500.0
1873,7000001872,1000001872,20250629,CASH,PAID,35574.0
1874,7000001873,1000001873,20240809,GATEWAY,PAID,20765.7
1875,7000001874,1000001874,20250409,TRANSFER,PAID,76121.1
1876,7000001875,1000001875,20240501,GATEWAY,PAID,14306.64
1877,7000001876,1000001876,20240409,CASH,PAID,42688.8
1878,7000001877,1000001877,0,CASH,FAILED,81820.2
1879,7000001878,1000001878,20250711,CARD,PAID,18142.5
1880,7000001879,1000001879,20240521,CASH,PAID,32670.0
1881,7000001880,1000001880,20240914,CARD,PAID,17208.3
1882,7000001881,1000001881,20241103,CARD,PAID,55176.0
1883,7000001882,1000001882,20240805,GATEWAY,PAID,31247.85
1884,7000001883,1000001883,20240404,CASH,PAID,37243.8
1885,7000001884,1000001884,20241110,CASH,PAID,28459.2
1886,7000001885,1000001885,20250309,CASH,PAID,38419.92
1887,7000001886,1000001886,20240124,GATEWAY,PAID,30303.0
1888,7000001887,1000001887,20240308,CARD,PAID,30346.8
1889,7000001888,1000001888,20241104,CARD,PAID,18742.5
1890,7000001889,1000001889,0,GATEWAY,FAILED,14229.6
1891,7000001890,1000001890,0,CARD,FAILED,31392.0
1892,7000001891,1000001891,20241226,CARD,PAID,58100.25
1893,7000001892,1000001892,20240918,CARD,PAID,12661.2
1894,7000001893,1000001893,20250513,GATEWAY,PAID,15720.0
1895,7000001894,1000001894,20250203,CARD,PAID,28788.0
1896,7000001895,1000001895,20241221,CASH,PAID,43560.0
1897,7000001896,1000001896,20240412,CARD,PAID,39619.92
1898,7000001897,1000001897,20240728,GATEWAY,PAID,16020.0
1899,7000001898,1000001898,20250717,CARD,PAID,39204.0
1900,7000001899,1000001899,20250207,CARD,PAID,57800.25
1901,7000001900,1000001900,20240425,CASH,PAID,35574.0
1902,7000001901,1000001901,20240916,CARD,PAID,36209.25
1903,7000001902,1000001902,20250613,CASH,PAID,23522.4
1904,7000001903,1000001903,0,CARD,PENDING,42688.8
1905,7000001904,1000001904,20250808,CASH,PAID,32670.0
1906,7000001905,1000001905,20240729,CARD,PAID,38419.92
1907,7000001906,1000001906,20250916,CARD,PAID,33570.0
1908,7000001907,1000001907,20240117,CASH,PAID,51727.5
1909,7000001908,1000001908,20250611,CASH,PAID,27442.8
1910,7000001909,1000001909,20250909,TRANSFER,PAID,27951.0
1911,7000001910,1000001910,20250617,CASH,REFUNDED,85755.12
1912,7000001911,1000001911,20250218,GATEWAY,PAID,35985.0
1913,7000001912,1000001912,20240122,CARD,PAID,14568.0
1914,7000001913,1000001913,20250923,GATEWAY,PAID,28788.0
1915,7000001914,1000001914,20241202,CARD,REFUNDED,42582.0
1916,7000001915,1000001915,20250509,GATEWAY,PAID,49905.0
1917,7000001916,1000001916,20240705,CASH,REFUNDED,54450.0
1918,7000001917,1000001917,20250601,GATEWAY,REFUNDED,12661.2
1919,7000001918,1000001918,0,CASH,FAILED,18966.75
1920,7000001919,1000001919,20240520,TRANSFER,PAID,152460.0
1921,7000001920,1000001920,0,CARD,FAILED,18150.0
1922,7000001921,1000001921,20241112,CARD,PAID,18104.62
1923,7000001922,1000001922,20240401,CASH,PAID,28459.2
1924,7000001923,1000001923,20250108,CARD,PAID,61821.0
1925,7000001924,1000001924,20250120,CASH,PAID,47313.42
1926,7000001925,1000001925,20241129,CARD,PAID,14229.6
1927,7000001926,1000001926,20240212,CARD,PAID,18442.5
1928,7000001927,1000001927,20250314,CASH,PAID,60258.0
1929,7000001928,1000001928,20250312,CARD,PAID,29659.2
1930,7000001929,1000001929,20250531,GATEWAY,PAID,14006.64
1931,7000001930,1000001930,20240519,CARD,PAID,60831.3
1932,7000001931,1000001931,20241007,CARD,PAID,28459.2
1933,7000001932,1000001932,20241023,CASH,PAID,13794.0
1934,7000001933,1000001933,20250525,CARD,PAID,32670.0
1935,7000001934,1000001934,20250810,CASH,PAID,23522.4
1936,7000001935,1000001935,20250809,CARD,PAID,32916.6
1937,7000001936,1000001936,20240929,CARD,PAID,77863.5
1938,7000001937,1000001937,20241230,CARD,PAID,62358.24
1939,7000001938,1000001938,20240914,GATEWAY,PAID,38143.8
1940,7000001939,1000001939,20241103,CARD,PAID,61710.0
1941,7000001940,1000001940,20250201,GATEWAY,PAID,17535.0
1942,7000001941,1000001941,20250419,CASH,PAID,75340.65
1943,7000001942,1000001942,20240627,CASH,PAID,18104.62
1944,7000001943,1000001943,20250122,CARD,PAID,45931.2
1945,7000001944,1000001944,20240311,CARD,PAID,41382.0
1946,7000001945,1000001945,20250402,CASH,PAID,15972.0
1947,7000001946,1000001946,20250406,CARD,PAID,44760.0
1948,7000001947,1000001947,0,CARD,FAILED,97249.8
1949,7000001948,1000001948,0,GATEWAY,FAILED,16073.4
1950,7000001949,1000001949,20250813,GATEWAY,PAID,18987.0
1951,7000001950,1000001950,20241020,GATEWAY,PAID,27036.0
1952,7000001951,1000001951,20240222,GATEWAY,PAID,36474.0
1953,7000001952,1000001952,20240904,GATEWAY,PAID,14483.7
1954,7000001953,1000001953,20240713,CARD,PAID,40704.0
1955,7000001954,1000001954,20250423,CASH,PAID,28459.2
1956,7000001955,1000001955,20250316,CASH,PAID,19057.5
1957,7000001956,1000001956,0,CARD,FAILED,14941.08
1958,7000001957,1000001957,20240802,CARD,PAID,40104.0
1959,7000001958,1000001958,0,CARD,FAILED,38833.5
1960,7000001959,1000001959,20250415,CARD,PAID,39619.92
1961,7000001960,1000001960,20250303,CASH,PAID,70102.56
1962,7000001961,1000001961,20250406,CARD,PAID,92593.8
1963,7000001962,1000001962,20240229,CARD,PAID,45738.0
1964,7000001963,1000001963,20250419,CARD,PAID,30249.6
1965,7000001964,1000001964,20240901,GATEWAY,PAID,45004.5
1966,7000001965,1000001965,20241030,CARD,PAID,77348.85
1967,7000001966,1000001966,20240904,GATEWAY,PAID,49905.0
1968,7000001967,1000001967,20250508,CARD,PAID,31082.16
1969,7000001968,1000001968,20240925,GATEWAY,PAID,40404.0
1970,7000001969,1000001969,20241027,CARD,PAID,78408.0
1971,7000001970,1000001970,0,CARD,FAILED,49005.0
1972,7000001971,1000001971,0,CARD,FAILED,16335.0
1973,7000001972,1000001972,20250617,CARD,PAID,81529.8
1974,7000001973,1000001973,20240522,CARD,PAID,76956.0
1975,7000001974,1000001974,20240922,CARD,PAID,40404.0
1976,7000001975,1000001975,20240528,CARD,PAID,16073.4
1977,7000001976,1000001976,20240408,GATEWAY,PAID,14229.6
1978,7000001977,1000001977,20240707,CARD,PAID,57172.5
1979,7000001978,1000001978,20240324,CASH,PAID,50275.5
1980,7000001979,1000001979,20240614,CASH,PAID,75141.0
1981,7000001980,1000001980,20240702,GATEWAY,PAID,15429.6
1982,7000001981,1000001981,20250728,CARD,PAID,43560.0
1983,7000001982,1000001982,20250809,TRANSFER,PAID,53361.0
1984,7000001983,1000001983,20240403,CASH,PAID,42471.0
1985,7000001984,1000001984,20250304,GATEWAY,PAID,32916.6
1986,7000001985,1000001985,20241216,GATEWAY,PAID,13968.0
1987,7000001986,1000001986,20240315,CASH,PAID,34485.0
1988,7000001987,1000001987,20240508,GATEWAY,PAID,48157.68
1989,7000001988,1000001988,20241115,CARD,PAID,14941.08
1990,7000001989,1000001989,20250801,TRANSFER,PAID,32670.0
1991,7000001990,1000001990,20250103,CARD,PAID,18051.75
1992,7000001991,1000001991,20240516,GATEWAY,PAID,15129.6
1993,7000001992,1000001992,20250627,GATEWAY,PAID,16852.56
1994,7000001993,1000001993,20241228,CARD,PAID,29359.2
1995,7000001994,1000001994,20240329,CARD,PAID,13314.6
1996,7000001995,1000001995,20250930,CARD,REFUNDED,48024.9
1997,7000001996,1000001996,20241130,GATEWAY,PAID,38443.8
1998,7000001997,1000001997,20241114,CARD,PAID,29940.0
1999,7000001998,1000001998,20241110,CARD,REFUNDED,33216.6
2000,7000001999,1000001999,20250909,CARD,PAID,97411.05
2001,7000002000,1000002000,20250504,CARD,PAID,29359.2
2002,7000002001,1000002001,20240810,CASH,PAID,35574.0
2003,7000002002,1000002002,20250423,CARD,PAID,42582.0
2004,7000002003,1000002003,20250707,CARD,PAID,19350.0
2005,7000002004,1000002004,20240605,CARD,PAID,28459.2
2006,7000002005,1000002005,20250724,TRANSFER,PAID,90005.85
2007,7000002006,1000002006,20241102,CASH,PAID,26136.0
2008,7000002007,1000002007,20240923,GATEWAY,PAID,43888.8
2009,7000002008,1000002008,20250625,CARD,PAID,25022.4
2010,7000002009,1000002009,20240823,CARD,PAID,46720.2
2011,7000002010,1000002010,20250128,CARD,PAID,24829.2
2012,7000002011,1000002011,20250823,CARD,PAID,34477.5
2013,7000002012,1000002012,20241113,CARD,PAID,53716.5
2014,7000002013,1000002013,20241204,CARD,PAID,14520.0
2015,7000002014,1000002014,20250504,CARD,PAID,27636.0
2016,7000002015,1000002015,20240911,CARD,PAID,82110.6
2017,7000002016,1000002016,20240804,GATEWAY,PAID,52627.5
2018,7000002017,1000002017,20240117,CARD,PAID,15720.0
2019,7000002018,1000002018,20241004,CARD,PAID,37243.8
2020,7000002019,1000002019,20250111,CARD,PAID,19350.0
2021,7000002020,1000002020,20240619,GATEWAY,PAID,33870.0
2022,7000002021,1000002021,20240521,CARD,PAID,41130.0
2023,7000002022,1000002022,20240819,GATEWAY,PAID,15129.6
2024,7000002023,1000002023,20241008,CARD,PAID,13068.0
2025,7000002024,1000002024,20240503,GATEWAY,PAID,38833.5
2026,7000002025,1000002025,20240903,CARD,PAID,29949.6
2027,7000002026,1000002026,20250824,CASH,PAID,19057.5
2028,7000002027,1000002027,20250414,GATEWAY,PAID,66948.9
2029,7000002028,1000002028,20250310,GATEWAY,PAID,43588.8
2030,7000002029,1000002029,20250520,CARD,PAID,29088.0
2031,7000002030,1000002030,20250327,CARD,REFUNDED,54558.9
2032,7000002031,1000002031,20240328,CARD,PAID,55650.0
2033,7000002032,1000002032,20240426,CARD,PAID,37709.25
2034,7000002033,1000002033,20240408,CARD,PAID,28788.0
2035,7000002034,1000002034,20240927,CARD,PAID,27636.0
2036,7000002035,1000002035,20240627,CASH,PAID,15652.56
2037,7000002036,1000002036,20241208,CARD,PAID,95045.1
2038,7000002037,1000002037,0,GATEWAY,PENDING,14694.0
2039,7000002038,1000002038,20240120,CARD,REFUNDED,58100.25
2040,7000002039,1000002039,20250331,TRANSFER,PAID,36300.0
2041,7000002040,1000002040,20250426,CARD,PAID,34170.0
2042,7000002041,1000002041,20250628,GATEWAY,PAID,28788.0
2043,7000002042,1000002042,20240418,GATEWAY,PAID,55650.0
2044,7000002043,1000002043,20240304,CARD,PAID,19057.5
2045,7000002044,1000002044,20240710,CARD,PAID,13794.0
2046,7000002045,1000002045,20240602,GATEWAY,PAID,40104.0
2047,7000002046,1000002046,20250521,CASH,PAID,36300.0
2048,7000002047,1000002047,20241101,GATEWAY,PAID,83281.28
2049,7000002048,1000002048,20240708,GATEWAY,PAID,90120.48
2050,7000002049,1000002049,20240126,CARD,PAID,40331.4
2051,7000002050,1000002050,20240112,GATEWAY,PAID,16746.0
2052,7000002051,1000002051,20241217,CARD,PAID,14374.8
2053,7000002052,1000002052,20241231,CARD,PAID,41382.0
2054,7000002053,1000002053,20240217,CASH,PAID,26136.0
2055,7000002054,1000002054,20241212,CARD,PAID,27036.0
2056,7000002055,1000002055,20240829,CARD,PAID,76556.7
2057,7000002056,1000002056,20240401,CASH,PAID,35937.0
2058,7000002057,1000002057,20240524,CARD,PAID,26136.0
2059,7000002058,1000002058,0,GATEWAY,FAILED,29882.16
2060,7000002059,1000002059,20250713,CARD,PAID,15129.6
2061,7000002060,1000002060,20240730,CASH,PAID,59840.55
2062,7000002061,1000002061,20240304,CARD,PAID,43888.8
2063,7000002062,1000002062,20250329,CARD,PAID,35685.0
2064,7000002063,1000002063,20240524,CARD,PAID,67699.5
2065,7000002064,1000002064,0,CASH,FAILED,66211.2
2066,7000002065,1000002065,20240218,CARD,PAID,16335.0
2067,7000002066,1000002066,0,CARD,FAILED,55105.5
2068,7000002067,1000002067,20250917,CARD,PAID,29659.2
2069,7000002068,1000002068,20250328,GATEWAY,PAID,36774.0
2070,7000002069,1000002069,20240328,GATEWAY,REFUNDED,28459.2
2071,7000002070,1000002070,20240526,GATEWAY,PAID,44651.1
2072,7000002071,1000002071,20250422,GATEWAY,PAID,50994.0
2073,7000002072,1000002072,0,CARD,FAILED,15729.6
2074,7000002073,1000002073,20240523,GATEWAY,PAID,16335.0
2075,7000002074,1000002074,20240930,CASH,PAID,43560.0
2076,7000002075,1000002075,20241228,CARD,PAID,77197.68
2077,7000002076,1000002076,20250424,TRANSFER,PAID,41382.0
2078,7000002077,1000002077,0,CARD,FAILED,54313.88
2079,7000002078,1000002078,0,GATEWAY,FAILED,31392.0
2080,7000002079,1000002079,20241103,CARD,PAID,78945.0
2081,7000002080,1000002080,20240429,CARD,PAID,13914.6
2082,7000002081,1000002081,20240505,CARD,PAID,30167.4
2083,7000002082,1000002082,0,GATEWAY,FAILED,15652.56
2084,7000002083,1000002083,20250330,CARD,PAID,13614.6
2085,7000002084,1000002084,20250807,GATEWAY,PAID,30467.4
2086,7000002085,1000002085,0,GATEWAY,FAILED,96804.6
2087,7000002086,1000002086,20250315,CARD,PAID,18150.0
2088,7000002087,1000002087,20240606,TRANSFER,PAID,36300.0
2089,7000002088,1000002088,20250522,CARD,PAID,54624.0
2090,7000002089,1000002089,20240724,CARD,PAID,29040.0
2091,7000002090,1000002090,20240109,CASH,PAID,92565.0
2092,7000002091,1000002091,20250617,CARD,PAID,15246.0
2093,7000002092,1000002092,20240207,CARD,PAID,35985.0
2094,7000002093,1000002093,20240625,CASH,PAID,89679.15
2095,7000002094,1000002094,0,CASH,FAILED,86248.8
2096,7000002095,1000002095,20250719,CARD,PAID,86321.4
2097,7000002096,1000002096,20241107,CASH,REFUNDED,15518.25
2098,7000002097,1000002097,20240325,CARD,PAID,92739.0
2099,7000002098,1000002098,20240213,GATEWAY,PAID,48924.9
2100,7000002099,1000002099,20250520,CARD,REFUNDED,104146.8
2101,7000002100,1000002100,20240128,CARD,PAID,107295.3
2102,7000002101,1000002101,20240515,CARD,PAID,16146.0
2103,7000002102,1000002102,20240104,GATEWAY,PAID,31936.5
2104,7000002103,1000002103,20250404,CASH,PAID,62508.6
2105,7000002104,1000002104,20250517,CARD,PAID,15420.0
2106,7000002105,1000002105,20240114,CASH,PAID,53361.0
2107,7000002106,1000002106,20250820,CASH,REFUNDED,67663.2
2108,7000002107,1000002107,20250612,CARD,PAID,71692.5
2109,7000002108,1000002108,20250720,CARD,PAID,82854.75
2110,7000002109,1000002109,20240520,CARD,PAID,62617.5
2111,7000002110,1000002110,20250427,CARD,PAID,49905.0
2112,7000002111,1000002111,20240414,CARD,REFUNDED,21065.7
2113,7000002112,1000002112,0,CASH,FAILED,51455.25
2114,7000002113,1000002113,20250223,TRANSFER,PAID,35574.0
2115,7000002114,1000002114,20240824,CASH,PAID,56628.0
2116,7000002115,1000002115,0,CARD,FAILED,18987.0
2117,7000002116,1000002116,20240319,GATEWAY,PAID,16718.25
2118,7000002117,1000002117,20240705,CARD,PAID,15429.6
2119,7000002118,1000002118,20250316,TRANSFER,REFUNDED,71148.0
2120,7000002119,1000002119,20250307,GATEWAY,PAID,43588.8
2121,7000002120,1000002120,20240705,GATEWAY,PAID,14306.64
2122,7000002121,1000002121,20250216,GATEWAY,PAID,46420.2
2123,7000002122,1000002122,20250605,CASH,PAID,41382.0
2124,7000002123,1000002123,20250809,CARD,PAID,83446.2
2125,7000002124,1000002124,20240628,CARD,PAID,39133.5
2126,7000002125,1000002125,20250329,CARD,PAID,61095.0
2127,7000002126,1000002126,20250426,CARD,PAID,55350.0
2128,7000002127,1000002127,0,CASH,PENDING,12414.6
2129,7000002128,1000002128,20250621,GATEWAY,PAID,103092.0
2130,7000002129,1000002129,20250414,CASH,PAID,13068.0
2131,7000002130,1000002130,0,GATEWAY,FAILED,13721.4
2132,7000002131,1000002131,20250627,CARD,PAID,113147.1
2133,7000002132,1000002132,0,CASH,FAILED,28459.2
2134,7000002133,1000002133,20240109,GATEWAY,PAID,33870.0
2135,7000002134,1000002134,20250812,CARD,PAID,24829.2
2136,7000002135,1000002135,20240604,CARD,PAID,68607.0
2137,7000002136,1000002136,20240705,GATEWAY,PAID,44300.28
2138,7000002137,1000002137,20240429,CARD,PAID,40404.0
2139,7000002138,1000002138,20250111,CARD,PAID,48924.9
2140,7000002139,1000002139,20240908,CASH,PAID,136560.6
2141,7000002140,1000002140,0,GATEWAY,FAILED,28642.8
2142,7000002141,1000002141,20250212,CARD,PAID,42282.0
2143,7000002142,1000002142,0,CARD,FAILED,82655.1
2144,7000002143,1000002143,20241122,GATEWAY,PAID,18142.5
2145,7000002144,1000002144,20250311,CARD,PAID,48024.66
2146,7000002145,1000002145,20250815,GATEWAY,PAID,80543.25
2147,7000002146,1000002146,20240814,CASH,PAID,28459.2
2148,7000002147,1000002147,20250515,GATEWAY,PAID,19050.0
2149,7000002148,1000002148,0,CARD,FAILED,44760.0
2150,7000002149,1000002149,20241212,TRANSFER,PAID,39204.0
2151,7000002150,1000002150,20241106,CARD,PAID,28459.2
2152,7000002151,1000002151,20240522,GATEWAY,PAID,29659.2
2153,7000002152,1000002152,20250829,CASH,PAID,23522.4
2154,7000002153,1000002153,20240705,CARD,PAID,17152.56
2155,7000002154,1000002154,20241104,TRANSFER,PAID,53361.0
2156,7000002155,1000002155,20240405,GATEWAY,PAID,87439.2
2157,7000002156,1000002156,20250912,GATEWAY,PAID,78882.0
2158,7000002157,1000002157,20250820,CARD,PAID,71656.2
2159,7000002158,1000002158,20250414,GATEWAY,PAID,98121.0
2160,7000002159,1000002159,0,CASH,FAILED,30492.0
2161,7000002160,1000002160,20250225,CARD,PAID,31692.0
2162,7000002161,1000002161,20241123,CARD,REFUNDED,83419.5
2163,7000002162,1000002162,20240208,CARD,PAID,39930.0
2164,7000002163,1000002163,20250902,CARD,PAID,28488.0
2165,7000002164,1000002164,20240622,CARD,PAID,43451.1
2166,7000002165,1000002165,20250128,GATEWAY,PAID,17787.0
2167,7000002166,1000002166,20240205,TRANSFER,PAID,17242.5
2168,7000002167,1000002167,20250505,CASH,REFUNDED,15246.0
2169,7000002168,1000002168,0,CASH,FAILED,32670.0
2170,7000002169,1000002169,20250913,CARD,REFUNDED,43888.8
2171,7000002170,1000002170,20250404,GATEWAY,PAID,55650.0
2172,7000002171,1000002171,20240228,GATEWAY,PAID,45140.62
2173,7000002172,1000002172,20250112,CASH,PAID,16335.0
2174,7000002173,1000002173,20240420,GATEWAY,PAID,36300.0
2175,7000002174,1000002174,20240108,GATEWAY,PAID,15129.6
2176,7000002175,1000002175,20240312,CARD,PAID,15518.25
2177,7000002176,1000002176,20250718,CARD,PAID,14483.7
2178,7000002177,1000002177,20240205,CASH,PAID,83490.0
2179,7000002178,1000002178,20250402,GATEWAY,PAID,17235.0
2180,7000002179,1000002179,20240623,GATEWAY,PAID,29659.2
2181,7000002180,1000002180,20250801,CARD,PAID,43451.1
2182,7000002181,1000002181,20250821,GATEWAY,PAID,55650.0
2183,7000002182,1000002182,20250624,CARD,PAID,18351.75
2184,7000002183,1000002183,20240217,CARD,PAID,27588.0
2185,7000002184,1000002184,20250619,CARD,REFUNDED,13794.0
2186,7000002185,1000002185,20240425,CARD,PAID,19468.5
2187,7000002186,1000002186,20240528,TRANSFER,PAID,30201.6
2188,7000002187,1000002187,20250125,GATEWAY,PAID,48054.75
2189,7000002188,1000002188,20240121,CARD,PAID,27442.8
2190,7000002189,1000002189,20240506,CARD,PAID,70930.2
2191,7000002190,1000002190,20250415,CASH,PAID,13794.0
2192,7000002191,1000002191,20250721,GATEWAY,PAID,47482.5
2193,7000002192,1000002192,0,CARD,FAILED,28314.0
2194,7000002193,1000002193,20240526,CASH,PAID,41164.2
2195,7000002194,1000002194,20240928,CARD,PAID,67590.6
2196,7000002195,1000002195,20240712,CARD,PAID,57172.5
2197,7000002196,1000002196,0,GATEWAY,FAILED,50205.0
2198,7000002197,1000002197,20250916,CARD,PAID,49905.0
2199,7000002198,1000002198,20241206,CASH,PAID,53451.75
2200,7000002199,1000002199,20250402,CARD,PAID,38552.7
2201,7000002200,1000002200,20250516,CASH,PAID,43560.0
2202,7000002201,1000002201,20250321,CASH,PAID,57426.6
2203,7000002202,1000002202,20250125,GATEWAY,PAID,34485.0
2204,7000002203,1000002203,20250426,CASH,PAID,79337.28
2205,7000002204,1000002204,20240329,CARD,PAID,36209.25
2206,7000002205,1000002205,20250222,CARD,PAID,34485.0
2207,7000002206,1000002206,20250930,CARD,PAID,13721.4
2208,7000002207,1000002207,20250527,GATEWAY,PAID,13721.4
2209,7000002208,1000002208,20250301,CARD,PAID,50386.5
2210,7000002209,1000002209,20240105,CARD,PAID,15720.0
2211,7000002210,1000002210,20240201,CARD,PAID,18150.0
2212,7000002211,1000002211,20250414,GATEWAY,PAID,38443.8
2213,7000002212,1000002212,20250516,GATEWAY,PAID,15720.0
2214,7000002213,1000002213,20240302,GATEWAY,PAID,14268.0
2215,7000002214,1000002214,20251001,TRANSFER,PAID,107811.0
2216,7000002215,1000002215,20250513,CASH,PAID,19565.7
2217,7000002216,1000002216,20250117,CARD,PAID,19350.0
2218,7000002217,1000002217,20241104,TRANSFER,PAID,75663.72
2219,7000002218,1000002218,20241030,CARD,PAID,13968.0
2220,7000002219,1000002219,20240607,CARD,PAID,14994.0
2221,7000002220,1000002220,20241231,CASH,REFUNDED,50529.6
2222,7000002221,1000002221,20240920,CARD,PAID,14520.0
2223,7000002222,1000002222,20250430,CARD,PAID,14994.0
2224,7000002223,1000002223,20240413,GATEWAY,PAID,91277.16
2225,7000002224,1000002224,20250202,GATEWAY,PAID,40104.0
2226,7000002225,1000002225,20250107,CARD,PAID,42064.2
2227,7000002226,1000002226,20240705,CARD,PAID,14520.0
2228,7000002227,1000002227,20250131,TRANSFER,PAID,43560.0
2229,7000002228,1000002228,20250530,GATEWAY,PAID,29940.0
2230,7000002229,1000002229,20250821,GATEWAY,PAID,69371.4
2231,7000002230,1000002230,20240517,TRANSFER,PAID,68879.25
2232,7000002231,1000002231,20240409,CASH,PAID,14229.6
2233,7000002232,1000002232,20250514,GATEWAY,PAID,50457.0
2234,7000002233,1000002233,20250107,CARD,PAID,28459.2
2235,7000002234,1000002234,20240818,CARD,PAID,45520.2
2236,7000002235,1000002235,20250215,CASH,PAID,13721.4
2237,7000002236,1000002236,20240115,CARD,PAID,14994.0
2238,7000002237,1000002237,20240221,GATEWAY,PAID,120036.6
2239,7000002238,1000002238,20250318,GATEWAY,PAID,59860.8
2240,7000002239,1000002239,20240613,CARD,PAID,17835.0
2241,7000002240,1000002240,20241021,CARD,REFUNDED,42064.2
2242,7000002241,1000002241,20241210,GATEWAY,REFUNDED,50205.0
2243,7000002242,1000002242,20240305,CARD,PAID,17787.0
2244,7000002243,1000002243,0,GATEWAY,FAILED,129593.1
2245,7000002244,1000002244,20250129,GATEWAY,PAID,17172.0
2246,7000002245,1000002245,20241014,GATEWAY,PAID,14374.8
2247,7000002246,1000002246,20241225,CASH,REFUNDED,31036.5
2248,7000002247,1000002247,20250317,CARD,REFUNDED,19350.0
2249,7000002248,1000002248,20240911,CARD,PAID,55813.88
2250,7000002249,1000002249,20250413,CARD,PAID,60112.8
2251,7000002250,1000002250,20240409,GATEWAY,PAID,36209.25
2252,7000002251,1000002251,20241101,GATEWAY,PAID,50505.0
2253,7000002252,1000002252,20250915,CARD,PAID,26136.0
2254,7000002253,1000002253,0,GATEWAY,FAILED,58871.1
2255,7000002254,1000002254,20240803,CARD,PAID,79608.0
2256,7000002255,1000002255,20240619,CARD,PAID,19050.0
2257,7000002256,1000002256,20240818,CASH,PAID,53361.0
2258,7000002257,1000002257,20250222,CASH,PAID,49005.0
2259,7000002258,1000002258,20240720,CARD,PAID,50094.0
2260,7000002259,1000002259,20240622,GATEWAY,PAID,15720.0
2261,7000002260,1000002260,0,CARD,FAILED,15420.0
2262,7000002261,1000002261,20251001,CARD,PAID,71685.0
2263,7000002262,1000002262,20250801,GATEWAY,PAID,15420.0
2264,7000002263,1000002263,20240312,CARD,PAID,58072.5
2265,7000002264,1000002264,20250912,CASH,PAID,14229.6
2266,7000002265,1000002265,20250612,GATEWAY,PAID,44760.0
2267,7000002266,1000002266,20240414,CARD,PAID,105633.0
2268,7000002267,1000002267,20240522,CARD,PAID,98038.8
2269,7000002268,1000002268,0,GATEWAY,PENDING,15720.0
2270,7000002269,1000002269,20240120,GATEWAY,PAID,43588.8
2271,7000002270,1000002270,20240927,CARD,PAID,79943.25
2272,7000002271,1000002271,0,CARD,FAILED,110969.1
2273,7000002272,1000002272,20241102,CARD,PAID,32670.0
2274,7000002273,1000002273,20250804,CARD,PAID,14520.0
2275,7000002274,1000002274,20250326,CARD,PAID,15518.25
2276,7000002275,1000002275,20240920,CASH,PAID,36300.0
2277,7000002276,1000002276,20240614,CARD,PAID,64362.0
2278,7000002277,1000002277,20240405,CARD,PAID,92980.92
2279,7000002278,1000002278,20240821,CARD,PAID,29040.0
2280,7000002279,1000002279,20240303,CASH,REFUNDED,45520.2
2281,7000002280,1000002280,20240113,CARD,REFUNDED,33570.0
2282,7000002281,1000002281,20241006,GATEWAY,PAID,14374.8
2283,7000002282,1000002282,20241017,GATEWAY,PAID,32236.5
2284,7000002283,1000002283,20240519,CARD,PAID,86868.0
2285,7000002284,1000002284,20250204,GATEWAY,PAID,17535.0
2286,7000002285,1000002285,20250522,GATEWAY,PAID,28488.0
2287,7000002286,1000002286,20250111,CARD,PAID,28314.0
2288,7000002287,1000002287,0,CASH,FAILED,54313.88
2289,7000002288,1000002288,20241015,CARD,PAID,85597.5
2290,7000002289,1000002289,20240901,CARD,PAID,36209.25
2291,7000002290,1000002290,20250521,CARD,PAID,73209.6
2292,7000002291,1000002291,20240317,CARD,PAID,67082.4
2293,7000002292,1000002292,0,CARD,FAILED,29088.0
2294,7000002293,1000002293,20240329,GATEWAY,REFUNDED,36774.0
2295,7000002294,1000002294,20240401,CARD,PAID,17242.5
2296,7000002295,1000002295,20240715,CASH,PAID,25613.28
2297,7000002296,1000002296,20250602,CARD,PAID,14229.6
2298,7000002297,1000002297,20241224,CARD,PAID,41382.0
2299,7000002298,1000002298,20240521,GATEWAY,PAID,29359.2
2300,7000002299,1000002299,0,GATEWAY,FAILED,36483.6
2301,7000002300,1000002300,0,CARD,FAILED,61095.0
2302,7000002301,1000002301,20240621,CARD,PAID,16418.25
2303,7000002302,1000002302,20240811,CARD,PAID,39204.0
2304,7000002303,1000002303,0,TRANSFER,PENDING,92347.2
2305,7000002304,1000002304,20250325,CARD,PAID,33870.0
2306,7000002305,1000002305,20250208,CASH,PAID,35211.0
2307,7000002306,1000002306,20241123,CARD,PAID,49905.0
2308,7000002307,1000002307,20240120,CARD,REFUNDED,43671.0
2309,7000002308,1000002308,0,CARD,FAILED,61312.8
2310,7000002309,1000002309,20250302,CARD,PAID,19168.5
2311,7000002310,1000002310,20240814,CARD,PAID,29040.0
2312,7000002311,1000002311,20250502,CARD,PAID,74215.35
2313,7000002312,1000002312,20240417,CARD,PAID,16020.0
2314,7000002313,1000002313,20241116,GATEWAY,PAID,71168.25
2315,7000002314,1000002314,20240320,GATEWAY,PAID,18687.0
2316,7000002315,1000002315,20240423,CARD,PAID,27036.0
2317,7000002316,1000002316,0,CARD,FAILED,16441.08
2318,7000002317,1000002317,20240118,GATEWAY,PAID,16446.0
2319,7000002318,1000002318,20240408,CARD,REFUNDED,17787.0
2320,7000002319,1000002319,20250213,CASH,PAID,17787.0
2321,7000002320,1000002320,20250110,CARD,PAID,39204.0
2322,7000002321,1000002321,20240425,TRANSFER,PAID,13794.0
2323,7000002322,1000002322,20240622,GATEWAY,PAID,46638.0
2324,7000002323,1000002323,20240904,CARD,PAID,37800.0
2325,7000002324,1000002324,20250327,CARD,PAID,13968.0
2326,7000002325,1000002325,20250702,GATEWAY,PAID,70694.25
2327,7000002326,1000002326,20241116,CARD,PAID,75619.92
2328,7000002327,1000002327,20240701,CARD,PAID,40104.0
2329,7000002328,1000002328,20250317,CARD,PAID,32236.5
2330,7000002329,1000002329,0,CARD,FAILED,28749.6
2331,7000002330,1000002330,20250308,CARD,PAID,17152.56
2332,7000002331,1000002331,20250626,CARD,PAID,73536.3
2333,7000002332,1000002332,20250803,CARD,PAID,29940.0
2334,7000002333,1000002333,20250511,CARD,PAID,37800.0
2335,7000002334,1000002334,20250610,TRANSFER,PAID,80186.7
2336,7000002335,1000002335,20250810,CASH,PAID,16008.3
2337,7000002336,1000002336,20250331,CARD,PAID,63155.55
2338,7000002337,1000002337,20241203,CARD,PAID,18442.5
2339,7000002338,1000002338,20240212,TRANSFER,PAID,35574.0
2340,7000002339,1000002339,20250313,CASH,PAID,32670.0
2341,7000002340,1000002340,20241010,GATEWAY,PAID,31246.8
2342,7000002341,1000002341,0,CARD,PENDING,27336.0
2343,7000002342,1000002342,20250317,CARD,PAID,28488.0
2344,7000002343,1000002343,20250103,CARD,PAID,93765.0
2345,7000002344,1000002344,20241016,GATEWAY,PAID,83020.2
2346,7000002345,1000002345,20240915,GATEWAY,PAID,14994.0
2347,7000002346,1000002346,20240530,CARD,PAID,31246.8
2348,7000002347,1000002347,20250827,GATEWAY,PAID,54261.0
2349,7000002348,1000002348,20250616,CASH,PAID,43124.4
2350,7000002349,1000002349,0,GATEWAY,FAILED,55313.7
2351,7000002350,1000002350,20240513,CARD,PAID,13068.0
2352,7000002351,1000002351,20241231,GATEWAY,PAID,47238.0
2353,7000002352,1000002352,20240807,CARD,PAID,27036.0
2354,7000002353,1000002353,20240702,CARD,PAID,32205.12
2355,7000002354,1000002354,20240330,CARD,PAID,40970.28
2356,7000002355,1000002355,20240609,GATEWAY,PAID,35385.0
2357,7000002356,1000002356,20240530,TRANSFER,PAID,28459.2
2358,7000002357,1000002357,0,CARD,FAILED,29940.0
2359,7000002358,1000002358,20240915,CARD,PAID,45723.24
2360,7000002359,1000002359,20250820,CARD,PAID,48279.0
2361,7000002360,1000002360,20241203,TRANSFER,PAID,39930.0
2362,7000002361,1000002361,20241005,CARD,PAID,43888.8
2363,7000002362,1000002362,20240718,GATEWAY,PAID,18987.0
2364,7000002363,1000002363,20240213,CARD,PAID,17235.0
2365,7000002364,1000002364,20250424,GATEWAY,PAID,32672.1
2366,7000002365,1000002365,20240905,GATEWAY,REFUNDED,55150.35
2367,7000002366,1000002366,20250407,GATEWAY,PAID,15720.0
2368,7000002367,1000002367,20240824,CARD,PAID,17787.0
2369,7000002368,1000002368,20250724,CASH,PAID,14520.0
2370,7000002369,1000002369,20250321,CARD,PAID,35685.0
2371,7000002370,1000002370,20240824,CARD,PAID,17242.5
2372,7000002371,1000002371,20240720,GATEWAY,PAID,46720.2
2373,7000002372,1000002372,20240716,CARD,PAID,26813.28
2374,7000002373,1000002373,20250131,CARD,PAID,52927.5
2375,7000002374,1000002374,20250327,CARD,PAID,41527.2
2376,7000002375,1000002375,0,CARD,FAILED,33870.0
2377,7000002376,1000002376,20241128,CARD,PAID,71863.92
2378,7000002377,1000002377,20241020,GATEWAY,PAID,29477.7
2379,7000002378,1000002378,20240423,CARD,PAID,41817.6
2380,7000002379,1000002379,20240513,CARD,PAID,51727.5
2381,7000002380,1000002380,20240227,GATEWAY,PAID,40704.0
2382,7000002381,1000002381,20240520,CARD,PAID,27036.0
2383,7000002382,1000002382,20240602,CARD,PAID,15652.56
2384,7000002383,1000002383,20250912,GATEWAY,PAID,108900.0
2385,7000002384,1000002384,20240921,CARD,PAID,27336.0
2386,7000002385,1000002385,20250421,GATEWAY,PAID,91476.0
2387,7000002386,1000002386,20240411,CASH,PAID,69696.0
2388,7000002387,1000002387,20240316,GATEWAY,PAID,78523.92
2389,7000002388,1000002388,20250605,GATEWAY,PAID,52927.5
2390,7000002389,1000002389,20240515,CARD,PAID,68970.0
2391,7000002390,1000002390,20240619,CARD,PAID,69841.2
2392,7000002391,1000002391,20250812,CARD,PAID,43588.8
2393,7000002392,1000002392,20250902,CARD,PAID,63273.0
2394,7000002393,1000002393,20250519,TRANSFER,PAID,32670.0
2395,7000002394,1000002394,20250508,CARD,PAID,12806.64
2396,7000002395,1000002395,20250918,CARD,PAID,43560.0
2397,7000002396,1000002396,20240111,CARD,PAID,48816.0
2398,7000002397,1000002397,20240616,CASH,PAID,42688.8
2399,7000002398,1000002398,20240414,GATEWAY,PAID,55650.0
2400,7000002399,1000002399,20241221,CARD,PAID,35685.0
2401,7000002400,1000002400,20250830,CARD,PAID,31305.12
2402,7000002401,1000002401,20240821,GATEWAY,PAID,27113.28
2403,7000002402,1000002402,20240111,GATEWAY,PAID,40104.0
2404,7000002403,1000002403,20241117,CARD,PAID,72418.5
2405,7000002404,1000002404,20250301,CARD,PAID,18150.0
2406,7000002405,1000002405,20240118,CASH,PAID,54450.0
2407,7000002406,1000002406,20250606,CARD,PAID,54450.0
2408,7000002407,1000002407,20240120,CASH,PAID,39204.0
2409,7000002408,1000002408,20250328,TRANSFER,PAID,69696.0
2410,7000002409,1000002409,20240219,CASH,PAID,43124.4
2411,7000002410,1000002410,20250914,CARD,PAID,66017.28
2412,7000002411,1000002411,20241212,CARD,PAID,46638.0
2413,7000002412,1000002412,20241004,CARD,PAID,107411.7
2414,7000002413,1000002413,20250909,CARD,PAID,34170.0
2415,7000002414,1000002414,20240525,GATEWAY,PAID,36474.0
2416,7000002415,1000002415,20250322,GATEWAY,PAID,55259.25
2417,7000002416,1000002416,20240826,CARD,PAID,13794.0
2418,7000002417,1000002417,20240426,TRANSFER,PAID,15518.25
2419,7000002418,1000002418,20250519,CASH,REFUNDED,29403.0
2420,7000002419,1000002419,20250310,GATEWAY,PAID,43879.2
2421,7000002420,1000002420,20241221,CARD,PAID,25022.4
2422,7000002421,1000002421,20241228,CARD,PAID,29403.0
2423,7000002422,1000002422,20250727,GATEWAY,REFUNDED,40104.0
2424,7000002423,1000002423,20240830,TRANSFER,PAID,37933.5
2425,7000002424,1000002424,20250713,GATEWAY,PAID,52927.5
2426,7000002425,1000002425,20240308,GATEWAY,PAID,27762.0
2427,7000002426,1000002426,20240702,CARD,PAID,79801.92
2428,7000002427,1000002427,20240216,CARD,PAID,68790.6
2429,7000002428,1000002428,20250109,CARD,PAID,52836.75
2430,7000002429,1000002429,20250719,CASH,PAID,46554.75
2431,7000002430,1000002430,20250705,GATEWAY,PAID,43779.9
2432,7000002431,1000002431,20250109,TRANSFER,PAID,26136.0
2433,7000002432,1000002432,20250829,TRANSFER,PAID,13068.0
2434,7000002433,1000002433,20241009,CARD,PAID,43588.8
2435,7000002434,1000002434,20240129,TRANSFER,PAID,16335.0
2436,7000002435,1000002435,20250826,CARD,PAID,29649.6
2437,7000002436,1000002436,20240404,CASH,PAID,29040.0
2438,7000002437,1000002437,20240719,CASH,PAID,42688.8
2439,7000002438,1000002438,20250427,CARD,PAID,29882.16
2440,7000002439,1000002439,0,CARD,FAILED,33991.08
2441,7000002440,1000002440,20240505,CARD,PAID,18442.5
2442,7000002441,1000002441,20240610,CASH,PAID,66792.0
2443,7000002442,1000002442,20240324,CARD,PAID,45723.24
2444,7000002443,1000002443,20250126,CARD,PAID,54450.0
2445,7000002444,1000002444,0,GATEWAY,FAILED,32781.0
2446,7000002445,1000002445,20250625,CARD,PAID,15429.6
2447,7000002446,1000002446,20240505,CASH,PAID,15246.0
2448,7000002447,1000002447,20240405,GATEWAY,PAID,55350.0
2449,7000002448,1000002448,20240920,CARD,PAID,42282.0
2450,7000002449,1000002449,20240928,CASH,PAID,14374.8
2451,7000002450,1000002450,20241003,GATEWAY,PAID,63127.8
2452,7000002451,1000002451,20240110,CASH,PAID,68244.0
2453,7000002452,1000002452,20241203,TRANSFER,PAID,54450.0
2454,7000002453,1000002453,20250328,GATEWAY,PAID,35283.6
2455,7000002454,1000002454,20250722,CARD,PAID,52627.5
2456,7000002455,1000002455,20240103,GATEWAY,PAID,108285.0
2457,7000002456,1000002456,20240618,CASH,PAID,12806.64
2458,7000002457,1000002457,20250430,CARD,PAID,91161.0
2459,7000002458,1000002458,0,GATEWAY,FAILED,17835.0
2460,7000002459,1000002459,20250403,CARD,PAID,29659.2
2461,7000002460,1000002460,20240729,CASH,PAID,43560.0
2462,7000002461,1000002461,20241128,CARD,PAID,17787.0
2463,7000002462,1000002462,20241020,CARD,PAID,14520.0
2464,7000002463,1000002463,20250207,CASH,PAID,30038.25
2465,7000002464,1000002464,20250202,GATEWAY,PAID,55650.0
2466,7000002465,1000002465,20241128,CARD,PAID,36474.0
2467,7000002466,1000002466,20250125,CARD,PAID,73180.8
2468,7000002467,1000002467,20250727,TRANSFER,PAID,23522.4
2469,7000002468,1000002468,20250928,CARD,PAID,42282.0
2470,7000002469,1000002469,20240730,GATEWAY,PAID,152498.12
2471,7000002470,1000002470,20240628,CARD,PAID,49005.0
2472,7000002471,1000002471,20250728,CARD,PAID,15683.7
2473,7000002472,1000002472,20240111,GATEWAY,PAID,50205.0
2474,7000002473,1000002473,20250823,CARD,PAID,14994.0
2475,7000002474,1000002474,20241016,CARD,PAID,57229.05
2476,7000002475,1000002475,20240624,CARD,PAID,54313.88
2477,7000002476,1000002476,20250328,GATEWAY,PAID,15294.0
2478,7000002477,1000002477,0,CASH,PENDING,37897.2
2479,7000002478,1000002478,0,GATEWAY,PENDING,13314.6
2480,7000002479,1000002479,20250116,CARD,PAID,77974.5
2481,7000002480,1000002480,20240706,CARD,PAID,16020.0
2482,7000002481,1000002481,20250926,CASH,PAID,15652.56
2483,7000002482,1000002482,20250123,CARD,PAID,40404.0
2484,7000002483,1000002483,20240621,GATEWAY,PAID,30240.0
2485,7000002484,1000002484,20240929,GATEWAY,PAID,55650.0
2486,7000002485,1000002485,20250907,CASH,PAID,50094.0
2487,7000002486,1000002486,0,TRANSFER,FAILED,41382.0
2488,7000002487,1000002487,20240408,GATEWAY,PAID,44760.0
2489,7000002488,1000002488,20250507,CARD,PAID,36300.0
2490,7000002489,1000002489,20240726,CARD,PAID,13261.2
2491,7000002490,1000002490,20241021,CARD,PAID,17235.0
2492,7000002491,1000002491,20240906,TRANSFER,PAID,14941.08
2493,7000002492,1000002492,20250818,GATEWAY,PAID,39919.92
2494,7000002493,1000002493,0,GATEWAY,FAILED,19957.5
2495,7000002494,1000002494,20250107,CARD,PAID,37243.8
2496,7000002495,1000002495,20240308,CARD,PAID,66066.0
2497,7000002496,1000002496,20240201,GATEWAY,PAID,13614.6
2498,7000002497,1000002497,20240418,CARD,PAID,58072.5
2499,7000002498,1000002498,20240507,CARD,PAID,54450.0
2500,7000002499,1000002499,20250614,GATEWAY,PAID,14268.0
2501,7000002500,1000002500,20240927,GATEWAY,PAID,27036.0
2502,7000002501,1000002501,20240928,GATEWAY,PAID,31305.12
2503,7000002502,1000002502,20250615,CARD,PAID,18987.0
2504,7000002503,1000002503,20250318,CARD,PAID,34303.5
2505,7000002504,1000002504,20240408,TRANSFER,PAID,17151.75
2506,7000002505,1000002505,20250321,CARD,PAID,160438.5
2507,7000002506,1000002506,20250703,CARD,PAID,36483.6
2508,7000002507,1000002507,20250902,CARD,PAID,13794.0
2509,7000002508,1000002508,20240805,CARD,PAID,77892.3
2510,7000002509,1000002509,0,CARD,FAILED,29040.0
2511,7000002510,1000002510,20241015,CARD,PAID,14694.0
2512,7000002511,1000002511,20240321,CARD,PAID,14229.6
2513,7000002512,1000002512,20241217,CASH,PAID,51727.5
2514,7000002513,1000002513,20241029,GATEWAY,PAID,14568.0
2515,7000002514,1000002514,20240713,GATEWAY,PAID,57172.5
2516,7000002515,1000002515,20250526,CASH,PAID,43560.0
2517,7000002516,1000002516,20240229,GATEWAY,PAID,27636.0
2518,7000002517,1000002517,20250217,GATEWAY,PAID,31305.12
2519,7000002518,1000002518,20240821,CARD,PAID,15429.6
2520,7000002519,1000002519,20240805,CASH,PAID,14520.0
2521,7000002520,1000002520,20240625,CARD,PAID,49116.0
2522,7000002521,1000002521,20250717,CARD,PAID,55350.0
2523,7000002522,1000002522,20250713,CARD,PAID,16335.0
2524,7000002523,1000002523,20240412,CASH,PAID,37352.7
2525,7000002524,1000002524,20240302,CARD,PAID,86250.38
2526,7000002525,1000002525,20250731,CARD,PAID,97249.8
2527,7000002526,1000002526,20250403,GATEWAY,PAID,36837.0
2528,7000002527,1000002527,20250616,CARD,PAID,33234.22
2529,7000002528,1000002528,20250401,GATEWAY,PAID,36183.6
2530,7000002529,1000002529,20240218,CARD,PAID,81529.8
2531,7000002530,1000002530,20240910,CARD,PAID,29867.4
2532,7000002531,1000002531,20250109,GATEWAY,PAID,26813.28
2533,7000002532,1000002532,20250614,CARD,PAID,18351.75
2534,7000002533,1000002533,20240610,CARD,PAID,42064.2
2535,7000002534,1000002534,20240111,TRANSFER,PAID,29475.6
2536,7000002535,1000002535,20240503,GATEWAY,PAID,52987.92
2537,7000002536,1000002536,20240618,GATEWAY,PAID,16418.25
2538,7000002537,1000002537,20250504,CARD,PAID,29359.2
2539,7000002538,1000002538,0,TRANSFER,FAILED,28967.4
2540,7000002539,1000002539,20240312,CARD,PAID,19168.5
2541,7000002540,1000002540,20240306,CARD,PAID,48191.64
2542,7000002541,1000002541,20241229,CASH,REFUNDED,39204.0
2543,7000002542,1000002542,20240915,GATEWAY,PAID,26136.0
2544,7000002543,1000002543,20241123,CARD,PAID,54450.0
2545,7000002544,1000002544,20250522,GATEWAY,PAID,15720.0
2546,7000002545,1000002545,20250115,GATEWAY,PAID,29403.0
2547,7000002546,1000002546,20240210,CARD,PAID,28495.5
2548,7000002547,1000002547,20240720,GATEWAY,PAID,35685.0
2549,7000002548,1000002548,20250914,CARD,PAID,80070.3
2550,7000002549,1000002549,20240507,CARD,PAID,62946.3
2551,7000002550,1000002550,0,GATEWAY,FAILED,47857.68
2552,7000002551,1000002551,20240730,GATEWAY,PAID,16141.08
2553,7000002552,1000002552,20240920,CARD,PAID,19004.62
2554,7000002553,1000002553,20250919,GATEWAY,PAID,43888.8
2555,7000002554,1000002554,20240708,GATEWAY,PAID,50205.0
2556,7000002555,1000002555,20240804,CARD,PAID,27336.0
2557,7000002556,1000002556,20250524,CARD,PAID,11761.2
2558,7000002557,1000002557,20240515,GATEWAY,PAID,65904.75
2559,7000002558,1000002558,20250218,CARD,PAID,42064.2
2560,7000002559,1000002559,0,GATEWAY,PENDING,31082.16
2561,7000002560,1000002560,20250506,CARD,PAID,54450.0
2562,7000002561,1000002561,20241203,TRANSFER,PAID,32670.0
2563,7000002562,1000002562,20240622,CARD,PAID,42664.2
2564,7000002563,1000002563,20241221,GATEWAY,PAID,129139.35
2565,7000002564,1000002564,20240117,GATEWAY,PAID,44624.4
2566,7000002565,1000002565,20240714,CARD,PAID,58399.2
2567,7000002566,1000002566,20250519,CARD,PAID,30303.0
2568,7000002567,1000002567,20250703,TRANSFER,PAID,35574.0
2569,7000002568,1000002568,20250123,CARD,PAID,28488.0
2570,7000002569,1000002569,20250510,CASH,PAID,15246.0
2571,7000002570,1000002570,20241220,CARD,PAID,56918.4
2572,7000002571,1000002571,20250212,CASH,PAID,45099.12
2573,7000002572,1000002572,20250104,GATEWAY,PAID,70977.15
2574,7000002573,1000002573,20241118,GATEWAY,PAID,52927.5
2575,7000002574,1000002574,20250916,GATEWAY,PAID,29659.2
2576,7000002575,1000002575,20240728,CARD,PAID,81486.0
2577,7000002576,1000002576,20240504,CARD,PAID,42364.2
2578,7000002577,1000002577,20240406,CARD,PAID,72600.0
2579,7000002578,1000002578,0,CASH,PENDING,13068.0
2580,7000002579,1000002579,20250922,CARD,PAID,29403.0
2581,7000002580,1000002580,20240906,GATEWAY,PAID,70673.28
2582,7000002581,1000002581,20240305,CARD,PAID,45229.8
2583,7000002582,1000002582,20240223,GATEWAY,PAID,61956.6
2584,7000002583,1000002583,20250202,CARD,PAID,56076.0
2585,7000002584,1000002584,20250208,CARD,PAID,16335.0
2586,7000002585,1000002585,0,CARD,FAILED,30240.0
2587,7000002586,1000002586,20241221,CASH,PAID,31944.0
2588,7000002587,1000002587,20250307,CARD,PAID,89298.0
2589,7000002588,1000002588,20241014,CARD,PAID,27036.0
2590,7000002589,1000002589,20241113,GATEWAY,PAID,49905.0
2591,7000002590,1000002590,0,CARD,FAILED,100725.0
2592,7000002591,1000002591,20250722,CARD,PAID,82764.0
2593,7000002592,1000002592,20240616,GATEWAY,PAID,55103.4
2594,7000002593,1000002593,0,CARD,FAILED,59895.0
2595,7000002594,1000002594,20240926,GATEWAY,PAID,55950.0
2596,7000002595,1000002595,20240210,GATEWAY,PAID,33870.0
2597,7000002596,1000002596,0,CARD,FAILED,49234.5
2598,7000002597,1000002597,0,CASH,FAILED,34485.0
2599,7000002598,1000002598,20240420,CARD,PAID,14520.0
2600,7000002599,1000002599,20241009,CARD,PAID,36300.0
2601,7000002600,1000002600,20250218,CARD,PAID,56029.05
2602,7000002601,1000002601,0,CARD,FAILED,79497.0
2603,7000002602,1000002602,0,GATEWAY,FAILED,18142.5
2604,7000002603,1000002603,20250706,CARD,PAID,91831.5
2605,7000002604,1000002604,20240526,CASH,PAID,27588.0
2606,7000002605,1000002605,20240118,GATEWAY,PAID,37500.0
2607,7000002606,1000002606,20240115,CARD,PAID,16872.0
2608,7000002607,1000002607,20240806,CARD,PAID,35574.0
2609,7000002608,1000002608,20240617,CASH,PAID,43124.4
2610,7000002609,1000002609,20250821,GATEWAY,PAID,42882.0
2611,7000002610,1000002610,20241107,GATEWAY,PAID,27636.0
2612,7000002611,1000002611,20241029,CARD,PAID,133399.68
2613,7000002612,1000002612,20250719,CARD,PAID,28459.2
2614,7000002613,1000002613,20240819,CARD,PAID,14268.0
2615,7000002614,1000002614,20250218,TRANSFER,PAID,43981.08
2616,7000002615,1000002615,20240926,GATEWAY,PAID,41382.0
2617,7000002616,1000002616,20250917,CARD,PAID,66240.0
2618,7000002617,1000002617,20250522,CARD,PAID,66429.0
2619,7000002618,1000002618,20240621,GATEWAY,PAID,30540.0
2620,7000002619,1000002619,20250920,CASH,PAID,12414.6
2621,7000002620,1000002620,0,GATEWAY,FAILED,36837.0
2622,7000002621,1000002621,20250413,CARD,PAID,33628.08
2623,7000002622,1000002622,20240315,CASH,PAID,46554.75
2624,7000002623,1000002623,20240721,GATEWAY,PAID,48457.68
2625,7000002624,1000002624,20241105,CARD,PAID,39204.0
2626,7000002625,1000002625,20250204,CARD,PAID,17172.0
2627,7000002626,1000002626,20240523,CARD,PAID,84390.0
2628,7000002627,1000002627,20241107,CASH,PAID,36300.0
2629,7000002628,1000002628,20240413,CASH,PAID,43124.4
2630,7000002629,1000002629,20241104,TRANSFER,PAID,15972.0
2631,7000002630,1000002630,20250515,CARD,PAID,58191.0
2632,7000002631,1000002631,20240129,CARD,PAID,39433.5
2633,7000002632,1000002632,20241023,CASH,PAID,57281.4
2634,7000002633,1000002633,20240608,CASH,PAID,42688.8
2635,7000002634,1000002634,20240224,CASH,PAID,63234.6
2636,7000002635,1000002635,20250427,CARD,PAID,46957.68
2637,7000002636,1000002636,20241211,CASH,PAID,54450.0
2638,7000002637,1000002637,0,TRANSFER,PENDING,65340.0
2639,7000002638,1000002638,20250227,CASH,PAID,26136.0
2640,7000002639,1000002639,20241109,CARD,PAID,52655.25
2641,7000002640,1000002640,20241211,GATEWAY,PAID,15294.0
2642,7000002641,1000002641,20240603,GATEWAY,PAID,40104.0
2643,7000002642,1000002642,20240110,GATEWAY,PAID,39615.0
2644,7000002643,1000002643,20250728,CARD,PAID,44600.28
2645,7000002644,1000002644,20240903,CARD,PAID,36474.0
2646,7000002645,1000002645,20241227,TRANSFER,PAID,96049.8
2647,7000002646,1000002646,20250224,CARD,PAID,35385.0
2648,7000002647,1000002647,20240511,CARD,PAID,27588.0
2649,7000002648,1000002648,20241203,CARD,PAID,41894.64
2650,7000002649,1000002649,20240718,GATEWAY,PAID,57891.0
2651,7000002650,1000002650,20241111,GATEWAY,PAID,15901.5
2652,7000002651,1000002651,20250607,CASH,PAID,76738.2
2653,7000002652,1000002652,20250901,CARD,PAID,40704.0
2654,7000002653,1000002653,20250204,CARD,PAID,13794.0
2655,7000002654,1000002654,20240406,CASH,PAID,51727.5
2656,7000002655,1000002655,20240127,CARD,PAID,81849.0
2657,7000002656,1000002656,20240813,CASH,PAID,53361.0
2658,7000002657,1000002657,20250511,TRANSFER,PAID,30346.8
2659,7000002658,1000002658,20240602,CASH,PAID,102583.8
2660,7000002659,1000002659,20250504,CARD,PAID,97794.3
2661,7000002660,1000002660,0,CARD,PENDING,33570.0
2662,7000002661,1000002661,20250315,GATEWAY,PAID,26513.28
2663,7000002662,1000002662,20250421,CASH,PAID,32016.6
2664,7000002663,1000002663,20240121,GATEWAY,PAID,15720.0
2665,7000002664,1000002664,20240723,GATEWAY,PAID,35203.5
2666,7000002665,1000002665,20250226,GATEWAY,PAID,17968.5
2667,7000002666,1000002666,20240805,CASH,PAID,36300.0
2668,7000002667,1000002667,20240204,CASH,PAID,16008.3
2669,7000002668,1000002668,20250927,CARD,PAID,94672.5
2670,7000002669,1000002669,20250105,CARD,PAID,61095.0
2671,7000002670,1000002670,0,GATEWAY,FAILED,48453.0
2672,7000002671,1000002671,0,CASH,FAILED,25613.28
2673,7000002672,1000002672,20250304,CARD,PAID,37243.8
2674,7000002673,1000002673,20240506,CASH,PAID,13068.0
2675,7000002674,1000002674,20240911,CARD,REFUNDED,79134.0
2676,7000002675,1000002675,20240512,GATEWAY,PAID,35385.0
2677,7000002676,1000002676,20250107,CARD,PAID,36774.0
2678,7000002677,1000002677,20250506,CARD,PAID,43734.0
2679,7000002678,1000002678,20240305,CARD,PAID,79932.6
2680,7000002679,1000002679,20250428,CARD,PAID,42688.8
2681,7000002680,1000002680,20240703,CARD,PAID,18142.5
2682,7000002681,1000002681,20250202,GATEWAY,PAID,48090.0
2683,7000002682,1000002682,20241124,CARD,PAID,18104.62
2684,7000002683,1000002683,20240115,CARD,PAID,13068.0
2685,7000002684,1000002684,0,TRANSFER,FAILED,16335.0
2686,7000002685,1000002685,20250706,CARD,PAID,54450.0
2687,7000002686,1000002686,0,GATEWAY,FAILED,53361.0
2688,7000002687,1000002687,20250628,GATEWAY,REFUNDED,104935.8
2689,7000002688,1000002688,20240405,CARD,PAID,76631.4
2690,7000002689,1000002689,20240618,TRANSFER,REFUNDED,39131.4
2691,7000002690,1000002690,20240304,CARD,PAID,17242.5
2692,7000002691,1000002691,20240306,CASH,PAID,17242.5
2693,7000002692,1000002692,20250918,CARD,PAID,57818.4
2694,7000002693,1000002693,20250902,GATEWAY,PAID,84109.2
2695,7000002694,1000002694,0,GATEWAY,FAILED,82466.1
2696,7000002695,1000002695,20250823,CARD,PAID,31036.5
2697,7000002696,1000002696,20250609,CARD,PAID,37200.0
2698,7000002697,1000002697,0,CARD,FAILED,86386.5
2699,7000002698,1000002698,20240707,CASH,PAID,13068.0
2700,7000002699,1000002699,20241210,CARD,PAID,71148.0
2701,7000002700,1000002700,20240817,CARD,PAID,55902.0
2702,7000002701,1000002701,20250915,CARD,PAID,77647.8
2703,7000002702,1000002702,20241009,CARD,PAID,13314.6
2704,7000002703,1000002703,20241209,GATEWAY,PAID,55513.88
2705,7000002704,1000002704,20240709,CARD,PAID,58697.1
2706,7000002705,1000002705,20250721,CASH,PAID,51618.6
2707,7000002706,1000002706,20241223,GATEWAY,PAID,49624.2
2708,7000002707,1000002707,20240407,CARD,PAID,43588.8
2709,7000002708,1000002708,20240318,CARD,PAID,43560.0
2710,7000002709,1000002709,20240706,GATEWAY,REFUNDED,61303.2
2711,7000002710,1000002710,20250112,TRANSFER,PAID,26136.0
2712,7000002711,1000002711,20241217,GATEWAY,PAID,29649.6
2713,7000002712,1000002712,20250907,CARD,PAID,18676.35
2714,7000002713,1000002713,20250902,GATEWAY,PAID,19057.5
2715,7000002714,1000002714,20250204,CARD,PAID,21165.0
2716,7000002715,1000002715,20240219,CASH,PAID,43287.75
2717,7000002716,1000002716,20250125,GATEWAY,PAID,43753.2
2718,7000002717,1000002717,20240611,CARD,PAID,67881.0
2719,7000002718,1000002718,20250523,GATEWAY,PAID,52163.1
2720,7000002719,1000002719,20250625,CASH,PAID,12806.64
2721,7000002720,1000002720,0,CARD,FAILED,27442.8
2722,7000002721,1000002721,20240614,CASH,REFUNDED,106359.0
2723,7000002722,1000002722,20241118,CARD,PAID,44760.0
2724,7000002723,1000002723,20240916,CARD,PAID,26136.0
2725,7000002724,1000002724,20241214,CARD,REFUNDED,37500.0
2726,7000002725,1000002725,20250817,CARD,PAID,15246.0
2727,7000002726,1000002726,0,CARD,FAILED,58697.1
2728,7000002727,1000002727,0,CARD,FAILED,16335.0
2729,7000002728,1000002728,20241126,CARD,PAID,28488.0
2730,7000002729,1000002729,20240406,CASH,PAID,41382.0
2731,7000002730,1000002730,20250122,CASH,REFUNDED,13794.0
2732,7000002731,1000002731,20250910,CASH,PAID,39131.4
2733,7000002732,1000002732,20250204,CARD,PAID,76230.0
2734,7000002733,1000002733,20250118,CARD,PAID,101315.4
2735,7000002734,1000002734,20240706,GATEWAY,PAID,97465.5
2736,7000002735,1000002735,20250912,CASH,PAID,53905.5
2737,7000002736,1000002736,20250120,CARD,PAID,69696.0
2738,7000002737,1000002737,20241016,CARD,PAID,50965.2
2739,7000002738,1000002738,20250223,CARD,PAID,83036.25
2740,7000002739,1000002739,20240711,CARD,PAID,41594.64
2741,7000002740,1000002740,20240521,CARD,PAID,55030.8
2742,7000002741,1000002741,20250909,GATEWAY,PAID,74498.25
2743,7000002742,1000002742,20240704,TRANSFER,PAID,44104.5
2744,7000002743,1000002743,20241027,CASH,PAID,49005.0
2745,7000002744,1000002744,20250611,CASH,PAID,37352.7
2746,7000002745,1000002745,20250329,GATEWAY,PAID,42882.0
2747,7000002746,1000002746,20240116,CASH,PAID,45738.0
2748,7000002747,1000002747,20250425,GATEWAY,PAID,79525.8
2749,7000002748,1000002748,20241110,TRANSFER,PAID,43269.6
2750,7000002749,1000002749,0,CARD,FAILED,115782.48
2751,7000002750,1000002750,20250803,GATEWAY,PAID,38443.8
2752,7000002751,1000002751,20250808,CASH,PAID,45287.88
2753,7000002752,1000002752,20240608,CASH,PAID,92565.0
2754,7000002753,1000002753,0,GATEWAY,FAILED,99628.74
2755,7000002754,1000002754,20241211,CARD,PAID,51262.62
2756,7000002755,1000002755,20240624,GATEWAY,PAID,16146.0
2757,7000002756,1000002756,20240729,CARD,PAID,18142.5
2758,7000002757,1000002757,20250328,GATEWAY,PAID,40404.0
2759,7000002758,1000002758,20240626,GATEWAY,PAID,55894.5
2760,7000002759,1000002759,0,CARD,FAILED,53361.0
2761,7000002760,1000002760,20250622,CARD,PAID,36300.0
2762,7000002761,1000002761,20250731,GATEWAY,PAID,77321.1
2763,7000002762,1000002762,20250529,CARD,PAID,43588.8
2764,7000002763,1000002763,20250413,GATEWAY,PAID,19350.0
2765,7000002764,1000002764,20250903,CARD,PAID,29040.0
2766,7000002765,1000002765,20240311,CARD,PAID,26136.0
2767,7000002766,1000002766,20250222,CARD,PAID,39619.92
2768,7000002767,1000002767,20240617,CARD,PAID,40704.0
2769,7000002768,1000002768,20250412,CARD,PAID,40404.0
2770,7000002769,1000002769,20250307,CASH,REFUNDED,51727.5
2771,7000002770,1000002770,0,GATEWAY,FAILED,48924.9
2772,7000002771,1000002771,20241118,GATEWAY,PAID,55650.0
2773,7000002772,1000002772,20240406,CARD,PAID,78988.8
2774,7000002773,1000002773,0,CARD,FAILED,30603.0
2775,7000002774,1000002774,20250127,CARD,PAID,53678.62
2776,7000002775,1000002775,20250412,CARD,PAID,53361.0
2777,7000002776,1000002776,20250625,CARD,PAID,58100.25
2778,7000002777,1000002777,20240320,CARD,PAID,26136.0
2779,7000002778,1000002778,20250409,CARD,PAID,48024.9
2780,7000002779,1000002779,0,GATEWAY,FAILED,46938.0
2781,7000002780,1000002780,20250226,CARD,PAID,27036.0
2782,7000002781,1000002781,20250617,GATEWAY,PAID,65378.4
2783,7000002782,1000002782,20250515,GATEWAY,PAID,52272.0
2784,7000002783,1000002783,0,TRANSFER,PENDING,14520.0
2785,7000002784,1000002784,20250410,CASH,PAID,43451.1
2786,7000002785,1000002785,20241019,CASH,PAID,14483.7
2787,7000002786,1000002786,20240818,CASH,PAID,17787.0
2788,7000002787,1000002787,20250531,CARD,PAID,18442.5
2789,7000002788,1000002788,20250714,CARD,PAID,18987.0
2790,7000002789,1000002789,20240116,CASH,PAID,14374.8
2791,7000002790,1000002790,20240715,CARD,PAID,82038.0
2792,7000002791,1000002791,20240601,CARD,PAID,18150.0
2793,7000002792,1000002792,20250512,CASH,REFUNDED,70694.25
2794,7000002793,1000002793,0,GATEWAY,FAILED,32055.0
2795,7000002794,1000002794,20250917,GATEWAY,PAID,31846.8
2796,7000002795,1000002795,20250826,GATEWAY,PAID,37200.0
2797,7000002796,1000002796,20250111,GATEWAY,PAID,33870.0
2798,7000002797,1000002797,20250317,GATEWAY,PAID,42862.8
2799,7000002798,1000002798,20240429,GATEWAY,PAID,29359.2
2800,7000002799,1000002799,20250904,CASH,PAID,19565.7
2801,7000002800,1000002800,20240603,CASH,PAID,26136.0
2802,7000002801,1000002801,20241210,CASH,PAID,27588.0
2803,7000002802,1000002802,0,CARD,FAILED,45465.75
2804,7000002803,1000002803,20250806,CARD,PAID,16020.0
2805,7000002804,1000002804,20241005,GATEWAY,PAID,18966.75
2806,7000002805,1000002805,20241208,CARD,PAID,13794.0
2807,7000002806,1000002806,20240804,CARD,PAID,43560.0
2808,7000002807,1000002807,20250113,GATEWAY,REFUNDED,45912.0
2809,7000002808,1000002808,20241226,GATEWAY,REFUNDED,86822.1
2810,7000002809,1000002809,20240617,CARD,REFUNDED,91804.8
2811,7000002810,1000002810,20250512,CARD,PAID,13068.0
2812,7000002811,1000002811,20250312,GATEWAY,REFUNDED,40104.0
2813,7000002812,1000002812,20250216,CASH,PAID,32670.0
2814,7000002813,1000002813,20240326,CASH,PAID,45738.0
2815,7000002814,1000002814,0,CARD,PENDING,85297.5
2816,7000002815,1000002815,20240419,GATEWAY,PAID,56222.25
2817,7000002816,1000002816,20240809,GATEWAY,PAID,26513.28
2818,7000002817,1000002817,20241115,TRANSFER,REFUNDED,13068.0
2819,7000002818,1000002818,20250907,CARD,REFUNDED,17235.0
2820,7000002819,1000002819,20240226,GATEWAY,PAID,28749.6
2821,7000002820,1000002820,20250728,CARD,PAID,42688.8
2822,7000002821,1000002821,20250626,CARD,REFUNDED,89646.48
2823,7000002822,1000002822,20241218,CARD,PAID,44188.8
2824,7000002823,1000002823,20240327,CARD,PAID,72774.0
2825,7000002824,1000002824,20241216,CASH,PAID,86394.0
2826,7000002825,1000002825,20240716,TRANSFER,PAID,17242.5
2827,7000002826,1000002826,0,CARD,FAILED,18687.0
2828,7000002827,1000002827,20241005,CARD,PAID,54450.0
2829,7000002828,1000002828,0,TRANSFER,FAILED,43560.0
2830,7000002829,1000002829,20250513,TRANSFER,PAID,39930.0
2831,7000002830,1000002830,20240917,CARD,PAID,36783.6
2832,7000002831,1000002831,20240915,CARD,PAID,39315.0
2833,7000002832,1000002832,20241225,CARD,PAID,13968.0
2834,7000002833,1000002833,20240408,GATEWAY,PAID,17535.0
2835,7000002834,1000002834,20240704,CARD,PAID,48327.0
2836,7000002835,1000002835,20250226,CARD,PAID,47020.2
2837,7000002836,1000002836,20250928,GATEWAY,PAID,130055.4
2838,7000002837,1000002837,20250605,CASH,PAID,118102.05
2839,7000002838,1000002838,0,CARD,FAILED,47916.0
2840,7000002839,1000002839,0,CASH,FAILED,45738.0
2841,7000002840,1000002840,20241104,CARD,PAID,50205.0
2842,7000002841,1000002841,20250807,CARD,PAID,13968.0
2843,7000002842,1000002842,20250511,CASH,PAID,34303.5
2844,7000002843,1000002843,20250211,CARD,REFUNDED,53578.8
2845,7000002844,1000002844,20250920,CARD,PAID,18351.75
2846,7000002845,1000002845,20240711,TRANSFER,PAID,57172.5
2847,7000002846,1000002846,20241008,CARD,PAID,37800.0
2848,7000002847,1000002847,20240503,CARD,PAID,19350.0
2849,7000002848,1000002848,20250827,GATEWAY,PAID,15420.0
2850,7000002849,1000002849,20240225,CARD,PAID,54561.0
2851,7000002850,1000002850,20250701,CASH,PAID,41382.0
2852,7000002851,1000002851,20250122,CARD,PAID,44460.0
2853,7000002852,1000002852,0,TRANSFER,FAILED,14229.6
2854,7000002853,1000002853,20250517,GATEWAY,PAID,33570.0
2855,7000002854,1000002854,20250509,CARD,PAID,16746.0
2856,7000002855,1000002855,20241220,GATEWAY,PAID,36183.6
2857,7000002856,1000002856,20250627,GATEWAY,PAID,40404.0
2858,7000002857,1000002857,20241007,CARD,PAID,115608.0
2859,7000002858,1000002858,20250922,CARD,PAID,55350.0
2860,7000002859,1000002859,20250625,CARD,PAID,58283.28
2861,7000002860,1000002860,0,CARD,FAILED,106805.25
2862,7000002861,1000002861,20240906,CARD,PAID,66540.0
2863,7000002862,1000002862,20250721,CARD,PAID,67919.4
2864,7000002863,1000002863,20240529,GATEWAY,PAID,14229.6
2865,7000002864,1000002864,20240108,CARD,PAID,43560.0
2866,7000002865,1000002865,20241010,GATEWAY,PAID,39319.92
2867,7000002866,1000002866,20240822,GATEWAY,PAID,116679.9
2868,7000002867,1000002867,20240719,CARD,PAID,42688.8
2869,7000002868,1000002868,0,CARD,FAILED,33216.6
2870,7000002869,1000002869,20240424,CASH,PAID,82764.0
2871,7000002870,1000002870,0,CASH,PENDING,13794.0
2872,7000002871,1000002871,20240222,CASH,PAID,38115.0
2873,7000002872,1000002872,20250206,GATEWAY,PAID,65151.0
2874,7000002873,1000002873,20250217,GATEWAY,PAID,19650.0
2875,7000002874,1000002874,20250908,CARD,PAID,15294.0
2876,7000002875,1000002875,20240418,CARD,PAID,35203.5
2877,7000002876,1000002876,20250711,CARD,PAID,16335.0
2878,7000002877,1000002877,0,GATEWAY,FAILED,79254.6
2879,7000002878,1000002878,20250914,GATEWAY,PAID,60475.8
2880,7000002879,1000002879,20241002,CARD,PAID,85297.5
2881,7000002880,1000002880,20250714,CARD,PAID,19565.7
2882,7000002881,1000002881,20250717,CASH,PAID,41382.0
2883,7000002882,1000002882,20240901,TRANSFER,PAID,34485.0
2884,7000002883,1000002883,20250306,GATEWAY,PAID,68800.2
2885,7000002884,1000002884,20240827,CARD,PAID,58334.1
2886,7000002885,1000002885,20250416,CARD,PAID,46554.75
2887,7000002886,1000002886,20240823,CARD,PAID,66610.5
2888,7000002887,1000002887,20250721,CARD,PAID,32805.12
2889,7000002888,1000002888,20250627,CASH,PAID,46554.75
2890,7000002889,1000002889,20250613,CARD,PAID,42282.0
2891,7000002890,1000002890,20240722,GATEWAY,PAID,38143.8
2892,7000002891,1000002891,20250214,CARD,PAID,30129.0
2893,7000002892,1000002892,20250806,CARD,PAID,87011.1
2894,7000002893,1000002893,20241007,GATEWAY,PAID,101551.35
2895,7000002894,1000002894,20240310,CARD,PAID,58372.5
2896,7000002895,1000002895,20250627,GATEWAY,PAID,45004.5
2897,7000002896,1000002896,20250629,CASH,PAID,16335.0
2898,7000002897,1000002897,20240215,CARD,PAID,64414.35
2899,7000002898,1000002898,20250428,TRANSFER,PAID,68062.5
2900,7000002899,1000002899,20240603,CARD,PAID,33870.0
2901,7000002900,1000002900,20240504,GATEWAY,PAID,54488.4
2902,7000002901,1000002901,20240704,GATEWAY,PAID,67677.48
2903,7000002902,1000002902,20250329,GATEWAY,PAID,25729.2
2904,7000002903,1000002903,20241007,CASH,PAID,30492.0
2905,7000002904,1000002904,20250126,TRANSFER,PAID,35574.0
2906,7000002905,1000002905,20240414,TRANSFER,PAID,28720.56
2907,7000002906,1000002906,20240822,CARD,PAID,65877.0
2908,7000002907,1000002907,20240826,CASH,PAID,47716.35
2909,7000002908,1000002908,20241013,TRANSFER,PAID,36300.0
2910,7000002909,1000002909,20250313,CARD,PAID,18150.0
2911,7000002910,1000002910,20240912,CARD,PAID,49416.0
2912,7000002911,1000002911,20240603,CARD,PAID,43560.0
2913,7000002912,1000002912,20241028,TRANSFER,PAID,13794.0
2914,7000002913,1000002913,0,CARD,FAILED,38419.92
2915,7000002914,1000002914,20240315,CASH,PAID,13068.0
2916,7000002915,1000002915,20240325,CASH,REFUNDED,17787.0
2917,7000002916,1000002916,20240724,CASH,PAID,51110.4
2918,7000002917,1000002917,20250708,CARD,PAID,83601.0
2919,7000002918,1000002918,20240131,CARD,PAID,29040.0
2920,7000002919,1000002919,20240218,CARD,PAID,17242.5
2921,7000002920,1000002920,20250311,CARD,PAID,33570.0
2922,7000002921,1000002921,20240807,CASH,PAID,13794.0
2923,7000002922,1000002922,20250224,CARD,PAID,57646.5
2924,7000002923,1000002923,20250428,CARD,PAID,54450.0
2925,7000002924,1000002924,20250613,GATEWAY,PAID,29893.05
2926,7000002925,1000002925,20240124,CARD,PAID,29403.0
2927,7000002926,1000002926,20240201,GATEWAY,PAID,40404.0
2928,7000002927,1000002927,20241011,CARD,PAID,110997.9
2929,7000002928,1000002928,20240613,CASH,PAID,27036.24
2930,7000002929,1000002929,20240312,CASH,PAID,49005.0
2931,7000002930,1000002930,20250329,CARD,REFUNDED,37243.8
2932,7000002931,1000002931,20250203,CASH,PAID,15972.0
2933,7000002932,1000002932,20250409,GATEWAY,PAID,18987.0
2934,7000002933,1000002933,20250516,GATEWAY,PAID,44941.5
2935,7000002934,1000002934,20250405,CARD,PAID,89597.47
2936,7000002935,1000002935,20241206,GATEWAY,REFUNDED,30603.0
2937,7000002936,1000002936,20240515,GATEWAY,PAID,39315.0
2938,7000002937,1000002937,20250222,CASH,PAID,14941.08
2939,7000002938,1000002938,20241117,CASH,PAID,48024.9
2940,7000002939,1000002939,20240903,CARD,PAID,49005.0
2941,7000002940,1000002940,20240926,GATEWAY,PAID,26813.28
2942,7000002941,1000002941,20250611,GATEWAY,PAID,14229.6
2943,7000002942,1000002942,20240225,CARD,PAID,31082.16
2944,7000002943,1000002943,20241005,GATEWAY,PAID,35884.65
2945,7000002944,1000002944,20240131,TRANSFER,PAID,16335.0
2946,7000002945,1000002945,0,GATEWAY,FAILED,18442.5
2947,7000002946,1000002946,20240716,CARD,PAID,46720.2
2948,7000002947,1000002947,20250701,TRANSFER,PAID,39131.4
2949,7000002948,1000002948,20250124,TRANSFER,PAID,16335.0
2950,7000002949,1000002949,20250926,CARD,PAID,84942.0
2951,7000002950,1000002950,20250625,CARD,PAID,44351.1
2952,7000002951,1000002951,20240810,GATEWAY,PAID,49005.0
2953,7000002952,1000002952,20241030,GATEWAY,PAID,80767.5
2954,7000002953,1000002953,20250927,GATEWAY,PAID,36837.0
2955,7000002954,1000002954,20240904,CARD,PAID,13068.0
2956,7000002955,1000002955,20240825,GATEWAY,PAID,28788.0
2957,7000002956,1000002956,20250223,CASH,REFUNDED,34485.0
2958,7000002957,1000002957,20240309,CARD,PAID,19650.0
2959,7000002958,1000002958,20240910,CASH,PAID,49803.6
2960,7000002959,1000002959,20250616,TRANSFER,PAID,13794.0
2961,7000002960,1000002960,20250831,GATEWAY,PAID,19050.0
2962,7000002961,1000002961,20250915,CASH,PAID,41382.0
2963,7000002962,1000002962,20240206,GATEWAY,PAID,36474.0
2964,7000002963,1000002963,20240210,CARD,PAID,44721.6
2965,7000002964,1000002964,20250423,CARD,PAID,15683.7
2966,7000002965,1000002965,20250429,CARD,PAID,61848.75
2967,7000002966,1000002966,20240110,CARD,PAID,54450.0
2968,7000002967,1000002967,20240204,CASH,PAID,17242.5
2969,7000002968,1000002968,20250802,CARD,PAID,48024.9
2970,7000002969,1000002969,20240911,CARD,REFUNDED,67629.0
2971,7000002970,1000002970,20250922,GATEWAY,PAID,58072.5
2972,7000002971,1000002971,20250511,CARD,PAID,18142.5
2973,7000002972,1000002972,20250525,CARD,PAID,13068.0
2974,7000002973,1000002973,20250614,GATEWAY,PAID,20166.75
2975,7000002974,1000002974,20250206,CARD,PAID,52627.5
2976,7000002975,1000002975,20241117,CARD,PAID,53227.5
2977,7000002976,1000002976,20250629,CARD,PAID,18142.5
2978,7000002977,1000002977,20250421,TRANSFER,PAID,27588.0
2979,7000002978,1000002978,20240210,CARD,REFUNDED,36183.6
2980,7000002979,1000002979,20240903,GATEWAY,PAID,29949.6
2981,7000002980,1000002980,20240104,GATEWAY,PAID,42582.0
2982,7000002981,1000002981,20250811,CASH,PAID,29403.0
2983,7000002982,1000002982,20240605,CARD,PAID,13706.64
2984,7000002983,1000002983,20250916,CASH,PAID,53905.5
2985,7000002984,1000002984,20240620,CASH,PAID,41382.0
2986,7000002985,1000002985,0,CARD,FAILED,77682.0
2987,7000002986,1000002986,0,CARD,PENDING,16418.25
2988,7000002987,1000002987,0,GATEWAY,FAILED,27336.0
2989,7000002988,1000002988,20240215,GATEWAY,PAID,33870.0
2990,7000002989,1000002989,0,CASH,FAILED,54450.0
2991,7000002990,1000002990,20240709,GATEWAY,PAID,42688.8
2992,7000002991,1000002991,20241026,CARD,PAID,77591.25
2993,7000002992,1000002992,20241221,GATEWAY,PAID,58408.8
2994,7000002993,1000002993,20241008,GATEWAY,PAID,36300.0
2995,7000002994,1000002994,20240524,GATEWAY,PAID,40704.0
2996,7000002995,1000002995,20240812,CARD,REFUNDED,37500.0
2997,7000002996,1000002996,20240508,CARD,PAID,45012.0
2998,7000002997,1000002997,20240401,GATEWAY,PAID,37500.0
2999,7000002998,1000002998,20240308,GATEWAY,PAID,82875.0
3000,7000002999,1000002999,20240129,CASH,PAID,44812.35
3001,7000003000,1000003000,20240915,GATEWAY,PAID,14694.0
3002,7000003001,1000003001,20240217,TRANSFER,PAID,67518.0
3003,7000003002,1000003002,20240514,CARD,PAID,65811.9
3004,7000003003,1000003003,20240502,CARD,PAID,40404.0
3005,7000003004,1000003004,20250809,CARD,PAID,41710.8
3006,7000003005,1000003005,20250419,CARD,PAID,70170.0
3007,7000003006,1000003006,20250702,CARD,PAID,40607.28
3008,7000003007,1000003007,20250123,GATEWAY,PAID,30603.0
3009,7000003008,1000003008,20240924,CARD,PAID,75518.28
3010,7000003009,1000003009,20250812,CARD,PAID,14268.0
3011,7000003010,1000003010,20240315,CARD,PAID,19576.35
3012,7000003011,1000003011,20250207,CARD,PAID,42582.0
3013,7000003012,1000003012,20240102,CARD,PAID,39204.0
3014,7000003013,1000003013,20250228,CARD,PAID,19050.0
3015,7000003014,1000003014,20240511,CASH,PAID,13721.4
3016,7000003015,1000003015,20250427,CARD,PAID,52272.0
3017,7000003016,1000003016,20241218,GATEWAY,PAID,81822.3
3018,7000003017,1000003017,20250317,CARD,PAID,52990.5
3019,7000003018,1000003018,20240211,CARD,PAID,44651.1
3020,7000003019,1000003019,20240214,GATEWAY,PAID,74634.9
3021,7000003020,1000003020,0,CARD,FAILED,13068.0
3022,7000003021,1000003021,20250622,GATEWAY,PAID,47754.75
3023,7000003022,1000003022,0,CARD,FAILED,84530.28
3024,7000003023,1000003023,0,TRANSFER,FAILED,84488.25
3025,7000003024,1000003024,20240103,GATEWAY,PAID,16141.08
3026,7000003025,1000003025,20250419,GATEWAY,PAID,28715.4
3027,7000003026,1000003026,20250129,CASH,PAID,17242.5
3028,7000003027,1000003027,20240420,CARD,PAID,39930.0
3029,7000003028,1000003028,20240422,CARD,REFUNDED,44651.1
3030,7000003029,1000003029,20250427,CASH,PAID,34485.0
3031,7000003030,1000003030,20250602,CARD,PAID,74952.0
3032,7000003031,1000003031,20241213,GATEWAY,PAID,50205.0
3033,7000003032,1000003032,20241028,CARD,PAID,32670.0
3034,7000003033,1000003033,20240510,CARD,PAID,80697.0
3035,7000003034,1000003034,20240804,GATEWAY,PAID,44823.0
3036,7000003035,1000003035,20241205,CARD,PAID,42979.2
3037,7000003036,1000003036,20250624,GATEWAY,PAID,64425.0
3038,7000003037,1000003037,20250520,CASH,PAID,29040.0
3039,7000003038,1000003038,20250325,GATEWAY,PAID,106124.62
3040,7000003039,1000003039,20250524,CASH,PAID,36209.25
3041,7000003040,1000003040,20250701,GATEWAY,PAID,71323.05
3042,7000003041,1000003041,20240626,TRANSFER,PAID,38419.92
3043,7000003042,1000003042,20240228,CASH,PAID,41382.0
3044,7000003043,1000003043,20250626,TRANSFER,PAID,64853.58
3045,7000003044,1000003044,20241211,CARD,PAID,103711.2
3046,7000003045,1000003045,20241004,CARD,REFUNDED,35203.5
3047,7000003046,1000003046,20240102,CARD,PAID,58697.1
3048,7000003047,1000003047,20241024,TRANSFER,PAID,31944.0
3049,7000003048,1000003048,20241107,CASH,PAID,54450.0
3050,7000003049,1000003049,20240823,CARD,PAID,60475.8
3051,7000003050,1000003050,20250825,GATEWAY,PAID,31082.16
3052,7000003051,1000003051,20250830,CARD,PAID,69514.5
3053,7000003052,1000003052,20250707,CARD,PAID,17787.0
3054,7000003053,1000003053,20250916,GATEWAY,PAID,16441.08
3055,7000003054,1000003054,20241211,CARD,PAID,37243.8
3056,7000003055,1000003055,20240917,GATEWAY,PAID,93819.45
3057,7000003056,1000003056,20250409,GATEWAY,PAID,55950.0
3058,7000003057,1000003057,20250219,CARD,PAID,34485.0
3059,7000003058,1000003058,20240215,CARD,PAID,15420.0
3060,7000003059,1000003059,20240823,CARD,PAID,42688.8
3061,7000003060,1000003060,20250906,CARD,PAID,28967.4
3062,7000003061,1000003061,20240214,TRANSFER,PAID,50094.0
3063,7000003062,1000003062,20250409,GATEWAY,PAID,27336.0
3064,7000003063,1000003063,20240126,GATEWAY,PAID,35685.0
3065,7000003064,1000003064,20250906,GATEWAY,PAID,17172.0
3066,7000003065,1000003065,20240214,CASH,PAID,53361.0
3067,7000003066,1000003066,20240405,CARD,PAID,68970.0
3068,7000003067,1000003067,20250329,GATEWAY,PAID,52927.5
3069,7000003068,1000003068,20240417,CARD,PAID,72600.0
3070,7000003069,1000003069,20250219,CARD,PAID,50205.0
3071,7000003070,1000003070,20240901,CARD,PAID,50965.2
3072,7000003071,1000003071,20240821,GATEWAY,PAID,27036.0
3073,7000003072,1000003072,20240214,CARD,PAID,29882.16
3074,7000003073,1000003073,20240805,CASH,PAID,42108.0
3075,7000003074,1000003074,0,CASH,FAILED,14520.0
3076,7000003075,1000003075,20240607,GATEWAY,PAID,84724.2
3077,7000003076,1000003076,20240706,CARD,PAID,58399.2
3078,7000003077,1000003077,20240915,GATEWAY,PAID,14520.0
3079,7000003078,1000003078,20250607,CARD,PAID,50205.0
3080,7000003079,1000003079,20240920,CASH,PAID,26136.0
3081,7000003080,1000003080,20250223,GATEWAY,PAID,16020.0
3082,7000003081,1000003081,20250430,GATEWAY,PAID,55813.88
3083,7000003082,1000003082,20241016,CASH,PAID,106032.3
3084,7000003083,1000003083,20241028,GATEWAY,PAID,14520.0
3085,7000003084,1000003084,0,CARD,PENDING,66247.5
3086,7000003085,1000003085,20250818,CASH,PAID,13068.0
3087,7000003086,1000003086,20250919,GATEWAY,PAID,44460.0
3088,7000003087,1000003087,20250310,CARD,PAID,19876.35
3089,7000003088,1000003088,20250901,CASH,PAID,28459.2
3090,7000003089,1000003089,0,GATEWAY,FAILED,32505.12
3091,7000003090,1000003090,20240316,CARD,PAID,18687.0
3092,7000003091,1000003091,20240718,CARD,PAID,14268.0
3093,7000003092,1000003092,20240804,CARD,PAID,35503.5
3094,7000003093,1000003093,20240316,CARD,PAID,43588.8
3095,7000003094,1000003094,20240828,CARD,PAID,61975.8
3096,7000003095,1000003095,20250727,CASH,PAID,15246.0
3097,7000003096,1000003096,20250419,CARD,PAID,49905.0
3098,7000003097,1000003097,20240908,CASH,PAID,14229.6
3099,7000003098,1000003098,20250302,CARD,PAID,58072.5
3100,7000003099,1000003099,20250127,CARD,PAID,55650.0
3101,7000003100,1000003100,20250324,GATEWAY,PAID,35385.0
3102,7000003101,1000003101,20240410,TRANSFER,PAID,49005.0
3103,7000003102,1000003102,20240609,CARD,PAID,30303.0
3104,7000003103,1000003103,20250911,CASH,PAID,86412.15
3105,7000003104,1000003104,20240901,GATEWAY,PAID,14268.0
3106,7000003105,1000003105,20250117,CASH,PAID,18150.0
3107,7000003106,1000003106,20240822,CASH,PAID,15173.4
3108,7000003107,1000003107,20250720,TRANSFER,PAID,90387.0
3109,7000003108,1000003108,20240630,CASH,PAID,14229.6
3110,7000003109,1000003109,20240813,CASH,PAID,36300.0
3111,7000003110,1000003110,20240717,CARD,PAID,53227.5
3112,7000003111,1000003111,20240608,CARD,PAID,27036.0
3113,7000003112,1000003112,20250204,CARD,PAID,31846.8
3114,7000003113,1000003113,20250326,CARD,PAID,13068.0
3115,7000003114,1000003114,20240416,CARD,PAID,31936.5
3116,7000003115,1000003115,20240813,GATEWAY,PAID,41856.0
3117,7000003116,1000003116,20240512,CARD,PAID,54450.0
3118,7000003117,1000003117,20240118,CARD,PAID,80477.1
3119,7000003118,1000003118,20240901,CARD,PAID,49005.0
3120,7000003119,1000003119,20240212,GATEWAY,PAID,26136.0
3121,7000003120,1000003120,0,CARD,FAILED,45723.24
3122,7000003121,1000003121,20241111,TRANSFER,PAID,14520.0
3123,7000003122,1000003122,20240401,CARD,PAID,30240.0
3124,7000003123,1000003123,20250422,CARD,PAID,67329.0
3125,7000003124,1000003124,20240607,TRANSFER,PAID,25613.28
3126,7000003125,1000003125,20250320,GATEWAY,PAID,12661.2
3127,7000003126,1000003126,20241112,GATEWAY,PAID,110136.3
3128,7000003127,1000003127,20250212,CASH,PAID,32343.3
3129,7000003128,1000003128,20250915,CASH,PAID,70131.6
3130,7000003129,1000003129,20250508,CARD,PAID,27036.0
3131,7000003130,1000003130,20240205,CARD,PAID,19057.5
3132,7000003131,1000003131,20241204,GATEWAY,PAID,45999.12
3133,7000003132,1000003132,20240828,TRANSFER,PAID,11761.2
3134,7000003133,1000003133,0,GATEWAY,FAILED,46532.73
3135,7000003134,1000003134,20240612,GATEWAY,PAID,13968.0
3136,7000003135,1000003135,20240207,CARD,PAID,61601.1
3137,7000003136,1000003136,20240824,CARD,PAID,39619.92
3138,7000003137,1000003137,20250625,CARD,PAID,26136.0
3139,7000003138,1000003138,20250602,CARD,PAID,31082.16
3140,7000003139,1000003139,20240725,TRANSFER,PAID,31944.0
3141,7000003140,1000003140,20241221,CARD,PAID,19350.0
3142,7000003141,1000003141,0,CASH,FAILED,36300.0
3143,7000003142,1000003142,20240917,CARD,PAID,15683.7
3144,7000003143,1000003143,20250915,TRANSFER,PAID,13068.0
3145,7000003144,1000003144,20240914,GATEWAY,PAID,54924.0
3146,7000003145,1000003145,20240216,GATEWAY,PAID,49905.0
3147,7000003146,1000003146,20250602,CARD,PAID,73282.44
3148,7000003147,1000003147,20240505,TRANSFER,REFUNDED,53687.7
3149,7000003148,1000003148,0,GATEWAY,FAILED,95287.5
3150,7000003149,1000003149,20240927,CARD,PAID,50205.0
3151,7000003150,1000003150,20250801,CARD,PAID,19965.0
3152,7000003151,1000003151,20250721,CARD,REFUNDED,14520.0
3153,7000003152,1000003152,0,GATEWAY,FAILED,40404.0
3154,7000003153,1000003153,20250424,CARD,PAID,28788.0
3155,7000003154,1000003154,20240807,TRANSFER,PAID,30492.0
3156,7000003155,1000003155,20250606,CASH,PAID,14520.0
3157,7000003156,1000003156,20250324,CARD,PAID,15129.6
3158,7000003157,1000003157,20240917,CASH,PAID,29882.16
3159,7000003158,1000003158,20240224,CARD,PAID,43888.8
3160,7000003159,1000003159,0,GATEWAY,FAILED,114347.1
3161,7000003160,1000003160,20240717,CARD,PAID,29088.0
3162,7000003161,1000003161,20250617,CASH,PAID,31036.5
3163,7000003162,1000003162,20240616,CARD,REFUNDED,18150.0
3164,7000003163,1000003163,20240601,CARD,PAID,14229.6
3165,7000003164,1000003164,20250305,CARD,PAID,85101.48
3166,7000003165,1000003165,0,CARD,PENDING,28642.8
3167,7000003166,1000003166,20250714,GATEWAY,PAID,64425.0
3168,7000003167,1000003167,20250415,CARD,PAID,53361.0
3169,7000003168,1000003168,20240618,CARD,PAID,27336.0
3170,7000003169,1000003169,20250523,GATEWAY,PAID,35385.0
3171,7000003170,1000003170,20240518,GATEWAY,PAID,27588.0
3172,7000003171,1000003171,0,CARD,FAILED,13706.64
3173,7000003172,1000003172,20240904,CASH,REFUNDED,17787.0
3174,7000003173,1000003173,0,CARD,PENDING,62319.6
3175,7000003174,1000003174,20241220,GATEWAY,REFUNDED,30240.0
3176,7000003175,1000003175,20240915,CARD,PAID,45304.5
3177,7000003176,1000003176,20250805,CARD,PAID,29040.0
3178,7000003177,1000003177,20250823,TRANSFER,PAID,26136.0
3179,7000003178,1000003178,20241009,CARD,PAID,35283.6
3180,7000003179,1000003179,20250216,GATEWAY,PAID,42582.0
3181,7000003180,1000003180,20240806,CASH,PAID,36300.0
3182,7000003181,1000003181,20250709,TRANSFER,PAID,24829.2
3183,7000003182,1000003182,20250624,CARD,PAID,76616.88
3184,7000003183,1000003183,20241111,CARD,PAID,39133.5
3185,7000003184,1000003184,0,CARD,FAILED,31980.3
3186,7000003185,1000003185,20250715,CASH,PAID,13794.0
3187,7000003186,1000003186,20241019,CARD,PAID,43888.8
3188,7000003187,1000003187,20250828,CARD,REFUNDED,61375.8
3189,7000003188,1000003188,0,GATEWAY,FAILED,43588.8
3190,7000003189,1000003189,20250614,CARD,PAID,68897.4
3191,7000003190,1000003190,20250422,CASH,PAID,53905.5
3192,7000003191,1000003191,20240814,GATEWAY,PAID,101932.5
3193,7000003192,1000003192,20250315,CASH,PAID,53361.0
3194,7000003193,1000003193,20240821,CARD,PAID,68897.16
3195,7000003194,1000003194,20240720,CASH,PAID,35574.0
3196,7000003195,1000003195,20240131,CARD,PAID,27336.0
3197,7000003196,1000003196,20241030,CARD,PAID,81675.0
3198,7000003197,1000003197,20241005,GATEWAY,PAID,58007.4
3199,7000003198,1000003198,20250618,CARD,PAID,16146.0
3200,7000003199,1000003199,20240527,CASH,PAID,28459.2
3201,7000003200,1000003200,20240823,GATEWAY,PAID,66240.0
3202,7000003201,1000003201,0,CASH,FAILED,35574.0
3203,7000003202,1000003202,20250220,CARD,PAID,31692.0
3204,7000003203,1000003203,20250615,CARD,PAID,44278.5
3205,7000003204,1000003204,20240726,CARD,PAID,16335.0
3206,7000003205,1000003205,20240816,CARD,PAID,39131.4
3207,7000003206,1000003206,20250602,CARD,PAID,48924.9
3208,7000003207,1000003207,20250218,CARD,REFUNDED,36783.6
3209,7000003208,1000003208,20240314,GATEWAY,PAID,96187.5
3210,7000003209,1000003209,20250904,CARD,PAID,38443.8
3211,7000003210,1000003210,20250819,CARD,PAID,49005.0
3212,7000003211,1000003211,20250915,GATEWAY,PAID,84264.0
3213,7000003212,1000003212,20240609,GATEWAY,PAID,40404.0
3214,7000003213,1000003213,20250215,CARD,PAID,33870.0
3215,7000003214,1000003214,20241214,GATEWAY,PAID,15729.6
3216,7000003215,1000003215,20240207,CARD,PAID,49005.0
3217,7000003216,1000003216,20250716,CARD,PAID,14994.0
3218,7000003217,1000003217,20240104,CARD,PAID,44760.0
3219,7000003218,1000003218,0,CARD,FAILED,15429.6
3220,7000003219,1000003219,20240713,GATEWAY,PAID,35385.0
3221,7000003220,1000003220,20250816,GATEWAY,PAID,86785.8
3222,7000003221,1000003221,0,GATEWAY,FAILED,71259.0
3223,7000003222,1000003222,20250808,CASH,REFUNDED,29040.0
3224,7000003223,1000003223,20240520,GATEWAY,PAID,27636.0
3225,7000003224,1000003224,20250629,CASH,PAID,14229.6
3226,7000003225,1000003225,20250302,CASH,PAID,26136.0
3227,7000003226,1000003226,20240807,CARD,PAID,43560.0
3228,7000003227,1000003227,20250210,CARD,PAID,35685.0
3229,7000003228,1000003228,20250224,CASH,PAID,29040.0
3230,7000003229,1000003229,20240412,GATEWAY,PAID,40404.0
3231,7000003230,1000003230,0,CARD,FAILED,37500.0
3232,7000003231,1000003231,0,CARD,FAILED,29867.4
3233,7000003232,1000003232,20240420,CASH,PAID,53905.5
3234,7000003233,1000003233,20250902,CARD,PAID,83490.0
3235,7000003234,1000003234,20250303,CARD,PAID,27588.0
3236,7000003235,1000003235,20250131,TRANSFER,PAID,12414.6
3237,7000003236,1000003236,20240826,CARD,PAID,17242.5
3238,7000003237,1000003237,20240913,CARD,PAID,14520.0
3239,7000003238,1000003238,20240430,CARD,PAID,29040.0
3240,7000003239,1000003239,20240226,GATEWAY,PAID,27442.8
3241,7000003240,1000003240,20240708,CASH,PAID,41382.0
3242,7000003241,1000003241,20240927,GATEWAY,PAID,50505.0
3243,7000003242,1000003242,20240724,CARD,PAID,55650.0
3244,7000003243,1000003243,0,GATEWAY,FAILED,29088.0
3245,7000003244,1000003244,20250705,TRANSFER,PAID,45738.0
3246,7000003245,1000003245,20250319,CARD,PAID,14694.0
3247,7000003246,1000003246,20240122,CASH,PAID,45520.2
3248,7000003247,1000003247,20240608,CARD,PAID,27588.0
3249,7000003248,1000003248,20250423,CARD,PAID,36474.0
3250,7000003249,1000003249,20250522,CARD,PAID,36774.0
3251,7000003250,1000003250,20241125,TRANSFER,PAID,14520.0
3252,7000003251,1000003251,0,CARD,FAILED,50747.4
3253,7000003252,1000003252,20240507,CARD,PAID,15420.0
3254,7000003253,1000003253,20240127,CARD,PAID,27588.0
3255,7000003254,1000003254,20250830,GATEWAY,PAID,57172.5
3256,7000003255,1000003255,0,CARD,FAILED,42582.0
3257,7000003256,1000003256,20240507,CASH,PAID,72091.8
3258,7000003257,1000003257,20250523,CARD,PAID,48157.68
3259,7000003258,1000003258,20240203,CARD,REFUNDED,26136.0
3260,7000003259,1000003259,20250219,GATEWAY,PAID,24422.4
3261,7000003260,1000003260,20240301,CARD,PAID,48351.6
3262,7000003261,1000003261,20250914,GATEWAY,PAID,74707.5
3263,7000003262,1000003262,20240405,GATEWAY,PAID,20166.75
3264,7000003263,1000003263,20240609,CASH,PAID,53905.5
3265,7000003264,1000003264,20240418,CARD,PAID,15720.0
3266,7000003265,1000003265,20240515,GATEWAY,PAID,27036.0
3267,7000003266,1000003266,20250809,CARD,PAID,34241.55
3268,7000003267,1000003267,20250820,CASH,PAID,71692.5
3269,7000003268,1000003268,20240425,CARD,PAID,19866.75
3270,7000003269,1000003269,20250825,CARD,PAID,106213.8
3271,7000003270,1000003270,20250711,CASH,PAID,28459.2
3272,7000003271,1000003271,20241025,CASH,PAID,35574.0
3273,7000003272,1000003272,20250101,CARD,PAID,55813.88
3274,7000003273,1000003273,20240419,CARD,PAID,42688.8
3275,7000003274,1000003274,20250708,CASH,PAID,53361.0
3276,7000003275,1000003275,20250706,GATEWAY,PAID,84916.88
3277,7000003276,1000003276,20250326,CARD,PAID,13068.0
3278,7000003277,1000003277,20250426,GATEWAY,PAID,42282.0
3279,7000003278,1000003278,20250603,CARD,PAID,39919.92
3280,7000003279,1000003279,20251001,TRANSFER,PAID,41962.8
3281,7000003280,1000003280,20240430,CARD,PAID,66721.5
3282,7000003281,1000003281,20250117,CARD,PAID,27636.0
3283,7000003282,1000003282,20241024,GATEWAY,PAID,33570.0
3284,7000003283,1000003283,20250101,GATEWAY,PAID,50362.62
3285,7000003284,1000003284,20241111,CARD,PAID,73613.58
3286,7000003285,1000003285,20240511,CARD,PAID,33870.0
3287,7000003286,1000003286,20240622,CARD,PAID,28788.0
3288,7000003287,1000003287,20241223,CARD,PAID,70131.6
3289,7000003288,1000003288,20250917,CASH,PAID,54450.0
3290,7000003289,1000003289,20250811,CASH,PAID,13068.0
3291,7000003290,1000003290,20240923,GATEWAY,PAID,42882.0
3292,7000003291,1000003291,20250625,CARD,PAID,33216.6
3293,7000003292,1000003292,20240318,GATEWAY,PAID,13968.0
3294,7000003293,1000003293,20240606,CARD,PAID,102204.75
3295,7000003294,1000003294,20250318,GATEWAY,PAID,19350.0
3296,7000003295,1000003295,20241127,CARD,PAID,78664.2
3297,7000003296,1000003296,20240831,CARD,PAID,17242.5
3298,7000003297,1000003297,20240102,CARD,PAID,59486.62
3299,7000003298,1000003298,20240721,CASH,PAID,73543.8
3300,7000003299,1000003299,20250710,CARD,PAID,19965.0
3301,7000003300,1000003300,20240401,CASH,PAID,93291.0
3302,7000003301,1000003301,20240320,CARD,PAID,14568.0
3303,7000003302,1000003302,20241001,GATEWAY,PAID,43888.8
3304,7000003303,1000003303,20240109,CARD,PAID,90858.9
3305,7000003304,1000003304,20250707,GATEWAY,PAID,15720.0
3306,7000003305,1000003305,20250709,GATEWAY,PAID,31493.64
3307,7000003306,1000003306,20240407,GATEWAY,PAID,51727.5
3308,7000003307,1000003307,20250921,CARD,PAID,31036.5
3309,7000003308,1000003308,0,CASH,PENDING,103447.74
3310,7000003309,1000003309,20250116,CARD,PAID,43560.0
3311,7000003310,1000003310,20240702,CARD,PAID,44104.5
3312,7000003311,1000003311,20250406,CARD,PAID,15274.8
3313,7000003312,1000003312,20250215,TRANSFER,PAID,36300.0
3314,7000003313,1000003313,20250323,TRANSFER,REFUNDED,42688.8
3315,7000003314,1000003314,20240721,CARD,PAID,14229.6
3316,7000003315,1000003315,0,CARD,PENDING,100333.2
3317,7000003316,1000003316,20250725,CARD,PAID,56900.25
3318,7000003317,1000003317,20250731,CARD,PAID,39204.0
3319,7000003318,1000003318,20241024,CARD,PAID,49005.0
3320,7000003319,1000003319,20250123,CASH,PAID,29040.0
3321,7000003320,1000003320,20241224,CARD,PAID,18966.75
3322,7000003321,1000003321,20250331,CARD,REFUNDED,18987.0
3323,7000003322,1000003322,20240328,CARD,PAID,29040.0
3324,7000003323,1000003323,20250916,CARD,PAID,27336.0
3325,7000003324,1000003324,20251001,CARD,PAID,78045.0
3326,7000003325,1000003325,20240707,GATEWAY,PAID,33870.0
3327,7000003326,1000003326,20241118,CASH,PAID,52998.0
3328,7000003327,1000003327,20240909,CASH,PAID,17242.5
3329,7000003328,1000003328,20250615,TRANSFER,PAID,35937.0
3330,7000003329,1000003329,20250226,CARD,PAID,30219.75
3331,7000003330,1000003330,20240331,TRANSFER,PAID,61365.15
3332,7000003331,1000003331,20250828,CARD,REFUNDED,57256.8
3333,7000003332,1000003332,0,CARD,FAILED,76258.8
3334,7000003333,1000003333,20250705,CARD,PAID,39204.0
3335,7000003334,1000003334,20240202,TRANSFER,REFUNDED,53361.0
3336,7000003335,1000003335,20250603,CASH,PAID,43560.0
3337,7000003336,1000003336,20250331,CARD,PAID,58283.28
3338,7000003337,1000003337,20241219,CARD,PAID,33444.0
3339,7000003338,1000003338,20240701,CARD,PAID,54561.0
3340,7000003339,1000003339,20240305,CARD,PAID,46720.2
3341,7000003340,1000003340,20241206,CARD,PAID,110127.75
3342,7000003341,1000003341,20240411,CASH,PAID,18104.62
3343,7000003342,1000003342,20250607,CARD,PAID,31029.0
3344,7000003343,1000003343,20250921,CARD,PAID,49905.0
3345,7000003344,1000003344,20240214,CARD,PAID,15729.6
3346,7000003345,1000003345,20240217,TRANSFER,PAID,100732.5
3347,7000003346,1000003346,0,GATEWAY,FAILED,28642.8
3348,7000003347,1000003347,20250805,CASH,PAID,85305.0
3349,7000003348,1000003348,20241120,GATEWAY,PAID,16446.0
3350,7000003349,1000003349,20240216,CARD,PAID,15720.0
3351,7000003350,1000003350,20240804,CARD,PAID,52627.5
3352,7000003351,1000003351,20250824,TRANSFER,PAID,41382.0
3353,7000003352,1000003352,20240227,CASH,PAID,49368.0
3354,7000003353,1000003353,20240823,CARD,PAID,17835.0
3355,7000003354,1000003354,20250719,CASH,PAID,37026.0
3356,7000003355,1000003355,20250417,CARD,PAID,54261.0
3357,7000003356,1000003356,20240712,CARD,PAID,28197.6
3358,7000003357,1000003357,20250330,CARD,PAID,18987.0
3359,7000003358,1000003358,20240717,CARD,PAID,46938.0
3360,7000003359,1000003359,20250413,CASH,PAID,74197.2
3361,7000003360,1000003360,20250511,GATEWAY,PAID,18987.0
3362,7000003361,1000003361,20240318,GATEWAY,PAID,32672.1
3363,7000003362,1000003362,20250915,CARD,PAID,50529.6
3364,7000003363,1000003363,20250930,CARD,PAID,35574.0
3365,7000003364,1000003364,20240320,CARD,PAID,28488.0
3366,7000003365,1000003365,0,CARD,PENDING,42688.8
3367,7000003366,1000003366,20250518,CASH,PAID,28459.2
3368,7000003367,1000003367,20240824,GATEWAY,PAID,42882.0
3369,7000003368,1000003368,20250319,GATEWAY,PAID,107077.5
3370,7000003369,1000003369,20240605,CARD,PAID,11761.2
3371,7000003370,1000003370,0,CARD,FAILED,26029.2
3372,7000003371,1000003371,20241026,CARD,PAID,54450.0
3373,7000003372,1000003372,20250903,GATEWAY,PAID,19057.5
3374,7000003373,1000003373,20240111,CARD,PAID,39930.0
3375,7000003374,1000003374,20250914,GATEWAY,PAID,54861.0
3376,7000003375,1000003375,20240208,CASH,PAID,46500.3
3377,7000003376,1000003376,20250720,GATEWAY,PAID,29141.4
3378,7000003377,1000003377,0,GATEWAY,FAILED,18351.75
3379,7000003378,1000003378,20240714,CASH,REFUNDED,16335.0
3380,7000003379,1000003379,20240530,GATEWAY,PAID,80997.0
3381,7000003380,1000003380,20240117,CARD,PAID,41382.0
3382,7000003381,1000003381,20240828,CARD,PAID,19350.0
3383,7000003382,1000003382,20240524,CASH,PAID,53996.25
3384,7000003383,1000003383,20250731,CARD,PAID,33870.0
3385,7000003384,1000003384,20240322,GATEWAY,REFUNDED,17787.0
3386,7000003385,1000003385,20241101,CARD,PAID,54450.0
3387,7000003386,1000003386,20250516,CARD,PAID,53361.0
3388,7000003387,1000003387,20240809,CARD,PAID,58708.8
3389,7000003388,1000003388,20250830,GATEWAY,PAID,56956.8
3390,7000003389,1000003389,20240310,CARD,PAID,17535.0
3391,7000003390,1000003390,20240225,CARD,PAID,29867.4
3392,7000003391,1000003391,20241206,CARD,PAID,85053.0
3393,7000003392,1000003392,0,CASH,FAILED,53361.0
3394,7000003393,1000003393,20240612,CARD,PAID,29649.6
3395,7000003394,1000003394,20250408,CARD,PAID,31944.0
3396,7000003395,1000003395,20250515,CARD,PAID,64942.8
3397,7000003396,1000003396,20250830,GATEWAY,PAID,44351.1
3398,7000003397,1000003397,20250525,CARD,PAID,35203.5
3399,7000003398,1000003398,0,GATEWAY,PENDING,35685.0
3400,7000003399,1000003399,20250415,CARD,PAID,75678.0
3401,7000003400,1000003400,20250511,CARD,REFUNDED,55350.0
3402,7000003401,1000003401,20250411,CARD,PAID,73074.0
3403,7000003402,1000003402,20250621,CASH,PAID,28459.2
3404,7000003403,1000003403,20240326,CARD,PAID,72392.85
3405,7000003404,1000003404,20250416,CARD,PAID,100732.5
3406,7000003405,1000003405,20240108,CASH,PAID,13068.0
3407,7000003406,1000003406,20250726,GATEWAY,PAID,68079.12
3408,7000003407,1000003407,20250128,CARD,PAID,29359.2
3409,7000003408,1000003408,20241202,CASH,PAID,37933.5
3410,7000003409,1000003409,20240201,GATEWAY,PAID,38743.8
3411,7000003410,1000003410,20240709,CASH,PAID,49005.0
3412,7000003411,1000003411,20240410,CARD,PAID,40830.0
3413,7000003412,1000003412,20240206,GATEWAY,PAID,19287.0
3414,7000003413,1000003413,20240601,CARD,PAID,15429.6
3415,7000003414,1000003414,0,CASH,FAILED,51455.25
3416,7000003415,1000003415,20240925,CARD,PAID,32844.0
3417,7000003416,1000003416,0,CASH,FAILED,39204.0
3418,7000003417,1000003417,0,GATEWAY,FAILED,36300.0
3419,7000003418,1000003418,20240314,CARD,PAID,14268.0
3420,7000003419,1000003419,20241225,CARD,PAID,43414.8
3421,7000003420,1000003420,20240108,TRANSFER,PAID,41382.0
3422,7000003421,1000003421,20250822,CASH,PAID,58697.1
3423,7000003422,1000003422,20240227,CARD,PAID,75939.6
3424,7000003423,1000003423,20250423,CARD,REFUNDED,35574.0
3425,7000003424,1000003424,20250415,TRANSFER,PAID,14229.6
3426,7000003425,1000003425,0,CARD,FAILED,29659.2
3427,7000003426,1000003426,20240403,TRANSFER,PAID,17787.0
3428,7000003427,1000003427,20250214,CARD,PAID,14268.0
3429,7000003428,1000003428,20240830,CASH,PAID,31254.3
3430,7000003429,1000003429,0,CASH,FAILED,119136.6
3431,7000003430,1000003430,20240421,CARD,PAID,56029.05
3432,7000003431,1000003431,20241107,GATEWAY,PAID,35685.0
3433,7000003432,1000003432,20250214,CARD,PAID,66149.25
3434,7000003433,1000003433,0,CARD,FAILED,83490.0
3435,7000003434,1000003434,20240524,GATEWAY,PAID,32205.12
3436,7000003435,1000003435,20240117,CARD,PAID,79678.5
3437,7000003436,1000003436,20240520,CARD,PAID,14694.0
3438,7000003437,1000003437,20250927,GATEWAY,PAID,55650.0
3439,7000003438,1000003438,20250419,CASH,PAID,29882.16
3440,7000003439,1000003439,20240829,CARD,PAID,82221.6
3441,7000003440,1000003440,20250711,CARD,PAID,80474.28
3442,7000003441,1000003441,20241007,CARD,PAID,59895.0
3443,7000003442,1000003442,20250719,CARD,PAID,14694.0
3444,7000003443,1000003443,20250516,CARD,PAID,47238.0
3445,7000003444,1000003444,20250508,CARD,PAID,14520.0
3446,7000003445,1000003445,20240321,CARD,PAID,72711.0
3447,7000003446,1000003446,0,CARD,FAILED,29359.2
3448,7000003447,1000003447,20240116,CASH,PAID,28459.2
3449,7000003448,1000003448,20250314,TRANSFER,PAID,33377.85
3450,7000003449,1000003449,20250317,TRANSFER,PAID,14520.0
3451,7000003450,1000003450,0,CARD,FAILED,60468.3
3452,7000003451,1000003451,20240226,GATEWAY,PAID,37200.0
3453,7000003452,1000003452,20250810,GATEWAY,PAID,14229.6
3454,7000003453,1000003453,20240813,CARD,PAID,27588.0
3455,7000003454,1000003454,20250318,GATEWAY,PAID,77947.8
3456,7000003455,1000003455,20250609,CARD,PAID,39433.5
3457,7000003456,1000003456,20250810,GATEWAY,PAID,13706.64
3458,7000003457,1000003457,20250510,CARD,PAID,88477.62
3459,7000003458,1000003458,20250926,CASH,PAID,107774.7
3460,7000003459,1000003459,0,CARD,FAILED,36300.0
3461,7000003460,1000003460,20240714,GATEWAY,PAID,31082.16
3462,7000003461,1000003461,20240601,CARD,PAID,23522.4
3463,7000003462,1000003462,20241202,CASH,PAID,31744.35
3464,7000003463,1000003463,20241124,CARD,PAID,78456.0
3465,7000003464,1000003464,20250829,GATEWAY,PAID,27036.0
3466,7000003465,1000003465,20250904,GATEWAY,PAID,33870.0
3467,7000003466,1000003466,20240713,CASH,PAID,42108.0
3468,7000003467,1000003467,20250115,CARD,PAID,53535.0
3469,7000003468,1000003468,20240711,CASH,PAID,58697.1
3470,7000003469,1000003469,0,CARD,FAILED,14941.08
3471,7000003470,1000003470,20240920,GATEWAY,PAID,25613.28
3472,7000003471,1000003471,20240801,CARD,PAID,27336.0
3473,7000003472,1000003472,20240427,GATEWAY,PAID,58372.5
3474,7000003473,1000003473,20240429,TRANSFER,PAID,53905.5
3475,7000003474,1000003474,20240926,CARD,PAID,33795.3
3476,7000003475,1000003475,20241022,GATEWAY,PAID,19168.5
3477,7000003476,1000003476,20241022,GATEWAY,PAID,35803.5
3478,7000003477,1000003477,20240902,TRANSFER,PAID,31944.0
3479,7000003478,1000003478,20240408,CARD,PAID,32236.5
3480,7000003479,1000003479,20240124,GATEWAY,PAID,40404.0
3481,7000003480,1000003480,20240310,CARD,PAID,14701.5
3482,7000003481,1000003481,20240515,CASH,PAID,71765.1
3483,7000003482,1000003482,0,CASH,FAILED,66429.0
3484,7000003483,1000003483,0,TRANSFER,FAILED,26136.0
3485,7000003484,1000003484,20241015,CARD,PAID,39615.0
3486,7000003485,1000003485,20250603,TRANSFER,PAID,26136.0
3487,7000003486,1000003486,20240618,GATEWAY,PAID,52627.5
3488,7000003487,1000003487,20250816,CARD,PAID,37709.25
3489,7000003488,1000003488,20241002,CASH,PAID,73329.63
3490,7000003489,1000003489,20240306,CARD,PAID,15841.08
3491,7000003490,1000003490,0,CARD,PENDING,44169.6
3492,7000003491,1000003491,20241130,CARD,PAID,15420.0
3493,7000003492,1000003492,20240107,CARD,PAID,11761.2
3494,7000003493,1000003493,20250928,GATEWAY,PAID,49905.0
3495,7000003494,1000003494,0,CARD,FAILED,44460.0
3496,7000003495,1000003495,20240511,GATEWAY,PAID,27544.2
3497,7000003496,1000003496,20240404,GATEWAY,PAID,57354.0
3498,7000003497,1000003497,20240621,CARD,PAID,32670.0
3499,7000003498,1000003498,20250105,GATEWAY,PAID,32962.5
3500,7000003499,1000003499,20241127,CARD,PAID,44469.6
3501,7000003500,1000003500,20240315,GATEWAY,PAID,52927.5
3502,7000003501,1000003501,20241226,GATEWAY,PAID,36292.5
3503,7000003502,1000003502,20250211,CASH,PAID,82764.0
3504,7000003503,1000003503,20250703,CARD,PAID,33533.7
3505,7000003504,1000003504,0,GATEWAY,PENDING,27336.0
3506,7000003505,1000003505,20240618,CARD,REFUNDED,45738.0
3507,7000003506,1000003506,20240219,CARD,PAID,32016.6
3508,7000003507,1000003507,20240510,CASH,PAID,26136.0
3509,7000003508,1000003508,20250526,GATEWAY,PAID,19050.0
3510,7000003509,1000003509,20241014,CASH,PAID,17151.75
3511,7000003510,1000003510,20250920,CASH,PAID,46554.75
3512,7000003511,1000003511,20250811,CARD,PAID,16335.0
3513,7000003512,1000003512,20240518,CARD,PAID,42465.84
3514,7000003513,1000003513,20241017,CARD,REFUNDED,14268.0
3515,7000003514,1000003514,0,CASH,FAILED,14520.0
3516,7000003515,1000003515,20240302,CASH,PAID,97873.88
3517,7000003516,1000003516,20240901,CARD,PAID,27588.0
3518,7000003517,1000003517,20250622,CASH,PAID,17242.5
3519,7000003518,1000003518,20250605,CARD,PAID,16335.0
3520,7000003519,1000003519,20250709,TRANSFER,PAID,42688.8
3521,7000003520,1000003520,20240509,CARD,PAID,55103.4
3522,7000003521,1000003521,0,CARD,FAILED,39133.5
3523,7000003522,1000003522,0,GATEWAY,FAILED,43588.8
3524,7000003523,1000003523,0,TRANSFER,FAILED,37243.8
3525,7000003524,1000003524,20250728,CARD,PAID,60686.62
3526,7000003525,1000003525,20240227,CARD,PAID,18150.0
3527,7000003526,1000003526,0,CARD,FAILED,29659.2
3528,7000003527,1000003527,20250821,CARD,PAID,24829.2
3529,7000003528,1000003528,20240819,GATEWAY,PAID,65259.9
3530,7000003529,1000003529,20240801,GATEWAY,REFUNDED,44760.0
3531,7000003530,1000003530,20240307,CASH,PAID,19565.7
3532,7000003531,1000003531,20250905,CARD,PAID,15420.0
3533,7000003532,1000003532,20250814,CARD,PAID,121677.6
3534,7000003533,1000003533,0,CASH,FAILED,24829.2
3535,7000003534,1000003534,20250223,CARD,PAID,59895.0
3536,7000003535,1000003535,20240229,CARD,PAID,38550.6
3537,7000003536,1000003536,0,CASH,FAILED,17242.5
3538,7000003537,1000003537,20240219,CARD,PAID,70732.12
3539,7000003538,1000003538,20250507,CARD,PAID,18987.0
3540,7000003539,1000003539,20241208,CASH,PAID,51455.25
3541,7000003540,1000003540,20250716,CASH,PAID,36300.0
3542,7000003541,1000003541,20240527,CARD,PAID,80949.0
3543,7000003542,1000003542,0,GATEWAY,FAILED,46420.2
3544,7000003543,1000003543,20241013,CARD,PAID,25613.28
3545,7000003544,1000003544,20250527,CARD,PAID,53905.5
3546,7000003545,1000003545,20250118,CARD,PAID,44394.9
3547,7000003546,1000003546,20240218,GATEWAY,PAID,38143.8
3548,7000003547,1000003547,20250526,CARD,PAID,50205.0
3549,7000003548,1000003548,0,CARD,FAILED,27588.0
3550,7000003549,1000003549,20241103,CARD,PAID,27336.0
3551,7000003550,1000003550,20250110,GATEWAY,PAID,18687.0
3552,7000003551,1000003551,20241017,GATEWAY,PAID,16446.0
3553,7000003552,1000003552,0,CARD,FAILED,40404.0
3554,7000003553,1000003553,20240410,GATEWAY,PAID,47454.75
3555,7000003554,1000003554,20240926,CARD,PAID,17018.25
3556,7000003555,1000003555,20250503,CARD,PAID,17787.0
3557,7000003556,1000003556,20240418,TRANSFER,PAID,14374.8
3558,7000003557,1000003557,20250630,CARD,PAID,68200.2
3559,7000003558,1000003558,20240520,CARD,PAID,36183.6
3560,7000003559,1000003559,20250622,CASH,PAID,49005.0
3561,7000003560,1000003560,20241211,CASH,PAID,41382.0
3562,7000003561,1000003561,20241127,TRANSFER,PAID,23522.4
3563,7000003562,1000003562,20250805,CARD,PAID,76171.92
3564,7000003563,1000003563,20241124,TRANSFER,PAID,34303.5
3565,7000003564,1000003564,20250516,CARD,PAID,35385.0
3566,7000003565,1000003565,20240613,CARD,PAID,67656.75
3567,7000003566,1000003566,20240105,CARD,PAID,49005.0
3568,7000003567,1000003567,20240131,CASH,PAID,65456.16
3569,7000003568,1000003568,20250423,CARD,PAID,14694.0
3570,7000003569,1000003569,20250403,GATEWAY,PAID,34485.0
3571,7000003570,1000003570,0,GATEWAY,FAILED,65904.75
3572,7000003571,1000003571,20240808,CARD,PAID,38419.92
3573,7000003572,1000003572,20240505,CARD,PAID,55650.0
3574,7000003573,1000003573,20241022,GATEWAY,PAID,36474.0
3575,7000003574,1000003574,20240319,CARD,PAID,19576.35
3576,7000003575,1000003575,20250512,CARD,PAID,18442.5
3577,7000003576,1000003576,20240415,CASH,PAID,41382.0
3578,7000003577,1000003577,20250221,CASH,PAID,17787.0
3579,7000003578,1000003578,20240106,CARD,PAID,30492.0
3580,7000003579,1000003579,20250716,GATEWAY,REFUNDED,80543.25
3581,7000003580,1000003580,20240503,CARD,PAID,15429.6
3582,7000003581,1000003581,20250317,CARD,PAID,60197.1
3583,7000003582,1000003582,20250122,GATEWAY,PAID,19287.0
3584,7000003583,1000003583,20240302,CARD,PAID,59532.0
3585,7000003584,1000003584,20250522,CARD,PAID,32205.12
3586,7000003585,1000003585,0,CARD,FAILED,28488.0
3587,7000003586,1000003586,20250217,CARD,PAID,66102.3
3588,7000003587,1000003587,20240228,CARD,PAID,55350.0
3589,7000003588,1000003588,20240712,GATEWAY,REFUNDED,55513.88
3590,7000003589,1000003589,20250625,CARD,PAID,54261.0
3591,7000003590,1000003590,20250608,CARD,PAID,43588.8
3592,7000003591,1000003591,20240814,GATEWAY,PAID,24422.4
3593,7000003592,1000003592,0,GATEWAY,FAILED,16418.25
3594,7000003593,1000003593,20241020,CASH,PAID,18676.35
3595,7000003594,1000003594,20240629,CARD,PAID,67779.12
3596,7000003595,1000003595,20241224,GATEWAY,PAID,73826.7
3597,7000003596,1000003596,20240301,CASH,PAID,60475.8
3598,7000003597,1000003597,20241106,CARD,PAID,52627.5
3599,7000003598,1000003598,20240309,CARD,PAID,36300.0
3600,7000003599,1000003599,20240116,CARD,PAID,56900.25
3601,7000003600,1000003600,0,CASH,FAILED,37933.5
3602,7000003601,1000003601,20240910,CARD,PAID,52627.5
3603,7000003602,1000003602,20250623,GATEWAY,REFUNDED,15601.5
3604,7000003603,1000003603,20240107,CARD,PAID,18142.5
3605,7000003604,1000003604,20241021,CARD,PAID,70896.0
3606,7000003605,1000003605,0,CARD,PENDING,52635.0
3607,7000003606,1000003606,0,CARD,FAILED,17535.0
3608,7000003607,1000003607,20241107,CASH,PAID,27588.0
3609,7000003608,1000003608,20250302,GATEWAY,PAID,48816.0
3610,7000003609,1000003609,20250719,GATEWAY,REFUNDED,34291.08
3611,7000003610,1000003610,20240815,CARD,PAID,79798.05
3612,7000003611,1000003611,0,CARD,FAILED,78945.0
3613,7000003612,1000003612,20240216,TRANSFER,PAID,49912.5
3614,7000003613,1000003613,20240427,CARD,PAID,28459.2
3615,7000003614,1000003614,20240301,GATEWAY,PAID,29659.2
3616,7000003615,1000003615,20241230,GATEWAY,PAID,29867.4
3617,7000003616,1000003616,20250605,GATEWAY,PAID,64425.0
3618,7000003617,1000003617,20241230,CARD,PAID,54313.88
3619,7000003618,1000003618,0,CARD,FAILED,59226.84
3620,7000003619,1000003619,20250923,GATEWAY,PAID,35503.5
3621,7000003620,1000003620,0,CASH,PENDING,53361.0
3622,7000003621,1000003621,20240719,CASH,PAID,32670.0
3623,7000003622,1000003622,20240329,GATEWAY,PAID,37137.0
3624,7000003623,1000003623,20240110,TRANSFER,PAID,26136.0
3625,7000003624,1000003624,20250708,TRANSFER,PAID,14229.6
3626,7000003625,1000003625,20240322,CARD,PAID,36209.25
3627,7000003626,1000003626,20241030,CARD,REFUNDED,39204.0
3628,7000003627,1000003627,20240626,CARD,PAID,29088.0
3629,7000003628,1000003628,20240810,CARD,PAID,43451.1
3630,7000003629,1000003629,20250116,GATEWAY,PAID,13068.0
3631,7000003630,1000003630,20240928,GATEWAY,PAID,44760.0
3632,7000003631,1000003631,20241113,GATEWAY,PAID,36474.0
3633,7000003632,1000003632,0,CASH,FAILED,17968.5
3634,7000003633,1000003633,20250113,CARD,PAID,14520.0
3635,7000003634,1000003634,20240328,CARD,PAID,40404.0
3636,7000003635,1000003635,20240903,TRANSFER,PAID,41164.2
3637,7000003636,1000003636,20241111,CARD,PAID,94416.3
3638,7000003637,1000003637,20240827,CARD,PAID,28197.6
3639,7000003638,1000003638,0,CASH,FAILED,42688.8
3640,7000003639,1000003639,20250228,CARD,PAID,53227.5
3641,7000003640,1000003640,20250816,GATEWAY,PAID,19050.0
3642,7000003641,1000003641,20240930,CASH,PAID,46957.68
3643,7000003642,1000003642,20240911,CASH,PAID,44467.5
3644,7000003643,1000003643,20240515,CASH,PAID,50166.6
3645,7000003644,1000003644,20240420,CASH,PAID,92383.5
3646,7000003645,1000003645,0,CARD,FAILED,63210.0
3647,7000003646,1000003646,20240618,CASH,PAID,34303.5
3648,7000003647,1000003647,20240713,CARD,PAID,57229.05
3649,7000003648,1000003648,20250920,CARD,PAID,60514.2
3650,7000003649,1000003649,20240425,CARD,PAID,16446.0
3651,7000003650,1000003650,20240825,GATEWAY,PAID,82112.7
3652,7000003651,1000003651,0,GATEWAY,FAILED,19957.5
3653,7000003652,1000003652,20240210,CARD,PAID,41382.0
3654,7000003653,1000003653,20250415,GATEWAY,PAID,30540.0
3655,7000003654,1000003654,20240814,GATEWAY,PAID,69444.0
3656,7000003655,1000003655,0,GATEWAY,FAILED,13968.0
3657,7000003656,1000003656,0,GATEWAY,PENDING,76641.0
3658,7000003657,1000003657,0,CARD,FAILED,27036.0
3659,7000003658,1000003658,20240610,CASH,PAID,29040.0
3660,7000003659,1000003659,0,CARD,PENDING,61939.5
3661,7000003660,1000003660,20240313,GATEWAY,PAID,75915.0
3662,7000003661,1000003661,0,CARD,PENDING,15983.7
3663,7000003662,1000003662,20240917,TRANSFER,PAID,43560.0
3664,7000003663,1000003663,20250702,CARD,PAID,18142.5
3665,7000003664,1000003664,20241227,TRANSFER,PAID,51727.5
3666,7000003665,1000003665,20241203,CARD,PAID,16335.0
3667,7000003666,1000003666,20240605,CASH,PAID,58443.0
3668,7000003667,1000003667,0,CARD,FAILED,31992.0
3669,7000003668,1000003668,20241019,CARD,REFUNDED,27636.0
3670,7000003669,1000003669,20240524,CARD,PAID,40404.0
3671,7000003670,1000003670,20240320,TRANSFER,PAID,50094.0
3672,7000003671,1000003671,20240401,GATEWAY,PAID,46638.0
3673,7000003672,1000003672,0,CARD,PENDING,28788.0
3674,7000003673,1000003673,20250329,CASH,PAID,14229.6
3675,7000003674,1000003674,20240326,CARD,PAID,44823.24
3676,7000003675,1000003675,20241012,GATEWAY,PAID,14921.4
3677,7000003676,1000003676,0,CARD,PENDING,32626.2
3678,7000003677,1000003677,20241226,CARD,PAID,67992.0
3679,7000003678,1000003678,20240726,CASH,PAID,39204.0
3680,7000003679,1000003679,20240911,CARD,PAID,13614.6
3681,7000003680,1000003680,20240120,CARD,PAID,18687.0
3682,7000003681,1000003681,20250902,GATEWAY,PAID,17208.3
3683,7000003682,1000003682,20240306,CARD,PAID,15173.4
3684,7000003683,1000003683,20240217,CARD,PAID,43451.1
3685,7000003684,1000003684,20240330,GATEWAY,REFUNDED,46420.2
3686,7000003685,1000003685,20250206,CARD,PAID,29659.2
3687,7000003686,1000003686,20250202,CARD,PAID,95287.5
3688,7000003687,1000003687,20241020,CASH,PAID,38419.92
3689,7000003688,1000003688,20250224,CARD,PAID,26813.28
3690,7000003689,1000003689,20240603,GATEWAY,PAID,31392.0
3691,7000003690,1000003690,20241001,GATEWAY,PAID,77901.9
3692,7000003691,1000003691,20240128,CARD,PAID,20166.75
3693,7000003692,1000003692,20240603,TRANSFER,REFUNDED,49005.0
3694,7000003693,1000003693,20250105,CASH,PAID,35937.0
3695,7000003694,1000003694,20240619,CARD,PAID,32916.6
3696,7000003695,1000003695,20250707,CARD,PAID,131880.0
3697,7000003696,1000003696,20241127,CARD,PAID,41164.2
3698,7000003697,1000003697,20250103,CARD,PAID,46023.24
3699,7000003698,1000003698,0,GATEWAY,FAILED,29867.4
3700,7000003699,1000003699,20250529,CARD,PAID,32844.0
3701,7000003700,1000003700,20250126,CARD,PAID,17242.5
3702,7000003701,1000003701,20240421,CASH,PAID,14520.0
3703,7000003702,1000003702,20240313,CASH,PAID,50457.0
3704,7000003703,1000003703,20240912,GATEWAY,PAID,28488.0
3705,7000003704,1000003704,20241231,CASH,PAID,45520.2
3706,7000003705,1000003705,20240510,CARD,PAID,17242.5
3707,7000003706,1000003706,20240803,GATEWAY,PAID,89091.38
3708,7000003707,1000003707,20250203,CARD,PAID,27036.0
3709,7000003708,1000003708,20250202,TRANSFER,PAID,39930.0
3710,7000003709,1000003709,20240912,GATEWAY,PAID,35985.0
3711,7000003710,1000003710,20250831,TRANSFER,PAID,42688.8
3712,7000003711,1000003711,20240501,CARD,PAID,103566.0
3713,7000003712,1000003712,20250116,GATEWAY,PAID,39450.6
3714,7000003713,1000003713,20241027,CASH,REFUNDED,58697.1
3715,7000003714,1000003714,20250218,CARD,PAID,80697.0
3716,7000003715,1000003715,0,GATEWAY,FAILED,19350.0
3717,7000003716,1000003716,20250221,GATEWAY,PAID,17472.0
3718,7000003717,1000003717,20250404,CARD,REFUNDED,43560.0
3719,7000003718,1000003718,20250818,CARD,PAID,30240.0
3720,7000003719,1000003719,20250224,CARD,PAID,15729.6
3721,7000003720,1000003720,0,CARD,FAILED,37500.0
3722,7000003721,1000003721,20241115,CARD,PAID,56991.0
3723,7000003722,1000003722,20241130,CARD,PAID,55204.8
3724,7000003723,1000003723,20250403,GATEWAY,PAID,41164.2
3725,7000003724,1000003724,0,CARD,PENDING,14520.0
3726,7000003725,1000003725,20250502,GATEWAY,PAID,27113.28
3727,7000003726,1000003726,20250702,CARD,PAID,43124.4
3728,7000003727,1000003727,0,CARD,FAILED,14994.0
3729,7000003728,1000003728,20241111,GATEWAY,PAID,14229.6
3730,7000003729,1000003729,20250401,GATEWAY,PAID,75288.3
3731,7000003730,1000003730,0,CASH,FAILED,27588.0
3732,7000003731,1000003731,20240513,CARD,PAID,65659.2
3733,7000003732,1000003732,20241101,CARD,PAID,64279.8
3734,7000003733,1000003733,20240529,CARD,PAID,81205.2
3735,7000003734,1000003734,20240201,CARD,PAID,51727.5
3736,7000003735,1000003735,20240426,CARD,PAID,16008.3
3737,7000003736,1000003736,20240924,CARD,PAID,26136.0
3738,7000003737,1000003737,20241206,CARD,PAID,16908.3
3739,7000003738,1000003738,20250203,CARD,PAID,15720.0
3740,7000003739,1000003739,20250623,GATEWAY,PAID,55650.0
3741,7000003740,1000003740,20250705,CASH,PAID,17242.5
3742,7000003741,1000003741,20241028,GATEWAY,PAID,68853.6
3743,7000003742,1000003742,20240808,CARD,PAID,50505.0
3744,7000003743,1000003743,20240517,GATEWAY,PAID,49224.9
3745,7000003744,1000003744,20241207,TRANSFER,PAID,25613.28
3746,7000003745,1000003745,20241124,GATEWAY,PAID,54561.0
3747,7000003746,1000003746,20250225,CARD,PAID,26513.28
3748,7000003747,1000003747,20250328,CASH,PAID,74778.0
3749,7000003748,1000003748,20240325,GATEWAY,PAID,52655.25
3750,7000003749,1000003749,0,CARD,FAILED,37500.0
3751,7000003750,1000003750,20241009,CASH,PAID,32670.0
3752,7000003751,1000003751,20241204,CARD,PAID,33570.0
3753,7000003752,1000003752,20250710,GATEWAY,REFUNDED,18442.5
3754,7000003753,1000003753,20240627,GATEWAY,PAID,95280.0
3755,7000003754,1000003754,20250602,CARD,PAID,35574.0
3756,7000003755,1000003755,20240110,GATEWAY,PAID,40430.7
3757,7000003756,1000003756,20241224,CARD,PAID,17151.75
3758,7000003757,1000003757,20250316,CASH,PAID,49005.0
3759,7000003758,1000003758,20250718,CARD,PAID,97138.8
3760,7000003759,1000003759,20250329,CARD,PAID,50505.0
3761,7000003760,1000003760,20250507,CARD,PAID,28788.0
3762,7000003761,1000003761,20240831,GATEWAY,PAID,15173.4
3763,7000003762,1000003762,20240426,CARD,PAID,51727.5
3764,7000003763,1000003763,20240628,GATEWAY,PAID,69199.5
3765,7000003764,1000003764,20250505,GATEWAY,PAID,49905.0
3766,7000003765,1000003765,20250206,GATEWAY,PAID,38443.8
3767,7000003766,1000003766,20250409,CARD,PAID,43560.0
3768,7000003767,1000003767,20240502,GATEWAY,PAID,69144.0
3769,7000003768,1000003768,20250513,CARD,PAID,32916.6
3770,7000003769,1000003769,0,CASH,FAILED,35574.0
3771,7000003770,1000003770,20250620,CARD,PAID,55224.0
3772,7000003771,1000003771,20240507,CARD,PAID,13794.0
3773,7000003772,1000003772,20250817,CASH,PAID,16335.0
3774,7000003773,1000003773,20240905,GATEWAY,PAID,18987.0
3775,7000003774,1000003774,0,GATEWAY,FAILED,88205.37
3776,7000003775,1000003775,20240122,GATEWAY,PAID,18142.5
3777,7000003776,1000003776,20240819,CARD,PAID,15429.6
3778,7000003777,1000003777,20240908,CASH,PAID,32670.0
3779,7000003778,1000003778,20240404,CARD,PAID,42882.0
3780,7000003779,1000003779,20250625,GATEWAY,PAID,42582.0
3781,7000003780,1000003780,0,CARD,FAILED,32205.12
3782,7000003781,1000003781,20250221,CARD,PAID,46638.0
3783,7000003782,1000003782,20240823,CASH,PAID,13794.0
3784,7000003783,1000003783,20250123,CARD,PAID,70379.25
3785,7000003784,1000003784,20241018,CARD,PAID,49396.8
3786,7000003785,1000003785,20250818,CASH,PAID,52998.0
3787,7000003786,1000003786,0,CARD,FAILED,27588.0
3788,7000003787,1000003787,20250718,GATEWAY,PAID,90135.0
3789,7000003788,1000003788,20240329,CASH,PAID,42688.8
3790,7000003789,1000003789,20250714,CARD,PAID,50205.0
3791,7000003790,1000003790,20240917,CARD,REFUNDED,38419.92
3792,7000003791,1000003791,20240829,CARD,PAID,54450.0
3793,7000003792,1000003792,20240423,CARD,PAID,50994.0
3794,7000003793,1000003793,20241213,GATEWAY,PAID,18987.0
3795,7000003794,1000003794,20250410,GATEWAY,PAID,70787.1
3796,7000003795,1000003795,20240822,CARD,PAID,53361.0
3797,7000003796,1000003796,20240503,GATEWAY,PAID,35385.0
3798,7000003797,1000003797,20250301,CARD,PAID,19057.5
3799,7000003798,1000003798,20240428,CASH,PAID,51727.5
3800,7000003799,1000003799,20250926,GATEWAY,PAID,18687.0
3801,7000003800,1000003800,20250529,CARD,PAID,39581.28
3802,7000003801,1000003801,20240509,CASH,PAID,44576.4
3803,7000003802,1000003802,20250928,CARD,PAID,16852.56
3804,7000003803,1000003803,20250526,CARD,PAID,94281.75
3805,7000003804,1000003804,20240219,TRANSFER,PAID,17242.5
3806,7000003805,1000003805,20241221,CARD,PAID,54087.0
3807,7000003806,1000003806,20241130,CARD,PAID,95643.0
3808,7000003807,1000003807,20250525,CARD,PAID,46420.2
3809,7000003808,1000003808,20241226,CARD,PAID,122577.6
3810,7000003809,1000003809,20250204,TRANSFER,REFUNDED,18966.75
3811,7000003810,1000003810,20241006,CARD,PAID,43888.8
3812,7000003811,1000003811,20250423,CARD,PAID,42688.8
3813,7000003812,1000003812,0,CARD,FAILED,54778.8
3814,7000003813,1000003813,20241019,GATEWAY,PAID,68418.0
3815,7000003814,1000003814,20250505,GATEWAY,PAID,37500.0
3816,7000003815,1000003815,0,CASH,FAILED,47916.0
3817,7000003816,1000003816,20250911,CARD,PAID,55650.0
3818,7000003817,1000003817,20240711,GATEWAY,PAID,44188.8
3819,7000003818,1000003818,20250126,GATEWAY,PAID,45060.0
3820,7000003819,1000003819,20240103,CASH,PAID,49005.0
3821,7000003820,1000003820,0,CARD,FAILED,36474.0
3822,7000003821,1000003821,20240216,CARD,PAID,47020.2
3823,7000003822,1000003822,20240823,CARD,PAID,45667.5
3824,7000003823,1000003823,20240513,CARD,PAID,13068.0
3825,7000003824,1000003824,20240922,GATEWAY,PAID,32916.6
3826,7000003825,1000003825,20240415,CASH,PAID,134491.5
3827,7000003826,1000003826,20240803,CARD,PAID,40104.0
3828,7000003827,1000003827,20240821,CARD,PAID,43560.0
3829,7000003828,1000003828,20240428,CASH,PAID,18150.0
3830,7000003829,1000003829,20240728,TRANSFER,PAID,89298.0
3831,7000003830,1000003830,20240707,GATEWAY,PAID,42282.0
3832,7000003831,1000003831,20250716,CASH,PAID,18150.0
3833,7000003832,1000003832,20250917,GATEWAY,PAID,29649.6
3834,7000003833,1000003833,20250401,CARD,PAID,80404.5
3835,7000003834,1000003834,20240303,CARD,PAID,42882.0
3836,7000003835,1000003835,20241202,GATEWAY,PAID,42664.2
3837,7000003836,1000003836,20250404,CARD,REFUNDED,14229.6
3838,7000003837,1000003837,20250107,GATEWAY,PAID,42582.0
3839,7000003838,1000003838,20240509,GATEWAY,PAID,15574.8
3840,7000003839,1000003839,20250831,CASH,PAID,26136.0
3841,7000003840,1000003840,20240330,CARD,PAID,31029.0
3842,7000003841,1000003841,20240313,CARD,PAID,68824.8
3843,7000003842,1000003842,20241219,GATEWAY,PAID,29867.4
3844,7000003843,1000003843,20240325,TRANSFER,PAID,57354.0
3845,7000003844,1000003844,20240922,GATEWAY,REFUNDED,44188.8
3846,7000003845,1000003845,20241117,CARD,PAID,98965.5
3847,7000003846,1000003846,20250215,CARD,PAID,78364.2
3848,7000003847,1000003847,20241123,CASH,PAID,58697.1
3849,7000003848,1000003848,20250914,CARD,PAID,15720.0
3850,7000003849,1000003849,20241229,CARD,PAID,60058.35
3851,7000003850,1000003850,20240423,CARD,PAID,64933.2
3852,7000003851,1000003851,20240924,CASH,PAID,47807.1
3853,7000003852,1000003852,20240401,CARD,PAID,39204.0
3854,7000003853,1000003853,20250412,CARD,PAID,38419.92
3855,7000003854,1000003854,20250203,GATEWAY,PAID,28788.0
3856,7000003855,1000003855,20240119,CARD,PAID,41382.0
3857,7000003856,1000003856,0,CASH,FAILED,49803.6
3858,7000003857,1000003857,20250427,GATEWAY,PAID,13794.0
3859,7000003858,1000003858,20240518,GATEWAY,PAID,19050.0
3860,7000003859,1000003859,20240507,CASH,PAID,18150.0
3861,7000003860,1000003860,0,TRANSFER,FAILED,28967.4
3862,7000003861,1000003861,20241021,CASH,PAID,43560.0
3863,7000003862,1000003862,20240318,TRANSFER,PAID,48024.9
3864,7000003863,1000003863,20241204,CASH,PAID,13068.0
3865,7000003864,1000003864,20250121,CARD,PAID,56376.0
3866,7000003865,1000003865,20250813,CASH,PAID,36300.0
3867,7000003866,1000003866,0,CARD,FAILED,39204.0
3868,7000003867,1000003867,20240828,CARD,PAID,28788.0
3869,7000003868,1000003868,20241223,CARD,PAID,44823.24
3870,7000003869,1000003869,20240411,CASH,PAID,32016.6
3871,7000003870,1000003870,20241009,CARD,PAID,70288.5
3872,7000003871,1000003871,20240411,CASH,REFUNDED,18150.0
3873,7000003872,1000003872,0,CARD,FAILED,49005.0
3874,7000003873,1000003873,20240710,CASH,REFUNDED,14483.7
3875,7000003874,1000003874,20240621,GATEWAY,PAID,35685.0
3876,7000003875,1000003875,20250401,CARD,PAID,17787.0
3877,7000003876,1000003876,20240605,CARD,PAID,48869.16
3878,7000003877,1000003877,20240618,CARD,PAID,15601.5
3879,7000003878,1000003878,20241009,GATEWAY,PAID,69144.0
3880,7000003879,1000003879,20250127,GATEWAY,PAID,17535.0
3881,7000003880,1000003880,20240826,CASH,PAID,56446.5
3882,7000003881,1000003881,20240822,GATEWAY,PAID,42582.0
3883,7000003882,1000003882,0,CASH,FAILED,16335.0
3884,7000003883,1000003883,20240326,CARD,PAID,54450.0
3885,7000003884,1000003884,20240426,CARD,PAID,54561.0
3886,7000003885,1000003885,20250415,CARD,PAID,44760.0
3887,7000003886,1000003886,20240112,CASH,PAID,53361.0
3888,7000003887,1000003887,20240423,CASH,PAID,93436.2
3889,7000003888,1000003888,20241116,GATEWAY,PAID,58834.8
3890,7000003889,1000003889,20250516,CARD,PAID,36474.0
3891,7000003890,1000003890,20241208,CARD,PAID,41382.0
3892,7000003891,1000003891,20250608,GATEWAY,PAID,18442.5
3893,7000003892,1000003892,20250209,CASH,PAID,18150.0
3894,7000003893,1000003893,20240314,CARD,REFUNDED,11761.2
3895,7000003894,1000003894,20250719,CARD,PAID,35385.0
3896,7000003895,1000003895,20250502,CARD,REFUNDED,16335.0
3897,7000003896,1000003896,20250904,CARD,PAID,57828.0
3898,7000003897,1000003897,20240317,CARD,PAID,26136.0
3899,7000003898,1000003898,20240915,CASH,PAID,25613.28
3900,7000003899,1000003899,20250314,CARD,PAID,51727.5
3901,7000003900,1000003900,20250907,CASH,PAID,80063.28
3902,7000003901,1000003901,20240706,CASH,PAID,37933.5
3903,7000003902,1000003902,20250202,TRANSFER,PAID,35574.0
3904,7000003903,1000003903,20250724,CARD,PAID,48888.6
3905,7000003904,1000003904,0,GATEWAY,FAILED,46976.64
3906,7000003905,1000003905,20241208,CASH,PAID,17242.5
3907,7000003906,1000003906,20250106,CASH,PAID,24829.2
3908,7000003907,1000003907,20240915,CARD,PAID,92167.8
3909,7000003908,1000003908,20250122,CARD,PAID,13968.0
3910,7000003909,1000003909,20240207,GATEWAY,PAID,55350.0
3911,7000003910,1000003910,20250514,GATEWAY,PAID,32236.5
3912,7000003911,1000003911,20250417,CARD,PAID,35574.0
3913,7000003912,1000003912,20250711,CARD,PAID,15720.0
3914,7000003913,1000003913,20240923,CARD,REFUNDED,43378.5
3915,7000003914,1000003914,0,CARD,FAILED,42688.8
3916,7000003915,1000003915,20240913,CARD,PAID,16418.25
3917,7000003916,1000003916,20250816,CARD,PAID,49905.0
3918,7000003917,1000003917,20241028,CARD,PAID,49005.0
3919,7000003918,1000003918,20250507,CASH,PAID,38419.92
3920,7000003919,1000003919,20250406,CARD,PAID,52725.75
3921,7000003920,1000003920,20250606,TRANSFER,PAID,26136.0
3922,7000003921,1000003921,20241101,CARD,PAID,53227.5
3923,7000003922,1000003922,20241217,TRANSFER,REFUNDED,43560.0
3924,7000003923,1000003923,20241121,CARD,PAID,29359.2
3925,7000003924,1000003924,20240623,CASH,PAID,37243.8
3926,7000003925,1000003925,20240305,TRANSFER,PAID,54450.0
3927,7000003926,1000003926,20250611,GATEWAY,PAID,66656.16
3928,7000003927,1000003927,0,CASH,FAILED,54313.88
3929,7000003928,1000003928,0,CARD,FAILED,27636.0
3930,7000003929,1000003929,0,CARD,FAILED,39133.5
3931,7000003930,1000003930,20250408,CARD,REFUNDED,29040.0
3932,7000003931,1000003931,20250826,CARD,REFUNDED,31546.8
3933,7000003932,1000003932,0,GATEWAY,FAILED,26136.0
3934,7000003933,1000003933,20240111,TRANSFER,PAID,57172.5
3935,7000003934,1000003934,20240104,CARD,PAID,27588.0
3936,7000003935,1000003935,20241030,CARD,PAID,37500.0
3937,7000003936,1000003936,20250612,CARD,PAID,34485.0
3938,7000003937,1000003937,20250527,GATEWAY,PAID,36474.0
3939,7000003938,1000003938,20241004,CARD,REFUNDED,12961.2
3940,7000003939,1000003939,20240814,GATEWAY,PAID,32571.75
3941,7000003940,1000003940,20250710,CARD,PAID,24829.2
3942,7000003941,1000003941,20240814,CARD,PAID,44760.0
3943,7000003942,1000003942,20240205,CARD,PAID,54595.2
3944,7000003943,1000003943,20241213,CASH,PAID,66610.5
3945,7000003944,1000003944,20250428,GATEWAY,PAID,31392.0
3946,7000003945,1000003945,20241122,CARD,PAID,78337.5
3947,7000003946,1000003946,20241226,CARD,PAID,34485.0
3948,7000003947,1000003947,20250420,GATEWAY,PAID,14921.4
3949,7000003948,1000003948,20250624,CASH,PAID,39204.0
3950,7000003949,1000003949,20240408,CARD,PAID,46554.75
3951,7000003950,1000003950,20241225,GATEWAY,PAID,45520.2
3952,7000003951,1000003951,20250607,CARD,PAID,55756.8
3953,7000003952,1000003952,20250420,CASH,PAID,54313.88
3954,7000003953,1000003953,20241013,GATEWAY,PAID,17535.0
3955,7000003954,1000003954,20240918,TRANSFER,PAID,18150.0
3956,7000003955,1000003955,20240609,CARD,PAID,122795.64
3957,7000003956,1000003956,20241005,GATEWAY,REFUNDED,16335.0
3958,7000003957,1000003957,20241214,CARD,PAID,63273.0
3959,7000003958,1000003958,20240921,CARD,PAID,91024.35
3960,7000003959,1000003959,20241021,TRANSFER,PAID,53905.5
3961,7000003960,1000003960,0,CARD,FAILED,49905.0
3962,7000003961,1000003961,20250226,CARD,PAID,70131.6
3963,7000003962,1000003962,0,GATEWAY,FAILED,18150.0
3964,7000003963,1000003963,20250929,CARD,PAID,32536.5
3965,7000003964,1000003964,0,CARD,FAILED,82875.0
3966,7000003965,1000003965,20250404,CARD,PAID,36774.0
3967,7000003966,1000003966,20240114,CARD,PAID,40404.0
3968,7000003967,1000003967,20241217,CARD,PAID,30240.0
3969,7000003968,1000003968,20250312,GATEWAY,PAID,54561.0
3970,7000003969,1000003969,20240904,CARD,PAID,31036.5
3971,7000003970,1000003970,0,GATEWAY,FAILED,30540.0
3972,7000003971,1000003971,20240703,CARD,PAID,19050.0
3973,7000003972,1000003972,20240511,GATEWAY,PAID,42882.0
3974,7000003973,1000003973,20240112,CARD,PAID,37352.7
3975,7000003974,1000003974,20240908,GATEWAY,PAID,54442.5
3976,7000003975,1000003975,20240917,GATEWAY,PAID,52355.25
3977,7000003976,1000003976,20250310,CASH,PAID,27588.0
3978,7000003977,1000003977,20240816,GATEWAY,PAID,60795.0
3979,7000003978,1000003978,20250114,TRANSFER,PAID,43124.4
3980,7000003979,1000003979,20250924,CASH,PAID,14229.6
3981,7000003980,1000003980,20240226,CARD,PAID,67629.0
3982,7000003981,1000003981,20240204,CASH,PAID,114163.5
3983,7000003982,1000003982,20250802,CARD,PAID,41382.0
3984,7000003983,1000003983,20241008,CASH,PAID,38115.0
3985,7000003984,1000003984,20240426,CARD,REFUNDED,37500.0
3986,7000003985,1000003985,20241020,CARD,REFUNDED,46575.0
3987,7000003986,1000003986,20241031,CASH,PAID,28459.2
3988,7000003987,1000003987,20250817,CARD,PAID,31305.12
3989,7000003988,1000003988,20240203,CARD,PAID,36774.0
3990,7000003989,1000003989,20240321,CASH,PAID,40801.2
3991,7000003990,1000003990,20241012,CARD,PAID,76549.2
3992,7000003991,1000003991,20240722,CARD,PAID,34485.0
3993,7000003992,1000003992,20240826,TRANSFER,PAID,45738.0
3994,7000003993,1000003993,0,CARD,FAILED,14520.0
3995,7000003994,1000003994,20250413,CARD,PAID,33570.0
3996,7000003995,1000003995,20250102,TRANSFER,PAID,32016.6
3997,7000003996,1000003996,20241005,CARD,PAID,58697.1
3998,7000003997,1000003997,20241016,CARD,PAID,15129.6
3999,7000003998,1000003998,20250222,CARD,PAID,13914.6
4000,7000003999,1000003999,20250704,CASH,PAID,13794.0
4001,7000004000,1000004000,20250813,CARD,PAID,50268.0
4002,7000004001,1000004001,20240722,CARD,PAID,44351.1
4003,7000004002,1000004002,20250329,CARD,PAID,45060.0
4004,7000004003,1000004003,20250620,CASH,PAID,83490.0
4005,7000004004,1000004004,20250516,TRANSFER,PAID,38419.92
4006,7000004005,1000004005,20240106,GATEWAY,PAID,14694.0
4007,7000004006,1000004006,20250726,GATEWAY,PAID,44104.5
4008,7000004007,1000004007,20240501,CASH,PAID,29040.0
4009,7000004008,1000004008,20250729,CASH,PAID,13721.4
4010,7000004009,1000004009,0,CASH,FAILED,61601.1
4011,7000004010,1000004010,20250418,CARD,PAID,61966.2
4012,7000004011,1000004011,20250220,CARD,PAID,59895.0
4013,7000004012,1000004012,0,GATEWAY,FAILED,44460.0
4014,7000004013,1000004013,20250612,CARD,PAID,50631.0
4015,7000004014,1000004014,20250523,GATEWAY,PAID,50505.0
4016,7000004015,1000004015,20250228,CASH,PAID,67082.4
4017,7000004016,1000004016,0,GATEWAY,FAILED,14568.0
4018,7000004017,1000004017,20250413,GATEWAY,PAID,48714.6
4019,7000004018,1000004018,20250930,CARD,PAID,88138.5
4020,7000004019,1000004019,20250227,GATEWAY,REFUNDED,54261.0
4021,7000004020,1000004020,20240823,GATEWAY,PAID,43588.8
4022,7000004021,1000004021,20241126,CARD,PAID,13614.6
4023,7000004022,1000004022,20250501,GATEWAY,PAID,18442.5
4024,7000004023,1000004023,20250716,TRANSFER,PAID,59895.0
4025,7000004024,1000004024,20250427,GATEWAY,PAID,33870.0
4026,7000004025,1000004025,20240206,CARD,PAID,18104.62
4027,7000004026,1000004026,20250806,GATEWAY,PAID,29659.2
4028,7000004027,1000004027,0,CARD,PENDING,29995.5
4029,7000004028,1000004028,20240212,GATEWAY,PAID,46554.75
4030,7000004029,1000004029,20250531,CASH,PAID,31944.0
4031,7000004030,1000004030,20250417,CASH,PAID,83036.25
4032,7000004031,1000004031,20240818,CARD,PAID,37200.0
4033,7000004032,1000004032,20250922,CASH,PAID,89298.0
4034,7000004033,1000004033,0,GATEWAY,FAILED,85779.0
4035,7000004034,1000004034,20250930,CASH,PAID,29040.0
4036,7000004035,1000004035,20250522,GATEWAY,PAID,33570.0
4037,7000004036,1000004036,20250518,CARD,PAID,41565.6
4038,7000004037,1000004037,20240529,CARD,PAID,33570.0
4039,7000004038,1000004038,20241222,CASH,PAID,70102.56
4040,7000004039,1000004039,20240118,CARD,REFUNDED,43153.2
4041,7000004040,1000004040,20240906,CARD,PAID,43879.2
4042,7000004041,1000004041,20240518,CARD,PAID,45520.2
4043,7000004042,1000004042,20240913,CARD,PAID,13914.6
4044,7000004043,1000004043,20240106,CARD,PAID,55950.0
4045,7000004044,1000004044,20241203,CARD,PAID,40404.0
4046,7000004045,1000004045,20240810,CARD,REFUNDED,29940.0
4047,7000004046,1000004046,20240311,CASH,PAID,41382.0
4048,7000004047,1000004047,20240525,GATEWAY,PAID,15841.08
4049,7000004048,1000004048,0,CARD,FAILED,60732.0
4050,7000004049,1000004049,20241024,GATEWAY,PAID,81541.5
4051,7000004050,1000004050,20250912,CARD,PAID,110400.0
4052,7000004051,1000004051,20241016,CASH,PAID,53361.0
4053,7000004052,1000004052,20250605,CARD,REFUNDED,35503.5
4054,7000004053,1000004053,20250612,GATEWAY,PAID,42664.2
4055,7000004054,1000004054,20240510,GATEWAY,PAID,40704.0
4056,7000004055,1000004055,20250110,CARD,PAID,50205.0
4057,7000004056,1000004056,20250918,CARD,PAID,55405.5
4058,7000004057,1000004057,20241226,GATEWAY,PAID,69144.0
4059,7000004058,1000004058,20250213,CARD,PAID,30467.4
4060,7000004059,1000004059,20240926,CARD,PAID,69652.2
4061,7000004060,1000004060,20250215,GATEWAY,PAID,32844.0
4062,7000004061,1000004061,20240813,GATEWAY,PAID,66295.5
4063,7000004062,1000004062,20250706,CASH,PAID,33998.58
4064,7000004063,1000004063,20250311,CASH,PAID,76375.2
4065,7000004064,1000004064,20240301,CARD,PAID,36300.0
4066,7000004065,1000004065,20250129,CARD,REFUNDED,26136.0
4067,7000004066,1000004066,20241206,CARD,PAID,97519.95
4068,7000004067,1000004067,20250518,CASH,REFUNDED,55756.8
4069,7000004068,1000004068,20240730,CASH,PAID,17242.5
4070,7000004069,1000004069,20240505,CASH,PAID,36300.0
4071,7000004070,1000004070,20240421,CARD,PAID,44460.0
4072,7000004071,1000004071,20250514,CARD,PAID,30492.0
4073,7000004072,1000004072,20250329,CARD,PAID,67021.5
4074,7000004073,1000004073,0,GATEWAY,PENDING,39015.0
4075,7000004074,1000004074,20250610,CARD,PAID,35392.5
4076,7000004075,1000004075,20240327,GATEWAY,PAID,42582.0
4077,7000004076,1000004076,20250401,CARD,PAID,28459.2
4078,7000004077,1000004077,20240525,CARD,PAID,27336.0
4079,7000004078,1000004078,20241124,CASH,PAID,26136.0
4080,7000004079,1000004079,20240116,GATEWAY,PAID,17235.0
4081,7000004080,1000004080,20250115,CARD,PAID,26136.0
4082,7000004081,1000004081,20240306,CARD,PAID,58043.7
4083,7000004082,1000004082,20240525,CARD,PAID,42282.0
4084,7000004083,1000004083,20250712,CASH,PAID,28459.2
4085,7000004084,1000004084,20240926,CASH,PAID,46464.0
4086,7000004085,1000004085,20250511,GATEWAY,PAID,50505.0
4087,7000004086,1000004086,20240711,CARD,PAID,43560.0
4088,7000004087,1000004087,20250129,CASH,PAID,87483.0
4089,7000004088,1000004088,0,CARD,FAILED,42064.2
4090,7000004089,1000004089,20250718,CARD,PAID,49186.5
4091,7000004090,1000004090,20240902,CARD,PAID,17535.0
4092,7000004091,1000004091,0,CARD,FAILED,73409.25
4093,7000004092,1000004092,20240319,CARD,PAID,13968.0
4094,7000004093,1000004093,0,CARD,FAILED,28459.2
4095,7000004094,1000004094,20250404,CASH,PAID,51455.25
4096,7000004095,1000004095,20250518,CASH,PAID,38532.45
4097,7000004096,1000004096,20240903,TRANSFER,PAID,63706.5
4098,7000004097,1000004097,20240807,CARD,PAID,29359.2
4099,7000004098,1000004098,20240507,CASH,PAID,23522.4
4100,7000004099,1000004099,0,TRANSFER,FAILED,13068.0
4101,7000004100,1000004100,20250803,GATEWAY,PAID,73437.0
4102,7000004101,1000004101,20240630,CARD,PAID,39204.0
4103,7000004102,1000004102,20250106,TRANSFER,PAID,126006.38
4104,7000004103,1000004103,20240716,CARD,PAID,27588.0
4105,7000004104,1000004104,20241103,CASH,PAID,39204.0
4106,7000004105,1000004105,20250930,CARD,PAID,30492.0
4107,7000004106,1000004106,20240724,CARD,PAID,71622.0
4108,7000004107,1000004107,20240115,CASH,PAID,41382.0
4109,7000004108,1000004108,20250327,CASH,PAID,49985.1
4110,7000004109,1000004109,20250827,CASH,PAID,25613.28
4111,7000004110,1000004110,20240715,CARD,PAID,72592.74
4112,7000004111,1000004111,20250816,CARD,PAID,54450.0
4113,7000004112,1000004112,20240411,TRANSFER,PAID,41654.25
4114,7000004113,1000004113,20250202,TRANSFER,PAID,53542.5
4115,7000004114,1000004114,20240423,CASH,PAID,32016.6
4116,7000004115,1000004115,20240425,TRANSFER,PAID,108763.88
4117,7000004116,1000004116,0,GATEWAY,FAILED,28459.2
4118,7000004117,1000004117,0,TRANSFER,PENDING,16335.0
4119,7000004118,1000004118,20250710,CASH,PAID,27588.0
4120,7000004119,1000004119,20240613,CARD,PAID,83020.2
4121,7000004120,1000004120,20240310,CARD,PAID,15294.0
4122,7000004121,1000004121,20240221,CARD,PAID,35574.0
4123,7000004122,1000004122,20241218,CARD,PAID,39319.92
4124,7000004123,1000004123,20241020,CASH,PAID,49005.0
4125,7000004124,1000004124,20241009,GATEWAY,PAID,93646.5
4126,7000004125,1000004125,20240423,CARD,PAID,34485.0
4127,7000004126,1000004126,20240803,CARD,PAID,53361.0
4128,7000004127,1000004127,20250611,TRANSFER,PAID,54450.0
4129,7000004128,1000004128,20250225,CASH,PAID,29040.0
4130,7000004129,1000004129,20240317,CARD,PAID,36474.0
4131,7000004130,1000004130,20250315,CARD,PAID,75252.0
4132,7000004131,1000004131,20241226,CARD,PAID,42582.0
4133,7000004132,1000004132,20240820,GATEWAY,PAID,25729.2
4134,7000004133,1000004133,20250908,GATEWAY,PAID,50505.0
4135,7000004134,1000004134,20240725,CARD,PAID,35685.0
4136,7000004135,1000004135,20250512,GATEWAY,PAID,55405.5
4137,7000004136,1000004136,20240410,CARD,PAID,15420.0
4138,7000004137,1000004137,20250408,CARD,PAID,40404.0
4139,7000004138,1000004138,20240707,GATEWAY,PAID,28324.89
4140,7000004139,1000004139,20241106,CARD,PAID,15221.4
4141,7000004140,1000004140,20250602,CARD,PAID,14994.0
4142,7000004141,1000004141,20250821,GATEWAY,PAID,17535.0
4143,7000004142,1000004142,20240131,GATEWAY,PAID,28488.0
4144,7000004143,1000004143,20250915,CASH,PAID,35937.0
4145,7000004144,1000004144,20250909,CARD,PAID,50094.0
4146,7000004145,1000004145,0,CARD,FAILED,32505.12
4147,7000004146,1000004146,20250518,CARD,PAID,94906.35
4148,7000004147,1000004147,20240330,CARD,PAID,47857.68
4149,7000004148,1000004148,20241129,CASH,PAID,16335.0
4150,7000004149,1000004149,20250702,CARD,PAID,55213.88
4151,7000004150,1000004150,20240912,CARD,PAID,49005.0
4152,7000004151,1000004151,20240226,CARD,PAID,45723.24
4153,7000004152,1000004152,20240217,CARD,PAID,86466.6
4154,7000004153,1000004153,20250806,CARD,PAID,17508.3
4155,7000004154,1000004154,20250405,TRANSFER,PAID,71293.2
4156,7000004155,1000004155,20240801,CARD,PAID,14229.6
4157,7000004156,1000004156,20240412,GATEWAY,PAID,85940.25
4158,7000004157,1000004157,20250422,CARD,PAID,86178.3
4159,7000004158,1000004158,0,GATEWAY,FAILED,17535.0
4160,7000004159,1000004159,20250904,GATEWAY,PAID,45186.0
4161,7000004160,1000004160,20241116,GATEWAY,REFUNDED,14694.0
4162,7000004161,1000004161,20250329,CASH,PAID,14520.0
4163,7000004162,1000004162,20250513,CASH,PAID,53361.0
4164,7000004163,1000004163,20240117,CASH,PAID,17242.5
4165,7000004164,1000004164,20240425,GATEWAY,PAID,106896.0
4166,7000004165,1000004165,20240130,CARD,PAID,44188.8
4167,7000004166,1000004166,20240523,CARD,PAID,17235.0
4168,7000004167,1000004167,20241009,TRANSFER,PAID,14229.6
4169,7000004168,1000004168,20240214,CASH,PAID,69587.1
4170,7000004169,1000004169,0,CASH,FAILED,18676.35
4171,7000004170,1000004170,20241123,GATEWAY,PAID,58491.0
4172,7000004171,1000004171,20240410,CARD,PAID,43923.0
4173,7000004172,1000004172,20240924,CARD,PAID,18150.0
4174,7000004173,1000004173,20250813,CASH,PAID,39204.0
4175,7000004174,1000004174,20250601,GATEWAY,PAID,52927.5
4176,7000004175,1000004175,20240116,CARD,PAID,14994.0
4177,7000004176,1000004176,20240925,CARD,PAID,46938.0
4178,7000004177,1000004177,0,TRANSFER,FAILED,14520.0
4179,7000004178,1000004178,20250708,CARD,PAID,48024.9
4180,7000004179,1000004179,20241118,CARD,PAID,36774.0
4181,7000004180,1000004180,20241230,CARD,PAID,27036.0
4182,7000004181,1000004181,0,GATEWAY,PENDING,33570.0
4183,7000004182,1000004182,20240116,GATEWAY,PAID,28488.0
4184,7000004183,1000004183,20250609,CASH,PAID,36300.0
4185,7000004184,1000004184,20250719,CARD,PAID,54856.56
4186,7000004185,1000004185,20250509,CARD,PAID,60751.68
4187,7000004186,1000004186,20250214,CARD,PAID,51727.5
4188,7000004187,1000004187,20241107,GATEWAY,PAID,50505.0
4189,7000004188,1000004188,20250418,CASH,PAID,25613.28
4190,7000004189,1000004189,20240608,CARD,PAID,43888.8
4191,7000004190,1000004190,20240720,CARD,PAID,84833.1
4192,7000004191,1000004191,20240417,GATEWAY,PAID,35685.0
4193,7000004192,1000004192,20240818,CASH,PAID,13794.0
4194,7000004193,1000004193,20241216,GATEWAY,PAID,55350.0
4195,7000004194,1000004194,20250920,CARD,PAID,49905.0
4196,7000004195,1000004195,20240102,CARD,PAID,16746.0
4197,7000004196,1000004196,20250506,CARD,PAID,49368.0
4198,7000004197,1000004197,0,CARD,FAILED,44104.5
4199,7000004198,1000004198,20240110,CARD,PAID,38852.7
4200,7000004199,1000004199,20250714,CARD,PAID,113512.2
4201,7000004200,1000004200,20240828,TRANSFER,REFUNDED,63888.0
4202,7000004201,1000004201,20241026,CARD,PAID,75141.0
4203,7000004202,1000004202,20250530,CARD,PAID,43560.0
4204,7000004203,1000004203,20250501,GATEWAY,PAID,25729.2
4205,7000004204,1000004204,20241102,CARD,PAID,32670.0
4206,7000004205,1000004205,20240615,CARD,REFUNDED,35574.0
4207,7000004206,1000004206,20240419,CASH,PAID,41382.0
4208,7000004207,1000004207,20250731,CARD,PAID,63454.5
4209,7000004208,1000004208,20250501,GATEWAY,PAID,30303.0
4210,7000004209,1000004209,0,CARD,FAILED,78045.0
4211,7000004210,1000004210,20240918,CARD,PAID,44760.0
4212,7000004211,1000004211,20250803,GATEWAY,PAID,28488.0
4213,7000004212,1000004212,20240430,CASH,PAID,35283.6
4214,7000004213,1000004213,20250308,CARD,PAID,69870.0
4215,7000004214,1000004214,20241223,GATEWAY,PAID,88767.78
4216,7000004215,1000004215,20241116,CARD,PAID,40704.0
4217,7000004216,1000004216,20240206,CARD,PAID,14006.64
4218,7000004217,1000004217,20250207,GATEWAY,PAID,19650.0
4219,7000004218,1000004218,20250524,CASH,PAID,81021.6
4220,7000004219,1000004219,20240108,CARD,PAID,14229.6
4221,7000004220,1000004220,0,GATEWAY,FAILED,52627.5
4222,7000004221,1000004221,20240927,CARD,PAID,58100.25
4223,7000004222,1000004222,20250913,CARD,REFUNDED,19004.62
4224,7000004223,1000004223,20241108,CARD,PAID,37933.5
4225,7000004224,1000004224,20250129,CASH,PAID,54450.0
4226,7000004225,1000004225,20240823,CASH,PAID,68970.0
4227,7000004226,1000004226,20250725,CARD,REFUNDED,34485.0
4228,7000004227,1000004227,20241105,GATEWAY,PAID,36474.0
4229,7000004228,1000004228,20240213,GATEWAY,PAID,18987.0
4230,7000004229,1000004229,20240903,CARD,PAID,52627.5
4231,7000004230,1000004230,20240727,GATEWAY,PAID,54561.0
4232,7000004231,1000004231,20250410,CARD,PAID,13068.0
4233,7000004232,1000004232,20240818,TRANSFER,PAID,34485.0
4234,7000004233,1000004233,20241203,CASH,PAID,134899.88
4235,7000004234,1000004234,20240823,CARD,PAID,44830.5
4236,7000004235,1000004235,20250827,CARD,PAID,57800.25
4237,7000004236,1000004236,20250122,CARD,PAID,67067.64
4238,7000004237,1000004237,20240724,TRANSFER,PAID,36209.25
4239,7000004238,1000004238,20250818,CASH,PAID,51455.25
4240,7000004239,1000004239,20250511,GATEWAY,PAID,56076.0
4241,7000004240,1000004240,20240731,CASH,PAID,77046.75
4242,7000004241,1000004241,20250618,CARD,PAID,30240.0
4243,7000004242,1000004242,20250401,CASH,PAID,26136.0
4244,7000004243,1000004243,20240424,GATEWAY,PAID,70480.08
4245,7000004244,1000004244,20240208,CARD,PAID,51346.35
4246,7000004245,1000004245,20250117,GATEWAY,PAID,14621.4
4247,7000004246,1000004246,20250329,TRANSFER,PAID,28459.2
4248,7000004247,1000004247,20241203,CASH,REFUNDED,81892.8
4249,7000004248,1000004248,20240226,CARD,PAID,13968.0
4250,7000004249,1000004249,0,CASH,FAILED,34485.0
4251,7000004250,1000004250,20250912,GATEWAY,PAID,55650.0
4252,7000004251,1000004251,20241231,CARD,PAID,18742.5
4253,7000004252,1000004252,20240917,GATEWAY,PAID,30240.0
4254,7000004253,1000004253,20240523,TRANSFER,REFUNDED,14483.7
4255,7000004254,1000004254,20240830,GATEWAY,PAID,35685.0
4256,7000004255,1000004255,20240224,CARD,PAID,24722.4
4257,7000004256,1000004256,20250212,GATEWAY,PAID,20465.7
4258,7000004257,1000004257,20250718,CARD,PAID,28642.8
4259,7000004258,1000004258,20240927,CARD,REFUNDED,39615.0
4260,7000004259,1000004259,20240305,CARD,PAID,44104.5
4261,7000004260,1000004260,20250726,CARD,PAID,62610.0
4262,7000004261,1000004261,20250304,CASH,PAID,34485.0
4263,7000004262,1000004262,20240127,CARD,PAID,15729.6
4264,7000004263,1000004263,20250520,GATEWAY,PAID,38443.8
4265,7000004264,1000004264,20250106,CARD,PAID,58922.16
4266,7000004265,1000004265,20250703,CASH,PAID,17787.0
4267,7000004266,1000004266,20240618,GATEWAY,PAID,70070.7
4268,7000004267,1000004267,20241202,CARD,PAID,29040.0
4269,7000004268,1000004268,0,CARD,FAILED,17242.5
4270,7000004269,1000004269,20250716,CARD,PAID,54861.0
4271,7000004270,1000004270,20240622,CARD,PAID,15841.08
4272,7000004271,1000004271,20241017,CARD,PAID,68970.0
4273,7000004272,1000004272,20240711,CASH,PAID,51727.5
4274,7000004273,1000004273,20240321,CARD,REFUNDED,35985.0
4275,7000004274,1000004274,20250522,CARD,PAID,44460.0
4276,7000004275,1000004275,20240429,TRANSFER,PAID,17242.5
4277,7000004276,1000004276,20240513,CARD,PAID,28488.0
4278,7000004277,1000004277,20240719,GATEWAY,REFUNDED,32236.5
4279,7000004278,1000004278,0,CARD,FAILED,34170.0
4280,7000004279,1000004279,20250805,TRANSFER,PAID,44104.5
4281,7000004280,1000004280,20250303,GATEWAY,PAID,16446.0
4282,7000004281,1000004281,20250215,CARD,PAID,62973.24
4283,7000004282,1000004282,20240502,CASH,PAID,18104.62
4284,7000004283,1000004283,20240222,GATEWAY,PAID,55405.5
4285,7000004284,1000004284,20250721,GATEWAY,PAID,125899.05
4286,7000004285,1000004285,20241208,GATEWAY,PAID,34696.35
4287,7000004286,1000004286,20250119,TRANSFER,PAID,89243.55
4288,7000004287,1000004287,20240211,TRANSFER,PAID,56029.05
4289,7000004288,1000004288,20240409,GATEWAY,PAID,28923.6
4290,7000004289,1000004289,20241205,CARD,PAID,71059.88
4291,7000004290,1000004290,20241124,CARD,PAID,58372.5
4292,7000004291,1000004291,20240209,CASH,PAID,45738.0
4293,7000004292,1000004292,20250601,GATEWAY,PAID,79245.0
4294,7000004293,1000004293,20250220,CARD,REFUNDED,13968.0
4295,7000004294,1000004294,20241227,TRANSFER,PAID,39930.0
4296,7000004295,1000004295,20240428,GATEWAY,PAID,30603.0
4297,7000004296,1000004296,20250203,GATEWAY,PAID,26813.28
4298,7000004297,1000004297,0,CARD,PENDING,14374.8
4299,7000004298,1000004298,20240921,CARD,PAID,15683.7
4300,7000004299,1000004299,20240513,CASH,REFUNDED,28967.4
4301,7000004300,1000004300,0,CARD,FAILED,53361.0
4302,7000004301,1000004301,20240416,CASH,REFUNDED,82691.4
4303,7000004302,1000004302,20240906,CASH,PAID,19565.7
4304,7000004303,1000004303,20241214,CARD,PAID,43777.8
4305,7000004304,1000004304,20240821,GATEWAY,PAID,40404.0
4306,7000004305,1000004305,20240708,CARD,PAID,31036.5
4307,7000004306,1000004306,20250723,CARD,PAID,15683.7
4308,7000004307,1000004307,20241204,CARD,PAID,17152.56
4309,7000004308,1000004308,20240215,GATEWAY,PAID,60843.24
4310,7000004309,1000004309,20250122,CARD,PAID,52927.5
4311,7000004310,1000004310,20250228,CARD,PAID,26136.0
4312,7000004311,1000004311,20241123,GATEWAY,PAID,21465.0
4313,7000004312,1000004312,20250108,CASH,PAID,12414.6
4314,7000004313,1000004313,20250614,CARD,PAID,33033.0
4315,7000004314,1000004314,20241021,CARD,PAID,29403.0
4316,7000004315,1000004315,20240622,GATEWAY,PAID,39133.5
4317,7000004316,1000004316,20250306,CARD,PAID,36474.0
4318,7000004317,1000004317,20250923,CARD,PAID,14268.0
4319,7000004318,1000004318,20240503,GATEWAY,PAID,18687.0
4320,7000004319,1000004319,20240906,GATEWAY,PAID,30492.0
4321,7000004320,1000004320,20240711,CARD,PAID,15294.0
4322,7000004321,1000004321,20240410,TRANSFER,PAID,44692.56
4323,7000004322,1000004322,20240817,GATEWAY,PAID,42282.0
4324,7000004323,1000004323,20250114,CARD,PAID,29040.0
4325,7000004324,1000004324,20240220,GATEWAY,PAID,39433.5
4326,7000004325,1000004325,20240906,GATEWAY,PAID,73800.0
4327,7000004326,1000004326,20240928,TRANSFER,PAID,60838.8
4328,7000004327,1000004327,20250119,TRANSFER,REFUNDED,35574.0
4329,7000004328,1000004328,20250806,GATEWAY,PAID,20765.7
4330,7000004329,1000004329,20240202,GATEWAY,PAID,19050.0
4331,7000004330,1000004330,20241106,GATEWAY,REFUNDED,68690.25
4332,7000004331,1000004331,20241108,CASH,PAID,92114.88
4333,7000004332,1000004332,20240112,GATEWAY,PAID,17535.0
4334,7000004333,1000004333,20241006,CARD,PAID,29940.0
4335,7000004334,1000004334,20240324,GATEWAY,PAID,60124.5
4336,7000004335,1000004335,0,CARD,FAILED,52736.4
4337,7000004336,1000004336,20250712,GATEWAY,PAID,30240.0
4338,7000004337,1000004337,20240421,CARD,PAID,33570.0
4339,7000004338,1000004338,20240319,CASH,PAID,19565.7
4340,7000004339,1000004339,20240619,CARD,PAID,91287.0
4341,7000004340,1000004340,20240217,GATEWAY,PAID,17535.0
4342,7000004341,1000004341,20250527,CARD,PAID,54401.28
4343,7000004342,1000004342,20240906,CARD,PAID,90343.2
4344,7000004343,1000004343,0,CARD,FAILED,42582.0
4345,7000004344,1000004344,20241111,CARD,PAID,36300.0
4346,7000004345,1000004345,20241015,TRANSFER,PAID,41382.0
4347,7000004346,1000004346,20250121,GATEWAY,REFUNDED,116125.8
4348,7000004347,1000004347,20250905,CARD,PAID,43588.8
4349,7000004348,1000004348,20250202,CARD,PAID,12661.2
4350,7000004349,1000004349,20250512,CARD,PAID,31082.16
4351,7000004350,1000004350,20250413,CARD,PAID,17787.0
4352,7000004351,1000004351,20240712,GATEWAY,REFUNDED,42282.0
4353,7000004352,1000004352,20250421,CARD,PAID,75032.1
4354,7000004353,1000004353,20241215,GATEWAY,PAID,59215.95
4355,7000004354,1000004354,20241126,CARD,REFUNDED,43451.1
4356,7000004355,1000004355,0,CASH,FAILED,17787.0
4357,7000004356,1000004356,20250719,CARD,PAID,79134.0
4358,7000004357,1000004357,20240518,CASH,PAID,36300.0
4359,7000004358,1000004358,20250425,CASH,PAID,32183.58
4360,7000004359,1000004359,20240528,CARD,PAID,18687.0
4361,7000004360,1000004360,0,GATEWAY,FAILED,37500.0
4362,7000004361,1000004361,20250215,CASH,PAID,35937.0
4363,7000004362,1000004362,20241229,GATEWAY,PAID,20466.75
4364,7000004363,1000004363,20241004,GATEWAY,PAID,47754.75
4365,7000004364,1000004364,20250121,CARD,PAID,84579.0
4366,7000004365,1000004365,20240713,CARD,PAID,43888.8
4367,7000004366,1000004366,20250719,GATEWAY,PAID,37243.8
4368,7000004367,1000004367,20240911,CARD,PAID,29040.0
4369,7000004368,1000004368,20240301,CARD,PAID,31082.16
4370,7000004369,1000004369,0,GATEWAY,FAILED,32064.6
4371,7000004370,1000004370,20240921,GATEWAY,PAID,29940.0
4372,7000004371,1000004371,20250715,CARD,PAID,14701.5
4373,7000004372,1000004372,20250712,GATEWAY,REFUNDED,27336.0
4374,7000004373,1000004373,20250616,CASH,PAID,35574.0
4375,7000004374,1000004374,0,CARD,FAILED,29486.25
4376,7000004375,1000004375,0,CARD,FAILED,44460.0
4377,7000004376,1000004376,20250213,CARD,PAID,27588.0
4378,7000004377,1000004377,20240325,GATEWAY,PAID,40104.0
4379,7000004378,1000004378,20250707,CARD,PAID,35503.5
4380,7000004379,1000004379,20240505,CARD,PAID,43560.0
4381,7000004380,1000004380,20250401,CARD,PAID,37409.25
4382,7000004381,1000004381,20240716,CASH,PAID,35937.0
4383,7000004382,1000004382,20250105,CARD,PAID,11761.2
4384,7000004383,1000004383,20240914,CARD,PAID,54442.5
4385,7000004384,1000004384,20250803,CARD,PAID,54561.0
4386,7000004385,1000004385,20250407,GATEWAY,PAID,36774.0
4387,7000004386,1000004386,0,CARD,FAILED,36774.0
4388,7000004387,1000004387,20240711,CARD,REFUNDED,81486.0
4389,7000004388,1000004388,0,GATEWAY,FAILED,31082.16
4390,7000004389,1000004389,20250509,CARD,PAID,38143.8
4391,7000004390,1000004390,20250720,CARD,PAID,19957.5
4392,7000004391,1000004391,20240525,CARD,PAID,71830.2
4393,7000004392,1000004392,20250917,CARD,PAID,19050.0
4394,7000004393,1000004393,20240219,CASH,PAID,38115.0
4395,7000004394,1000004394,20241104,CARD,PAID,41430.0
4396,7000004395,1000004395,20240703,CASH,PAID,32670.0
4397,7000004396,1000004396,20240926,TRANSFER,PAID,14520.0
4398,7000004397,1000004397,20250107,CARD,PAID,15841.08
4399,7000004398,1000004398,20250806,CARD,PAID,39204.0
4400,7000004399,1000004399,20250720,CASH,PAID,54595.2
4401,7000004400,1000004400,20250403,CARD,PAID,16746.0
4402,7000004401,1000004401,0,CASH,FAILED,61129.2
4403,7000004402,1000004402,20250411,CARD,PAID,29659.2
4404,7000004403,1000004403,20241202,CARD,PAID,49224.9
4405,7000004404,1000004404,20240129,CARD,PAID,91224.0
4406,7000004405,1000004405,20250413,CARD,PAID,12806.64
4407,7000004406,1000004406,20250811,CARD,PAID,36183.6
4408,7000004407,1000004407,20250305,CARD,PAID,13721.4
4409,7000004408,1000004408,20240613,CARD,PAID,17235.0
4410,7000004409,1000004409,20250517,GATEWAY,PAID,32670.0
4411,7000004410,1000004410,20240130,CARD,PAID,30857.1
4412,7000004411,1000004411,0,GATEWAY,FAILED,55350.0
4413,7000004412,1000004412,20240317,CARD,PAID,56029.05
4414,7000004413,1000004413,0,GATEWAY,FAILED,69443.48
4415,7000004414,1000004414,20250731,GATEWAY,PAID,50505.0
4416,7000004415,1000004415,20240217,CARD,PAID,52782.3
4417,7000004416,1000004416,20250405,CASH,PAID,54450.0
4418,7000004417,1000004417,20240926,CARD,PAID,44460.0
4419,7000004418,1000004418,20250513,CARD,PAID,81820.2
4420,7000004419,1000004419,20240911,CASH,PAID,96558.0
4421,7000004420,1000004420,20250430,CARD,PAID,55650.0
4422,7000004421,1000004421,20250424,GATEWAY,PAID,83664.0
4423,7000004422,1000004422,20250319,CARD,PAID,16418.25
4424,7000004423,1000004423,20250616,CARD,PAID,54861.0
4425,7000004424,1000004424,20240506,CARD,PAID,44324.4
4426,7000004425,1000004425,20250809,CARD,PAID,103992.0
4427,7000004426,1000004426,20250217,GATEWAY,PAID,13914.6
4428,7000004427,1000004427,20250914,GATEWAY,PAID,52927.5
4429,7000004428,1000004428,20240206,CARD,PAID,68280.3
4430,7000004429,1000004429,20250226,CARD,PAID,19576.35
4431,7000004430,1000004430,20250328,GATEWAY,PAID,42582.0
4432,7000004431,1000004431,20240630,CARD,PAID,18676.35
4433,7000004432,1000004432,20240423,GATEWAY,PAID,14621.4
4434,7000004433,1000004433,20250402,CARD,PAID,36183.6
4435,7000004434,1000004434,20240814,CASH,PAID,29040.0
4436,7000004435,1000004435,20240320,GATEWAY,PAID,52141.08
4437,7000004436,1000004436,20250601,CASH,PAID,70603.5
4438,7000004437,1000004437,20240708,GATEWAY,PAID,33444.0
4439,7000004438,1000004438,20240909,CARD,PAID,59817.24
4440,7000004439,1000004439,20250614,CASH,PAID,17242.5
4441,7000004440,1000004440,20240405,CARD,PAID,29403.0
4442,7000004441,1000004441,0,CARD,FAILED,79761.75
4443,7000004442,1000004442,20250908,GATEWAY,PAID,37200.0
4444,7000004443,1000004443,20240725,CARD,PAID,71685.0
4445,7000004444,1000004444,0,CARD,FAILED,18442.5
4446,7000004445,1000004445,20241217,CARD,REFUNDED,16335.0
4447,7000004446,1000004446,20241226,CASH,PAID,26136.0
4448,7000004447,1000004447,20240610,CASH,PAID,28459.2
4449,7000004448,1000004448,20240718,CASH,PAID,17242.5
4450,7000004449,1000004449,20250111,CARD,PAID,19468.5
4451,7000004450,1000004450,20240301,CARD,PAID,106177.5
4452,7000004451,1000004451,20250209,GATEWAY,PAID,31082.16
4453,7000004452,1000004452,20250428,CARD,PAID,95643.0
4454,7000004453,1000004453,20240812,CARD,PAID,99589.05
4455,7000004454,1000004454,20240626,CARD,PAID,14520.0
4456,7000004455,1000004455,20240223,GATEWAY,PAID,33516.6
4457,7000004456,1000004456,20240723,CARD,PAID,28788.0
4458,7000004457,1000004457,20250210,CARD,PAID,16872.0
4459,7000004458,1000004458,20250317,GATEWAY,PAID,42364.2
4460,7000004459,1000004459,0,CASH,FAILED,28749.6
4461,7000004460,1000004460,20240704,CASH,PAID,17242.5
4462,7000004461,1000004461,20250318,GATEWAY,PAID,16141.08
4463,7000004462,1000004462,20250414,CARD,PAID,52627.5
4464,7000004463,1000004463,20250507,CASH,PAID,18150.0
4465,7000004464,1000004464,20250419,CARD,PAID,42582.0
4466,7000004465,1000004465,20250625,CARD,PAID,16335.0
4467,7000004466,1000004466,20240203,CARD,REFUNDED,135928.98
4468,7000004467,1000004467,20250817,CARD,PAID,67747.5
4469,7000004468,1000004468,20240823,GATEWAY,PAID,52627.5
4470,7000004469,1000004469,0,GATEWAY,FAILED,60795.0
4471,7000004470,1000004470,20240526,CARD,PAID,19604.62
4472,7000004471,1000004471,20241007,GATEWAY,PAID,52927.5
4473,7000004472,1000004472,20241115,CARD,REFUNDED,29359.2
4474,7000004473,1000004473,0,GATEWAY,FAILED,108212.4
4475,7000004474,1000004474,20250114,CARD,REFUNDED,42688.8
4476,7000004475,1000004475,20250706,CARD,REFUNDED,101388.0
4477,7000004476,1000004476,20240504,CARD,PAID,27588.0
4478,7000004477,1000004477,20240330,TRANSFER,PAID,35283.6
4479,7000004478,1000004478,20250924,CARD,PAID,55650.0
4480,7000004479,1000004479,20240117,CARD,PAID,66966.0
4481,7000004480,1000004480,20250127,GATEWAY,PAID,19050.0
4482,7000004481,1000004481,20240509,CARD,PAID,33870.0
4483,7000004482,1000004482,20250705,CARD,PAID,42282.0
4484,7000004483,1000004483,20240731,CARD,PAID,124974.45
4485,7000004484,1000004484,20240206,CARD,PAID,48642.0
4486,7000004485,1000004485,20241001,CARD,PAID,14268.0
4487,7000004486,1000004486,20250622,TRANSFER,PAID,14520.0
4488,7000004487,1000004487,20240511,CARD,PAID,13794.0
4489,7000004488,1000004488,20250914,CARD,PAID,48054.22
4490,7000004489,1000004489,20250311,GATEWAY,PAID,16335.0
4491,7000004490,1000004490,20241226,CARD,PAID,42582.0
4492,7000004491,1000004491,20241005,TRANSFER,PAID,34485.0
4493,7000004492,1000004492,20250804,CASH,PAID,140372.1
4494,7000004493,1000004493,20241021,CASH,PAID,15246.0
4495,7000004494,1000004494,20250712,CARD,PAID,16335.0
4496,7000004495,1000004495,20250903,CARD,PAID,87748.8
4497,7000004496,1000004496,20250202,CASH,PAID,38419.92
4498,7000004497,1000004497,20250923,GATEWAY,PAID,54261.0
4499,7000004498,1000004498,20250519,CARD,PAID,69144.0
4500,7000004499,1000004499,20241226,CARD,PAID,43451.1
4501,7000004500,1000004500,20240826,CARD,PAID,15246.0
4502,7000004501,1000004501,20240726,GATEWAY,PAID,14994.0
4503,7000004502,1000004502,20250515,CASH,PAID,37933.5
4504,7000004503,1000004503,0,CARD,FAILED,67971.75
4505,7000004504,1000004504,20240407,CARD,PAID,78093.0
4506,7000004505,1000004505,20250407,CARD,PAID,39204.0
4507,7000004506,1000004506,20240910,GATEWAY,PAID,98010.0
4508,7000004507,1000004507,20240607,CARD,PAID,63249.12
4509,7000004508,1000004508,20240919,CARD,PAID,55650.0
4510,7000004509,1000004509,20240401,CARD,PAID,18142.5
4511,7000004510,1000004510,20240616,CASH,PAID,59931.3
4512,7000004511,1000004511,20241009,CASH,PAID,53201.28
4513,7000004512,1000004512,20240606,CARD,PAID,79888.8
4514,7000004513,1000004513,20250828,GATEWAY,PAID,30240.0
4515,7000004514,1000004514,0,CARD,FAILED,31305.12
4516,7000004515,1000004515,20250104,GATEWAY,REFUNDED,52627.5
4517,7000004516,1000004516,0,CARD,FAILED,33570.0
4518,7000004517,1000004517,20240309,CASH,PAID,37243.8
4519,7000004518,1000004518,20240524,GATEWAY,PAID,32236.5
4520,7000004519,1000004519,20250830,CARD,REFUNDED,58806.0
4521,7000004520,1000004520,20241219,CARD,PAID,114101.55
4522,7000004521,1000004521,20240915,GATEWAY,PAID,15246.0
4523,7000004522,1000004522,20250629,TRANSFER,PAID,49005.0
4524,7000004523,1000004523,20241218,CARD,PAID,36183.6
4525,7000004524,1000004524,20250524,CARD,PAID,46420.2
4526,7000004525,1000004525,20250124,CARD,PAID,43308.0
4527,7000004526,1000004526,0,CASH,FAILED,29040.0
4528,7000004527,1000004527,20240512,CARD,PAID,28749.6
4529,7000004528,1000004528,20240904,CARD,PAID,14229.6
4530,7000004529,1000004529,20241029,CARD,PAID,28408.14
4531,7000004530,1000004530,20240411,TRANSFER,PAID,90517.68
4532,7000004531,1000004531,20241021,CARD,PAID,14229.6
4533,7000004532,1000004532,20250211,TRANSFER,PAID,31944.0
4534,7000004533,1000004533,20240501,GATEWAY,PAID,19350.0
4535,7000004534,1000004534,20241107,CARD,REFUNDED,39204.0
4536,7000004535,1000004535,20240222,CARD,PAID,40031.4
4537,7000004536,1000004536,20250224,GATEWAY,PAID,36783.6
4538,7000004537,1000004537,20250306,CASH,PAID,89243.55
4539,7000004538,1000004538,20250628,GATEWAY,PAID,71413.8
4540,7000004539,1000004539,20250220,TRANSFER,PAID,52272.0
4541,7000004540,1000004540,20240408,CARD,PAID,45738.0
4542,7000004541,1000004541,20250108,CARD,PAID,36300.0
4543,7000004542,1000004542,0,CARD,FAILED,29088.0
4544,7000004543,1000004543,20240127,GATEWAY,REFUNDED,40404.0
4545,7000004544,1000004544,20250522,CASH,REFUNDED,12806.64
4546,7000004545,1000004545,20250217,CASH,PAID,74052.0
4547,7000004546,1000004546,0,CARD,FAILED,53361.0
4548,7000004547,1000004547,20250623,CARD,REFUNDED,14229.6
4549,7000004548,1000004548,20250914,CARD,PAID,41382.0
4550,7000004549,1000004549,20241120,TRANSFER,PAID,12414.6
4551,7000004550,1000004550,20250519,GATEWAY,PAID,15420.0
4552,7000004551,1000004551,20240703,CASH,PAID,76593.0
4553,7000004552,1000004552,20250827,CASH,PAID,70893.9
4554,7000004553,1000004553,20240321,GATEWAY,PAID,93765.0
4555,7000004554,1000004554,20250102,GATEWAY,PAID,33570.0
4556,7000004555,1000004555,20250318,CARD,PAID,69841.2
4557,7000004556,1000004556,20250727,GATEWAY,PAID,67692.0
4558,7000004557,1000004557,20241012,CARD,PAID,58951.2
4559,7000004558,1000004558,20241206,CARD,PAID,15720.0
4560,7000004559,1000004559,20250729,CARD,PAID,26136.0
4561,7000004560,1000004560,0,GATEWAY,FAILED,99546.3
4562,7000004561,1000004561,20240524,GATEWAY,PAID,90379.5
4563,7000004562,1000004562,20240328,CARD,PAID,39204.0
4564,7000004563,1000004563,20250222,CARD,PAID,19287.0
4565,7000004564,1000004564,20250717,CARD,PAID,36300.0
4566,7000004565,1000004565,20240920,GATEWAY,PAID,53361.0
4567,7000004566,1000004566,20250221,CARD,PAID,61502.85
4568,7000004567,1000004567,20240911,CARD,PAID,32236.5
4569,7000004568,1000004568,20240814,CASH,PAID,90205.5
4570,7000004569,1000004569,20250526,CARD,REFUNDED,33870.0
4571,7000004570,1000004570,20240627,GATEWAY,PAID,39204.0
4572,7000004571,1000004571,0,CARD,FAILED,49513.2
4573,7000004572,1000004572,20250610,CASH,PAID,82764.0
4574,7000004573,1000004573,20241222,GATEWAY,PAID,45186.0
4575,7000004574,1000004574,20250408,CASH,PAID,39204.0
4576,7000004575,1000004575,20240514,CARD,PAID,14701.5
4577,7000004576,1000004576,20240930,CARD,PAID,85270.8
4578,7000004577,1000004577,20250920,CARD,PAID,55495.2
4579,7000004578,1000004578,20250714,CARD,PAID,58072.5
4580,7000004579,1000004579,20240822,CARD,PAID,57465.0
4581,7000004580,1000004580,20240118,CARD,PAID,53046.0
4582,7000004581,1000004581,20240802,CASH,PAID,57470.16
4583,7000004582,1000004582,0,CARD,FAILED,29040.0
4584,7000004583,1000004583,20240929,CARD,PAID,49005.0
4585,7000004584,1000004584,20240429,GATEWAY,PAID,15420.0
4586,7000004585,1000004585,20241215,CARD,PAID,16852.56
4587,7000004586,1000004586,20250330,CASH,PAID,79497.0
4588,7000004587,1000004587,20241001,CARD,PAID,18442.5
4589,7000004588,1000004588,20250714,TRANSFER,PAID,14483.7
4590,7000004589,1000004589,20250222,CASH,PAID,36300.0
4591,7000004590,1000004590,20250808,CARD,PAID,92746.5
4592,7000004591,1000004591,20240421,CASH,PAID,41382.0
4593,7000004592,1000004592,20240903,CARD,PAID,13068.0
4594,7000004593,1000004593,20250704,GATEWAY,PAID,58617.0
4595,7000004594,1000004594,20250105,GATEWAY,PAID,44024.4
4596,7000004595,1000004595,20250519,TRANSFER,PAID,29040.0
4597,7000004596,1000004596,20250919,GATEWAY,PAID,35503.5
4598,7000004597,1000004597,20250815,CASH,PAID,38419.92
4599,7000004598,1000004598,20250116,CASH,PAID,29657.1
4600,7000004599,1000004599,20250402,CARD,PAID,32670.0
4601,7000004600,1000004600,20240829,CARD,PAID,26029.2
4602,7000004601,1000004601,20240705,GATEWAY,PAID,52627.5
4603,7000004602,1000004602,20250205,GATEWAY,PAID,21165.0
4604,7000004603,1000004603,20240303,GATEWAY,PAID,49224.9
4605,7000004604,1000004604,20240718,CARD,PAID,54188.64
4606,7000004605,1000004605,20250222,CARD,PAID,18987.0
4607,7000004606,1000004606,20240114,CASH,PAID,74052.0
4608,7000004607,1000004607,0,CASH,FAILED,27588.0
4609,7000004608,1000004608,20240408,CARD,PAID,120691.05
4610,7000004609,1000004609,20250826,GATEWAY,PAID,15429.6
4611,7000004610,1000004610,20240721,CARD,PAID,46023.24
4612,7000004611,1000004611,20240802,CARD,PAID,31305.12
4613,7000004612,1000004612,20250511,CARD,PAID,29040.0
4614,7000004613,1000004613,20250207,CARD,PAID,30540.0
4615,7000004614,1000004614,20240917,CARD,PAID,16335.0
4616,7000004615,1000004615,20250731,GATEWAY,REFUNDED,33870.0
4617,7000004616,1000004616,20250904,CARD,PAID,51727.5
4618,7000004617,1000004617,20240731,CARD,PAID,19050.0
4619,7000004618,1000004618,20250114,CASH,PAID,14520.0
4620,7000004619,1000004619,20240412,CASH,PAID,17787.0
4621,7000004620,1000004620,0,CASH,PENDING,57172.5
4622,7000004621,1000004621,20240907,CARD,PAID,38115.0
4623,7000004622,1000004622,20240121,GATEWAY,PAID,30303.0
4624,7000004623,1000004623,20250919,CASH,PAID,46554.75
4625,7000004624,1000004624,20240217,TRANSFER,PAID,79860.0
4626,7000004625,1000004625,20250426,CARD,PAID,29940.0
4627,7000004626,1000004626,20250719,CARD,PAID,17208.3
4628,7000004627,1000004627,20250203,GATEWAY,PAID,28342.8
4629,7000004628,1000004628,20250520,TRANSFER,PAID,42688.8
4630,7000004629,1000004629,20240130,CASH,PAID,18150.0
4631,7000004630,1000004630,20250423,CARD,PAID,39204.0
4632,7000004631,1000004631,0,CARD,FAILED,15129.6
4633,7000004632,1000004632,20250902,GATEWAY,PAID,105580.12
4634,7000004633,1000004633,20241222,CARD,PAID,74487.6
4635,7000004634,1000004634,20240531,CARD,PAID,27336.0
4636,7000004635,1000004635,20250122,CARD,PAID,18442.5
4637,7000004636,1000004636,20240602,CARD,PAID,27336.0
4638,7000004637,1000004637,20240109,CARD,PAID,47916.0
4639,7000004638,1000004638,20250225,GATEWAY,PAID,17151.75
4640,7000004639,1000004639,20240903,CARD,PAID,31305.12
4641,7000004640,1000004640,20240319,CARD,PAID,27036.0
4642,7000004641,1000004641,20240117,CARD,PAID,30249.6
4643,7000004642,1000004642,20250928,GATEWAY,PAID,14994.0
4644,7000004643,1000004643,20240412,TRANSFER,PAID,30346.8
4645,7000004644,1000004644,0,CASH,FAILED,26136.0
4646,7000004645,1000004645,20240725,GATEWAY,PAID,43560.0
4647,7000004646,1000004646,20240716,CARD,PAID,28488.0
4648,7000004647,1000004647,20241126,CARD,PAID,39615.0
4649,7000004648,1000004648,20240202,CASH,PAID,46554.75
4650,7000004649,1000004649,20240920,CASH,REFUNDED,36300.0
4651,7000004650,1000004650,20240529,CARD,PAID,15420.0
4652,7000004651,1000004651,20240821,CASH,PAID,35283.6
4653,7000004652,1000004652,20240510,CARD,PAID,87120.0
4654,7000004653,1000004653,20240624,GATEWAY,PAID,45723.24
4655,7000004654,1000004654,0,CARD,FAILED,15173.4
4656,7000004655,1000004655,20241210,GATEWAY,PAID,15429.6
4657,7000004656,1000004656,20250411,CARD,PAID,49524.9
4658,7000004657,1000004657,20240727,GATEWAY,PAID,42282.0
4659,7000004658,1000004658,20240927,CARD,PAID,33098.62
4660,7000004659,1000004659,0,GATEWAY,PENDING,68609.62
4661,7000004660,1000004660,0,GATEWAY,PENDING,13968.0
4662,7000004661,1000004661,0,CARD,FAILED,44351.1
4663,7000004662,1000004662,20250505,CARD,PAID,74197.2
4664,7000004663,1000004663,20241020,CARD,PAID,39204.0
4665,7000004664,1000004664,20240711,CARD,PAID,14941.08
4666,7000004665,1000004665,20250916,CARD,PAID,27588.0
4667,7000004666,1000004666,20240202,CARD,PAID,43603.56
4668,7000004667,1000004667,20250210,CASH,PAID,29882.16
4669,7000004668,1000004668,20240519,CARD,PAID,18687.0
4670,7000004669,1000004669,20250925,GATEWAY,PAID,26029.2
4671,7000004670,1000004670,20240716,CARD,PAID,42664.2
4672,7000004671,1000004671,20241202,CARD,PAID,52927.5
4673,7000004672,1000004672,20250702,CARD,PAID,50505.0
4674,7000004673,1000004673,20240827,CASH,PAID,39204.0
4675,7000004674,1000004674,20250807,CASH,PAID,15518.25
4676,7000004675,1000004675,20240314,CASH,PAID,18150.0
4677,7000004676,1000004676,20250922,GATEWAY,PAID,47238.0
4678,7000004677,1000004677,0,CARD,PENDING,44024.4
4679,7000004678,1000004678,20250309,CASH,PAID,17242.5
4680,7000004679,1000004679,20240527,CARD,REFUNDED,29659.2
4681,7000004680,1000004680,20250112,CARD,PAID,53227.5
4682,7000004681,1000004681,20250924,CARD,PAID,29040.0
4683,7000004682,1000004682,20250803,TRANSFER,PAID,67953.6
4684,7000004683,1000004683,20240228,GATEWAY,PAID,14694.0
4685,7000004684,1000004684,20240514,GATEWAY,PAID,36474.0
4686,7000004685,1000004685,20240924,CASH,PAID,56029.05
4687,7000004686,1000004686,20240612,TRANSFER,PAID,31305.12
4688,7000004687,1000004687,20250225,CARD,PAID,44187.75
4689,7000004688,1000004688,20250423,CARD,PAID,48099.6
4690,7000004689,1000004689,20240923,CARD,PAID,93555.75
4691,7000004690,1000004690,20240415,GATEWAY,PAID,15420.0
4692,7000004691,1000004691,20240605,CASH,PAID,17787.0
4693,7000004692,1000004692,20250519,CARD,PAID,87846.0
4694,7000004693,1000004693,20250504,GATEWAY,PAID,64725.0
4695,7000004694,1000004694,20240622,CARD,PAID,78168.18
4696,7000004695,1000004695,20250822,CARD,REFUNDED,32844.0
4697,7000004696,1000004696,20240325,CASH,PAID,13068.0
4698,7000004697,1000004697,20250818,CARD,PAID,13794.0
4699,7000004698,1000004698,20240307,CARD,REFUNDED,30346.8
4700,7000004699,1000004699,20240315,CARD,PAID,42582.0
4701,7000004700,1000004700,20250922,CARD,PAID,44351.1
4702,7000004701,1000004701,20250612,CARD,PAID,31382.16
4703,7000004702,1000004702,20250515,CARD,PAID,52355.25
4704,7000004703,1000004703,0,GATEWAY,FAILED,14994.0
4705,7000004704,1000004704,20241126,CASH,PAID,59731.65
4706,7000004705,1000004705,20241028,TRANSFER,PAID,35574.0
4707,7000004706,1000004706,20250519,CARD,PAID,61821.0
4708,7000004707,1000004707,20240128,CARD,PAID,29659.2
4709,7000004708,1000004708,20240722,TRANSFER,PAID,35392.5
4710,7000004709,1000004709,20250404,CASH,PAID,43560.0
4711,7000004710,1000004710,20250208,CARD,PAID,42882.0
4712,7000004711,1000004711,20240310,CASH,REFUNDED,73529.28
4713,7000004712,1000004712,20250212,CASH,PAID,32670.0
4714,7000004713,1000004713,0,TRANSFER,PENDING,29040.0
4715,7000004714,1000004714,20240723,GATEWAY,PAID,113241.24
4716,7000004715,1000004715,20250305,GATEWAY,PAID,48380.64
4717,7000004716,1000004716,20240926,CARD,PAID,14921.4
4718,7000004717,1000004717,20240701,TRANSFER,PAID,110293.92
4719,7000004718,1000004718,20250804,CASH,PAID,30492.0
4720,7000004719,1000004719,20240718,CARD,PAID,14701.5
4721,7000004720,1000004720,20240811,CARD,PAID,55650.0
4722,7000004721,1000004721,0,CASH,FAILED,49186.5
4723,7000004722,1000004722,20240415,CASH,PAID,15173.4
4724,7000004723,1000004723,20250606,CARD,REFUNDED,51455.25
4725,7000004724,1000004724,20240610,TRANSFER,PAID,37352.7
4726,7000004725,1000004725,20240611,CASH,PAID,16335.0
4727,7000004726,1000004726,20240506,CARD,PAID,54261.0
4728,7000004727,1000004727,20250807,CASH,PAID,17787.0
4729,7000004728,1000004728,20250126,CARD,PAID,36774.0
4730,7000004729,1000004729,0,CARD,FAILED,54624.0
4731,7000004730,1000004730,20250403,CASH,PAID,49005.0
4732,7000004731,1000004731,20250902,CARD,REFUNDED,13068.0
4733,7000004732,1000004732,20250313,CASH,PAID,46827.0
4734,7000004733,1000004733,20240513,TRANSFER,PAID,53905.5
4735,7000004734,1000004734,20250204,CARD,PAID,12414.6
4736,7000004735,1000004735,20240514,GATEWAY,PAID,39930.0
4737,7000004736,1000004736,20240717,CARD,PAID,46323.24
4738,7000004737,1000004737,20240729,TRANSFER,REFUNDED,42471.0
4739,7000004738,1000004738,20250815,CARD,PAID,88699.05
4740,7000004739,1000004739,20250108,CARD,PAID,26136.0
4741,7000004740,1000004740,20240301,CASH,PAID,42688.8
4742,7000004741,1000004741,20240720,GATEWAY,PAID,73689.0
4743,7000004742,1000004742,20241106,GATEWAY,PAID,92565.0
4744,7000004743,1000004743,20250309,CARD,PAID,43588.8
4745,7000004744,1000004744,0,CASH,FAILED,70785.0
4746,7000004745,1000004745,20250704,CARD,PAID,39204.0
4747,7000004746,1000004746,20250924,CARD,PAID,46420.2
4748,7000004747,1000004747,20240814,CASH,REFUNDED,62857.08
4749,7000004748,1000004748,20250204,CARD,PAID,33570.0
4750,7000004749,1000004749,20240610,CARD,PAID,71420.25
4751,7000004750,1000004750,20240610,CARD,PAID,84942.0
4752,7000004751,1000004751,0,CARD,FAILED,71341.2
4753,7000004752,1000004752,20250430,CASH,PAID,53687.7
4754,7000004753,1000004753,20241129,CASH,PAID,42834.0
4755,7000004754,1000004754,20250520,CARD,PAID,95943.0
4756,7000004755,1000004755,20250604,TRANSFER,PAID,26136.0
4757,7000004756,1000004756,20240702,GATEWAY,PAID,28788.0
4758,7000004757,1000004757,20240423,CARD,PAID,15518.25
4759,7000004758,1000004758,20250428,CARD,PAID,18966.75
4760,7000004759,1000004759,20250108,CASH,PAID,39204.0
4761,7000004760,1000004760,0,GATEWAY,PENDING,18687.0
4762,7000004761,1000004761,0,CASH,FAILED,29040.0
4763,7000004762,1000004762,20240906,CARD,PAID,20557.5
4764,7000004763,1000004763,20240204,CARD,PAID,15720.0
4765,7000004764,1000004764,20250624,CARD,PAID,28967.4
4766,7000004765,1000004765,20240416,CARD,PAID,35685.0
4767,7000004766,1000004766,20240325,CASH,PAID,45738.0
4768,7000004767,1000004767,20240829,CARD,PAID,31546.8
4769,7000004768,1000004768,20240112,GATEWAY,PAID,15720.0
4770,7000004769,1000004769,20250902,CASH,PAID,30346.8
4771,7000004770,1000004770,20240113,CARD,PAID,30492.0
4772,7000004771,1000004771,20240331,GATEWAY,PAID,51727.5
4773,7000004772,1000004772,20240218,CASH,PAID,53361.0
4774,7000004773,1000004773,0,GATEWAY,PENDING,49269.75
4775,7000004774,1000004774,20240710,GATEWAY,PAID,35385.0
4776,7000004775,1000004775,20250224,GATEWAY,PAID,27036.0
4777,7000004776,1000004776,20240503,GATEWAY,PAID,110845.68
4778,7000004777,1000004777,20241112,CARD,PAID,44823.24
4779,7000004778,1000004778,20250806,CARD,PAID,13794.0
4780,7000004779,1000004779,20250414,CARD,PAID,12661.2
4781,7000004780,1000004780,20240806,GATEWAY,PAID,29088.0
4782,7000004781,1000004781,20241014,CARD,PAID,64178.4
4783,7000004782,1000004782,20250611,CARD,PAID,46275.0
4784,7000004783,1000004783,20240628,CARD,PAID,53361.0
4785,7000004784,1000004784,20240717,GATEWAY,PAID,15129.6
4786,7000004785,1000004785,20240725,CARD,PAID,54450.0
4787,7000004786,1000004786,20240901,CARD,PAID,40404.0
4788,7000004787,1000004787,20250426,TRANSFER,PAID,39204.0
4789,7000004788,1000004788,20241116,CARD,PAID,38115.0
4790,7000004789,1000004789,0,CARD,PENDING,37500.0
4791,7000004790,1000004790,20250513,CASH,PAID,23522.4
4792,7000004791,1000004791,20250411,CARD,PAID,57172.5
4793,7000004792,1000004792,20250613,GATEWAY,PAID,28749.6
4794,7000004793,1000004793,20240630,TRANSFER,REFUNDED,18150.0
4795,7000004794,1000004794,20240327,CASH,PAID,43487.4
4796,7000004795,1000004795,20241202,CASH,PAID,36300.0
4797,7000004796,1000004796,20250101,GATEWAY,PAID,79605.9
4798,7000004797,1000004797,20250401,TRANSFER,REFUNDED,14520.0
4799,7000004798,1000004798,20250315,CARD,PAID,86142.0
4800,7000004799,1000004799,20240614,CARD,PAID,52816.5
4801,7000004800,1000004800,20241115,CARD,PAID,87846.0
4802,7000004801,1000004801,0,CARD,FAILED,29359.2
4803,7000004802,1000004802,20250504,GATEWAY,PAID,41382.0
4804,7000004803,1000004803,0,CASH,FAILED,71728.8
4805,7000004804,1000004804,20241106,GATEWAY,PAID,29359.2
4806,7000004805,1000004805,20240627,CARD,PAID,33144.0
4807,7000004806,1000004806,20240224,CARD,PAID,45738.0
4808,7000004807,1000004807,20250406,GATEWAY,PAID,40104.0
4809,7000004808,1000004808,20241221,CARD,PAID,42364.2
4810,7000004809,1000004809,20240808,CARD,PAID,13068.0
4811,7000004810,1000004810,20240322,CARD,PAID,40104.0
4812,7000004811,1000004811,20250209,CARD,PAID,30782.16
4813,7000004812,1000004812,0,CASH,FAILED,39204.0
4814,7000004813,1000004813,20240210,GATEWAY,PAID,28488.0
4815,7000004814,1000004814,20240510,CARD,PAID,38707.5
4816,7000004815,1000004815,20250714,CASH,REFUNDED,35574.0
4817,7000004816,1000004816,0,CARD,FAILED,38552.7
4818,7000004817,1000004817,20240217,GATEWAY,PAID,53227.5
4819,7000004818,1000004818,20250217,GATEWAY,PAID,53227.5
4820,7000004819,1000004819,20241211,GATEWAY,REFUNDED,14268.0
4821,7000004820,1000004820,20240428,TRANSFER,PAID,29040.0
4822,7000004821,1000004821,20250418,CARD,PAID,44024.4
4823,7000004822,1000004822,20240815,CARD,PAID,62799.0
4824,7000004823,1000004823,20240803,GATEWAY,PAID,49905.0
4825,7000004824,1000004824,20240612,GATEWAY,PAID,71476.8
4826,7000004825,1000004825,20250228,GATEWAY,PAID,24422.4
4827,7000004826,1000004826,0,CARD,FAILED,49116.0
4828,7000004827,1000004827,20241011,CARD,PAID,26136.0
4829,7000004828,1000004828,20250828,CARD,PAID,17151.75
4830,7000004829,1000004829,20240523,CASH,PAID,123783.0
4831,7000004830,1000004830,20250207,CARD,PAID,18966.75
4832,7000004831,1000004831,20250602,CARD,PAID,78872.4
4833,7000004832,1000004832,20240318,GATEWAY,PAID,112423.2
4834,7000004833,1000004833,20250116,CARD,PAID,34485.0
4835,7000004834,1000004834,20240828,GATEWAY,PAID,41042.88
4836,7000004835,1000004835,20250726,CASH,PAID,53361.0
4837,7000004836,1000004836,20241010,CARD,PAID,69502.08
4838,7000004837,1000004837,20250702,CASH,PAID,39204.0
4839,7000004838,1000004838,20240202,CARD,PAID,37243.8
4840,7000004839,1000004839,0,CARD,FAILED,86974.8
4841,7000004840,1000004840,20241208,CARD,PAID,70823.4
4842,7000004841,1000004841,20240123,CARD,PAID,53135.7
4843,7000004842,1000004842,20240403,CARD,PAID,71148.0
4844,7000004843,1000004843,20250331,GATEWAY,PAID,53905.5
4845,7000004844,1000004844,0,CASH,FAILED,51909.0
4846,7000004845,1000004845,20240725,CASH,PAID,28459.2
4847,7000004846,1000004846,20240916,CARD,PAID,114345.0
4848,7000004847,1000004847,20240528,TRANSFER,PAID,34485.0
4849,7000004848,1000004848,20250921,CASH,PAID,32670.0
4850,7000004849,1000004849,20250815,GATEWAY,PAID,27336.0
4851,7000004850,1000004850,20240302,CASH,PAID,16335.0
4852,7000004851,1000004851,20250224,CARD,PAID,30346.8
4853,7000004852,1000004852,20241017,CARD,PAID,21465.0
4854,7000004853,1000004853,20250309,TRANSFER,PAID,79860.0
4855,7000004854,1000004854,20240531,CASH,PAID,32670.0
4856,7000004855,1000004855,20250214,CARD,PAID,41130.0
4857,7000004856,1000004856,20241217,TRANSFER,PAID,97138.8
4858,7000004857,1000004857,20250216,CASH,PAID,18150.0
4859,7000004858,1000004858,20241111,CASH,PAID,49005.0
4860,7000004859,1000004859,20240816,CASH,PAID,26136.0
4861,7000004860,1000004860,0,CASH,FAILED,52272.0
4862,7000004861,1000004861,20240828,CARD,PAID,56802.0
4863,7000004862,1000004862,20240325,TRANSFER,PAID,31944.0
4864,7000004863,1000004863,20240420,CARD,PAID,42688.8
4865,7000004864,1000004864,20250831,TRANSFER,PAID,95015.25
4866,7000004865,1000004865,20241230,CARD,PAID,81675.0
4867,7000004866,1000004866,20241217,CASH,PAID,46554.75
4868,7000004867,1000004867,0,CASH,FAILED,26136.0
4869,7000004868,1000004868,20240509,CASH,PAID,28749.6
4870,7000004869,1000004869,20240804,CARD,REFUNDED,39133.5
4871,7000004870,1000004870,20250608,TRANSFER,PAID,29040.0
4872,7000004871,1000004871,20250224,TRANSFER,REFUNDED,17787.0
4873,7000004872,1000004872,20250910,CARD,PAID,76812.9
4874,7000004873,1000004873,20250613,CARD,PAID,33577.5
4875,7000004874,1000004874,20250102,GATEWAY,PAID,49186.78
4876,7000004875,1000004875,20240129,CARD,PAID,13721.4
4877,7000004876,1000004876,20240922,GATEWAY,PAID,58372.5
4878,7000004877,1000004877,20240512,CARD,PAID,13794.0
4879,7000004878,1000004878,20240122,CARD,PAID,19057.5
4880,7000004879,1000004879,20240822,CASH,PAID,46554.75
4881,7000004880,1000004880,20250911,CARD,PAID,49005.0
4882,7000004881,1000004881,20240422,CARD,PAID,75745.68
4883,7000004882,1000004882,20250902,CARD,PAID,33933.0
4884,7000004883,1000004883,20250102,CASH,REFUNDED,83373.84
4885,7000004884,1000004884,20250813,CARD,PAID,72420.6
4886,7000004885,1000004885,20240718,CARD,PAID,26029.2
4887,7000004886,1000004886,20241020,CARD,REFUNDED,29959.2
4888,7000004887,1000004887,20241101,CARD,PAID,42582.0
4889,7000004888,1000004888,20241007,CARD,PAID,43888.8
4890,7000004889,1000004889,20240727,CASH,PAID,51727.5
4891,7000004890,1000004890,20240803,CARD,PAID,29959.2
4892,7000004891,1000004891,20240806,CARD,PAID,28788.0
4893,7000004892,1000004892,20250407,CARD,PAID,35685.0
4894,7000004893,1000004893,20241205,CARD,PAID,59895.0
4895,7000004894,1000004894,20250508,TRANSFER,PAID,33033.0
4896,7000004895,1000004895,20250124,CARD,PAID,37074.0
4897,7000004896,1000004896,20241206,CARD,PAID,15246.0
4898,7000004897,1000004897,20240128,GATEWAY,PAID,18742.5
4899,7000004898,1000004898,20250828,CARD,PAID,34485.0
4900,7000004899,1000004899,20250821,GATEWAY,PAID,13968.0
4901,7000004900,1000004900,20250415,CARD,PAID,36183.6
4902,7000004901,1000004901,20250201,GATEWAY,PAID,13068.0
4903,7000004902,1000004902,20241024,CARD,PAID,54861.0
4904,7000004903,1000004903,20240814,CARD,PAID,30492.0
4905,7000004904,1000004904,20240819,CASH,PAID,14374.8
4906,7000004905,1000004905,20240122,GATEWAY,PAID,33144.0
4907,7000004906,1000004906,0,CARD,PENDING,73437.0
4908,7000004907,1000004907,20250430,CASH,PAID,54313.88
4909,7000004908,1000004908,0,CASH,FAILED,41382.0
4910,7000004909,1000004909,0,CASH,PENDING,57898.5
4911,7000004910,1000004910,20241007,GATEWAY,PAID,42717.6
4912,7000004911,1000004911,0,CARD,FAILED,19050.0
4913,7000004912,1000004912,20250513,CARD,PAID,29882.16
4914,7000004913,1000004913,20240511,GATEWAY,PAID,44614.8
4915,7000004914,1000004914,20250915,CARD,PAID,29882.16
4916,7000004915,1000004915,20250209,CASH,REFUNDED,28459.2
4917,7000004916,1000004916,20250714,CARD,PAID,40104.0
4918,7000004917,1000004917,20250503,CASH,PAID,14520.0
4919,7000004918,1000004918,0,GATEWAY,FAILED,35685.0
4920,7000004919,1000004919,20250724,CASH,PAID,29040.0
4921,7000004920,1000004920,20240903,GATEWAY,PAID,40404.0
4922,7000004921,1000004921,20241016,CASH,PAID,86983.88
4923,7000004922,1000004922,0,CASH,FAILED,77740.08
4924,7000004923,1000004923,0,CARD,PENDING,36300.0
4925,7000004924,1000004924,20240215,CARD,PAID,68355.0
4926,7000004925,1000004925,20240825,CARD,PAID,19057.5
4927,7000004926,1000004926,20240229,CARD,PAID,17242.5
4928,7000004927,1000004927,20240128,GATEWAY,PAID,15901.5
4929,7000004928,1000004928,20240409,CARD,PAID,43888.8
4930,7000004929,1000004929,20250506,CASH,PAID,28459.2
4931,7000004930,1000004930,20250907,CASH,PAID,17787.0
4932,7000004931,1000004931,20250514,GATEWAY,REFUNDED,19350.0
4933,7000004932,1000004932,20240311,GATEWAY,PAID,44460.0
4934,7000004933,1000004933,20250512,CARD,PAID,41164.2
4935,7000004934,1000004934,20240827,CARD,PAID,40404.0
4936,7000004935,1000004935,20240502,CARD,PAID,66247.5
4937,7000004936,1000004936,20240118,CASH,PAID,26136.0
4938,7000004937,1000004937,20241010,GATEWAY,PAID,40104.0
4939,7000004938,1000004938,20240424,CASH,REFUNDED,14229.6
4940,7000004939,1000004939,20250318,GATEWAY,PAID,96487.5
4941,7000004940,1000004940,20250818,GATEWAY,REFUNDED,27636.0
4942,7000004941,1000004941,0,CASH,FAILED,42471.0
4943,7000004942,1000004942,20240913,CARD,PAID,46554.75
4944,7000004943,1000004943,20240622,GATEWAY,PAID,17535.0
4945,7000004944,1000004944,20250220,CARD,PAID,32355.0
4946,7000004945,1000004945,20240312,CARD,PAID,76738.2
4947,7000004946,1000004946,20250320,GATEWAY,PAID,28967.4
4948,7000004947,1000004947,0,GATEWAY,FAILED,35203.5
4949,7000004948,1000004948,20250625,CARD,PAID,13068.0
4950,7000004949,1000004949,20240506,TRANSFER,PAID,97374.75
4951,7000004950,1000004950,20240623,CASH,PAID,13794.0
4952,7000004951,1000004951,20250706,CASH,PAID,49005.0
4953,7000004952,1000004952,20250414,CARD,PAID,33570.0
4954,7000004953,1000004953,20240626,GATEWAY,PAID,85297.5
4955,7000004954,1000004954,20241028,CARD,REFUNDED,32805.12
4956,7000004955,1000004955,20250519,GATEWAY,PAID,33870.0
4957,7000004956,1000004956,0,GATEWAY,FAILED,69534.22
4958,7000004957,1000004957,20240217,GATEWAY,PAID,35385.0
4959,7000004958,1000004958,20250325,CASH,PAID,81609.66
4960,7000004959,1000004959,0,CARD,PENDING,55386.3
4961,7000004960,1000004960,20240826,CARD,PAID,27588.0
4962,7000004961,1000004961,20240115,CARD,PAID,46023.24
4963,7000004962,1000004962,20240911,GATEWAY,PAID,15841.08
4964,7000004963,1000004963,20250516,CASH,PAID,32670.0
4965,7000004964,1000004964,20250510,CASH,PAID,13068.0
4966,7000004965,1000004965,0,GATEWAY,FAILED,29359.2
4967,7000004966,1000004966,20250125,GATEWAY,PAID,49542.0
4968,7000004967,1000004967,20241107,CARD,PAID,74026.35
4969,7000004968,1000004968,0,CARD,PENDING,28459.2
4970,7000004969,1000004969,20250330,CASH,PAID,12414.6
4971,7000004970,1000004970,0,CARD,PENDING,14268.0
4972,7000004971,1000004971,20241022,GATEWAY,PAID,17535.0
4973,7000004972,1000004972,20250510,CASH,PAID,57354.0
4974,7000004973,1000004973,20250228,CARD,PAID,75697.2
4975,7000004974,1000004974,20250729,CARD,PAID,97138.8
4976,7000004975,1000004975,20250404,CARD,PAID,33833.7
4977,7000004976,1000004976,20250923,GATEWAY,PAID,84264.0
4978,7000004977,1000004977,20240922,GATEWAY,PAID,36892.5
4979,7000004978,1000004978,20241022,CASH,PAID,38115.0
4980,7000004979,1000004979,20250525,CARD,PAID,14701.5
4981,7000004980,1000004980,20240214,CARD,PAID,37500.0
4982,7000004981,1000004981,20250324,CARD,PAID,48571.5
4983,7000004982,1000004982,20240217,CARD,PAID,118555.8
4984,7000004983,1000004983,0,CARD,PENDING,19057.5
4985,7000004984,1000004984,20241203,GATEWAY,PAID,26136.0
4986,7000004985,1000004985,20240527,CARD,PAID,111043.8
4987,7000004986,1000004986,20240717,CARD,PAID,96485.4
4988,7000004987,1000004987,20240216,CARD,PAID,32916.6
4989,7000004988,1000004988,20241108,CARD,PAID,46609.2
4990,7000004989,1000004989,0,CARD,FAILED,98002.5
4991,7000004990,1000004990,20250419,CASH,PAID,13068.0
4992,7000004991,1000004991,20240604,TRANSFER,PAID,25613.28
4993,7000004992,1000004992,0,TRANSFER,PENDING,39204.0
4994,7000004993,1000004993,20240424,CARD,PAID,17242.5
4995,7000004994,1000004994,20250518,CARD,PAID,59568.3
4996,7000004995,1000004995,20241018,GATEWAY,PAID,14268.0
4997,7000004996,1000004996,20250706,CARD,PAID,41382.0
4998,7000004997,1000004997,20250611,CARD,PAID,30240.0
4999,7000004998,1000004998,20240511,GATEWAY,PAID,35574.0
5000,7000004999,1000004999,20241024,CARD,PAID,54087.0
5001,7000005000,1000005000,20240728,GATEWAY,PAID,55350.0
5002,7000005001,1000005001,20250717,GATEWAY,PAID,51720.0
5003,7000005002,1000005002,0,GATEWAY,PENDING,78872.4
5004,7000005003,1000005003,20250207,GATEWAY,PAID,14306.64
5005,7000005004,1000005004,20250723,CARD,PAID,112050.6
5006,7000005005,1000005005,20240112,GATEWAY,PAID,18987.0
5007,7000005006,1000005006,20240315,CARD,PAID,29814.0
5008,7000005007,1000005007,20250117,TRANSFER,PAID,93654.0
5009,7000005008,1000005008,20240724,GATEWAY,PAID,39319.92
5010,7000005009,1000005009,20250209,CARD,PAID,54261.0
5011,7000005010,1000005010,20241230,CARD,PAID,19650.0
5012,7000005011,1000005011,20240506,TRANSFER,PAID,32670.0
5013,7000005012,1000005012,20240925,CARD,PAID,44760.0
5014,7000005013,1000005013,20240919,CASH,PAID,36300.0
5015,7000005014,1000005014,20250212,CASH,REFUNDED,42979.2
5016,7000005015,1000005015,20241222,GATEWAY,PAID,42282.0
5017,7000005016,1000005016,20250211,GATEWAY,PAID,29940.0
5018,7000005017,1000005017,20250206,GATEWAY,PAID,14229.6
5019,7000005018,1000005018,20240926,CARD,PAID,23522.4
5020,7000005019,1000005019,0,CARD,FAILED,91369.2
5021,7000005020,1000005020,20241224,GATEWAY,PAID,39523.2
5022,7000005021,1000005021,20241225,CARD,PAID,83709.9
5023,7000005022,1000005022,20250408,CARD,REFUNDED,19287.0
5024,7000005023,1000005023,20240203,GATEWAY,PAID,35249.4
5025,7000005024,1000005024,0,CARD,FAILED,16146.0
5026,7000005025,1000005025,20241020,TRANSFER,PAID,29040.0
5027,7000005026,1000005026,20240614,TRANSFER,REFUNDED,45520.2
5028,7000005027,1000005027,20250910,CARD,REFUNDED,19876.35
5029,7000005028,1000005028,20250315,GATEWAY,PAID,15729.6
5030,7000005029,1000005029,20240727,CASH,PAID,12414.6
5031,7000005030,1000005030,0,CARD,FAILED,124509.0
5032,7000005031,1000005031,20240623,CARD,PAID,29214.0
5033,7000005032,1000005032,20250901,GATEWAY,PAID,46638.0
5034,7000005033,1000005033,20240814,CARD,PAID,39133.5
5035,7000005034,1000005034,20250614,GATEWAY,PAID,14268.0
5036,7000005035,1000005035,20241125,CASH,PAID,26136.0
5037,7000005036,1000005036,20250124,GATEWAY,PAID,27636.0
5038,7000005037,1000005037,20240112,TRANSFER,PAID,14229.6
5039,7000005038,1000005038,20241019,TRANSFER,PAID,38419.92
5040,7000005039,1000005039,20250416,CARD,PAID,55196.25
5041,7000005040,1000005040,20240821,GATEWAY,PAID,39204.0
5042,7000005041,1000005041,20250808,CASH,PAID,85758.75
5043,7000005042,1000005042,20240423,CARD,PAID,19050.0
5044,7000005043,1000005043,20240307,CARD,PAID,54722.25
5045,7000005044,1000005044,20240906,CASH,PAID,14229.6
5046,7000005045,1000005045,20240613,GATEWAY,PAID,75615.0
5047,7000005046,1000005046,20240717,CARD,PAID,18150.0
5048,7000005047,1000005047,20241223,CARD,PAID,53361.0
5049,7000005048,1000005048,0,CARD,FAILED,62944.2
5050,7000005049,1000005049,20240630,CARD,PAID,28788.0
5051,7000005050,1000005050,20241212,CASH,REFUNDED,107085.0
5052,7000005051,1000005051,20250922,CARD,PAID,32670.0
5053,7000005052,1000005052,20250617,CARD,PAID,62292.9
5054,7000005053,1000005053,20240923,CARD,PAID,29359.2
5055,7000005054,1000005054,20250126,GATEWAY,PAID,43008.0
5056,7000005055,1000005055,20250414,CARD,REFUNDED,55513.88
5057,7000005056,1000005056,20240305,GATEWAY,PAID,82875.0
5058,7000005057,1000005057,20241011,TRANSFER,PAID,13068.0
5059,7000005058,1000005058,20240428,GATEWAY,PAID,39204.0
5060,7000005059,1000005059,20250803,CARD,PAID,15901.5
5061,7000005060,1000005060,0,CASH,FAILED,57891.24
5062,7000005061,1000005061,20240219,CARD,PAID,14229.6
5063,7000005062,1000005062,20250411,CASH,PAID,37352.7
5064,7000005063,1000005063,20240616,CASH,PAID,53361.0
5065,7000005064,1000005064,20250503,GATEWAY,PAID,16373.4
5066,7000005065,1000005065,20250305,CARD,REFUNDED,41164.2
5067,7000005066,1000005066,20250706,CASH,PAID,15173.4
5068,7000005067,1000005067,0,CASH,FAILED,75504.0
5069,7000005068,1000005068,20250310,GATEWAY,PAID,37500.0
5070,7000005069,1000005069,20250607,GATEWAY,PAID,42282.0
5071,7000005070,1000005070,0,TRANSFER,FAILED,54450.0
5072,7000005071,1000005071,20250511,CARD,PAID,103810.5
5073,7000005072,1000005072,20250818,GATEWAY,PAID,16852.56
5074,7000005073,1000005073,20240612,CARD,PAID,33262.5
5075,7000005074,1000005074,0,CARD,FAILED,70596.0
5076,7000005075,1000005075,20250828,GATEWAY,PAID,15729.6
5077,7000005076,1000005076,20241126,CASH,PAID,14229.6
5078,7000005077,1000005077,20240319,CARD,PAID,49043.4
5079,7000005078,1000005078,20240618,CARD,PAID,42834.0
5080,7000005079,1000005079,20250421,CARD,PAID,31246.8
5081,7000005080,1000005080,0,CARD,FAILED,53361.0
5082,7000005081,1000005081,20240723,CARD,PAID,60003.66
5083,7000005082,1000005082,20240829,GATEWAY,PAID,49905.0
5084,7000005083,1000005083,20240529,CARD,PAID,33196.35
5085,7000005084,1000005084,20250520,CARD,PAID,27336.0
5086,7000005085,1000005085,20240209,TRANSFER,PAID,28459.2
5087,7000005086,1000005086,20240515,CASH,PAID,53361.0
5088,7000005087,1000005087,20240127,CARD,PAID,94670.4
5089,7000005088,1000005088,20240214,GATEWAY,PAID,37800.0
5090,7000005089,1000005089,20250218,CASH,PAID,41382.0
5091,7000005090,1000005090,20240221,CARD,PAID,34485.0
5092,7000005091,1000005091,20250221,CASH,PAID,39930.0
5093,7000005092,1000005092,20250206,CARD,PAID,27588.0
5094,7000005093,1000005093,20250923,GATEWAY,PAID,43588.8
5095,7000005094,1000005094,20250817,GATEWAY,REFUNDED,12806.64
5096,7000005095,1000005095,20250630,GATEWAY,PAID,32916.6
5097,7000005096,1000005096,20241129,CASH,PAID,13794.0
5098,7000005097,1000005097,20240210,CARD,PAID,14520.0
5099,7000005098,1000005098,20250713,CARD,PAID,15729.6
5100,7000005099,1000005099,20250122,CARD,PAID,39619.92
5101,7000005100,1000005100,20241109,CARD,PAID,93065.7
5102,7000005101,1000005101,20250515,CARD,REFUNDED,53825.4
5103,7000005102,1000005102,20240501,CARD,PAID,18150.0
5104,7000005103,1000005103,20250113,CASH,PAID,13068.0
5105,7000005104,1000005104,20250827,TRANSFER,PAID,29040.0
5106,7000005105,1000005105,20240930,CARD,PAID,103455.0
5107,7000005106,1000005106,20250707,CASH,PAID,26136.0
5108,7000005107,1000005107,20240109,CARD,PAID,39204.0
5109,7000005108,1000005108,20250420,CARD,PAID,28459.2
5110,7000005109,1000005109,20241016,GATEWAY,PAID,40104.0
5111,7000005110,1000005110,20241108,CARD,PAID,94590.3
5112,7000005111,1000005111,20240420,GATEWAY,PAID,16373.4
5113,7000005112,1000005112,20250219,CARD,PAID,75605.4
5114,7000005113,1000005113,20240907,CARD,PAID,50205.0
5115,7000005114,1000005114,20241004,CASH,PAID,42688.8
5116,7000005115,1000005115,20240418,CASH,REFUNDED,32670.0
5117,7000005116,1000005116,20250312,GATEWAY,REFUNDED,44351.1
5118,7000005117,1000005117,20241219,TRANSFER,PAID,49005.0
5119,7000005118,1000005118,20250108,CARD,PAID,47124.66
5120,7000005119,1000005119,20240103,CARD,PAID,70959.0
5121,7000005120,1000005120,20240106,GATEWAY,PAID,40331.4
5122,7000005121,1000005121,0,CARD,FAILED,17835.0
5123,7000005122,1000005122,20250205,CASH,PAID,45102.75
5124,7000005123,1000005123,20250624,CASH,PAID,41382.0
5125,7000005124,1000005124,20250514,GATEWAY,PAID,31936.5
5126,7000005125,1000005125,20250808,CARD,PAID,27636.0
5127,7000005126,1000005126,20250213,CARD,PAID,86142.0
5128,7000005127,1000005127,20240322,CASH,PAID,53361.0
5129,7000005128,1000005128,20241012,TRANSFER,PAID,17242.5
5130,7000005129,1000005129,20241206,CARD,PAID,84462.6
5131,7000005130,1000005130,20240725,TRANSFER,REFUNDED,43560.0
5132,7000005131,1000005131,20240211,CARD,PAID,35503.5
5133,7000005132,1000005132,20241026,TRANSFER,PAID,28459.2
5134,7000005133,1000005133,20250213,CARD,PAID,48924.9
5135,7000005134,1000005134,20240301,CARD,PAID,19350.0
5136,7000005135,1000005135,20250617,CARD,PAID,52927.5
5137,7000005136,1000005136,20240815,TRANSFER,PAID,13068.0
5138,7000005137,1000005137,20241114,GATEWAY,PAID,43888.8
5139,7000005138,1000005138,0,CARD,FAILED,35985.0
5140,7000005139,1000005139,20250328,CASH,PAID,41382.0
5141,7000005140,1000005140,20241123,GATEWAY,REFUNDED,51455.25
5142,7000005141,1000005141,20250102,CARD,PAID,54450.0
5143,7000005142,1000005142,20240112,GATEWAY,PAID,44460.0
5144,7000005143,1000005143,20250129,CARD,PAID,85733.1
5145,7000005144,1000005144,20241010,CASH,PAID,45992.1
5146,7000005145,1000005145,20240827,CASH,REFUNDED,17787.0
5147,7000005146,1000005146,20250302,CASH,PAID,15246.0
5148,7000005147,1000005147,0,TRANSFER,FAILED,85305.0
5149,7000005148,1000005148,20250531,CARD,PAID,29403.0
5150,7000005149,1000005149,20240414,GATEWAY,PAID,26513.28
5151,7000005150,1000005150,20250610,CARD,PAID,54139.92
5152,7000005151,1000005151,20240210,CASH,PAID,30346.8
5153,7000005152,1000005152,20240317,CARD,PAID,16335.0
5154,7000005153,1000005153,20240323,GATEWAY,REFUNDED,37200.0
5155,7000005154,1000005154,20240321,CARD,PAID,50205.0
5156,7000005155,1000005155,20240329,TRANSFER,PAID,27588.0
5157,7000005156,1000005156,20250312,CARD,PAID,13968.0
5158,7000005157,1000005157,20250427,CASH,PAID,66015.18
5159,7000005158,1000005158,20241202,CASH,PAID,13794.0
5160,7000005159,1000005159,20250801,GATEWAY,PAID,47454.75
5161,7000005160,1000005160,20240729,CARD,PAID,59933.4
5162,7000005161,1000005161,20241015,CARD,PAID,27036.0
5163,7000005162,1000005162,20250504,CARD,PAID,70959.0
5164,7000005163,1000005163,20250710,GATEWAY,PAID,52627.5
5165,7000005164,1000005164,20240617,CARD,PAID,60795.0
5166,7000005165,1000005165,20241201,CARD,PAID,19287.0
5167,7000005166,1000005166,20240828,TRANSFER,PAID,108900.0
5168,7000005167,1000005167,20241220,CARD,PAID,42688.8
5169,7000005168,1000005168,20250106,GATEWAY,PAID,14229.6
5170,7000005169,1000005169,20241111,CARD,PAID,54072.48
5171,7000005170,1000005170,20250628,CASH,PAID,45701.7
5172,7000005171,1000005171,20241102,CARD,PAID,39204.0
5173,7000005172,1000005172,20250507,CARD,PAID,51727.5
5174,7000005173,1000005173,20240215,CARD,PAID,29959.2
5175,7000005174,1000005174,20240315,CASH,PAID,14520.0
5176,7000005175,1000005175,20240526,TRANSFER,PAID,53361.0
5177,7000005176,1000005176,20250415,CASH,PAID,31036.5
5178,7000005177,1000005177,20250407,CASH,PAID,46957.68
5179,7000005178,1000005178,20240209,CARD,PAID,48024.9
5180,7000005179,1000005179,20250424,GATEWAY,PAID,27636.0
5181,7000005180,1000005180,20240405,GATEWAY,PAID,57172.5
5182,7000005181,1000005181,20240722,CARD,PAID,54261.0
5183,7000005182,1000005182,20240723,GATEWAY,PAID,60795.0
5184,7000005183,1000005183,0,GATEWAY,FAILED,49905.0
5185,7000005184,1000005184,20240418,TRANSFER,PAID,45738.0
5186,7000005185,1000005185,20240818,TRANSFER,PAID,49005.0
5187,7000005186,1000005186,20240216,CARD,PAID,12661.2
5188,7000005187,1000005187,20241029,CASH,PAID,34485.0
5189,7000005188,1000005188,0,GATEWAY,FAILED,30240.0
5190,7000005189,1000005189,20250119,GATEWAY,PAID,40104.0
5191,7000005190,1000005190,20250528,CASH,PAID,14941.08
5192,7000005191,1000005191,20250901,CASH,PAID,46246.2
5193,7000005192,1000005192,20250109,GATEWAY,PAID,29659.2
5194,7000005193,1000005193,20240309,TRANSFER,PAID,54450.0
5195,7000005194,1000005194,20240829,CASH,PAID,32670.0
5196,7000005195,1000005195,20241102,CARD,PAID,55950.0
5197,7000005196,1000005196,20250704,CARD,PAID,14520.0
5198,7000005197,1000005197,20250311,CARD,PAID,51727.5
5199,7000005198,1000005198,20250617,CASH,PAID,26136.0
5200,7000005199,1000005199,20250130,TRANSFER,PAID,26136.0
5201,7000005200,1000005200,20240209,CARD,REFUNDED,29040.0
5202,7000005201,1000005201,0,CARD,FAILED,36774.0
5203,7000005202,1000005202,20240828,CARD,PAID,47553.0
5204,7000005203,1000005203,20250929,CARD,PAID,46938.0
5205,7000005204,1000005204,20240316,CARD,PAID,30492.0
5206,7000005205,1000005205,20240922,CARD,PAID,42688.8
5207,7000005206,1000005206,20250814,CARD,PAID,15429.6
5208,7000005207,1000005207,20240928,CARD,PAID,17172.0
5209,7000005208,1000005208,20241022,CASH,PAID,31944.0
5210,7000005209,1000005209,20240522,CARD,PAID,17235.0
5211,7000005210,1000005210,20250615,CARD,PAID,54261.0
5212,7000005211,1000005211,20250526,TRANSFER,PAID,39204.0
5213,7000005212,1000005212,20240916,CASH,PAID,41164.2
5214,7000005213,1000005213,20240604,CASH,PAID,42688.8
5215,7000005214,1000005214,20240902,CARD,PAID,28459.2
5216,7000005215,1000005215,20240228,GATEWAY,PAID,64579.8
5217,7000005216,1000005216,20240624,CARD,PAID,19050.0
5218,7000005217,1000005217,20250804,CARD,PAID,34485.0
5219,7000005218,1000005218,20240707,CARD,PAID,48024.9
5220,7000005219,1000005219,20250822,CARD,PAID,18676.35
5221,7000005220,1000005220,20240324,CARD,PAID,35937.0
5222,7000005221,1000005221,20240620,CASH,PAID,14520.0
5223,7000005222,1000005222,20241010,CARD,PAID,26513.28
5224,7000005223,1000005223,20240915,GATEWAY,PAID,36474.0
5225,7000005224,1000005224,20240705,CARD,PAID,40704.0
5226,7000005225,1000005225,0,CARD,FAILED,67302.3
5227,7000005226,1000005226,20250817,GATEWAY,PAID,36774.0
5228,7000005227,1000005227,0,CARD,FAILED,17968.5
5229,7000005228,1000005228,20250619,CARD,PAID,35574.0
5230,7000005229,1000005229,20240504,CARD,PAID,36474.0
5231,7000005230,1000005230,20250909,CARD,PAID,40404.0
5232,7000005231,1000005231,20250226,CARD,PAID,31305.12
5233,7000005232,1000005232,20250409,CARD,PAID,28996.2
5234,7000005233,1000005233,20250513,CARD,PAID,44624.4
5235,7000005234,1000005234,20250822,CARD,PAID,55450.35
5236,7000005235,1000005235,20250917,CARD,PAID,26136.0
5237,7000005236,1000005236,20250418,GATEWAY,PAID,32670.0
5238,7000005237,1000005237,20250521,CASH,PAID,42688.8
5239,7000005238,1000005238,20250526,CARD,PAID,15429.6
5240,7000005239,1000005239,20241101,CARD,PAID,49005.0
5241,7000005240,1000005240,20240217,CARD,PAID,15983.7
5242,7000005241,1000005241,20250816,CASH,PAID,72491.1
5243,7000005242,1000005242,20240314,CARD,REFUNDED,35622.0
5244,7000005243,1000005243,20250119,GATEWAY,PAID,63210.0
5245,7000005244,1000005244,0,GATEWAY,FAILED,53361.0
5246,7000005245,1000005245,20250826,CASH,PAID,39204.0
5247,7000005246,1000005246,20240303,CARD,PAID,109419.38
5248,7000005247,1000005247,20250812,CARD,PAID,60025.68
5249,7000005248,1000005248,20250510,GATEWAY,PAID,36774.0
5250,7000005249,1000005249,0,CARD,FAILED,50505.0
5251,7000005250,1000005250,20250616,TRANSFER,PAID,17787.0
5252,7000005251,1000005251,0,CARD,FAILED,113256.0
5253,7000005252,1000005252,20250820,CARD,PAID,34485.0
5254,7000005253,1000005253,20241114,CASH,PAID,30492.0
5255,7000005254,1000005254,20241001,GATEWAY,PAID,15429.6
5256,7000005255,1000005255,20250403,GATEWAY,PAID,29359.2
5257,7000005256,1000005256,20250326,GATEWAY,PAID,28459.2
5258,7000005257,1000005257,20240826,CARD,PAID,15246.0
5259,7000005258,1000005258,20250807,CASH,PAID,49005.0
5260,7000005259,1000005259,20240426,CARD,PAID,28459.2
5261,7000005260,1000005260,20240510,CASH,PAID,34485.0
5262,7000005261,1000005261,20250910,GATEWAY,REFUNDED,48924.9
5263,7000005262,1000005262,0,CARD,FAILED,55650.0
5264,7000005263,1000005263,0,GATEWAY,PENDING,62910.0
5265,7000005264,1000005264,20250930,CARD,PAID,15652.56
5266,7000005265,1000005265,20250808,GATEWAY,PAID,39619.92
5267,7000005266,1000005266,20240514,GATEWAY,PAID,38552.7
5268,7000005267,1000005267,20240708,TRANSFER,PAID,54450.0
5269,7000005268,1000005268,20250307,CARD,PAID,18150.0
5270,7000005269,1000005269,20240715,GATEWAY,PAID,86114.25
5271,7000005270,1000005270,20240123,CASH,PAID,13068.0
5272,7000005271,1000005271,20240312,GATEWAY,REFUNDED,37200.0
5273,7000005272,1000005272,20250209,GATEWAY,PAID,52627.5
5274,7000005273,1000005273,20241208,CASH,PAID,41382.0
5275,7000005274,1000005274,20241004,CASH,PAID,36209.25
5276,7000005275,1000005275,20240628,GATEWAY,PAID,18987.0
5277,7000005276,1000005276,20240808,CASH,REFUNDED,51727.5
5278,7000005277,1000005277,0,GATEWAY,FAILED,27036.0
5279,7000005278,1000005278,20250116,CARD,PAID,43378.5
5280,7000005279,1000005279,20240707,CARD,PAID,35574.0
5281,7000005280,1000005280,0,CARD,FAILED,32236.5
5282,7000005281,1000005281,20250817,CARD,PAID,54261.0
5283,7000005282,1000005282,20240428,CARD,PAID,44460.0
5284,7000005283,1000005283,20240123,CASH,PAID,15972.0
5285,7000005284,1000005284,20250221,TRANSFER,REFUNDED,78408.0
5286,7000005285,1000005285,20250413,GATEWAY,PAID,43008.0
5287,7000005286,1000005286,20250430,CARD,PAID,37500.0
5288,7000005287,1000005287,20240918,CARD,PAID,55650.0
5289,7000005288,1000005288,20241222,CARD,PAID,17151.75
5290,7000005289,1000005289,20240716,CARD,PAID,96886.8
5291,7000005290,1000005290,20240701,CARD,PAID,27636.0
5292,7000005291,1000005291,20250812,CARD,PAID,65723.25
5293,7000005292,1000005292,20240826,GATEWAY,PAID,28488.0
5294,7000005293,1000005293,20240516,CASH,PAID,79497.0
5295,7000005294,1000005294,20240512,CARD,PAID,44188.8
5296,7000005295,1000005295,20250109,GATEWAY,REFUNDED,29040.0
5297,7000005296,1000005296,20240420,CARD,PAID,15420.0
5298,7000005297,1000005297,20240605,CARD,PAID,30167.4
5299,7000005298,1000005298,20240208,CARD,PAID,74778.0
5300,7000005299,1000005299,20250506,CARD,PAID,27336.0
5301,7000005300,1000005300,20250927,GATEWAY,PAID,30603.0
5302,7000005301,1000005301,20240320,GATEWAY,PAID,24422.4
5303,7000005302,1000005302,20250323,CARD,PAID,29088.0
5304,7000005303,1000005303,20240403,CASH,PAID,71511.0
5305,7000005304,1000005304,20250406,CARD,PAID,14006.64
5306,7000005305,1000005305,20240711,GATEWAY,PAID,111213.12
5307,7000005306,1000005306,0,GATEWAY,FAILED,13968.0
5308,7000005307,1000005307,20240712,CARD,PAID,50457.0
5309,7000005308,1000005308,0,GATEWAY,PENDING,15420.0
5310,7000005309,1000005309,20250613,CARD,PAID,90679.5
5311,7000005310,1000005310,20241120,GATEWAY,PAID,15129.6
5312,7000005311,1000005311,20241210,CARD,PAID,79172.4
5313,7000005312,1000005312,20240728,CARD,PAID,38419.92
5314,7000005313,1000005313,20250202,CASH,PAID,43560.0
5315,7000005314,1000005314,20240325,CARD,PAID,18687.0
5316,7000005315,1000005315,0,CARD,FAILED,13068.0
5317,7000005316,1000005316,20240704,CARD,PAID,57528.0
5318,7000005317,1000005317,20250825,CARD,PAID,14701.5
5319,7000005318,1000005318,20240928,CASH,PAID,34485.0
5320,7000005319,1000005319,20240720,CASH,PAID,57172.5
5321,7000005320,1000005320,20240806,GATEWAY,PAID,39204.0
5322,7000005321,1000005321,0,CASH,FAILED,32488.5
5323,7000005322,1000005322,20240811,CARD,PAID,56410.2
5324,7000005323,1000005323,20250803,CARD,PAID,18442.5
5325,7000005324,1000005324,20241203,CARD,PAID,14520.0
5326,7000005325,1000005325,20240615,CARD,PAID,95316.3
5327,7000005326,1000005326,20240324,CARD,PAID,38419.92
5328,7000005327,1000005327,20240731,CARD,PAID,14994.0
5329,7000005328,1000005328,20250825,GATEWAY,PAID,51727.5
5330,7000005329,1000005329,20250202,GATEWAY,PAID,49905.0
5331,7000005330,1000005330,20240502,GATEWAY,PAID,102477.0
5332,7000005331,1000005331,20251001,CASH,PAID,54450.0
5333,7000005332,1000005332,20250822,CASH,PAID,36300.0
5334,7000005333,1000005333,20240416,CASH,PAID,30492.0
5335,7000005334,1000005334,20250108,CARD,PAID,35574.0
5336,7000005335,1000005335,0,CARD,FAILED,58100.25
5337,7000005336,1000005336,20241203,CARD,PAID,27588.0
5338,7000005337,1000005337,20250803,GATEWAY,PAID,76558.8
5339,7000005338,1000005338,20240708,CARD,PAID,36474.0
5340,7000005339,1000005339,20250224,CARD,PAID,17535.0
5341,7000005340,1000005340,20240624,TRANSFER,PAID,35574.0
5342,7000005341,1000005341,0,CARD,FAILED,55902.0
5343,7000005342,1000005342,0,GATEWAY,FAILED,15429.6
5344,7000005343,1000005343,20250922,GATEWAY,PAID,55069.2
5345,7000005344,1000005344,20250206,CARD,PAID,75796.5
5346,7000005345,1000005345,20241208,CARD,PAID,14994.0
5347,7000005346,1000005346,20250208,CARD,PAID,51727.5
5348,7000005347,1000005347,20250603,CARD,REFUNDED,49005.0
5349,7000005348,1000005348,20250914,CARD,PAID,43560.0
5350,7000005349,1000005349,20240411,CASH,PAID,70422.0
5351,7000005350,1000005350,20250317,TRANSFER,PAID,51727.5
5352,7000005351,1000005351,0,CARD,PENDING,60795.0
5353,7000005352,1000005352,0,CARD,FAILED,43888.8
5354,7000005353,1000005353,20240511,CASH,PAID,36300.0
5355,7000005354,1000005354,20250906,CARD,PAID,52272.0
5356,7000005355,1000005355,20240504,CARD,PAID,33870.0
5357,7000005356,1000005356,0,CARD,FAILED,60432.0
5358,7000005357,1000005357,20240614,GATEWAY,PAID,51720.0
5359,7000005358,1000005358,20240927,CARD,PAID,45520.2
5360,7000005359,1000005359,20240430,CARD,PAID,17787.0
5361,7000005360,1000005360,20240519,GATEWAY,REFUNDED,17535.0
5362,7000005361,1000005361,20250528,CASH,PAID,29911.2
5363,7000005362,1000005362,20240119,CASH,PAID,43124.4
5364,7000005363,1000005363,20250413,CASH,REFUNDED,42471.0
5365,7000005364,1000005364,20240305,CARD,PAID,24422.4
5366,7000005365,1000005365,20250709,CARD,PAID,50505.0
5367,7000005366,1000005366,20240829,GATEWAY,PAID,14941.08
5368,7000005367,1000005367,20250129,CARD,PAID,95287.5
5369,7000005368,1000005368,0,CASH,PENDING,70022.7
5370,7000005369,1000005369,20250523,CASH,PAID,63499.59
5371,7000005370,1000005370,0,CARD,FAILED,26136.0
5372,7000005371,1000005371,20240222,CARD,PAID,55350.0
5373,7000005372,1000005372,20240617,CARD,PAID,13068.0
5374,7000005373,1000005373,20240707,CARD,PAID,13068.0
5375,7000005374,1000005374,20250708,CARD,PAID,17242.5
5376,7000005375,1000005375,20250524,CASH,PAID,14941.08
5377,7000005376,1000005376,20241025,CARD,PAID,17235.0
5378,7000005377,1000005377,20241119,GATEWAY,PAID,78509.4
5379,7000005378,1000005378,0,CASH,FAILED,42979.2
5380,7000005379,1000005379,20250930,CARD,REFUNDED,47857.68
5381,7000005380,1000005380,20250201,GATEWAY,PAID,18442.5
5382,7000005381,1000005381,20240801,CARD,PAID,41382.0
5383,7000005382,1000005382,20240109,CARD,PAID,32670.0
5384,7000005383,1000005383,20241122,CARD,PAID,17535.0
5385,7000005384,1000005384,0,GATEWAY,PENDING,43308.0
5386,7000005385,1000005385,20250210,CASH,PAID,26136.0
5387,7000005386,1000005386,0,GATEWAY,PENDING,42688.8
5388,7000005387,1000005387,20250115,GATEWAY,PAID,50094.0
5389,7000005388,1000005388,20250831,CARD,PAID,50335.68
5390,7000005389,1000005389,20241124,CARD,PAID,52955.25
5391,7000005390,1000005390,20241202,GATEWAY,PAID,36300.0
5392,7000005391,1000005391,20250803,CASH,PAID,11761.2
5393,7000005392,1000005392,20240513,GATEWAY,PAID,36483.6
5394,7000005393,1000005393,20240207,CARD,PAID,18687.0
5395,7000005394,1000005394,20240824,CARD,PAID,16418.25
5396,7000005395,1000005395,20240423,CARD,PAID,82812.0
5397,7000005396,1000005396,20250302,GATEWAY,PAID,40404.0
5398,7000005397,1000005397,20240822,GATEWAY,PAID,54488.4
5399,7000005398,1000005398,20250507,CARD,PAID,42688.8
5400,7000005399,1000005399,20250619,CASH,PAID,53361.0
5401,7000005400,1000005400,20250304,CARD,PAID,92867.1
5402,7000005401,1000005401,0,CARD,FAILED,80803.8
5403,7000005402,1000005402,20240201,CASH,PAID,90931.5
5404,7000005403,1000005403,20250406,CARD,PAID,28788.0
5405,7000005404,1000005404,20250529,GATEWAY,PAID,78898.05
5406,7000005405,1000005405,20240414,CARD,PAID,29359.2
5407,7000005406,1000005406,20250706,CARD,PAID,19050.0
5408,7000005407,1000005407,20240203,CARD,REFUNDED,14520.0
5409,7000005408,1000005408,20250718,CASH,PAID,17242.5
5410,7000005409,1000005409,0,GATEWAY,FAILED,57229.05
5411,7000005410,1000005410,20250602,CASH,PAID,66668.58
5412,7000005411,1000005411,20241130,CASH,PAID,14520.0
5413,7000005412,1000005412,20240305,GATEWAY,PAID,36837.0
5414,7000005413,1000005413,20240323,CASH,PAID,19565.7
5415,7000005414,1000005414,20240530,CARD,PAID,35574.0
5416,7000005415,1000005415,20250507,GATEWAY,PAID,16441.08
5417,7000005416,1000005416,20241116,CASH,PAID,17787.0
5418,7000005417,1000005417,20240207,CASH,REFUNDED,81820.2
5419,7000005418,1000005418,20240128,GATEWAY,PAID,39204.0
5420,7000005419,1000005419,20250802,GATEWAY,PAID,35685.0
5421,7000005420,1000005420,20250928,CARD,PAID,64795.5
5422,7000005421,1000005421,20240315,CARD,PAID,45738.0
5423,7000005422,1000005422,20240206,GATEWAY,PAID,55350.0
5424,7000005423,1000005423,20250909,CARD,PAID,54561.0
5425,7000005424,1000005424,20250816,CASH,PAID,49455.12
5426,7000005425,1000005425,20250116,CARD,PAID,78045.0
5427,7000005426,1000005426,20240625,CARD,PAID,51727.5
5428,7000005427,1000005427,20241203,CASH,PAID,35937.0
5429,7000005428,1000005428,20240508,CASH,PAID,19565.7
5430,7000005429,1000005429,0,CASH,FAILED,14483.7
5431,7000005430,1000005430,20240824,CARD,PAID,15983.7
5432,7000005431,1000005431,20240203,CARD,PAID,33008.4
5433,7000005432,1000005432,20250226,CARD,PAID,41382.0
5434,7000005433,1000005433,20240512,CASH,PAID,54313.88
5435,7000005434,1000005434,20240807,TRANSFER,PAID,34485.0
5436,7000005435,1000005435,20240929,CASH,PAID,69238.62
5437,7000005436,1000005436,20250920,GATEWAY,PAID,27036.0
5438,7000005437,1000005437,20240523,GATEWAY,PAID,20176.35
5439,7000005438,1000005438,20240709,CARD,PAID,56929.05
5440,7000005439,1000005439,20240129,CARD,PAID,29088.0
5441,7000005440,1000005440,0,GATEWAY,FAILED,36774.0
5442,7000005441,1000005441,20241218,TRANSFER,PAID,30492.0
5443,7000005442,1000005442,20240814,CASH,PAID,56029.05
5444,7000005443,1000005443,20250503,CARD,PAID,40404.0
5445,7000005444,1000005444,20240415,CASH,PAID,13068.0
5446,7000005445,1000005445,20240212,TRANSFER,PAID,25613.28
5447,7000005446,1000005446,20240322,CARD,PAID,54404.62
5448,7000005447,1000005447,20240614,CARD,PAID,49005.0
5449,7000005448,1000005448,20241021,TRANSFER,PAID,55176.0
5450,7000005449,1000005449,20240409,CASH,PAID,34485.0
5451,7000005450,1000005450,20250817,CARD,PAID,28788.0
5452,7000005451,1000005451,20250312,CASH,PAID,43719.72
5453,7000005452,1000005452,20250503,GATEWAY,PAID,31546.8
5454,7000005453,1000005453,20241024,CASH,PAID,43560.0
5455,7000005454,1000005454,20240701,CARD,PAID,80767.5
5456,7000005455,1000005455,20240420,CASH,PAID,11761.2
5457,7000005456,1000005456,20240328,CARD,PAID,65025.0
5458,7000005457,1000005457,20250928,CARD,PAID,16020.0
5459,7000005458,1000005458,20240512,CARD,PAID,43608.0
5460,7000005459,1000005459,20250904,TRANSFER,PAID,43451.1
5461,7000005460,1000005460,20250408,CARD,REFUNDED,30240.0
5462,7000005461,1000005461,20250104,CASH,PAID,28459.2
5463,7000005462,1000005462,20241101,GATEWAY,PAID,74952.0
5464,7000005463,1000005463,20250621,CARD,PAID,13314.6
5465,7000005464,1000005464,20240221,CARD,PAID,19350.0
5466,7000005465,1000005465,20240822,TRANSFER,PAID,44467.5
5467,7000005466,1000005466,20250929,GATEWAY,PAID,48024.9
5468,7000005467,1000005467,20250920,CARD,PAID,34485.0
5469,7000005468,1000005468,0,GATEWAY,FAILED,58108.8
5470,7000005469,1000005469,20240801,CARD,REFUNDED,15429.6
5471,7000005470,1000005470,20240718,GATEWAY,PAID,40104.0
5472,7000005471,1000005471,20250223,GATEWAY,PAID,46710.6
5473,7000005472,1000005472,20250218,CARD,PAID,60831.3
5474,7000005473,1000005473,20240504,GATEWAY,PAID,79801.92
5475,7000005474,1000005474,20250524,GATEWAY,PAID,16335.0
5476,7000005475,1000005475,20240412,TRANSFER,PAID,12414.6
5477,7000005476,1000005476,20250514,CARD,PAID,50205.0
5478,7000005477,1000005477,20250828,GATEWAY,PAID,14694.0
5479,7000005478,1000005478,20250526,CARD,REFUNDED,17151.75
5480,7000005479,1000005479,20241029,GATEWAY,PAID,17535.0
5481,7000005480,1000005480,20240312,CASH,PAID,31305.12
5482,7000005481,1000005481,20250812,CASH,PAID,39131.4
5483,7000005482,1000005482,20250430,CARD,PAID,14268.0
5484,7000005483,1000005483,20240419,GATEWAY,PAID,89583.24
5485,7000005484,1000005484,20241210,CARD,PAID,17835.0
5486,7000005485,1000005485,20250209,GATEWAY,PAID,37200.0
5487,7000005486,1000005486,20240402,CARD,PAID,15129.6
5488,7000005487,1000005487,20240719,CASH,PAID,29040.0
5489,7000005488,1000005488,20250606,CARD,PAID,77647.8
5490,7000005489,1000005489,20240817,CARD,PAID,15720.0
5491,7000005490,1000005490,20250621,CASH,PAID,62980.5
5492,7000005491,1000005491,20240628,CARD,PAID,50205.0
5493,7000005492,1000005492,20250207,CASH,PAID,49005.0
5494,7000005493,1000005493,20250429,GATEWAY,PAID,44460.0
5495,7000005494,1000005494,20241104,CARD,PAID,27036.0
5496,7000005495,1000005495,0,CARD,FAILED,43451.1
5497,7000005496,1000005496,20250605,CARD,PAID,40404.0
5498,7000005497,1000005497,20241218,GATEWAY,PAID,15720.0
5499,7000005498,1000005498,0,CARD,FAILED,33668.25
5500,7000005499,1000005499,0,GATEWAY,FAILED,55405.5
5501,7000005500,1000005500,20240828,CASH,PAID,28459.2
5502,7000005501,1000005501,20241215,CARD,PAID,17242.5
5503,7000005502,1000005502,0,CARD,FAILED,18676.35
5504,7000005503,1000005503,20250915,GATEWAY,PAID,14520.0
5505,7000005504,1000005504,20240605,CARD,PAID,37500.0
5506,7000005505,1000005505,20250518,CASH,PAID,16335.0
5507,7000005506,1000005506,20240410,CASH,PAID,110533.5
5508,7000005507,1000005507,20240822,GATEWAY,PAID,44351.1
5509,7000005508,1000005508,20240424,CASH,PAID,32670.0
5510,7000005509,1000005509,20241212,CARD,PAID,54313.88
5511,7000005510,1000005510,20250626,GATEWAY,PAID,30240.0
5512,7000005511,1000005511,20250323,CASH,PAID,17242.5
5513,7000005512,1000005512,20240821,GATEWAY,PAID,14268.0
5514,7000005513,1000005513,20250926,TRANSFER,PAID,17242.5
5515,7000005514,1000005514,20240709,CARD,PAID,49005.0
5516,7000005515,1000005515,20241124,CASH,PAID,119517.75
5517,7000005516,1000005516,20251001,CARD,PAID,19287.0
5518,7000005517,1000005517,20240724,GATEWAY,PAID,78752.85
5519,7000005518,1000005518,20250613,CASH,REFUNDED,31036.5
5520,7000005519,1000005519,20250410,CARD,PAID,28459.2
5521,7000005520,1000005520,20240422,GATEWAY,PAID,87748.8
5522,7000005521,1000005521,20250921,CARD,PAID,47754.75
5523,7000005522,1000005522,20240519,GATEWAY,PAID,79390.2
5524,7000005523,1000005523,20240730,GATEWAY,PAID,15518.25
5525,7000005524,1000005524,20250829,GATEWAY,PAID,20865.0
5526,7000005525,1000005525,20250514,CARD,PAID,29461.08
5527,7000005526,1000005526,20240103,GATEWAY,PAID,14268.0
5528,7000005527,1000005527,20250316,CASH,PAID,53361.0
5529,7000005528,1000005528,20240129,CARD,PAID,15683.7
5530,7000005529,1000005529,0,GATEWAY,FAILED,73834.2
5531,7000005530,1000005530,20250109,CARD,PAID,34485.0
5532,7000005531,1000005531,20240201,CASH,PAID,45738.0
5533,7000005532,1000005532,20250301,CARD,PAID,54450.0
5534,7000005533,1000005533,20250226,GATEWAY,PAID,32670.0
5535,7000005534,1000005534,20250829,CARD,PAID,44823.24
5536,7000005535,1000005535,20250522,GATEWAY,PAID,83108.85
5537,7000005536,1000005536,20250821,GATEWAY,PAID,70414.5
5538,7000005537,1000005537,20241121,CASH,PAID,44866.8
5539,7000005538,1000005538,20240922,CARD,PAID,54861.0
5540,7000005539,1000005539,0,CARD,PENDING,50457.0
5541,7000005540,1000005540,20240703,GATEWAY,PAID,20257.5
5542,7000005541,1000005541,20241124,CARD,PAID,76641.0
5543,7000005542,1000005542,20250508,GATEWAY,PAID,57410.55
5544,7000005543,1000005543,20250415,TRANSFER,PAID,27588.0
5545,7000005544,1000005544,20250426,GATEWAY,PAID,13968.0
5546,7000005545,1000005545,0,CARD,FAILED,12806.64
5547,7000005546,1000005546,20240503,GATEWAY,PAID,25022.4
5548,7000005547,1000005547,20241201,GATEWAY,PAID,38852.7
5549,7000005548,1000005548,20250419,CASH,PAID,34485.0
5550,7000005549,1000005549,20240901,CASH,PAID,15518.25
5551,7000005550,1000005550,0,CARD,FAILED,55350.0
5552,7000005551,1000005551,20250915,GATEWAY,PAID,79245.0
5553,7000005552,1000005552,20240703,CASH,PAID,53996.25
5554,7000005553,1000005553,20250808,GATEWAY,PAID,29040.0
5555,7000005554,1000005554,20250225,TRANSFER,PAID,28459.2
5556,7000005555,1000005555,20240314,CASH,PAID,28459.2
5557,7000005556,1000005556,0,GATEWAY,FAILED,12961.2
5558,7000005557,1000005557,20240401,CARD,PAID,36474.0
5559,7000005558,1000005558,20240712,CARD,PAID,15841.08
5560,7000005559,1000005559,0,CASH,FAILED,13068.0
5561,7000005560,1000005560,20250110,CASH,REFUNDED,35937.0
5562,7000005561,1000005561,20240615,CARD,PAID,13968.0
5563,7000005562,1000005562,20250505,CARD,PAID,17508.3
5564,7000005563,1000005563,0,CARD,FAILED,29040.0
5565,7000005564,1000005564,20240220,CARD,PAID,26136.0
5566,7000005565,1000005565,20240612,CARD,REFUNDED,48811.08
5567,7000005566,1000005566,20240528,CARD,PAID,13968.0
5568,7000005567,1000005567,20250808,CASH,PAID,18150.0
5569,7000005568,1000005568,20240108,CARD,PAID,13794.0
5570,7000005569,1000005569,20241114,CARD,PAID,14229.6
5571,7000005570,1000005570,20240718,TRANSFER,PAID,107811.0
5572,7000005571,1000005571,20250419,CARD,PAID,51727.5
5573,7000005572,1000005572,20250930,CASH,PAID,41164.2
5574,7000005573,1000005573,20250403,CARD,PAID,55650.0
5575,7000005574,1000005574,20240420,CARD,PAID,39204.0
5576,7000005575,1000005575,20240315,CASH,PAID,28459.2
5577,7000005576,1000005576,20250330,CARD,PAID,29882.16
5578,7000005577,1000005577,20240801,CARD,PAID,55213.88
5579,7000005578,1000005578,20240709,CARD,PAID,48024.9
5580,7000005579,1000005579,0,TRANSFER,FAILED,59532.0
5581,7000005580,1000005580,20250428,CARD,PAID,33870.0
5582,7000005581,1000005581,20241224,CARD,PAID,62254.5
5583,7000005582,1000005582,20241223,CASH,PAID,13068.0
5584,7000005583,1000005583,20240214,CARD,PAID,58399.2
5585,7000005584,1000005584,20250305,GATEWAY,REFUNDED,33444.0
5586,7000005585,1000005585,20240218,GATEWAY,PAID,28923.6
5587,7000005586,1000005586,20241225,CARD,PAID,17787.0
5588,7000005587,1000005587,20240723,CARD,PAID,30492.0
5589,7000005588,1000005588,20240821,CASH,PAID,18676.35
5590,7000005589,1000005589,20241003,CARD,PAID,60257.76
5591,7000005590,1000005590,0,CARD,FAILED,28488.0
5592,7000005591,1000005591,20240514,CARD,PAID,44651.1
5593,7000005592,1000005592,20240406,CARD,PAID,35937.0
5594,7000005593,1000005593,20250611,CARD,PAID,57680.7
5595,7000005594,1000005594,20240402,CARD,PAID,56929.05
5596,7000005595,1000005595,20250217,CARD,PAID,18687.0
5597,7000005596,1000005596,20250304,GATEWAY,PAID,13968.0
5598,7000005597,1000005597,20241020,CARD,PAID,17787.0
5599,7000005598,1000005598,20241207,GATEWAY,PAID,56029.05
5600,7000005599,1000005599,20241121,GATEWAY,PAID,19866.75
5601,7000005600,1000005600,20241204,CARD,PAID,74052.0
5602,7000005601,1000005601,20250422,GATEWAY,PAID,13914.6
5603,7000005602,1000005602,20250423,CARD,PAID,18676.35
5604,7000005603,1000005603,20240415,CARD,PAID,19350.0
5605,7000005604,1000005604,20240307,GATEWAY,PAID,53336.4
5606,7000005605,1000005605,20250304,CARD,PAID,42688.8
5607,7000005606,1000005606,20240412,GATEWAY,PAID,13794.0
5608,7000005607,1000005607,0,CARD,FAILED,55950.0
5609,7000005608,1000005608,20240417,TRANSFER,PAID,14520.0
5610,7000005609,1000005609,20250129,CASH,PAID,85395.75
5611,7000005610,1000005610,0,CARD,FAILED,18442.5
5612,7000005611,1000005611,20241030,CASH,PAID,94743.0
5613,7000005612,1000005612,20250708,GATEWAY,PAID,35803.5
5614,7000005613,1000005613,20250528,GATEWAY,PAID,31755.0
5615,7000005614,1000005614,20240826,CARD,PAID,14483.7
5616,7000005615,1000005615,20240705,CARD,PAID,80697.0
5617,7000005616,1000005616,20250419,CASH,PAID,54613.35
5618,7000005617,1000005617,20250712,GATEWAY,PAID,14994.0
5619,7000005618,1000005618,0,CASH,FAILED,98554.5
5620,7000005619,1000005619,20240728,CARD,PAID,60814.2
5621,7000005620,1000005620,20240310,GATEWAY,PAID,51158.4
5622,7000005621,1000005621,20250820,GATEWAY,PAID,40704.0
5623,7000005622,1000005622,20250814,GATEWAY,PAID,92776.35
5624,7000005623,1000005623,20250907,CARD,PAID,24422.4
5625,7000005624,1000005624,20241005,CARD,PAID,25729.2
5626,7000005625,1000005625,20240422,GATEWAY,PAID,19050.0
5627,7000005626,1000005626,20250713,TRANSFER,REFUNDED,49005.0
5628,7000005627,1000005627,20240404,CASH,PAID,84942.0
5629,7000005628,1000005628,20250921,GATEWAY,PAID,61395.0
5630,7000005629,1000005629,20250101,CARD,PAID,73863.24
5631,7000005630,1000005630,20250309,GATEWAY,PAID,16373.4
5632,7000005631,1000005631,20241230,CARD,PAID,44104.5
5633,7000005632,1000005632,20250829,GATEWAY,PAID,81386.7
5634,7000005633,1000005633,20241016,CARD,PAID,32781.0
5635,7000005634,1000005634,0,CARD,FAILED,42688.8
5636,7000005635,1000005635,20250610,CARD,PAID,57528.0
5637,7000005636,1000005636,20241208,GATEWAY,PAID,44460.0
5638,7000005637,1000005637,20250629,CARD,PAID,118265.4
5639,7000005638,1000005638,20250521,GATEWAY,PAID,54778.8
5640,7000005639,1000005639,20241123,CASH,PAID,36300.0
5641,7000005640,1000005640,20240131,CASH,PAID,84107.1
5642,7000005641,1000005641,20240721,GATEWAY,PAID,13068.0
5643,7000005642,1000005642,20240913,CARD,PAID,15173.4
5644,7000005643,1000005643,20250816,GATEWAY,PAID,43888.8
5645,7000005644,1000005644,20240312,CARD,PAID,38833.5
5646,7000005645,1000005645,20240517,CARD,PAID,60504.6
5647,7000005646,1000005646,20240325,GATEWAY,PAID,34487.1
5648,7000005647,1000005647,20250505,CARD,PAID,27036.0
5649,7000005648,1000005648,20240728,CARD,PAID,52627.5
5650,7000005649,1000005649,20240421,TRANSFER,PAID,13794.0
5651,7000005650,1000005650,20250808,CARD,PAID,83601.0
5652,7000005651,1000005651,20250811,CARD,PAID,14694.0
5653,7000005652,1000005652,0,TRANSFER,FAILED,57208.8
5654,7000005653,1000005653,20250607,CARD,PAID,29403.0
5655,7000005654,1000005654,0,CARD,FAILED,38419.92
5656,7000005655,1000005655,20240331,CARD,PAID,29214.0
5657,7000005656,1000005656,20241115,CARD,PAID,14268.0
5658,7000005657,1000005657,20241008,CASH,PAID,34485.0
5659,7000005658,1000005658,20250317,CARD,PAID,88209.0
5660,7000005659,1000005659,20241024,CASH,PAID,32016.6
5661,7000005660,1000005660,20240225,GATEWAY,PAID,78763.5
5662,7000005661,1000005661,20250710,CARD,REFUNDED,52201.5
5663,7000005662,1000005662,20250305,CASH,PAID,34485.0
5664,7000005663,1000005663,20250521,CASH,PAID,86466.6
5665,7000005664,1000005664,20240406,CARD,PAID,14701.5
5666,7000005665,1000005665,0,CARD,PENDING,43317.6
5667,7000005666,1000005666,20240722,CARD,PAID,37437.0
5668,7000005667,1000005667,20250406,CASH,PAID,29403.0
5669,7000005668,1000005668,20250907,CARD,PAID,36300.0
5670,7000005669,1000005669,20250323,GATEWAY,PAID,87712.5
5671,7000005670,1000005670,0,CARD,FAILED,52998.0
5672,7000005671,1000005671,0,CARD,PENDING,32205.12
5673,7000005672,1000005672,20250324,CASH,PAID,26136.0
5674,7000005673,1000005673,20240325,TRANSFER,PAID,28459.2
5675,7000005674,1000005674,20250208,CARD,REFUNDED,51727.5
5676,7000005675,1000005675,20240402,GATEWAY,PAID,14694.0
5677,7000005676,1000005676,20250618,CASH,PAID,49005.0
5678,7000005677,1000005677,20240604,GATEWAY,PAID,80912.7
5679,7000005678,1000005678,20250608,CARD,PAID,67881.0
5680,7000005679,1000005679,20250525,TRANSFER,PAID,69877.5
5681,7000005680,1000005680,20250321,GATEWAY,PAID,28942.8
5682,7000005681,1000005681,20250816,CARD,PAID,41382.0
5683,7000005682,1000005682,20241125,GATEWAY,PAID,54450.0
5684,7000005683,1000005683,20241104,CARD,PAID,14568.0
5685,7000005684,1000005684,20240602,CASH,PAID,48279.0
5686,7000005685,1000005685,20241129,GATEWAY,PAID,55350.0
5687,7000005686,1000005686,20240110,GATEWAY,PAID,39204.0
5688,7000005687,1000005687,20240802,GATEWAY,PAID,29359.2
5689,7000005688,1000005688,20240518,CARD,PAID,13968.0
5690,7000005689,1000005689,20240802,CARD,PAID,47988.6
5691,7000005690,1000005690,0,CARD,PENDING,27588.0
5692,7000005691,1000005691,20250113,CASH,PAID,17151.75
5693,7000005692,1000005692,0,CARD,FAILED,13794.0
5694,7000005693,1000005693,20240722,CARD,PAID,27036.0
5695,7000005694,1000005694,20240514,CARD,PAID,72926.7
5696,7000005695,1000005695,20240220,CARD,PAID,13068.0
5697,7000005696,1000005696,20241015,CARD,REFUNDED,64614.0
5698,7000005697,1000005697,20241108,GATEWAY,PAID,14994.0
5699,7000005698,1000005698,20250211,CARD,PAID,15841.08
5700,7000005699,1000005699,20250525,CARD,PAID,33144.0
5701,7000005700,1000005700,0,GATEWAY,FAILED,59788.2
5702,7000005701,1000005701,20250119,CARD,REFUNDED,45738.0
5703,7000005702,1000005702,20240102,CASH,PAID,18150.0
5704,7000005703,1000005703,20240610,CARD,PAID,13314.6
5705,7000005704,1000005704,20241012,CASH,PAID,12414.6
5706,7000005705,1000005705,20241117,CASH,PAID,78262.8
5707,7000005706,1000005706,20240820,CARD,PAID,53172.0
5708,7000005707,1000005707,0,TRANSFER,FAILED,69696.0
5709,7000005708,1000005708,20250320,CARD,PAID,42282.0
5710,7000005709,1000005709,0,CARD,FAILED,26813.28
5711,7000005710,1000005710,20250630,GATEWAY,PAID,24722.4
5712,7000005711,1000005711,20241208,CARD,PAID,51727.5
5713,7000005712,1000005712,20240711,GATEWAY,PAID,30240.0
5714,7000005713,1000005713,20250207,GATEWAY,PAID,51003.6
5715,7000005714,1000005714,20250505,GATEWAY,PAID,39319.92
5716,7000005715,1000005715,0,CARD,PENDING,43124.4
5717,7000005716,1000005716,20240112,CARD,PAID,83758.62
5718,7000005717,1000005717,20250828,CARD,PAID,57172.5
5719,7000005718,1000005718,0,CARD,PENDING,33570.0
5720,7000005719,1000005719,0,GATEWAY,PENDING,33870.0
5721,7000005720,1000005720,20241207,CARD,PAID,56555.4
5722,7000005721,1000005721,20250912,CARD,PAID,28459.2
5723,7000005722,1000005722,20241115,CARD,PAID,39349.2
5724,7000005723,1000005723,20240919,CASH,PAID,30346.8
5725,7000005724,1000005724,20240718,CARD,PAID,42688.8
5726,7000005725,1000005725,20241123,GATEWAY,REFUNDED,29659.2
5727,7000005726,1000005726,0,CARD,FAILED,44460.0
5728,7000005727,1000005727,20240108,GATEWAY,PAID,43172.4
5729,7000005728,1000005728,20240310,GATEWAY,PAID,50205.0
5730,7000005729,1000005729,20240901,CARD,PAID,27036.0
5731,7000005730,1000005730,20241209,CARD,PAID,38143.8
5732,7000005731,1000005731,20240511,TRANSFER,PAID,39204.0
5733,7000005732,1000005732,0,CARD,FAILED,18442.5
5734,7000005733,1000005733,0,GATEWAY,FAILED,46323.24
5735,7000005734,1000005734,20240803,GATEWAY,PAID,47845.5
5736,7000005735,1000005735,20240224,CARD,PAID,39204.0
5737,7000005736,1000005736,20240818,CASH,PAID,31305.12
5738,7000005737,1000005737,20250408,CARD,PAID,77367.0
5739,7000005738,1000005738,20240818,CARD,PAID,35929.5
5740,7000005739,1000005739,20250722,CARD,REFUNDED,14694.0
5741,7000005740,1000005740,20250902,CARD,PAID,44460.0
5742,7000005741,1000005741,20250107,GATEWAY,PAID,47601.0
5743,7000005742,1000005742,20250807,CARD,PAID,20176.35
5744,7000005743,1000005743,0,CARD,FAILED,40031.4
5745,7000005744,1000005744,20241207,CASH,PAID,32125.5
5746,7000005745,1000005745,20240903,TRANSFER,PAID,51727.5
5747,7000005746,1000005746,20240813,GATEWAY,REFUNDED,28488.0
5748,7000005747,1000005747,20240712,TRANSFER,PAID,73093.68
5749,7000005748,1000005748,20250526,CARD,PAID,109128.45
5750,7000005749,1000005749,20240322,GATEWAY,PAID,33516.6
5751,7000005750,1000005750,20241112,CARD,PAID,27336.0
5752,7000005751,1000005751,0,CARD,FAILED,17242.5
5753,7000005752,1000005752,20240913,GATEWAY,PAID,29867.4
5754,7000005753,1000005753,20250406,CASH,PAID,14229.6
5755,7000005754,1000005754,20250308,GATEWAY,PAID,44324.4
5756,7000005755,1000005755,20240810,CARD,PAID,87120.0
5757,7000005756,1000005756,20240408,CARD,PAID,39204.0
5758,7000005757,1000005757,20240528,TRANSFER,PAID,43923.0
5759,7000005758,1000005758,20250627,CASH,PAID,41382.0
5760,7000005759,1000005759,20240702,CASH,PAID,14483.7
5761,7000005760,1000005760,20240226,CARD,PAID,14229.6
5762,7000005761,1000005761,20241213,CARD,PAID,14568.0
5763,7000005762,1000005762,20250105,CARD,PAID,41382.0
5764,7000005763,1000005763,20250407,CARD,PAID,43148.28
5765,7000005764,1000005764,20250724,CARD,PAID,39204.0
5766,7000005765,1000005765,20241125,CASH,PAID,51110.4
5767,7000005766,1000005766,20240607,CARD,PAID,44760.0
5768,7000005767,1000005767,20250903,GATEWAY,PAID,13068.0
5769,7000005768,1000005768,20250328,GATEWAY,PAID,55105.5
5770,7000005769,1000005769,20240104,CARD,REFUNDED,18987.0
5771,7000005770,1000005770,20241028,GATEWAY,PAID,37200.0
5772,7000005771,1000005771,20240118,GATEWAY,PAID,55350.0
5773,7000005772,1000005772,20250907,GATEWAY,PAID,29940.0
5774,7000005773,1000005773,20250212,CARD,PAID,40704.0
5775,7000005774,1000005774,20241124,GATEWAY,PAID,14994.0
5776,7000005775,1000005775,20250720,TRANSFER,PAID,28749.6
5777,7000005776,1000005776,0,TRANSFER,PENDING,28459.2
5778,7000005777,1000005777,20250404,CARD,PAID,48642.0
5779,7000005778,1000005778,20250810,CARD,PAID,14520.0
5780,7000005779,1000005779,20240430,CASH,PAID,15246.0
5781,7000005780,1000005780,20250921,CARD,PAID,27036.0
5782,7000005781,1000005781,20240703,GATEWAY,PAID,20557.5
5783,7000005782,1000005782,20241020,CASH,PAID,33359.7
5784,7000005783,1000005783,0,CASH,FAILED,26136.0
5785,7000005784,1000005784,20250117,GATEWAY,PAID,15720.0
5786,7000005785,1000005785,20240930,CARD,PAID,28488.0
5787,7000005786,1000005786,20240507,GATEWAY,PAID,15429.6
5788,7000005787,1000005787,20250123,TRANSFER,PAID,13794.0
5789,7000005788,1000005788,20250409,CARD,PAID,30240.0
5790,7000005789,1000005789,20240119,CARD,PAID,76404.0
5791,7000005790,1000005790,20250608,CARD,PAID,15429.6
5792,7000005791,1000005791,20240811,TRANSFER,REFUNDED,14941.08
5793,7000005792,1000005792,20250912,CARD,PAID,15420.0
5794,7000005793,1000005793,20250402,GATEWAY,PAID,90770.25
5795,7000005794,1000005794,20250604,CARD,PAID,39204.0
5796,7000005795,1000005795,20250808,GATEWAY,PAID,54561.0
5797,7000005796,1000005796,20240912,CARD,PAID,33870.0
5798,7000005797,1000005797,20240127,CARD,PAID,44576.16
5799,7000005798,1000005798,20240714,CARD,PAID,47754.75
5800,7000005799,1000005799,20240810,CARD,PAID,40704.0
5801,7000005800,1000005800,20240201,CARD,PAID,46023.24
5802,7000005801,1000005801,20250709,CARD,PAID,26136.0
5803,7000005802,1000005802,20250820,CASH,PAID,35574.0
5804,7000005803,1000005803,20240331,CARD,PAID,109800.0
5805,7000005804,1000005804,20240528,CARD,PAID,18687.0
5806,7000005805,1000005805,20240906,CASH,PAID,41382.0
5807,7000005806,1000005806,20250421,CARD,REFUNDED,13706.64
5808,7000005807,1000005807,20250523,CARD,PAID,29867.4
5809,7000005808,1000005808,20241108,CARD,PAID,35685.0
5810,7000005809,1000005809,20240812,CARD,PAID,28488.0
5811,7000005810,1000005810,20240328,GATEWAY,PAID,39523.2
5812,7000005811,1000005811,0,CARD,FAILED,54805.5
5813,7000005812,1000005812,20240608,GATEWAY,PAID,27636.0
5814,7000005813,1000005813,20241111,GATEWAY,REFUNDED,73035.6
5815,7000005814,1000005814,20250616,CARD,PAID,71985.0
5816,7000005815,1000005815,20250315,CARD,PAID,27036.0
5817,7000005816,1000005816,20250615,CARD,PAID,41382.0
5818,7000005817,1000005817,20250331,CARD,PAID,30492.0
5819,7000005818,1000005818,20241204,CARD,PAID,24422.4
5820,7000005819,1000005819,20241128,CARD,PAID,44760.0
5821,7000005820,1000005820,20250717,GATEWAY,PAID,32962.5
5822,7000005821,1000005821,20240324,GATEWAY,PAID,30240.0
5823,7000005822,1000005822,20241026,GATEWAY,PAID,28909.08
5824,7000005823,1000005823,20240325,GATEWAY,PAID,30240.0
5825,7000005824,1000005824,20250731,CARD,PAID,40404.0
5826,7000005825,1000005825,20241120,CARD,PAID,35574.0
5827,7000005826,1000005826,20250211,GATEWAY,PAID,18442.5
5828,7000005827,1000005827,20250418,CARD,PAID,54561.0
5829,7000005828,1000005828,20250415,CARD,PAID,44460.0
5830,7000005829,1000005829,0,CASH,PENDING,12414.6
5831,7000005830,1000005830,20240719,CASH,PAID,60475.8
5832,7000005831,1000005831,20240412,CARD,PAID,30782.16
5833,7000005832,1000005832,20240314,CARD,PAID,52687.92
5834,7000005833,1000005833,20240914,GATEWAY,PAID,31546.8
5835,7000005834,1000005834,20240726,GATEWAY,PAID,15972.0
5836,7000005835,1000005835,20240326,GATEWAY,PAID,51929.25
5837,7000005836,1000005836,20250916,CARD,PAID,14268.0
5838,7000005837,1000005837,20241114,CASH,PAID,39204.0
5839,7000005838,1000005838,20250419,CARD,PAID,39204.0
5840,7000005839,1000005839,20250224,CASH,PAID,17242.5
5841,7000005840,1000005840,20250901,GATEWAY,PAID,43560.0
5842,7000005841,1000005841,20250825,CARD,PAID,31036.5
5843,7000005842,1000005842,20240725,CASH,PAID,42688.8
5844,7000005843,1000005843,20250524,CARD,PAID,17242.5
5845,7000005844,1000005844,20250203,CARD,PAID,54261.0
5846,7000005845,1000005845,20240719,CARD,PAID,70024.8
5847,7000005846,1000005846,20240508,GATEWAY,PAID,13068.0
5848,7000005847,1000005847,20241031,CARD,PAID,80803.8
5849,7000005848,1000005848,0,CARD,FAILED,54050.7
5850,7000005849,1000005849,20240418,CARD,PAID,62236.35
5851,7000005850,1000005850,20250902,CARD,PAID,75358.8
5852,7000005851,1000005851,20240821,CARD,PAID,40830.0
5853,7000005852,1000005852,20240428,CARD,PAID,53361.0
5854,7000005853,1000005853,20250508,GATEWAY,PAID,29359.2
5855,7000005854,1000005854,20250921,GATEWAY,PAID,88341.78
5856,7000005855,1000005855,20250828,GATEWAY,PAID,43588.8
5857,7000005856,1000005856,20250117,CARD,PAID,61303.2
5858,7000005857,1000005857,20250114,CARD,PAID,53361.0
5859,7000005858,1000005858,20240225,CARD,PAID,30903.0
5860,7000005859,1000005859,20250220,CASH,PAID,42688.8
5861,7000005860,1000005860,20241021,CASH,PAID,74778.0
5862,7000005861,1000005861,20250628,CASH,PAID,17787.0
5863,7000005862,1000005862,0,GATEWAY,FAILED,72348.0
5864,7000005863,1000005863,20241001,CARD,PAID,13968.0
5865,7000005864,1000005864,20240420,TRANSFER,PAID,53361.0
5866,7000005865,1000005865,20250108,CASH,PAID,97411.05
5867,7000005866,1000005866,0,TRANSFER,FAILED,39204.0
5868,7000005867,1000005867,0,CARD,FAILED,33216.6
5869,7000005868,1000005868,20240910,CASH,PAID,13794.0
5870,7000005869,1000005869,20241009,CASH,PAID,38419.92
5871,7000005870,1000005870,20250108,CASH,PAID,13794.0
5872,7000005871,1000005871,0,CARD,PENDING,44104.5
5873,7000005872,1000005872,20240721,CARD,PAID,15129.6
5874,7000005873,1000005873,20240608,CARD,PAID,14994.0
5875,7000005874,1000005874,20250607,CARD,PAID,93619.8
5876,7000005875,1000005875,20250213,CARD,PAID,54379.5
5877,7000005876,1000005876,20250702,CASH,PAID,43560.0
5878,7000005877,1000005877,20240318,GATEWAY,PAID,33870.0
5879,7000005878,1000005878,20240916,CASH,PAID,39857.4
5880,7000005879,1000005879,20250706,CASH,PAID,28459.2
5881,7000005880,1000005880,20241121,CARD,PAID,59488.2
5882,7000005881,1000005881,20240627,CARD,PAID,86394.0
5883,7000005882,1000005882,20240926,CASH,PAID,36209.25
5884,7000005883,1000005883,20240923,GATEWAY,PAID,71985.0
5885,7000005884,1000005884,20240410,GATEWAY,PAID,44460.0
5886,7000005885,1000005885,0,CARD,FAILED,17535.0
5887,7000005886,1000005886,20240622,CASH,PAID,26862.0
5888,7000005887,1000005887,20240715,CARD,PAID,27336.0
5889,7000005888,1000005888,20250707,GATEWAY,PAID,19350.0
5890,7000005889,1000005889,20250804,GATEWAY,PAID,71985.0
5891,7000005890,1000005890,20240523,CARD,PAID,28459.2
5892,7000005891,1000005891,20240120,CARD,PAID,18966.75
5893,7000005892,1000005892,20240530,CASH,REFUNDED,47916.0
5894,7000005893,1000005893,20250224,CARD,REFUNDED,14520.0
5895,7000005894,1000005894,0,CARD,PENDING,29040.0
5896,7000005895,1000005895,20240808,GATEWAY,PAID,31036.5
5897,7000005896,1000005896,20240319,GATEWAY,PAID,27036.0
5898,7000005897,1000005897,20240719,CASH,PAID,105905.25
5899,7000005898,1000005898,20240801,CASH,REFUNDED,54313.88
5900,7000005899,1000005899,20250303,GATEWAY,PAID,50205.0
5901,7000005900,1000005900,20241029,GATEWAY,PAID,49905.0
5902,7000005901,1000005901,20241023,GATEWAY,PAID,43789.5
5903,7000005902,1000005902,20240919,CARD,PAID,67982.4
5904,7000005903,1000005903,20250609,CARD,PAID,35385.0
5905,7000005904,1000005904,20240411,CARD,PAID,60722.4
5906,7000005905,1000005905,20240518,CARD,PAID,15294.0
5907,7000005906,1000005906,20250111,CASH,PAID,41382.0
5908,7000005907,1000005907,20240612,CARD,PAID,75443.1
5909,7000005908,1000005908,0,CASH,FAILED,27588.0
5910,7000005909,1000005909,20250512,CARD,PAID,19957.5
5911,7000005910,1000005910,0,CARD,FAILED,30492.0
5912,7000005911,1000005911,20250616,CASH,PAID,55495.44
5913,7000005912,1000005912,20241225,CASH,PAID,31218.0
5914,7000005913,1000005913,0,CASH,PENDING,32670.0
5915,7000005914,1000005914,20241216,GATEWAY,PAID,38252.7
5916,7000005915,1000005915,20250428,CARD,PAID,19004.62
5917,7000005916,1000005916,20250531,CARD,PAID,48279.0
5918,7000005917,1000005917,20241024,GATEWAY,PAID,69870.0
5919,7000005918,1000005918,20240226,TRANSFER,PAID,53361.0
5920,7000005919,1000005919,20240723,GATEWAY,PAID,37074.0
5921,7000005920,1000005920,20250908,GATEWAY,REFUNDED,15720.0
5922,7000005921,1000005921,20250530,CARD,PAID,77212.2
5923,7000005922,1000005922,20250905,CARD,PAID,51231.0
5924,7000005923,1000005923,20241002,CARD,PAID,46554.75
5925,7000005924,1000005924,0,CASH,PENDING,17242.5
5926,7000005925,1000005925,20250115,CARD,PAID,16146.0
5927,7000005926,1000005926,20240908,CASH,PAID,11761.2
5928,7000005927,1000005927,20250806,CASH,PAID,35574.0
5929,7000005928,1000005928,20241215,CASH,PAID,52090.5
5930,7000005929,1000005929,0,CARD,FAILED,35685.0
5931,7000005930,1000005930,20250413,CARD,PAID,64759.2
5932,7000005931,1000005931,20240503,CARD,PAID,19287.0
5933,7000005932,1000005932,20250521,CARD,PAID,43923.0
5934,7000005933,1000005933,20250127,CARD,PAID,80368.2
5935,7000005934,1000005934,20250529,CARD,PAID,25613.28
5936,7000005935,1000005935,20250828,TRANSFER,PAID,26136.0
5937,7000005936,1000005936,20241016,CARD,PAID,59643.0
5938,7000005937,1000005937,0,CARD,FAILED,15720.0
5939,7000005938,1000005938,20250330,GATEWAY,PAID,15420.0
5940,7000005939,1000005939,20250219,CASH,PAID,87120.0
5941,7000005940,1000005940,20241016,CARD,PAID,40104.0
5942,7000005941,1000005941,20241125,CARD,PAID,37800.0
5943,7000005942,1000005942,20250924,CARD,PAID,34485.0
5944,7000005943,1000005943,20240920,TRANSFER,PAID,52453.5
5945,7000005944,1000005944,20240225,CARD,PAID,31692.0
5946,7000005945,1000005945,20240205,GATEWAY,PAID,66973.5
5947,7000005946,1000005946,20240218,CARD,PAID,31036.5
5948,7000005947,1000005947,20250414,CARD,PAID,29882.16
5949,7000005948,1000005948,20241008,CARD,PAID,18987.0
5950,7000005949,1000005949,20250829,CARD,PAID,34170.0
5951,7000005950,1000005950,20241218,GATEWAY,PAID,31959.33
5952,7000005951,1000005951,0,GATEWAY,FAILED,37437.0
5953,7000005952,1000005952,20250711,CARD,PAID,28488.0
5954,7000005953,1000005953,20250128,CARD,PAID,17835.0
5955,7000005954,1000005954,20250405,CASH,PAID,28459.2
5956,7000005955,1000005955,20240127,CARD,PAID,14006.64
5957,7000005956,1000005956,20240810,CARD,PAID,45004.5
5958,7000005957,1000005957,0,GATEWAY,FAILED,72919.2
5959,7000005958,1000005958,20240808,CARD,PAID,25613.28
5960,7000005959,1000005959,0,CARD,FAILED,75141.0
5961,7000005960,1000005960,20250127,CASH,PAID,35574.0
5962,7000005961,1000005961,20250907,CARD,PAID,45060.0
5963,7000005962,1000005962,20240201,CASH,PAID,81566.1
5964,7000005963,1000005963,20240915,CARD,PAID,62438.1
5965,7000005964,1000005964,20240120,CARD,PAID,24829.2
5966,7000005965,1000005965,20241205,CARD,PAID,70351.5
5967,7000005966,1000005966,20250529,CARD,PAID,30240.0
5968,7000005967,1000005967,20250813,CARD,PAID,69260.4
5969,7000005968,1000005968,20250320,CASH,PAID,29040.0
5970,7000005969,1000005969,20250920,CARD,PAID,14520.0
5971,7000005970,1000005970,20250807,GATEWAY,PAID,40704.0
5972,7000005971,1000005971,20250607,GATEWAY,PAID,40104.0
5973,7000005972,1000005972,20240715,GATEWAY,PAID,27036.0
5974,7000005973,1000005973,20241206,CARD,PAID,19050.0
5975,7000005974,1000005974,20240824,CASH,PAID,11761.2
5976,7000005975,1000005975,20241024,CARD,PAID,29359.2
5977,7000005976,1000005976,20250607,CARD,PAID,57172.5
5978,7000005977,1000005977,20241221,GATEWAY,PAID,44188.8
5979,7000005978,1000005978,20250424,GATEWAY,PAID,58951.2
5980,7000005979,1000005979,20240509,GATEWAY,PAID,33870.0
5981,7000005980,1000005980,20241027,CASH,PAID,35283.6
5982,7000005981,1000005981,20250604,CASH,PAID,24829.2
5983,7000005982,1000005982,20240207,CARD,PAID,17787.0
5984,7000005983,1000005983,20241214,CARD,PAID,42882.0
5985,7000005984,1000005984,20250514,CASH,PAID,48024.9
5986,7000005985,1000005985,20250224,CASH,REFUNDED,12414.6
5987,7000005986,1000005986,20240218,CARD,PAID,61131.3
5988,7000005987,1000005987,20250615,CASH,PAID,112275.9
5989,7000005988,1000005988,0,CARD,FAILED,64388.7
5990,7000005989,1000005989,20250305,CASH,PAID,13721.4
5991,7000005990,1000005990,20240811,TRANSFER,PAID,17242.5
5992,7000005991,1000005991,20250208,GATEWAY,PAID,38852.7
5993,7000005992,1000005992,20250201,CARD,PAID,19565.7
5994,7000005993,1000005993,0,GATEWAY,FAILED,40104.0
5995,7000005994,1000005994,20240922,CASH,PAID,13068.0
5996,7000005995,1000005995,20250927,GATEWAY,PAID,35985.0
5997,7000005996,1000005996,20240215,CARD,PAID,85305.0
5998,7000005997,1000005997,0,CARD,FAILED,29959.2
5999,7000005998,1000005998,20240511,CASH,PAID,123057.0
6000,7000005999,1000005999,20250101,CARD,PAID,55213.88
6001,7000006000,1000006000,20240128,TRANSFER,PAID,104943.3
6002,7000006001,1000006001,20250411,CARD,REFUNDED,14520.0
6003,7000006002,1000006002,20240719,CARD,PAID,44760.0
6004,7000006003,1000006003,20241003,GATEWAY,PAID,24422.4
6005,7000006004,1000006004,20240729,CARD,PAID,12414.6
6006,7000006005,1000006005,20240204,CARD,PAID,28459.2
6007,7000006006,1000006006,20240303,GATEWAY,PAID,77938.2
6008,7000006007,1000006007,20250305,CARD,PAID,55553.28
6009,7000006008,1000006008,20241213,CARD,PAID,31464.6
6010,7000006009,1000006009,20250324,CARD,PAID,35203.5
6011,7000006010,1000006010,20241228,CARD,PAID,43560.0
6012,7000006011,1000006011,20240611,CARD,PAID,30855.0
6013,7000006012,1000006012,0,GATEWAY,FAILED,43588.8
6014,7000006013,1000006013,20241113,CARD,PAID,92530.8
6015,7000006014,1000006014,20241028,CASH,PAID,27588.0
6016,7000006015,1000006015,20240729,CARD,PAID,60766.2
6017,7000006016,1000006016,20250602,CARD,PAID,27336.0
6018,7000006017,1000006017,20241212,CARD,PAID,55350.0
6019,7000006018,1000006018,20250407,CARD,PAID,58762.2
6020,7000006019,1000006019,20240306,CARD,PAID,25613.28
6021,7000006020,1000006020,0,CARD,FAILED,19350.0
6022,7000006021,1000006021,20250827,CARD,PAID,35937.0
6023,7000006022,1000006022,20240814,CARD,PAID,12661.2
6024,7000006023,1000006023,20250131,GATEWAY,PAID,41382.0
6025,7000006024,1000006024,20250319,CARD,PAID,41164.2
6026,7000006025,1000006025,20250611,CARD,PAID,35685.0
6027,7000006026,1000006026,20240817,CARD,PAID,16008.3
6028,7000006027,1000006027,0,CARD,FAILED,14483.7
6029,7000006028,1000006028,20250304,CARD,PAID,83092.8
6030,7000006029,1000006029,20240611,CARD,PAID,14268.0
6031,7000006030,1000006030,20241123,CARD,PAID,20865.0
6032,7000006031,1000006031,20250107,GATEWAY,PAID,59806.35
6033,7000006032,1000006032,0,CARD,FAILED,69780.3
6034,7000006033,1000006033,20241109,GATEWAY,PAID,25729.2
6035,7000006034,1000006034,20250309,GATEWAY,PAID,29940.0
6036,7000006035,1000006035,20240528,GATEWAY,PAID,37409.25
6037,7000006036,1000006036,0,CARD,FAILED,80586.0
6038,7000006037,1000006037,20250903,CASH,PAID,36300.0
6039,7000006038,1000006038,20250212,CARD,PAID,43888.8
6040,7000006039,1000006039,20240128,CARD,PAID,27336.0
6041,7000006040,1000006040,20240406,CARD,PAID,50205.0
6042,7000006041,1000006041,0,CASH,FAILED,43451.1
6043,7000006042,1000006042,20250726,CASH,PAID,77464.2
6044,7000006043,1000006043,20241029,CASH,PAID,13721.4
6045,7000006044,1000006044,20240115,CARD,PAID,64988.7
6046,7000006045,1000006045,20250517,CASH,PAID,82165.05
6047,7000006046,1000006046,20240814,TRANSFER,PAID,43560.0
6048,7000006047,1000006047,20240331,GATEWAY,PAID,54261.0
6049,7000006048,1000006048,20241212,CARD,PAID,75141.0
6050,7000006049,1000006049,20240810,CARD,PAID,14229.6
6051,7000006050,1000006050,20240404,CARD,PAID,14268.0
6052,7000006051,1000006051,20240219,GATEWAY,PAID,65523.6
6053,7000006052,1000006052,0,CASH,PENDING,103455.0
6054,7000006053,1000006053,20250829,CARD,PAID,26136.0
6055,7000006054,1000006054,20250820,CARD,PAID,37109.25
6056,7000006055,1000006055,20250919,CARD,PAID,49542.0
6057,7000006056,1000006056,20250911,CASH,PAID,36300.0
6058,7000006057,1000006057,20250722,CARD,PAID,75552.0
6059,7000006058,1000006058,20240912,TRANSFER,PAID,14229.6
6060,7000006059,1000006059,20241222,CASH,PAID,34485.0
6061,7000006060,1000006060,20250304,CASH,PAID,48024.9
6062,7000006061,1000006061,20240319,CASH,PAID,113764.2
6063,7000006062,1000006062,20240104,CARD,PAID,12661.2
6064,7000006063,1000006063,20240131,CARD,PAID,52310.4
6065,7000006064,1000006064,20250919,CASH,PAID,26136.0
6066,7000006065,1000006065,20240714,CARD,PAID,69744.0
6067,7000006066,1000006066,0,CARD,FAILED,12414.6
6068,7000006067,1000006067,20241013,CARD,PAID,74596.5
6069,7000006068,1000006068,20240626,CASH,PAID,39204.0
6070,7000006069,1000006069,20250409,GATEWAY,PAID,16201.5
6071,7000006070,1000006070,20250508,CARD,PAID,43560.0
6072,7000006071,1000006071,20241015,TRANSFER,PAID,59023.8
6073,7000006072,1000006072,20250813,GATEWAY,PAID,32505.12
6074,7000006073,1000006073,20250604,GATEWAY,PAID,85188.6
6075,7000006074,1000006074,20241230,CARD,PAID,48714.6
6076,7000006075,1000006075,20241221,CARD,PAID,57800.25
6077,7000006076,1000006076,0,CASH,FAILED,45375.0
6078,7000006077,1000006077,0,CASH,PENDING,11761.2
6079,7000006078,1000006078,20250119,CARD,PAID,70857.6
6080,7000006079,1000006079,0,CARD,FAILED,48191.64
6081,7000006080,1000006080,20250619,CARD,PAID,47117.4
6082,7000006081,1000006081,20241222,CARD,PAID,18351.75
6083,7000006082,1000006082,20240129,CASH,PAID,58697.1
6084,7000006083,1000006083,20240617,CARD,PAID,39204.0
6085,7000006084,1000006084,20240306,CARD,PAID,27588.0
6086,7000006085,1000006085,20241222,CARD,PAID,31692.0
6087,7000006086,1000006086,20250330,CARD,PAID,26329.2
6088,7000006087,1000006087,20240503,CASH,PAID,84324.9
6089,7000006088,1000006088,0,TRANSFER,PENDING,16008.3
6090,7000006089,1000006089,20250929,CASH,PAID,27442.8
6091,7000006090,1000006090,20250119,CASH,PAID,68244.0
6092,7000006091,1000006091,20241130,GATEWAY,PAID,77328.36
6093,7000006092,1000006092,20240424,CARD,PAID,39204.0
6094,7000006093,1000006093,20250521,CASH,PAID,42688.8
6095,7000006094,1000006094,20250702,CARD,PAID,55513.88
6096,7000006095,1000006095,20250408,CASH,PAID,14229.6
6097,7000006096,1000006096,20250716,CARD,PAID,17535.0
6098,7000006097,1000006097,20250812,CASH,PAID,45738.0
6099,7000006098,1000006098,20240803,GATEWAY,PAID,15720.0
6100,7000006099,1000006099,20250324,CARD,PAID,54261.0
6101,7000006100,1000006100,20240703,GATEWAY,PAID,44188.8
6102,7000006101,1000006101,20240418,GATEWAY,PAID,79462.8
6103,7000006102,1000006102,20240404,GATEWAY,PAID,52927.5
6104,7000006103,1000006103,20240620,CARD,PAID,29403.0
6105,7000006104,1000006104,20250916,CARD,PAID,86958.75
6106,7000006105,1000006105,20250822,TRANSFER,PAID,13794.0
6107,7000006106,1000006106,20250927,TRANSFER,PAID,19057.5
6108,7000006107,1000006107,20240928,GATEWAY,PAID,56929.05
6109,7000006108,1000006108,20240608,GATEWAY,PAID,29088.0
6110,7000006109,1000006109,20250522,CASH,PAID,42688.8
6111,7000006110,1000006110,0,CARD,PENDING,39204.0
6112,7000006111,1000006111,20240119,CARD,PAID,43588.8
6113,7000006112,1000006112,20250601,CASH,PAID,41454.6
6114,7000006113,1000006113,20240903,CARD,PAID,33570.0
6115,7000006114,1000006114,20241120,CARD,PAID,35574.0
6116,7000006115,1000006115,20250919,GATEWAY,PAID,19004.62
6117,7000006116,1000006116,20240904,GATEWAY,PAID,16335.0
6118,7000006117,1000006117,20240706,CARD,PAID,50674.8
6119,7000006118,1000006118,0,CARD,PENDING,29959.2
6120,7000006119,1000006119,0,CARD,FAILED,12414.6
6121,7000006120,1000006120,20250317,CARD,PAID,35503.5
6122,7000006121,1000006121,20240316,GATEWAY,PAID,58072.5
6123,7000006122,1000006122,20240727,GATEWAY,PAID,29940.0
6124,7000006123,1000006123,20241214,CARD,PAID,79608.0
6125,7000006124,1000006124,20250208,CARD,PAID,19350.0
6126,7000006125,1000006125,20241130,CARD,PAID,39233.85
6127,7000006126,1000006126,20241119,CARD,PAID,18987.0
6128,7000006127,1000006127,20241027,CASH,PAID,49005.0
6129,7000006128,1000006128,0,GATEWAY,FAILED,71622.0
6130,7000006129,1000006129,20241025,GATEWAY,PAID,68718.0
6131,7000006130,1000006130,20240925,GATEWAY,PAID,16446.0
6132,7000006131,1000006131,0,CARD,FAILED,32236.5
6133,7000006132,1000006132,20250326,CARD,PAID,37137.0
6134,7000006133,1000006133,20240522,CARD,PAID,30240.0
6135,7000006134,1000006134,20250604,CASH,REFUNDED,35283.6
6136,7000006135,1000006135,0,CARD,FAILED,35385.0
6137,7000006136,1000006136,0,CARD,PENDING,25729.2
6138,7000006137,1000006137,20240807,GATEWAY,PAID,35685.0
6139,7000006138,1000006138,20250420,CASH,PAID,14229.6
6140,7000006139,1000006139,20240629,CASH,PAID,53179.5
6141,7000006140,1000006140,20240306,CARD,PAID,58554.0
6142,7000006141,1000006141,20250418,TRANSFER,PAID,28459.2
6143,7000006142,1000006142,20240705,CARD,PAID,54261.0
6144,7000006143,1000006143,20240506,CARD,REFUNDED,71874.0
6145,7000006144,1000006144,20250207,CARD,PAID,42282.0
6146,7000006145,1000006145,20250806,CARD,PAID,110344.5
6147,7000006146,1000006146,0,CASH,FAILED,18150.0
6148,7000006147,1000006147,20240511,CASH,PAID,66429.0
6149,7000006148,1000006148,20250412,CARD,PAID,79182.0
6150,7000006149,1000006149,20250826,CASH,PAID,41382.0
6151,7000006150,1000006150,20240117,CARD,PAID,52627.5
6152,7000006151,1000006151,0,GATEWAY,FAILED,89709.0
6153,7000006152,1000006152,0,CARD,FAILED,77623.92
6154,7000006153,1000006153,20240814,CARD,PAID,49905.0
6155,7000006154,1000006154,20240227,CARD,PAID,14520.0
6156,7000006155,1000006155,20240929,CASH,PAID,47291.64
6157,7000006156,1000006156,20250409,CARD,PAID,97032.0
6158,7000006157,1000006157,20240409,CARD,PAID,53724.0
6159,7000006158,1000006158,20240505,CARD,PAID,29461.08
6160,7000006159,1000006159,20240819,GATEWAY,PAID,77430.0
6161,7000006160,1000006160,20250531,CARD,PAID,33444.0
6162,7000006161,1000006161,20240211,CARD,PAID,29088.0
6163,7000006162,1000006162,20240923,GATEWAY,PAID,39204.0
6164,7000006163,1000006163,20250617,CASH,PAID,42688.8
6165,7000006164,1000006164,20250412,GATEWAY,PAID,15383.7
6166,7000006165,1000006165,20251001,GATEWAY,PAID,123785.1
6167,7000006166,1000006166,20240818,CASH,PAID,57172.5
6168,7000006167,1000006167,20240414,CARD,PAID,26136.0
6169,7000006168,1000006168,20240319,GATEWAY,PAID,49116.0
6170,7000006169,1000006169,20240927,CARD,PAID,33570.0
6171,7000006170,1000006170,20250516,CARD,PAID,32236.5
6172,7000006171,1000006171,20240705,GATEWAY,PAID,18742.5
6173,7000006172,1000006172,20240302,GATEWAY,PAID,37137.0
6174,7000006173,1000006173,0,CASH,PENDING,35283.6
6175,7000006174,1000006174,20240513,GATEWAY,PAID,44460.0
6176,7000006175,1000006175,20250320,CARD,PAID,17508.3
6177,7000006176,1000006176,20240701,CARD,PAID,27336.0
6178,7000006177,1000006177,20250424,CARD,PAID,16146.0
6179,7000006178,1000006178,20250612,CARD,PAID,55950.0
6180,7000006179,1000006179,20240907,CARD,PAID,52627.5
6181,7000006180,1000006180,20240912,CARD,PAID,77623.92
6182,7000006181,1000006181,20240305,GATEWAY,PAID,57646.5
6183,7000006182,1000006182,20250924,CARD,PAID,48816.0
6184,7000006183,1000006183,20250621,GATEWAY,PAID,56376.0
6185,7000006184,1000006184,20240310,CASH,PAID,95650.5
6186,7000006185,1000006185,20250925,GATEWAY,PAID,68079.12
6187,7000006186,1000006186,20240530,CASH,REFUNDED,41164.2
6188,7000006187,1000006187,20240323,CARD,PAID,79063.5
6189,7000006188,1000006188,20240828,CARD,PAID,52663.8
6190,7000006189,1000006189,20240204,CASH,PAID,67844.7
6191,7000006190,1000006190,20250628,GATEWAY,PAID,28488.0
6192,7000006191,1000006191,20250316,CARD,PAID,28788.0
6193,7000006192,1000006192,20240623,CASH,PAID,35937.0
6194,7000006193,1000006193,20241230,CARD,PAID,44760.0
6195,7000006194,1000006194,20250215,GATEWAY,REFUNDED,71332.12
6196,7000006195,1000006195,20240111,CASH,PAID,38419.92
6197,7000006196,1000006196,20240104,CARD,PAID,41130.0
6198,7000006197,1000006197,20241017,CASH,PAID,39204.0
6199,7000006198,1000006198,0,CARD,PENDING,18868.5
6200,7000006199,1000006199,20250819,GATEWAY,REFUNDED,78582.0
6201,7000006200,1000006200,0,CARD,FAILED,39204.0
6202,7000006201,1000006201,20241122,GATEWAY,PAID,40104.0
6203,7000006202,1000006202,20250830,GATEWAY,PAID,39319.92
6204,7000006203,1000006203,20250302,GATEWAY,PAID,34170.0
6205,7000006204,1000006204,20240228,TRANSFER,PAID,41382.0
6206,7000006205,1000006205,20250210,CARD,PAID,28459.2
6207,7000006206,1000006206,20250705,GATEWAY,PAID,43124.4
6208,7000006207,1000006207,0,GATEWAY,FAILED,36456.38
6209,7000006208,1000006208,20240915,GATEWAY,PAID,38615.7
6210,7000006209,1000006209,0,CASH,FAILED,13794.0
6211,7000006210,1000006210,20240214,TRANSFER,PAID,37352.7
6212,7000006211,1000006211,20250826,CARD,PAID,15841.08
6213,7000006212,1000006212,20240506,GATEWAY,PAID,26136.0
6214,7000006213,1000006213,20240507,CARD,PAID,71449.05
6215,7000006214,1000006214,20240418,GATEWAY,PAID,51429.6
6216,7000006215,1000006215,20250824,CARD,REFUNDED,16008.3
6217,7000006216,1000006216,20241204,GATEWAY,PAID,29088.0
6218,7000006217,1000006217,20250925,CARD,PAID,51636.75
6219,7000006218,1000006218,20250702,CASH,REFUNDED,29882.16
6220,7000006219,1000006219,20250405,CARD,PAID,95280.0
6221,7000006220,1000006220,0,CARD,FAILED,36774.0
6222,7000006221,1000006221,20240317,CARD,PAID,130401.3
6223,7000006222,1000006222,20250330,CARD,PAID,15383.7
6224,7000006223,1000006223,20240406,CARD,PAID,14994.0
6225,7000006224,1000006224,20250407,GATEWAY,PAID,17235.0
6226,7000006225,1000006225,20240220,CARD,PAID,40104.0
6227,7000006226,1000006226,20240118,GATEWAY,PAID,29659.2
6228,7000006227,1000006227,20250529,CARD,PAID,45738.0
6229,7000006228,1000006228,20250405,GATEWAY,PAID,16446.0
6230,7000006229,1000006229,20240605,CARD,PAID,43269.6
6231,7000006230,1000006230,0,CASH,FAILED,43560.0
6232,7000006231,1000006231,20240401,CARD,PAID,57680.7
6233,7000006232,1000006232,20250530,CARD,PAID,35385.0
6234,7000006233,1000006233,0,CARD,FAILED,48678.3
6235,7000006234,1000006234,20240104,GATEWAY,PAID,29659.2
6236,7000006235,1000006235,0,CARD,FAILED,76549.2
6237,7000006236,1000006236,20240515,GATEWAY,PAID,53472.0
6238,7000006237,1000006237,0,CASH,FAILED,37243.8
6239,7000006238,1000006238,20250602,GATEWAY,PAID,33570.0
6240,7000006239,1000006239,20240705,GATEWAY,PAID,85842.0
6241,7000006240,1000006240,20240422,CARD,PAID,14694.0
6242,7000006241,1000006241,20241018,CARD,PAID,46609.2
6243,7000006242,1000006242,20250102,CARD,PAID,26136.0
6244,7000006243,1000006243,20250531,CASH,PAID,12414.6
6245,7000006244,1000006244,20240301,CARD,PAID,26329.2
6246,7000006245,1000006245,20241120,CASH,PAID,14229.6
6247,7000006246,1000006246,20240519,CARD,PAID,18104.62
6248,7000006247,1000006247,20240415,GATEWAY,PAID,39315.0
6249,7000006248,1000006248,20250512,CARD,PAID,18442.5
6250,7000006249,1000006249,20240328,CASH,PAID,27442.8
6251,7000006250,1000006250,20240606,CASH,PAID,80368.2
6252,7000006251,1000006251,20250806,CARD,PAID,72019.2
6253,7000006252,1000006252,20240423,GATEWAY,PAID,58529.88
6254,7000006253,1000006253,20250526,GATEWAY,PAID,31936.5
6255,7000006254,1000006254,20240907,GATEWAY,PAID,44878.5
6256,7000006255,1000006255,20250615,CARD,PAID,32236.5
6257,7000006256,1000006256,20250426,CARD,PAID,17787.0
6258,7000006257,1000006257,20240911,GATEWAY,PAID,29940.0
6259,7000006258,1000006258,20240418,CARD,PAID,54313.88
6260,7000006259,1000006259,20250209,CARD,PAID,13614.6
6261,7000006260,1000006260,20240125,GATEWAY,PAID,42037.5
6262,7000006261,1000006261,20250709,CARD,PAID,73543.8
6263,7000006262,1000006262,20240516,CASH,PAID,49005.0
6264,7000006263,1000006263,20250730,CARD,PAID,84753.0
6265,7000006264,1000006264,20250921,GATEWAY,REFUNDED,29359.2
6266,7000006265,1000006265,20250508,CARD,PAID,27036.0
6267,7000006266,1000006266,20241023,CARD,PAID,42364.2
6268,7000006267,1000006267,20250116,GATEWAY,PAID,66749.25
6269,7000006268,1000006268,0,CARD,FAILED,17535.0
6270,7000006269,1000006269,20250124,CARD,PAID,85779.0
6271,7000006270,1000006270,20241105,CARD,PAID,18687.0
6272,7000006271,1000006271,20250428,GATEWAY,PAID,70470.0
6273,7000006272,1000006272,20240416,CASH,PAID,17787.0
6274,7000006273,1000006273,20250820,CARD,PAID,19957.5
6275,7000006274,1000006274,20250118,CASH,PAID,58697.1
6276,7000006275,1000006275,20240921,CASH,REFUNDED,32670.0
6277,7000006276,1000006276,20250305,CARD,PAID,26136.0
6278,7000006277,1000006277,20241201,CARD,PAID,26329.2
6279,7000006278,1000006278,20250801,CARD,PAID,34485.0
6280,7000006279,1000006279,20250118,GATEWAY,PAID,49905.0
6281,7000006280,1000006280,20240219,GATEWAY,PAID,15294.0
6282,7000006281,1000006281,20250930,TRANSFER,PAID,81021.6
6283,7000006282,1000006282,20250223,GATEWAY,PAID,36774.0
6284,7000006283,1000006283,20241111,CARD,PAID,29949.6
6285,7000006284,1000006284,20250511,CASH,PAID,29040.0
6286,7000006285,1000006285,20241117,CARD,REFUNDED,32670.0
6287,7000006286,1000006286,20250516,TRANSFER,PAID,26136.0
6288,7000006287,1000006287,20240216,CARD,PAID,17535.0
6289,7000006288,1000006288,20240117,TRANSFER,PAID,65993.4
6290,7000006289,1000006289,20240130,CARD,PAID,27336.0
6291,7000006290,1000006290,20240622,CARD,PAID,16852.56
6292,7000006291,1000006291,0,GATEWAY,FAILED,37243.8
6293,7000006292,1000006292,20241203,CASH,PAID,41382.0
6294,7000006293,1000006293,20240206,CARD,PAID,18687.0
6295,7000006294,1000006294,20240922,CARD,PAID,64904.4
6296,7000006295,1000006295,20240512,CASH,PAID,43451.1
6297,7000006296,1000006296,0,GATEWAY,FAILED,29940.0
6298,7000006297,1000006297,20250227,GATEWAY,PAID,19050.0
6299,7000006298,1000006298,0,CARD,FAILED,37709.25
6300,7000006299,1000006299,20250523,CARD,PAID,48816.0
6301,7000006300,1000006300,20240314,CARD,PAID,42664.2
6302,7000006301,1000006301,20241225,CASH,PAID,54450.0
6303,7000006302,1000006302,20241011,GATEWAY,PAID,35685.0
6304,7000006303,1000006303,20241201,CASH,REFUNDED,48142.88
6305,7000006304,1000006304,20250429,CARD,PAID,75687.6
6306,7000006305,1000006305,20250423,CASH,PAID,28967.4
6307,7000006306,1000006306,20241111,CARD,PAID,29867.4
6308,7000006307,1000006307,20240716,CARD,PAID,47916.0
6309,7000006308,1000006308,20240201,GATEWAY,PAID,52627.5
6310,7000006309,1000006309,20250411,GATEWAY,PAID,14268.0
6311,7000006310,1000006310,20241028,GATEWAY,PAID,15729.6
6312,7000006311,1000006311,20240329,TRANSFER,PAID,53905.5
6313,7000006312,1000006312,20250206,GATEWAY,PAID,51158.4
6314,7000006313,1000006313,20250202,CASH,PAID,30346.8
6315,7000006314,1000006314,20240309,CASH,PAID,95962.68
6316,7000006315,1000006315,20240610,CASH,PAID,16335.0
6317,7000006316,1000006316,20240306,GATEWAY,PAID,18442.5
6318,7000006317,1000006317,20241001,GATEWAY,PAID,16746.0
6319,7000006318,1000006318,20241206,CARD,PAID,45423.0
6320,7000006319,1000006319,20250516,GATEWAY,REFUNDED,32205.12
6321,7000006320,1000006320,20250224,CARD,PAID,81312.0
6322,7000006321,1000006321,20241119,CARD,PAID,58917.0
6323,7000006322,1000006322,20241215,GATEWAY,PAID,31305.12
6324,7000006323,1000006323,0,CARD,PENDING,17787.0
6325,7000006324,1000006324,20250421,CARD,PAID,14921.4
6326,7000006325,1000006325,20240622,CARD,PAID,14268.0
6327,7000006326,1000006326,20250526,GATEWAY,PAID,79462.8
6328,7000006327,1000006327,20240929,CASH,PAID,60112.8
6329,7000006328,1000006328,20250924,CARD,PAID,128229.75
6330,7000006329,1000006329,0,CARD,FAILED,56918.4
6331,7000006330,1000006330,20250503,CASH,PAID,35574.0
6332,7000006331,1000006331,20240201,GATEWAY,PAID,49905.0
6333,7000006332,1000006332,20240619,CARD,PAID,29882.16
6334,7000006333,1000006333,20250226,CARD,PAID,17535.0
6335,7000006334,1000006334,20250109,CARD,PAID,19350.0
6336,7000006335,1000006335,20250410,CASH,PAID,84070.8
6337,7000006336,1000006336,20250626,GATEWAY,PAID,28788.0
6338,7000006337,1000006337,20250317,CARD,PAID,17535.0
6339,7000006338,1000006338,20240929,GATEWAY,PAID,31936.5
6340,7000006339,1000006339,20250516,CARD,PAID,71601.75
6341,7000006340,1000006340,20241119,GATEWAY,PAID,39619.92
6342,7000006341,1000006341,20250214,CARD,PAID,27036.0
6343,7000006342,1000006342,20250308,GATEWAY,PAID,85788.6
6344,7000006343,1000006343,20250313,TRANSFER,REFUNDED,68970.0
6345,7000006344,1000006344,20240120,CARD,PAID,73689.0
6346,7000006345,1000006345,20240204,CARD,PAID,17787.0
6347,7000006346,1000006346,0,GATEWAY,FAILED,31464.6
6348,7000006347,1000006347,20250804,GATEWAY,PAID,64570.2
6349,7000006348,1000006348,20250511,GATEWAY,PAID,18142.5
6350,7000006349,1000006349,0,CARD,PENDING,29882.16
6351,7000006350,1000006350,20241030,CARD,PAID,49905.0
6352,7000006351,1000006351,0,CARD,FAILED,75189.0
6353,7000006352,1000006352,20241224,CASH,PAID,51727.5
6354,7000006353,1000006353,0,CARD,FAILED,35322.0
6355,7000006354,1000006354,20240815,CASH,PAID,39204.0
6356,7000006355,1000006355,20240903,CARD,PAID,109301.4
6357,7000006356,1000006356,20250407,CARD,PAID,54261.0
6358,7000006357,1000006357,20240704,CARD,PAID,25613.28
6359,7000006358,1000006358,20250212,CARD,PAID,14483.7
6360,7000006359,1000006359,20250127,CARD,PAID,43560.0
6361,7000006360,1000006360,20241031,GATEWAY,PAID,61821.0
6362,7000006361,1000006361,20240128,CASH,PAID,88209.0
6363,7000006362,1000006362,0,CASH,FAILED,11761.2
6364,7000006363,1000006363,20250414,GATEWAY,PAID,18142.5
6365,7000006364,1000006364,20250210,GATEWAY,PAID,29659.2
6366,7000006365,1000006365,20241015,CARD,PAID,45060.0
6367,7000006366,1000006366,20240806,CASH,REFUNDED,45738.0
6368,7000006367,1000006367,20240629,CARD,PAID,36300.0
6369,7000006368,1000006368,20240705,GATEWAY,PAID,59597.1
6370,7000006369,1000006369,0,CARD,FAILED,18150.0
6371,7000006370,1000006370,20250830,CARD,PAID,29882.16
6372,7000006371,1000006371,20250918,CARD,PAID,64614.0
6373,7000006372,1000006372,20240225,GATEWAY,PAID,28788.0
6374,7000006373,1000006373,20240423,GATEWAY,PAID,76404.0
6375,7000006374,1000006374,20250417,CARD,PAID,95643.0
6376,7000006375,1000006375,20240331,GATEWAY,PAID,13968.0
6377,7000006376,1000006376,20240125,CARD,PAID,34485.0
6378,7000006377,1000006377,20241003,GATEWAY,PAID,14694.0
6379,7000006378,1000006378,20240716,CARD,REFUNDED,14229.6
6380,7000006379,1000006379,20240918,GATEWAY,PAID,28642.8
6381,7000006380,1000006380,0,GATEWAY,FAILED,59622.75
6382,7000006381,1000006381,20250525,GATEWAY,PAID,17172.0
6383,7000006382,1000006382,20240128,CASH,PAID,31036.5
6384,7000006383,1000006383,20240804,CARD,PAID,44641.5
6385,7000006384,1000006384,20240626,GATEWAY,PAID,24722.4
6386,7000006385,1000006385,20240612,CARD,PAID,79545.0
6387,7000006386,1000006386,20240611,CARD,PAID,42282.0
6388,7000006387,1000006387,20240102,CARD,PAID,54972.48
6389,7000006388,1000006388,20250108,CASH,REFUNDED,68607.0
6390,7000006389,1000006389,20240703,CARD,PAID,52973.4
6391,7000006390,1000006390,20250310,CARD,PAID,79462.8
6392,7000006391,1000006391,0,GATEWAY,FAILED,18142.5
6393,7000006392,1000006392,20240106,CARD,PAID,37500.0
6394,7000006393,1000006393,20240524,CARD,PAID,48924.9
6395,7000006394,1000006394,20250314,CARD,PAID,54261.0
6396,7000006395,1000006395,20250907,CARD,PAID,84579.0
6397,7000006396,1000006396,20240221,CASH,PAID,56900.25
6398,7000006397,1000006397,20250905,CASH,PAID,14701.5
6399,7000006398,1000006398,20240316,GATEWAY,REFUNDED,43560.0
6400,7000006399,1000006399,20250622,GATEWAY,PAID,31392.0
6401,7000006400,1000006400,20241116,CARD,PAID,54805.5
6402,7000006401,1000006401,20250120,CARD,PAID,26136.0
6403,7000006402,1000006402,20240913,CASH,PAID,36300.0
6404,7000006403,1000006403,20250803,CASH,PAID,13794.0
6405,7000006404,1000006404,20250519,CASH,PAID,14520.0
6406,7000006405,1000006405,20250831,GATEWAY,PAID,14006.64
6407,7000006406,1000006406,20250301,TRANSFER,PAID,17242.5
6408,7000006407,1000006407,20250504,GATEWAY,REFUNDED,37409.25
6409,7000006408,1000006408,20241004,CARD,PAID,18142.5
6410,7000006409,1000006409,20250115,CARD,PAID,30240.0
6411,7000006410,1000006410,20240429,CARD,PAID,16335.0
6412,7000006411,1000006411,20240119,CASH,PAID,49005.0
6413,7000006412,1000006412,0,CASH,FAILED,36300.0
6414,7000006413,1000006413,20240226,TRANSFER,PAID,53724.0
6415,7000006414,1000006414,20241217,CARD,PAID,17968.5
6416,7000006415,1000006415,20241110,CARD,PAID,52355.25
6417,7000006416,1000006416,20240913,GATEWAY,PAID,15574.8
6418,7000006417,1000006417,20250709,CASH,PAID,51909.0
6419,7000006418,1000006418,0,CARD,FAILED,34485.0
6420,7000006419,1000006419,20240530,CARD,PAID,77130.0
6421,7000006420,1000006420,20240313,CARD,PAID,66186.6
6422,7000006421,1000006421,20250117,CARD,PAID,14701.5
6423,7000006422,1000006422,20250217,GATEWAY,PAID,49116.0
6424,7000006423,1000006423,20250112,CARD,PAID,14229.6
6425,7000006424,1000006424,20250108,CARD,REFUNDED,29040.0
6426,7000006425,1000006425,20250121,CARD,PAID,55650.0
6427,7000006426,1000006426,0,TRANSFER,FAILED,14229.6
6428,7000006427,1000006427,20241105,CARD,PAID,44351.1
6429,7000006428,1000006428,20250610,CASH,PAID,86248.8
6430,7000006429,1000006429,20250907,CARD,PAID,13068.0
6431,7000006430,1000006430,20240615,CARD,PAID,118047.6
6432,7000006431,1000006431,20250301,GATEWAY,REFUNDED,75032.1
6433,7000006432,1000006432,20250303,CARD,PAID,68534.4
6434,7000006433,1000006433,20250915,CARD,PAID,17235.0
6435,7000006434,1000006434,20240805,CARD,PAID,29659.2
6436,7000006435,1000006435,20240326,CARD,PAID,54450.0
6437,7000006436,1000006436,20250526,CARD,PAID,54561.0
6438,7000006437,1000006437,20250320,CARD,PAID,27336.0
6439,7000006438,1000006438,20250428,CARD,PAID,59532.0
6440,7000006439,1000006439,20240305,CARD,PAID,18442.5
6441,7000006440,1000006440,20240719,CARD,PAID,43080.6
6442,7000006441,1000006441,20250609,CARD,PAID,32728.08
6443,7000006442,1000006442,20241228,CARD,PAID,43888.8
6444,7000006443,1000006443,20241107,CASH,PAID,53905.5
6445,7000006444,1000006444,0,CASH,FAILED,27588.0
6446,7000006445,1000006445,20250203,GATEWAY,REFUNDED,49905.0
6447,7000006446,1000006446,20250318,GATEWAY,PAID,69579.6
6448,7000006447,1000006447,20250108,CARD,PAID,35985.0
6449,7000006448,1000006448,20250927,CASH,PAID,13068.0
6450,7000006449,1000006449,20241211,CASH,PAID,13068.0
6451,7000006450,1000006450,20240806,CARD,PAID,30945.75
6452,7000006451,1000006451,20241112,GATEWAY,PAID,12661.2
6453,7000006452,1000006452,20250128,CARD,PAID,40704.0
6454,7000006453,1000006453,20241021,CARD,PAID,92431.5
6455,7000006454,1000006454,0,GATEWAY,FAILED,14694.0
6456,7000006455,1000006455,0,CASH,FAILED,15972.0
6457,7000006456,1000006456,20241106,CARD,PAID,13794.0
6458,7000006457,1000006457,20250828,CARD,PAID,36474.0
6459,7000006458,1000006458,20240227,CARD,PAID,26136.0
6460,7000006459,1000006459,20241211,CARD,PAID,26029.2
6461,7000006460,1000006460,20250705,GATEWAY,PAID,33870.0
6462,7000006461,1000006461,20240524,CARD,PAID,33870.0
6463,7000006462,1000006462,20240929,CASH,PAID,51455.25
6464,7000006463,1000006463,20240313,CARD,PAID,103455.0
6465,7000006464,1000006464,20240619,CARD,PAID,31692.0
6466,7000006465,1000006465,20241126,CARD,PAID,36774.0
6467,7000006466,1000006466,20241126,CARD,PAID,29940.0
6468,7000006467,1000006467,20240403,CASH,PAID,72570.96
6469,7000006468,1000006468,20240313,CARD,PAID,56376.0
6470,7000006469,1000006469,0,TRANSFER,FAILED,26136.0
6471,7000006470,1000006470,20250311,CARD,PAID,17018.25
6472,7000006471,1000006471,20250728,CARD,PAID,15294.0
6473,7000006472,1000006472,20250406,CASH,PAID,18150.0
6474,7000006473,1000006473,20240515,CARD,PAID,43560.0
6475,7000006474,1000006474,20240709,CARD,PAID,15383.7
6476,7000006475,1000006475,20240212,GATEWAY,PAID,29659.2
6477,7000006476,1000006476,20250524,CARD,PAID,60076.5
6478,7000006477,1000006477,20241216,GATEWAY,PAID,13968.0
6479,7000006478,1000006478,20240106,CASH,PAID,39204.0
6480,7000006479,1000006479,20250324,CASH,PAID,39930.0
6481,7000006480,1000006480,20241115,GATEWAY,PAID,49179.0
6482,7000006481,1000006481,20250709,GATEWAY,PAID,44188.8
6483,7000006482,1000006482,20240304,CARD,PAID,140410.5
6484,7000006483,1000006483,20250409,CARD,REFUNDED,14520.0
6485,7000006484,1000006484,20240804,GATEWAY,PAID,18987.0
6486,7000006485,1000006485,20250901,CASH,PAID,54450.0
6487,7000006486,1000006486,20250608,CASH,PAID,71728.8
6488,7000006487,1000006487,20240912,CARD,REFUNDED,43923.0
6489,7000006488,1000006488,20240223,CARD,PAID,39131.4
6490,7000006489,1000006489,20240304,CARD,PAID,35685.0
6491,7000006490,1000006490,20240702,GATEWAY,PAID,79308.0
6492,7000006491,1000006491,20250329,CARD,PAID,19565.7
6493,7000006492,1000006492,20250726,GATEWAY,PAID,29088.0
6494,7000006493,1000006493,20241211,TRANSFER,PAID,89479.5
6495,7000006494,1000006494,20240721,CARD,PAID,45520.2
6496,7000006495,1000006495,20240221,CARD,PAID,42582.0
6497,7000006496,1000006496,0,CARD,FAILED,29088.0
6498,7000006497,1000006497,20250829,TRANSFER,PAID,32804.31
6499,7000006498,1000006498,20240723,GATEWAY,PAID,18142.5
6500,7000006499,1000006499,20240918,TRANSFER,PAID,30492.0
6501,7000006500,1000006500,20240826,CARD,PAID,33870.0
6502,7000006501,1000006501,0,CARD,FAILED,54261.0
6503,7000006502,1000006502,20241107,TRANSFER,PAID,18966.75
6504,7000006503,1000006503,20250116,CARD,REFUNDED,14268.0
6505,7000006504,1000006504,20240529,CARD,PAID,72926.7
6506,7000006505,1000006505,20240321,GATEWAY,PAID,33870.0
6507,7000006506,1000006506,20241023,GATEWAY,PAID,43879.2
6508,7000006507,1000006507,20250223,CARD,PAID,19050.0
6509,7000006508,1000006508,20250717,CASH,PAID,49803.6
6510,7000006509,1000006509,20250529,CARD,PAID,112641.0
6511,7000006510,1000006510,20250310,CASH,PAID,75141.0
6512,7000006511,1000006511,20250309,CARD,PAID,74197.2
6513,7000006512,1000006512,20240129,GATEWAY,PAID,30249.6
6514,7000006513,1000006513,20240813,CASH,PAID,15652.56
6515,7000006514,1000006514,20250622,CASH,PAID,17242.5
6516,7000006515,1000006515,20250226,CARD,PAID,56702.7
6517,7000006516,1000006516,20240404,GATEWAY,PAID,24722.4
6518,7000006517,1000006517,20250710,CARD,PAID,44760.0
6519,7000006518,1000006518,20240826,CARD,PAID,50703.6
6520,7000006519,1000006519,20250714,CARD,PAID,15429.6
6521,7000006520,1000006520,20240518,CARD,PAID,27336.0
6522,7000006521,1000006521,20241012,CARD,PAID,46638.0
6523,7000006522,1000006522,20241105,CARD,PAID,104218.88
6524,7000006523,1000006523,0,CARD,PENDING,35685.0
6525,7000006524,1000006524,20250117,CASH,PAID,35283.6
6526,7000006525,1000006525,20250819,CARD,PAID,56029.05
6527,7000006526,1000006526,20241015,GATEWAY,PAID,13968.0
6528,7000006527,1000006527,20250924,CARD,PAID,66007.92
6529,7000006528,1000006528,20240920,CARD,PAID,37109.25
6530,7000006529,1000006529,20240918,GATEWAY,PAID,53227.5
6531,7000006530,1000006530,20241209,GATEWAY,PAID,39133.5
6532,7000006531,1000006531,0,CASH,FAILED,26136.0
6533,7000006532,1000006532,20240129,CARD,PAID,55350.0
6534,7000006533,1000006533,20240205,CARD,PAID,36300.0
6535,7000006534,1000006534,0,CARD,FAILED,42688.8
6536,7000006535,1000006535,20250113,CARD,PAID,30346.8
6537,7000006536,1000006536,20250310,GATEWAY,PAID,73509.6
6538,7000006537,1000006537,20241014,CARD,PAID,14701.5
6539,7000006538,1000006538,20240302,CASH,PAID,34485.0
6540,7000006539,1000006539,20250111,GATEWAY,PAID,17835.0
6541,7000006540,1000006540,20240827,TRANSFER,PAID,15173.4
6542,7000006541,1000006541,0,TRANSFER,FAILED,54885.6
6543,7000006542,1000006542,20250212,GATEWAY,PAID,35339.62
6544,7000006543,1000006543,20250721,CARD,PAID,28788.0
6545,7000006544,1000006544,20240701,CARD,PAID,44760.0
6546,7000006545,1000006545,20250121,GATEWAY,PAID,56956.8
6547,7000006546,1000006546,20250717,CARD,PAID,45302.4
6548,7000006547,1000006547,20250819,GATEWAY,PAID,33388.5
6549,7000006548,1000006548,20250813,CARD,PAID,18351.75
6550,7000006549,1000006549,20240223,CARD,PAID,19957.5
6551,7000006550,1000006550,20250916,GATEWAY,PAID,38252.7
6552,7000006551,1000006551,20240522,CARD,PAID,31944.0
6553,7000006552,1000006552,20250218,TRANSFER,PAID,49005.0
6554,7000006553,1000006553,0,GATEWAY,PENDING,17835.0
6555,7000006554,1000006554,20241227,CARD,PAID,29359.2
6556,7000006555,1000006555,20250322,CARD,PAID,33870.0
6557,7000006556,1000006556,20241209,GATEWAY,PAID,19050.0
6558,7000006557,1000006557,20240121,CASH,PAID,44823.24
6559,7000006558,1000006558,20250226,CASH,PAID,14520.0
6560,7000006559,1000006559,20240106,TRANSFER,PAID,42688.8
6561,7000006560,1000006560,20241224,GATEWAY,PAID,19876.35
6562,7000006561,1000006561,20250611,GATEWAY,PAID,18868.5
6563,7000006562,1000006562,20250920,CARD,PAID,29659.2
6564,7000006563,1000006563,20250125,CASH,PAID,31305.12
6565,7000006564,1000006564,0,GATEWAY,FAILED,37200.0
6566,7000006565,1000006565,20240930,GATEWAY,PAID,30603.0
6567,7000006566,1000006566,0,GATEWAY,FAILED,16020.0
6568,7000006567,1000006567,20240129,CARD,PAID,34170.0
6569,7000006568,1000006568,20250622,GATEWAY,PAID,50205.0
6570,7000006569,1000006569,20240715,CARD,PAID,17242.5
6571,7000006570,1000006570,20241012,CARD,PAID,30540.0
6572,7000006571,1000006571,20240423,TRANSFER,PAID,18150.0
6573,7000006572,1000006572,20250820,CARD,REFUNDED,100188.0
6574,7000006573,1000006573,20250830,CARD,PAID,36783.6
6575,7000006574,1000006574,0,GATEWAY,FAILED,27442.8
6576,7000006575,1000006575,20240409,CARD,PAID,19965.0
6577,7000006576,1000006576,20240213,CARD,PAID,69144.0
6578,7000006577,1000006577,20250310,GATEWAY,PAID,33388.5
6579,7000006578,1000006578,20240403,CASH,PAID,53724.0
6580,7000006579,1000006579,20240420,CARD,PAID,71467.2
6581,7000006580,1000006580,20250826,CARD,PAID,49905.0
6582,7000006581,1000006581,20241124,CARD,PAID,83344.8
6583,7000006582,1000006582,20250101,CASH,PAID,41382.0
6584,7000006583,1000006583,20250327,CASH,PAID,99679.8
6585,7000006584,1000006584,20250509,GATEWAY,PAID,85924.2
6586,7000006585,1000006585,0,CARD,FAILED,16872.0
6587,7000006586,1000006586,20250726,CARD,PAID,16373.4
6588,7000006587,1000006587,20241112,CARD,REFUNDED,40240.65
6589,7000006588,1000006588,20250127,CARD,PAID,63018.9
6590,7000006589,1000006589,20240614,CASH,PAID,49005.0
6591,7000006590,1000006590,20240710,CARD,PAID,37500.0
6592,7000006591,1000006591,0,CARD,FAILED,37243.8
6593,7000006592,1000006592,20240919,CARD,PAID,135719.25
6594,7000006593,1000006593,0,CARD,FAILED,19057.5
6595,7000006594,1000006594,20240907,CASH,PAID,27442.8
6596,7000006595,1000006595,20240606,CARD,PAID,43888.8
6597,7000006596,1000006596,20241231,CARD,PAID,16335.0
6598,7000006597,1000006597,20250416,CARD,PAID,41382.0
6599,7000006598,1000006598,20241208,CARD,PAID,44104.5
6600,7000006599,1000006599,20250410,CARD,PAID,28788.0
6601,7000006600,1000006600,20240403,CASH,PAID,38419.92
6602,7000006601,1000006601,20240331,GATEWAY,PAID,57229.05
6603,7000006602,1000006602,20240208,CASH,PAID,15518.25
6604,7000006603,1000006603,20240922,CARD,PAID,71803.5
6605,7000006604,1000006604,20240922,GATEWAY,PAID,59129.88
6606,7000006605,1000006605,20240608,CARD,PAID,77502.6
6607,7000006606,1000006606,20240921,CARD,PAID,29359.2
6608,7000006607,1000006607,20250905,CARD,PAID,55950.0
6609,7000006608,1000006608,20250418,CARD,PAID,21165.0
6610,7000006609,1000006609,20241117,CARD,PAID,54450.0
6611,7000006610,1000006610,20241212,CARD,REFUNDED,43690.68
6612,7000006611,1000006611,20240707,CARD,PAID,43923.0
6613,7000006612,1000006612,20240603,CARD,PAID,45723.24
6614,7000006613,1000006613,20250725,GATEWAY,PAID,48859.8
6615,7000006614,1000006614,20240722,TRANSFER,PAID,90387.0
6616,7000006615,1000006615,0,CARD,FAILED,51112.5
6617,7000006616,1000006616,20250614,CASH,PAID,58334.1
6618,7000006617,1000006617,20240213,CASH,PAID,53433.6
6619,7000006618,1000006618,20241216,CARD,PAID,46957.68
6620,7000006619,1000006619,20250625,CASH,PAID,42761.4
6621,7000006620,1000006620,20250502,CARD,PAID,37137.0
6622,7000006621,1000006621,20240517,CASH,PAID,17787.0
6623,7000006622,1000006622,0,CASH,FAILED,39930.0
6624,7000006623,1000006623,20250811,CARD,PAID,41382.0
6625,7000006624,1000006624,20241222,GATEWAY,PAID,19050.0
6626,7000006625,1000006625,20250813,CARD,PAID,19287.0
6627,7000006626,1000006626,20240115,CASH,PAID,118701.0
6628,7000006627,1000006627,20250317,CASH,REFUNDED,14229.6
6629,7000006628,1000006628,20240302,GATEWAY,PAID,32916.6
6630,7000006629,1000006629,0,GATEWAY,FAILED,48157.68
6631,7000006630,1000006630,20240314,GATEWAY,PAID,29867.4
6632,7000006631,1000006631,20240709,CARD,PAID,42282.0
6633,7000006632,1000006632,20250911,CASH,PAID,47916.0
6634,7000006633,1000006633,20240915,CARD,PAID,15518.25
6635,7000006634,1000006634,20250207,GATEWAY,PAID,26513.28
6636,7000006635,1000006635,20250919,CARD,PAID,18442.5
6637,7000006636,1000006636,20250305,GATEWAY,PAID,14694.0
6638,7000006637,1000006637,20250103,CARD,PAID,56323.08
6639,7000006638,1000006638,20250507,CARD,PAID,35685.0
6640,7000006639,1000006639,0,CARD,FAILED,14701.5
6641,7000006640,1000006640,20241227,CARD,REFUNDED,68055.0
6642,7000006641,1000006641,20240129,GATEWAY,PAID,53181.6
6643,7000006642,1000006642,20250802,GATEWAY,REFUNDED,40104.0
6644,7000006643,1000006643,20250803,GATEWAY,PAID,44043.6
6645,7000006644,1000006644,20250901,CARD,PAID,69044.7
6646,7000006645,1000006645,20241122,CARD,PAID,36474.0
6647,7000006646,1000006646,20240503,CARD,PAID,77430.0
6648,7000006647,1000006647,20240912,GATEWAY,PAID,32670.0
6649,7000006648,1000006648,20240120,CARD,PAID,15221.4
6650,7000006649,1000006649,20250731,CARD,PAID,46554.75
6651,7000006650,1000006650,0,CASH,FAILED,40656.0
6652,7000006651,1000006651,20250826,GATEWAY,PAID,45060.0
6653,7000006652,1000006652,20250505,GATEWAY,PAID,17535.0
6654,7000006653,1000006653,20240830,GATEWAY,PAID,37200.0
6655,7000006654,1000006654,20250122,TRANSFER,PAID,35937.0
6656,7000006655,1000006655,0,CARD,FAILED,55650.0
6657,7000006656,1000006656,0,CARD,FAILED,54261.0
6658,7000006657,1000006657,20241216,CASH,PAID,17242.5
6659,7000006658,1000006658,20250303,GATEWAY,PAID,57800.25
6660,7000006659,1000006659,20250722,TRANSFER,PAID,54268.5
6661,7000006660,1000006660,20250731,CARD,PAID,61664.62
6662,7000006661,1000006661,20240828,CARD,PAID,18987.0
6663,7000006662,1000006662,20240308,CARD,PAID,20257.5
6664,7000006663,1000006663,20240106,CARD,PAID,14374.8
6665,7000006664,1000006664,0,GATEWAY,PENDING,28488.0
6666,7000006665,1000006665,20250416,GATEWAY,PAID,62073.0
6667,7000006666,1000006666,20250618,CASH,PAID,83490.0
6668,7000006667,1000006667,0,CARD,FAILED,29040.0
6669,7000006668,1000006668,20240813,CARD,PAID,14520.0
6670,7000006669,1000006669,20240301,CASH,PAID,14520.0
6671,7000006670,1000006670,20240727,GATEWAY,PAID,27036.0
6672,7000006671,1000006671,0,CASH,FAILED,26136.0
6673,7000006672,1000006672,20250428,CARD,PAID,60976.5
6674,7000006673,1000006673,20240817,CARD,PAID,66973.5
6675,7000006674,1000006674,20240328,TRANSFER,PAID,42688.8
6676,7000006675,1000006675,20240419,CASH,PAID,54450.0
6677,7000006676,1000006676,20240318,CASH,PAID,51473.4
6678,7000006677,1000006677,0,GATEWAY,PENDING,37409.25
6679,7000006678,1000006678,20250909,CARD,PAID,37243.8
6680,7000006679,1000006679,20241017,CASH,PAID,48024.9
6681,7000006680,1000006680,20251001,GATEWAY,PAID,46023.24
6682,7000006681,1000006681,20250507,CASH,PAID,14229.6
6683,7000006682,1000006682,20240715,CASH,PAID,41654.25
6684,7000006683,1000006683,20240815,CARD,REFUNDED,29040.0
6685,7000006684,1000006684,20241210,CARD,PAID,35985.0
6686,7000006685,1000006685,20241103,CARD,PAID,17787.0
6687,7000006686,1000006686,0,CARD,FAILED,49005.0
6688,7000006687,1000006687,20250731,GATEWAY,PAID,123422.1
6689,7000006688,1000006688,20240522,CARD,PAID,54313.88
6690,7000006689,1000006689,20240207,CARD,PAID,18142.5
6691,7000006690,1000006690,20240203,CASH,PAID,94743.0
6692,7000006691,1000006691,20240717,CASH,PAID,43560.0
6693,7000006692,1000006692,20250102,CARD,PAID,30346.8
6694,7000006693,1000006693,20250821,GATEWAY,REFUNDED,29659.2
6695,7000006694,1000006694,20250403,CASH,PAID,37243.8
6696,7000006695,1000006695,0,GATEWAY,FAILED,19350.0
6697,7000006696,1000006696,20250505,CARD,PAID,34170.0
6698,7000006697,1000006697,20240722,CARD,PAID,15518.25
6699,7000006698,1000006698,20240927,GATEWAY,PAID,30240.0
6700,7000006699,1000006699,0,CASH,FAILED,29403.0
6701,7000006700,1000006700,20240517,CARD,PAID,42688.8
6702,7000006701,1000006701,20241012,CASH,PAID,76484.1
6703,7000006702,1000006702,20240710,GATEWAY,PAID,41382.0
6704,7000006703,1000006703,20240206,GATEWAY,PAID,18442.5
6705,7000006704,1000006704,20240309,CARD,PAID,18442.5
6706,7000006705,1000006705,20250726,CARD,REFUNDED,81386.7
6707,7000006706,1000006706,20241204,TRANSFER,PAID,70204.2
6708,7000006707,1000006707,20240127,CASH,PAID,17242.5
6709,7000006708,1000006708,0,CASH,FAILED,85522.8
6710,7000006709,1000006709,20250427,CARD,PAID,55345.08
6711,7000006710,1000006710,20240827,CARD,PAID,15420.0
6712,7000006711,1000006711,20240625,GATEWAY,PAID,30492.0
6713,7000006712,1000006712,20250308,GATEWAY,REFUNDED,27588.0
6714,7000006713,1000006713,20250725,CARD,PAID,12961.2
6715,7000006714,1000006714,20250131,GATEWAY,PAID,16141.08
6716,7000006715,1000006715,20250318,CARD,PAID,36300.0
6717,7000006716,1000006716,20240212,CASH,PAID,68970.0
6718,7000006717,1000006717,20241014,CARD,PAID,35574.0
6719,7000006718,1000006718,20241016,GATEWAY,PAID,16020.0
6720,7000006719,1000006719,20250124,GATEWAY,PAID,20466.75
6721,7000006720,1000006720,20240811,GATEWAY,PAID,54313.88
6722,7000006721,1000006721,20240210,CASH,REFUNDED,42688.8
6723,7000006722,1000006722,20240809,CARD,PAID,14229.6
6724,7000006723,1000006723,20250411,CARD,PAID,42282.0
6725,7000006724,1000006724,20241113,GATEWAY,PAID,17235.0
6726,7000006725,1000006725,0,GATEWAY,FAILED,17235.0
6727,7000006726,1000006726,20240510,GATEWAY,PAID,34187.1
6728,7000006727,1000006727,20250312,CARD,PAID,109545.9
6729,7000006728,1000006728,20240925,TRANSFER,PAID,31036.5
6730,7000006729,1000006729,20240807,CARD,PAID,13968.0
6731,7000006730,1000006730,20250821,GATEWAY,PAID,44651.1
6732,7000006731,1000006731,20240301,CARD,PAID,37500.0
6733,7000006732,1000006732,20240321,CARD,PAID,39204.0
6734,7000006733,1000006733,20240625,CARD,PAID,31246.8
6735,7000006734,1000006734,20250620,CARD,PAID,97304.25
6736,7000006735,1000006735,20250226,CARD,PAID,13794.0
6737,7000006736,1000006736,20240701,CARD,PAID,83490.0
6738,7000006737,1000006737,20250828,GATEWAY,PAID,37200.0
6739,7000006738,1000006738,20250610,CARD,PAID,27336.0
6740,7000006739,1000006739,20250803,CARD,PAID,54450.0
6741,7000006740,1000006740,20250130,GATEWAY,PAID,90280.2
6742,7000006741,1000006741,20241024,GATEWAY,PAID,50205.0
6743,7000006742,1000006742,20240520,GATEWAY,PAID,75552.0
6744,7000006743,1000006743,0,CASH,FAILED,27588.0
6745,7000006744,1000006744,20240203,CARD,PAID,13261.2
6746,7000006745,1000006745,20250525,CARD,PAID,77493.0
6747,7000006746,1000006746,20240511,GATEWAY,PAID,16446.0
6748,7000006747,1000006747,20250718,CARD,PAID,54313.88
6749,7000006748,1000006748,0,GATEWAY,FAILED,49479.0
6750,7000006749,1000006749,0,CARD,FAILED,33870.0
6751,7000006750,1000006750,20240314,GATEWAY,PAID,55350.0
6752,7000006751,1000006751,20240728,CASH,PAID,55920.15
6753,7000006752,1000006752,20250202,GATEWAY,PAID,73737.0
6754,7000006753,1000006753,20250225,GATEWAY,PAID,44460.0
6755,7000006754,1000006754,20250716,CARD,PAID,52627.5
6756,7000006755,1000006755,20240617,CARD,PAID,20465.7
6757,7000006756,1000006756,20250911,CARD,PAID,45701.7
6758,7000006757,1000006757,20240409,TRANSFER,PAID,57172.5
6759,7000006758,1000006758,20250128,CARD,PAID,32670.0
6760,7000006759,1000006759,20240723,GATEWAY,PAID,16446.0
6761,7000006760,1000006760,20240712,GATEWAY,PAID,57229.05
6762,7000006761,1000006761,20250807,CASH,PAID,33486.75
6763,7000006762,1000006762,20241207,CASH,PAID,13721.4
6764,7000006763,1000006763,20250218,GATEWAY,PAID,18142.5
6765,7000006764,1000006764,20250412,TRANSFER,PAID,13794.0
6766,7000006765,1000006765,20240915,GATEWAY,PAID,46681.8
6767,7000006766,1000006766,20250624,GATEWAY,PAID,17535.0
6768,7000006767,1000006767,20250310,CASH,PAID,61710.0
6769,7000006768,1000006768,20250430,CARD,PAID,42471.0
6770,7000006769,1000006769,20240128,CASH,PAID,53361.0
6771,7000006770,1000006770,20240120,CARD,PAID,44760.0
6772,7000006771,1000006771,20241215,CARD,PAID,17535.0
6773,7000006772,1000006772,0,CARD,PENDING,12414.6
6774,7000006773,1000006773,20250501,CARD,PAID,87294.0
6775,7000006774,1000006774,20241214,CARD,PAID,56656.8
6776,7000006775,1000006775,20241010,CARD,PAID,45738.0
6777,7000006776,1000006776,20240126,GATEWAY,PAID,13968.0
6778,7000006777,1000006777,20241123,GATEWAY,PAID,74589.0
6779,7000006778,1000006778,20250408,CARD,PAID,12414.6
6780,7000006779,1000006779,0,CASH,FAILED,25613.28
6781,7000006780,1000006780,20240507,CASH,PAID,43451.1
6782,7000006781,1000006781,20241105,TRANSFER,PAID,27442.8
6783,7000006782,1000006782,20250408,CARD,PAID,17242.5
6784,7000006783,1000006783,20240713,CASH,PAID,67518.0
6785,7000006784,1000006784,20250824,CARD,PAID,42761.4
6786,7000006785,1000006785,20250118,TRANSFER,PAID,54313.88
6787,7000006786,1000006786,20241216,CASH,REFUNDED,36300.0
6788,7000006787,1000006787,20240412,TRANSFER,PAID,58697.1
6789,7000006788,1000006788,20250321,TRANSFER,PAID,32670.0
6790,7000006789,1000006789,20250125,CARD,PAID,43451.1
6791,7000006790,1000006790,0,CARD,FAILED,55513.88
6792,7000006791,1000006791,20240625,GATEWAY,PAID,46420.2
6793,7000006792,1000006792,20250518,TRANSFER,PAID,39204.0
6794,7000006793,1000006793,20241011,TRANSFER,PAID,48024.9
6795,7000006794,1000006794,20241018,TRANSFER,REFUNDED,19057.5
6796,7000006795,1000006795,20250630,CARD,PAID,52627.5
6797,7000006796,1000006796,20250506,CASH,PAID,54313.88
6798,7000006797,1000006797,20240831,CARD,PAID,55350.0
6799,7000006798,1000006798,20250203,GATEWAY,PAID,13794.0
6800,7000006799,1000006799,20250604,CASH,PAID,13794.0
6801,7000006800,1000006800,20250422,CARD,PAID,44324.4
6802,7000006801,1000006801,20240929,CASH,REFUNDED,28749.6
6803,7000006802,1000006802,20250910,GATEWAY,PAID,54561.0
6804,7000006803,1000006803,20240717,CARD,PAID,82575.0
6805,7000006804,1000006804,20240316,CASH,PAID,24829.2
6806,7000006805,1000006805,20241123,CARD,PAID,94391.7
6807,7000006806,1000006806,20240428,CASH,PAID,14941.08
6808,7000006807,1000006807,20240329,GATEWAY,PAID,98910.0
6809,7000006808,1000006808,20250809,CARD,PAID,129048.6
6810,7000006809,1000006809,20250811,GATEWAY,PAID,52627.5
6811,7000006810,1000006810,20250904,GATEWAY,PAID,13794.0
6812,7000006811,1000006811,20250920,CARD,REFUNDED,29959.2
6813,7000006812,1000006812,20240520,GATEWAY,PAID,36300.0
6814,7000006813,1000006813,0,CASH,FAILED,41382.0
6815,7000006814,1000006814,20240214,CARD,REFUNDED,14374.8
6816,7000006815,1000006815,0,CARD,FAILED,46802.4
6817,7000006816,1000006816,20250724,CARD,PAID,43451.1
6818,7000006817,1000006817,20250409,CASH,PAID,41382.0
6819,7000006818,1000006818,20250811,CASH,REFUNDED,39930.0
6820,7000006819,1000006819,20250720,GATEWAY,PAID,45004.5
6821,7000006820,1000006820,20240413,GATEWAY,PAID,83301.0
6822,7000006821,1000006821,20240417,CARD,PAID,17151.75
6823,7000006822,1000006822,20240424,CARD,PAID,107956.2
6824,7000006823,1000006823,20241007,CARD,PAID,49005.0
6825,7000006824,1000006824,20240520,CARD,PAID,53361.0
6826,7000006825,1000006825,0,CARD,FAILED,49005.0
6827,7000006826,1000006826,20240722,CARD,PAID,68790.6
6828,7000006827,1000006827,20240127,CASH,PAID,71547.3
6829,7000006828,1000006828,0,CASH,PENDING,14229.6
6830,7000006829,1000006829,20241003,CARD,PAID,52927.5
6831,7000006830,1000006830,20240425,CARD,PAID,15420.0
6832,7000006831,1000006831,20241123,CARD,PAID,35685.0
6833,7000006832,1000006832,20240720,CARD,PAID,40704.0
6834,7000006833,1000006833,20240829,GATEWAY,PAID,86986.5
6835,7000006834,1000006834,20250313,CASH,PAID,28459.2
6836,7000006835,1000006835,20240107,CARD,PAID,43588.8
6837,7000006836,1000006836,20250113,CARD,PAID,26136.0
6838,7000006837,1000006837,20240912,CARD,PAID,14520.0
6839,7000006838,1000006838,20250726,CARD,PAID,35574.0
6840,7000006839,1000006839,20241212,CARD,PAID,59733.75
6841,7000006840,1000006840,20240724,GATEWAY,REFUNDED,31936.5
6842,7000006841,1000006841,20250108,CARD,PAID,40104.0
6843,7000006842,1000006842,20250801,TRANSFER,PAID,35574.0
6844,7000006843,1000006843,20250926,GATEWAY,PAID,19565.7
6845,7000006844,1000006844,0,TRANSFER,PENDING,18150.0
6846,7000006845,1000006845,20250116,GATEWAY,PAID,82086.0
6847,7000006846,1000006846,20250814,GATEWAY,PAID,45694.2
6848,7000006847,1000006847,20240907,GATEWAY,PAID,44104.5
6849,7000006848,1000006848,20250617,CARD,PAID,49005.0
6850,7000006849,1000006849,20240119,GATEWAY,PAID,42521.58
6851,7000006850,1000006850,20250720,TRANSFER,PAID,43560.0
6852,7000006851,1000006851,20240911,CARD,PAID,15901.5
6853,7000006852,1000006852,0,CARD,FAILED,59284.92
6854,7000006853,1000006853,20250303,CARD,PAID,64688.7
6855,7000006854,1000006854,20240216,CARD,PAID,49005.0
6856,7000006855,1000006855,20240909,GATEWAY,PAID,47754.75
6857,7000006856,1000006856,20240115,CARD,PAID,14006.64
6858,7000006857,1000006857,20250916,GATEWAY,PAID,59895.0
6859,7000006858,1000006858,20241016,CARD,PAID,32372.1
6860,7000006859,1000006859,20240105,GATEWAY,PAID,13314.6
6861,7000006860,1000006860,20240915,CARD,PAID,18687.0
6862,7000006861,1000006861,20250615,CARD,PAID,15601.5
6863,7000006862,1000006862,20250116,CARD,PAID,26136.0
6864,7000006863,1000006863,20240524,CARD,PAID,14268.0
6865,7000006864,1000006864,20250706,GATEWAY,PAID,15429.6
6866,7000006865,1000006865,20250824,CARD,PAID,27336.0
6867,7000006866,1000006866,20250312,CARD,PAID,34303.5
6868,7000006867,1000006867,20250203,CARD,PAID,36300.0
6869,7000006868,1000006868,20240315,CARD,PAID,74705.4
6870,7000006869,1000006869,20240129,CARD,PAID,27336.0
6871,7000006870,1000006870,20241107,GATEWAY,PAID,16718.25
6872,7000006871,1000006871,20250817,TRANSFER,PAID,26136.0
6873,7000006872,1000006872,20240330,CARD,PAID,44460.0
6874,7000006873,1000006873,20240920,CARD,PAID,14229.6
6875,7000006874,1000006874,20250923,GATEWAY,PAID,42582.0
6876,7000006875,1000006875,20250609,CARD,PAID,18104.62
6877,7000006876,1000006876,20250217,GATEWAY,PAID,29359.2
6878,7000006877,1000006877,20240805,CARD,PAID,15652.56
6879,7000006878,1000006878,20250512,CARD,PAID,31692.0
6880,7000006879,1000006879,20250518,TRANSFER,PAID,47916.0
6881,7000006880,1000006880,20241125,CASH,PAID,26136.0
6882,7000006881,1000006881,20241116,CARD,PAID,20865.0
6883,7000006882,1000006882,20240510,CARD,PAID,16872.0
6884,7000006883,1000006883,0,GATEWAY,FAILED,29940.0
6885,7000006884,1000006884,20250706,GATEWAY,PAID,95044.05
6886,7000006885,1000006885,20250513,CARD,PAID,15274.8
6887,7000006886,1000006886,20250114,GATEWAY,PAID,29940.0
6888,7000006887,1000006887,20240520,CARD,PAID,35685.0
6889,7000006888,1000006888,20240717,CARD,PAID,19050.0
6890,7000006889,1000006889,0,CARD,FAILED,37074.0
6891,7000006890,1000006890,20250513,CARD,PAID,62610.24
6892,7000006891,1000006891,20250510,CASH,PAID,27442.8
6893,7000006892,1000006892,20240411,GATEWAY,PAID,32236.5
6894,7000006893,1000006893,20250721,CARD,PAID,46500.3
6895,7000006894,1000006894,0,GATEWAY,FAILED,66421.5
6896,7000006895,1000006895,0,CARD,PENDING,37200.0
6897,7000006896,1000006896,20250703,CARD,PAID,28459.2
6898,7000006897,1000006897,20240105,CARD,PAID,54450.0
6899,7000006898,1000006898,20240323,TRANSFER,PAID,28459.2
6900,7000006899,1000006899,0,GATEWAY,FAILED,29040.0
6901,7000006900,1000006900,20250823,CASH,REFUNDED,90517.68
6902,7000006901,1000006901,20240629,GATEWAY,PAID,40104.0
6903,7000006902,1000006902,20241222,CARD,REFUNDED,28642.8
6904,7000006903,1000006903,20240624,CARD,PAID,31936.5
6905,7000006904,1000006904,0,GATEWAY,FAILED,91608.78
6906,7000006905,1000006905,20250330,CASH,PAID,87846.0
6907,7000006906,1000006906,20241023,GATEWAY,PAID,59733.75
6908,7000006907,1000006907,20250917,CASH,PAID,53905.5
6909,7000006908,1000006908,0,CARD,FAILED,29359.2
6910,7000006909,1000006909,20240310,CARD,PAID,27036.0
6911,7000006910,1000006910,20250410,GATEWAY,PAID,37074.0
6912,7000006911,1000006911,20240110,CARD,PAID,31065.82
6913,7000006912,1000006912,20250210,CASH,PAID,13794.0
6914,7000006913,1000006913,20250827,CARD,PAID,72904.92
6915,7000006914,1000006914,20240225,CARD,PAID,52627.5
6916,7000006915,1000006915,20250508,CARD,PAID,13068.0
6917,7000006916,1000006916,20240304,GATEWAY,PAID,70741.2
6918,7000006917,1000006917,20250108,CARD,PAID,14568.0
6919,7000006918,1000006918,20240422,TRANSFER,PAID,17787.0
6920,7000006919,1000006919,20240125,GATEWAY,PAID,45060.0
6921,7000006920,1000006920,20250415,CARD,PAID,37207.5
6922,7000006921,1000006921,20240312,CARD,PAID,31082.16
6923,7000006922,1000006922,20241220,CASH,PAID,17242.5
6924,7000006923,1000006923,20250625,CASH,REFUNDED,72237.0
6925,7000006924,1000006924,20250715,CASH,PAID,51727.5
6926,7000006925,1000006925,20240213,CARD,PAID,28434.6
6927,7000006926,1000006926,20250308,CARD,REFUNDED,39319.92
6928,7000006927,1000006927,20240816,CARD,PAID,56376.0
6929,7000006928,1000006928,20250413,CARD,PAID,29940.0
6930,7000006929,1000006929,20240802,CASH,PAID,27588.0
6931,7000006930,1000006930,20250930,CASH,PAID,59786.1
6932,7000006931,1000006931,20240420,CARD,PAID,58191.0
6933,7000006932,1000006932,20240925,CARD,PAID,106994.25
6934,7000006933,1000006933,20250205,CASH,PAID,52998.0
6935,7000006934,1000006934,20240621,CARD,PAID,13794.0
6936,7000006935,1000006935,20240219,CARD,PAID,98010.0
6937,7000006936,1000006936,20241027,GATEWAY,PAID,31392.0
6938,7000006937,1000006937,20240103,GATEWAY,PAID,37074.0
6939,7000006938,1000006938,20250411,CARD,PAID,35574.0
6940,7000006939,1000006939,20240224,GATEWAY,PAID,35685.0
6941,7000006940,1000006940,20240502,GATEWAY,PAID,19876.35
6942,7000006941,1000006941,20240621,GATEWAY,PAID,44460.0
6943,7000006942,1000006942,20240509,GATEWAY,PAID,27336.0
6944,7000006943,1000006943,20250112,CARD,REFUNDED,30492.0
6945,7000006944,1000006944,20250915,CARD,PAID,45004.5
6946,7000006945,1000006945,20250916,CARD,PAID,26136.0
6947,7000006946,1000006946,20241217,CARD,PAID,94100.25
6948,7000006947,1000006947,0,CARD,PENDING,66331.8
6949,7000006948,1000006948,20250723,GATEWAY,PAID,93283.5
6950,7000006949,1000006949,20241110,CARD,PAID,45060.0
6951,7000006950,1000006950,20240601,CARD,PAID,63336.0
6952,7000006951,1000006951,20250311,CARD,PAID,83673.08
6953,7000006952,1000006952,20250215,GATEWAY,PAID,58191.0
6954,7000006953,1000006953,20250323,GATEWAY,PAID,55950.0
6955,7000006954,1000006954,0,CARD,FAILED,31111.2
6956,7000006955,1000006955,20250804,CARD,PAID,28788.0
6957,7000006956,1000006956,20250331,GATEWAY,PAID,40104.0
6958,7000006957,1000006957,0,CARD,FAILED,43923.0
6959,7000006958,1000006958,20241216,CARD,PAID,35985.0
6960,7000006959,1000006959,20241118,CARD,PAID,53361.0
6961,7000006960,1000006960,0,CASH,FAILED,26136.0
6962,7000006961,1000006961,0,CASH,FAILED,89606.55
6963,7000006962,1000006962,20250406,CARD,REFUNDED,14520.0
6964,7000006963,1000006963,20241228,CASH,PAID,64251.0
6965,7000006964,1000006964,20240322,CARD,PAID,59897.1
6966,7000006965,1000006965,0,GATEWAY,FAILED,38419.92
6967,7000006966,1000006966,20250608,CASH,PAID,110279.4
6968,7000006967,1000006967,20241226,CARD,PAID,62944.2
6969,7000006968,1000006968,0,CARD,FAILED,57172.5
6970,7000006969,1000006969,20240117,CARD,PAID,19057.5
6971,7000006970,1000006970,20241023,GATEWAY,PAID,36774.0
6972,7000006971,1000006971,0,GATEWAY,FAILED,27036.0
6973,7000006972,1000006972,20250614,CASH,PAID,58769.7
6974,7000006973,1000006973,20250617,CARD,PAID,55950.0
6975,7000006974,1000006974,20250424,CARD,PAID,29882.16
6976,7000006975,1000006975,20240922,CARD,PAID,17968.5
6977,7000006976,1000006976,20241105,CARD,PAID,45738.0
6978,7000006977,1000006977,20250710,CARD,PAID,39319.92
6979,7000006978,1000006978,0,CASH,FAILED,14229.6
6980,7000006979,1000006979,20240709,CARD,PAID,55650.0
6981,7000006980,1000006980,20250101,CARD,PAID,14520.0
6982,7000006981,1000006981,0,GATEWAY,PENDING,37500.0
6983,7000006982,1000006982,20250206,CARD,PAID,49005.0
6984,7000006983,1000006983,0,CARD,FAILED,63125.7
6985,7000006984,1000006984,20240515,GATEWAY,PAID,49005.0
6986,7000006985,1000006985,20240115,GATEWAY,PAID,30240.0
6987,7000006986,1000006986,20250702,CARD,PAID,43923.0
6988,7000006987,1000006987,20240318,CARD,PAID,49005.0
6989,7000006988,1000006988,20250830,GATEWAY,PAID,44460.0
6990,7000006989,1000006989,20240402,CASH,PAID,43560.0
6991,7000006990,1000006990,20250430,CARD,PAID,15420.0
6992,7000006991,1000006991,20250923,GATEWAY,PAID,30303.0
6993,7000006992,1000006992,20250831,GATEWAY,PAID,123194.7
6994,7000006993,1000006993,20240813,CASH,PAID,27951.0
6995,7000006994,1000006994,0,CARD,PENDING,50205.0
6996,7000006995,1000006995,20240626,CASH,PAID,56918.4
6997,7000006996,1000006996,20250909,CASH,PAID,15972.0
6998,7000006997,1000006997,20250711,CARD,PAID,45123.0
6999,7000006998,1000006998,20240607,CARD,PAID,54450.0
7000,7000006999,1000006999,20250131,CARD,PAID,15518.25
7001,7000007000,1000007000,20250825,CARD,PAID,18742.5
7002,7000007001,1000007001,20240806,CASH,REFUNDED,53361.0
7003,7000007002,1000007002,20241125,CARD,PAID,56929.05
7004,7000007003,1000007003,0,TRANSFER,FAILED,42688.8
7005,7000007004,1000007004,20250621,CARD,PAID,85893.06
7006,7000007005,1000007005,20240214,GATEWAY,PAID,60984.0
7007,7000007006,1000007006,20240119,CASH,PAID,83308.5
7008,7000007007,1000007007,20250709,CARD,PAID,28749.6
7009,7000007008,1000007008,20250203,CASH,PAID,14229.6
7010,7000007009,1000007009,20250306,CARD,PAID,49905.0
7011,7000007010,1000007010,20251001,CARD,PAID,71166.44
7012,7000007011,1000007011,20250907,CARD,PAID,14268.0
7013,7000007012,1000007012,0,CASH,FAILED,76665.6
7014,7000007013,1000007013,20240326,CARD,PAID,19350.0
7015,7000007014,1000007014,20250102,CASH,PAID,26789.4
7016,7000007015,1000007015,20241203,GATEWAY,PAID,17172.0
7017,7000007016,1000007016,20240412,GATEWAY,PAID,54261.0
7018,7000007017,1000007017,20240415,CASH,PAID,76992.3
7019,7000007018,1000007018,20250729,TRANSFER,PAID,56047.2
7020,7000007019,1000007019,20240916,CARD,PAID,78393.24
7021,7000007020,1000007020,20250715,CARD,PAID,18742.5
7022,7000007021,1000007021,20240928,GATEWAY,PAID,34170.0
7023,7000007022,1000007022,20240918,TRANSFER,PAID,76121.1
7024,7000007023,1000007023,20250825,GATEWAY,PAID,59234.1
7025,7000007024,1000007024,20240118,TRANSFER,PAID,12806.64
7026,7000007025,1000007025,20241223,CARD,PAID,26136.0
7027,7000007026,1000007026,20240515,TRANSFER,PAID,44104.5
7028,7000007027,1000007027,20240113,CARD,PAID,43888.8
7029,7000007028,1000007028,20240105,CARD,PAID,105044.7
7030,7000007029,1000007029,20241030,CARD,PAID,32670.0
7031,7000007030,1000007030,20240319,CARD,PAID,74407.5
7032,7000007031,1000007031,20250206,CARD,PAID,17968.5
7033,7000007032,1000007032,20241028,CARD,PAID,27036.0
7034,7000007033,1000007033,20250524,GATEWAY,PAID,14568.0
7035,7000007034,1000007034,20240221,CARD,PAID,12961.2
7036,7000007035,1000007035,20240925,CASH,PAID,17242.5
7037,7000007036,1000007036,20240224,CARD,PAID,37200.0
7038,7000007037,1000007037,20250401,CARD,PAID,64253.1
7039,7000007038,1000007038,20250723,CARD,PAID,74316.75
7040,7000007039,1000007039,20250714,CARD,PAID,73500.0
7041,7000007040,1000007040,20240619,TRANSFER,PAID,34485.0
7042,7000007041,1000007041,20250325,CASH,PAID,48736.38
7043,7000007042,1000007042,20240911,CARD,PAID,38443.8
7044,7000007043,1000007043,20240629,GATEWAY,PAID,27336.0
7045,7000007044,1000007044,0,CARD,FAILED,51727.5
7046,7000007045,1000007045,20240202,CARD,PAID,54450.0
7047,7000007046,1000007046,20240706,CARD,PAID,15720.0
7048,7000007047,1000007047,20250502,GATEWAY,REFUNDED,15683.7
7049,7000007048,1000007048,20240921,GATEWAY,PAID,15720.0
7050,7000007049,1000007049,20250309,TRANSFER,PAID,36300.0
7051,7000007050,1000007050,20241007,CARD,REFUNDED,29403.0
7052,7000007051,1000007051,0,CARD,FAILED,55650.0
7053,7000007052,1000007052,20241009,CARD,PAID,41382.0
7054,7000007053,1000007053,20240104,CARD,PAID,30782.16
7055,7000007054,1000007054,20240128,CARD,PAID,30249.6
7056,7000007055,1000007055,20250314,CARD,PAID,32670.0
7057,7000007056,1000007056,20250831,CASH,PAID,18104.62
7058,7000007057,1000007057,20241007,CARD,PAID,110653.05
7059,7000007058,1000007058,20240109,TRANSFER,PAID,26644.2
7060,7000007059,1000007059,0,CARD,PENDING,47019.15
7061,7000007060,1000007060,20250816,CARD,PAID,38552.7
7062,7000007061,1000007061,20250527,GATEWAY,PAID,48457.68
7063,7000007062,1000007062,20250911,CARD,PAID,28967.4
7064,7000007063,1000007063,20240314,CARD,PAID,34303.5
7065,7000007064,1000007064,20250629,CARD,PAID,43044.3
7066,7000007065,1000007065,20241127,CARD,PAID,100018.2
7067,7000007066,1000007066,20241009,CARD,PAID,32670.0
7068,7000007067,1000007067,20240520,GATEWAY,PAID,51727.5
7069,7000007068,1000007068,20250308,GATEWAY,PAID,42282.0
7070,7000007069,1000007069,20240226,CARD,PAID,78456.0
7071,7000007070,1000007070,20240727,CARD,PAID,110100.0
7072,7000007071,1000007071,20250313,GATEWAY,PAID,34150.8
7073,7000007072,1000007072,20240622,GATEWAY,REFUNDED,30056.4
7074,7000007073,1000007073,20240504,CARD,PAID,14483.7
7075,7000007074,1000007074,20240601,CARD,PAID,48271.5
7076,7000007075,1000007075,20240921,GATEWAY,PAID,72592.5
7077,7000007076,1000007076,0,CARD,PENDING,27588.0
7078,7000007077,1000007077,20250823,CASH,PAID,17151.75
7079,7000007078,1000007078,20240211,CARD,PAID,43560.0
7080,7000007079,1000007079,20240614,GATEWAY,PAID,75034.2
7081,7000007080,1000007080,20240313,CARD,PAID,15972.0
7082,7000007081,1000007081,20240610,CARD,PAID,52627.5
7083,7000007082,1000007082,20240106,TRANSFER,PAID,111259.5
7084,7000007083,1000007083,20250807,CARD,PAID,29040.0
7085,7000007084,1000007084,20250528,CARD,PAID,73863.0
7086,7000007085,1000007085,20241129,GATEWAY,PAID,44460.0
7087,7000007086,1000007086,20240926,CARD,PAID,18150.0
7088,7000007087,1000007087,20240328,CARD,PAID,40704.0
7089,7000007088,1000007088,20241207,GATEWAY,PAID,41130.0
7090,7000007089,1000007089,20240724,CASH,PAID,14520.0
7091,7000007090,1000007090,20250618,GATEWAY,PAID,16141.08
7092,7000007091,1000007091,20240823,CARD,PAID,18987.0
7093,7000007092,1000007092,20240824,CARD,PAID,31036.5
7094,7000007093,1000007093,20240111,GATEWAY,PAID,63962.7
7095,7000007094,1000007094,0,CARD,FAILED,16335.0
7096,7000007095,1000007095,20250318,CARD,PAID,56511.6
7097,7000007096,1000007096,20240829,CASH,PAID,30492.0
7098,7000007097,1000007097,20250418,GATEWAY,PAID,44460.0
7099,7000007098,1000007098,0,GATEWAY,PENDING,58672.5
7100,7000007099,1000007099,20250914,CARD,PAID,13068.0
7101,7000007100,1000007100,20250313,GATEWAY,PAID,54450.0
7102,7000007101,1000007101,20250520,CARD,PAID,44460.0
7103,7000007102,1000007102,20241203,CARD,PAID,46554.75
7104,7000007103,1000007103,20240201,CASH,PAID,13794.0
7105,7000007104,1000007104,20240618,CARD,PAID,43888.8
7106,7000007105,1000007105,20251001,GATEWAY,PAID,16073.4
7107,7000007106,1000007106,20250829,CARD,PAID,20765.7
7108,7000007107,1000007107,20250330,CASH,PAID,84796.8
7109,7000007108,1000007108,20250607,CARD,PAID,58191.0
7110,7000007109,1000007109,0,CARD,FAILED,27442.8
7111,7000007110,1000007110,20240205,CASH,PAID,74669.1
7112,7000007111,1000007111,20240525,CARD,PAID,44760.0
7113,7000007112,1000007112,20250503,GATEWAY,PAID,27636.0
7114,7000007113,1000007113,20250327,CARD,PAID,35685.0
7115,7000007114,1000007114,20250606,CARD,PAID,54450.0
7116,7000007115,1000007115,20240902,CASH,PAID,13794.0
7117,7000007116,1000007116,20250806,CARD,PAID,30540.0
7118,7000007117,1000007117,20250131,GATEWAY,PAID,38443.8
7119,7000007118,1000007118,20250425,CARD,PAID,39204.0
7120,7000007119,1000007119,20241215,GATEWAY,PAID,32236.5
7121,7000007120,1000007120,20250301,TRANSFER,PAID,28749.6
7122,7000007121,1000007121,20250626,CASH,PAID,34485.0
7123,7000007122,1000007122,20250819,GATEWAY,PAID,91294.5
7124,7000007123,1000007123,0,GATEWAY,FAILED,54333.6
7125,7000007124,1000007124,20240908,CARD,PAID,57172.5
7126,7000007125,1000007125,20240303,TRANSFER,PAID,54450.0
7127,7000007126,1000007126,20250609,CARD,PAID,78843.6
7128,7000007127,1000007127,20240313,GATEWAY,PAID,42282.0
7129,7000007128,1000007128,20250925,GATEWAY,PAID,40104.0
7130,7000007129,1000007129,20240906,CASH,REFUNDED,54450.0
7131,7000007130,1000007130,20240312,CASH,PAID,23522.4
7132,7000007131,1000007131,20240424,GATEWAY,PAID,39315.0
7133,7000007132,1000007132,0,GATEWAY,FAILED,40031.4
7134,7000007133,1000007133,20240607,CARD,PAID,13068.0
7135,7000007134,1000007134,20250113,CASH,PAID,50529.6
7136,7000007135,1000007135,20250802,CARD,REFUNDED,59840.55
7137,7000007136,1000007136,20250328,CARD,PAID,19565.7
7138,7000007137,1000007137,20250204,CARD,PAID,50205.0
7139,7000007138,1000007138,20250415,GATEWAY,PAID,14621.4
7140,7000007139,1000007139,20241028,GATEWAY,REFUNDED,26513.28
7141,7000007140,1000007140,20250221,TRANSFER,PAID,81675.0
7142,7000007141,1000007141,20241224,GATEWAY,PAID,35685.0
7143,7000007142,1000007142,20241025,GATEWAY,REFUNDED,32236.5
7144,7000007143,1000007143,20240831,CASH,PAID,16335.0
7145,7000007144,1000007144,20240824,CARD,PAID,60124.5
7146,7000007145,1000007145,20241230,CARD,PAID,17787.0
7147,7000007146,1000007146,20250731,CARD,PAID,92746.5
7148,7000007147,1000007147,20240510,CASH,PAID,49821.75
7149,7000007148,1000007148,20250726,CASH,PAID,26136.0
7150,7000007149,1000007149,20250710,CARD,PAID,51727.5
7151,7000007150,1000007150,20241218,CASH,PAID,34485.0
7152,7000007151,1000007151,20250722,CASH,PAID,151316.55
7153,7000007152,1000007152,20250906,GATEWAY,PAID,40704.0
7154,7000007153,1000007153,20250801,CARD,PAID,43560.0
7155,7000007154,1000007154,20250909,CARD,PAID,55513.88
7156,7000007155,1000007155,20240914,CARD,PAID,27588.0
7157,7000007156,1000007156,20250927,CARD,PAID,94743.0
7158,7000007157,1000007157,20241001,CARD,PAID,95832.0
7159,7000007158,1000007158,20250825,CARD,PAID,54450.0
7160,7000007159,1000007159,20241001,CARD,PAID,52627.5
7161,7000007160,1000007160,20241024,CASH,PAID,19565.7
7162,7000007161,1000007161,20240624,CARD,PAID,14994.0
7163,7000007162,1000007162,20250523,CARD,PAID,13068.0
7164,7000007163,1000007163,20240119,CARD,PAID,55571.67
7165,7000007164,1000007164,20241024,GATEWAY,PAID,30303.0
7166,7000007165,1000007165,20240926,CARD,REFUNDED,19866.75
7167,7000007166,1000007166,20240617,GATEWAY,PAID,33570.0
7168,7000007167,1000007167,20250211,CASH,PAID,77609.4
7169,7000007168,1000007168,20250112,GATEWAY,PAID,45738.0
7170,7000007169,1000007169,20250914,GATEWAY,PAID,14994.0
7171,7000007170,1000007170,20250405,CARD,PAID,62610.0
7172,7000007171,1000007171,20250127,CARD,PAID,27588.0
7173,7000007172,1000007172,20250713,CARD,PAID,58072.5
7174,7000007173,1000007173,20250115,CARD,PAID,35283.6
7175,7000007174,1000007174,20250102,GATEWAY,PAID,44651.1
7176,7000007175,1000007175,20250104,GATEWAY,PAID,73500.0
7177,7000007176,1000007176,20240906,CARD,PAID,28459.2
7178,7000007177,1000007177,20250409,CARD,PAID,12961.2
7179,7000007178,1000007178,20241013,CASH,PAID,50048.62
7180,7000007179,1000007179,20250228,CARD,REFUNDED,140836.5
7181,7000007180,1000007180,20250204,TRANSFER,REFUNDED,49005.0
7182,7000007181,1000007181,20240302,CARD,PAID,57455.4
7183,7000007182,1000007182,20250516,TRANSFER,PAID,12414.6
7184,7000007183,1000007183,20240721,CARD,PAID,78262.8
7185,7000007184,1000007184,20240225,TRANSFER,PAID,13068.0
7186,7000007185,1000007185,20250123,CARD,PAID,29223.6
7187,7000007186,1000007186,0,CASH,FAILED,50529.6
7188,7000007187,1000007187,20240102,CARD,PAID,30240.0
7189,7000007188,1000007188,20241226,CARD,PAID,37800.0
7190,7000007189,1000007189,20240706,CARD,PAID,29040.0
7191,7000007190,1000007190,20240525,CASH,PAID,39204.0
7192,7000007191,1000007191,20241123,GATEWAY,PAID,60795.0
7193,7000007192,1000007192,20250424,CARD,PAID,49416.0
7194,7000007193,1000007193,20241122,CASH,PAID,63162.0
7195,7000007194,1000007194,20240204,GATEWAY,PAID,13706.64
7196,7000007195,1000007195,20240628,CASH,PAID,26136.0
7197,7000007196,1000007196,20240906,CASH,PAID,18150.0
7198,7000007197,1000007197,20250614,GATEWAY,PAID,83238.0
7199,7000007198,1000007198,20241012,GATEWAY,PAID,71380.08
7200,7000007199,1000007199,20250113,CARD,PAID,73126.35
7201,7000007200,1000007200,20240420,CARD,PAID,58072.5
7202,7000007201,1000007201,20250124,CARD,PAID,16335.0
7203,7000007202,1000007202,20250128,CARD,PAID,39131.4
7204,7000007203,1000007203,20241031,CARD,PAID,40104.0
7205,7000007204,1000007204,20241117,CARD,PAID,63880.5
7206,7000007205,1000007205,20250313,GATEWAY,PAID,13614.6
7207,7000007206,1000007206,20250314,CARD,PAID,16446.0
7208,7000007207,1000007207,20250820,CASH,PAID,13794.0
7209,7000007208,1000007208,20250609,CARD,PAID,26513.28
7210,7000007209,1000007209,0,GATEWAY,FAILED,32672.1
7211,7000007210,1000007210,20250501,GATEWAY,PAID,25613.28
7212,7000007211,1000007211,20250605,CASH,PAID,42688.8
7213,7000007212,1000007212,20250821,CASH,PAID,72990.22
7214,7000007213,1000007213,20250608,CARD,PAID,13968.0
7215,7000007214,1000007214,20250530,GATEWAY,PAID,25729.2
7216,7000007215,1000007215,0,CASH,FAILED,18150.0
7217,7000007216,1000007216,20241226,CASH,PAID,26136.0
7218,7000007217,1000007217,20241123,GATEWAY,PAID,94348.14
7219,7000007218,1000007218,20240808,TRANSFER,PAID,35937.0
7220,7000007219,1000007219,20250714,CARD,PAID,40104.0
7221,7000007220,1000007220,20240705,CARD,PAID,42688.8
7222,7000007221,1000007221,20250801,GATEWAY,PAID,63999.0
7223,7000007222,1000007222,20250115,GATEWAY,PAID,54087.0
7224,7000007223,1000007223,20250617,CASH,PAID,39204.0
7225,7000007224,1000007224,20250520,GATEWAY,PAID,20176.35
7226,7000007225,1000007225,20250303,CARD,PAID,14568.0
7227,7000007226,1000007226,20240709,CARD,PAID,40031.4
7228,7000007227,1000007227,20250822,CARD,PAID,43560.0
7229,7000007228,1000007228,20240128,CARD,PAID,39204.0
7230,7000007229,1000007229,20250603,GATEWAY,PAID,20176.35
7231,7000007230,1000007230,0,CARD,FAILED,70160.4
7232,7000007231,1000007231,20250304,CASH,PAID,58624.5
7233,7000007232,1000007232,20241210,TRANSFER,PAID,42035.4
7234,7000007233,1000007233,20240528,CARD,PAID,66540.0
7235,7000007234,1000007234,20240828,GATEWAY,PAID,36592.5
7236,7000007235,1000007235,20250731,CARD,PAID,34485.0
7237,7000007236,1000007236,20240721,GATEWAY,PAID,80089.5
7238,7000007237,1000007237,0,CASH,PENDING,59532.0
7239,7000007238,1000007238,20250913,GATEWAY,PAID,31381.35
7240,7000007239,1000007239,20240218,CARD,PAID,54145.08
7241,7000007240,1000007240,0,GATEWAY,FAILED,30056.4
7242,7000007241,1000007241,0,GATEWAY,FAILED,44460.0
7243,7000007242,1000007242,20250529,CASH,PAID,40656.0
7244,7000007243,1000007243,20250902,CARD,PAID,17535.0
7245,7000007244,1000007244,20250328,CARD,PAID,132560.1
7246,7000007245,1000007245,20240213,CARD,PAID,54624.0
7247,7000007246,1000007246,20241113,CARD,PAID,40104.0
7248,7000007247,1000007247,20250517,CARD,PAID,26136.0
7249,7000007248,1000007248,20240706,CARD,PAID,15901.5
7250,7000007249,1000007249,20250215,CARD,PAID,54450.0
7251,7000007250,1000007250,20241203,CARD,PAID,31305.12
7252,7000007251,1000007251,20250119,CASH,PAID,41164.2
7253,7000007252,1000007252,20241115,CARD,PAID,38833.5
7254,7000007253,1000007253,20250924,GATEWAY,PAID,50205.0
7255,7000007254,1000007254,20240610,GATEWAY,PAID,36474.0
7256,7000007255,1000007255,20241101,CASH,PAID,13721.4
7257,7000007256,1000007256,20241218,CARD,PAID,55650.0
7258,7000007257,1000007257,20250630,GATEWAY,PAID,53227.5
7259,7000007258,1000007258,20250225,TRANSFER,PAID,37243.8
7260,7000007259,1000007259,20241018,CARD,PAID,82212.0
7261,7000007260,1000007260,20250524,GATEWAY,PAID,45723.24
7262,7000007261,1000007261,20240801,GATEWAY,PAID,31382.16
7263,7000007262,1000007262,20241016,CARD,PAID,14694.0
7264,7000007263,1000007263,20240522,CARD,PAID,41382.0
7265,7000007264,1000007264,20240327,CASH,PAID,33922.35
7266,7000007265,1000007265,20250102,GATEWAY,PAID,59706.0
7267,7000007266,1000007266,20250211,GATEWAY,PAID,42282.0
7268,7000007267,1000007267,20250619,TRANSFER,PAID,19057.5
7269,7000007268,1000007268,20241208,TRANSFER,PAID,55393.8
7270,7000007269,1000007269,20250904,CARD,PAID,78988.8
7271,7000007270,1000007270,20241106,CARD,PAID,41130.0
7272,7000007271,1000007271,20250424,GATEWAY,PAID,71922.0
7273,7000007272,1000007272,20250516,CASH,REFUNDED,87846.0
7274,7000007273,1000007273,20240323,CARD,PAID,38833.5
7275,7000007274,1000007274,20250907,CASH,PAID,13068.0
7276,7000007275,1000007275,20240125,CARD,PAID,30782.16
7277,7000007276,1000007276,20250723,CARD,PAID,49005.0
7278,7000007277,1000007277,0,GATEWAY,FAILED,54561.0
7279,7000007278,1000007278,20250606,GATEWAY,PAID,30782.16
7280,7000007279,1000007279,20250406,GATEWAY,PAID,38852.7
7281,7000007280,1000007280,20250328,GATEWAY,PAID,54261.0
7282,7000007281,1000007281,20250128,CASH,PAID,26136.0
7283,7000007282,1000007282,20240707,GATEWAY,PAID,39015.0
7284,7000007283,1000007283,20240126,CARD,PAID,32236.5
7285,7000007284,1000007284,20240707,CASH,PAID,44104.5
7286,7000007285,1000007285,20240923,GATEWAY,PAID,82938.0
7287,7000007286,1000007286,0,CARD,FAILED,30492.0
7288,7000007287,1000007287,20250717,GATEWAY,PAID,18987.0
7289,7000007288,1000007288,20250127,CASH,PAID,29403.0
7290,7000007289,1000007289,20240730,CARD,PAID,18987.0
7291,7000007290,1000007290,20250530,GATEWAY,PAID,54261.0
7292,7000007291,1000007291,20241112,CARD,PAID,28788.0
7293,7000007292,1000007292,20241105,CARD,PAID,34303.5
7294,7000007293,1000007293,20250207,CARD,PAID,72727.05
7295,7000007294,1000007294,20250712,CARD,PAID,29359.2
7296,7000007295,1000007295,20250522,GATEWAY,PAID,17787.0
7297,7000007296,1000007296,20241101,CARD,PAID,94851.9
7298,7000007297,1000007297,20240531,CARD,PAID,13068.0
7299,7000007298,1000007298,20240930,GATEWAY,PAID,46270.08
7300,7000007299,1000007299,20250316,GATEWAY,PAID,15129.6
7301,7000007300,1000007300,20240513,GATEWAY,PAID,47799.6
7302,7000007301,1000007301,0,CASH,FAILED,68752.2
7303,7000007302,1000007302,20250414,CASH,PAID,54450.0
7304,7000007303,1000007303,20250622,GATEWAY,PAID,19287.0
7305,7000007304,1000007304,20240622,CARD,PAID,64795.5
7306,7000007305,1000007305,20250309,TRANSFER,PAID,39204.0
7307,7000007306,1000007306,20241217,GATEWAY,PAID,49905.0
7308,7000007307,1000007307,20241113,CASH,PAID,133162.92
7309,7000007308,1000007308,20240415,GATEWAY,PAID,39619.92
7310,7000007309,1000007309,20241222,CARD,PAID,17242.5
7311,7000007310,1000007310,20241005,CARD,PAID,34303.5
7312,7000007311,1000007311,20250408,GATEWAY,REFUNDED,28459.2
7313,7000007312,1000007312,20240517,GATEWAY,PAID,43560.0
7314,7000007313,1000007313,0,GATEWAY,FAILED,44651.1
7315,7000007314,1000007314,20250301,CARD,PAID,37352.7
7316,7000007315,1000007315,20240611,GATEWAY,PAID,20166.75
7317,7000007316,1000007316,20250907,GATEWAY,PAID,45060.0
7318,7000007317,1000007317,20240223,CARD,PAID,27036.0
7319,7000007318,1000007318,20240716,CARD,PAID,27442.8
7320,7000007319,1000007319,20240502,GATEWAY,PAID,68244.0
7321,7000007320,1000007320,0,GATEWAY,FAILED,17835.0
7322,7000007321,1000007321,20250620,CARD,PAID,71322.0
7323,7000007322,1000007322,20250604,CARD,PAID,18868.5
7324,7000007323,1000007323,20250215,CARD,PAID,42282.0
7325,7000007324,1000007324,20241112,GATEWAY,PAID,44188.8
7326,7000007325,1000007325,20240930,CASH,PAID,39204.0
7327,7000007326,1000007326,20240415,GATEWAY,PAID,55650.0
7328,7000007327,1000007327,20241116,CARD,PAID,13068.0
7329,7000007328,1000007328,20241213,TRANSFER,PAID,77623.92
7330,7000007329,1000007329,20250524,CARD,PAID,53361.0
7331,7000007330,1000007330,20250419,GATEWAY,PAID,54861.0
7332,7000007331,1000007331,20240718,CASH,PAID,35937.0
7333,7000007332,1000007332,20250919,CARD,PAID,40104.0
7334,7000007333,1000007333,20241023,CARD,PAID,79363.5
7335,7000007334,1000007334,20240815,CARD,PAID,39204.0
7336,7000007335,1000007335,20250708,CARD,PAID,113183.16
7337,7000007336,1000007336,20250208,CASH,PAID,56628.0
7338,7000007337,1000007337,20240224,CARD,PAID,52272.0
7339,7000007338,1000007338,0,GATEWAY,FAILED,42282.0
7340,7000007339,1000007339,0,CARD,FAILED,28488.0
7341,7000007340,1000007340,20241004,CASH,PAID,18966.75
7342,7000007341,1000007341,20250212,CARD,PAID,18442.5
7343,7000007342,1000007342,20240804,CARD,PAID,13614.6
7344,7000007343,1000007343,20240711,CARD,PAID,139174.2
7345,7000007344,1000007344,20250325,CASH,PAID,36300.0
7346,7000007345,1000007345,20250731,CASH,PAID,32016.6
7347,7000007346,1000007346,20240625,CARD,REFUNDED,43124.4
7348,7000007347,1000007347,20250227,CASH,PAID,44104.5
7349,7000007348,1000007348,20241010,CARD,PAID,36783.6
7350,7000007349,1000007349,20250628,CARD,PAID,32805.12
7351,7000007350,1000007350,20240317,CARD,PAID,15294.0
7352,7000007351,1000007351,20240606,GATEWAY,PAID,85479.0
7353,7000007352,1000007352,20240521,CARD,PAID,106107.0
7354,7000007353,1000007353,0,GATEWAY,FAILED,28788.0
7355,7000007354,1000007354,20240429,GATEWAY,PAID,45302.16
7356,7000007355,1000007355,0,GATEWAY,FAILED,68473.5
7357,7000007356,1000007356,20250605,CASH,PAID,16335.0
7358,7000007357,1000007357,20240526,GATEWAY,PAID,18442.5
7359,7000007358,1000007358,20250707,CARD,PAID,27336.0
7360,7000007359,1000007359,20250614,GATEWAY,PAID,31246.8
7361,7000007360,1000007360,20240606,GATEWAY,PAID,37800.0
7362,7000007361,1000007361,20241004,CARD,PAID,49005.0
7363,7000007362,1000007362,20250628,CASH,PAID,17787.0
7364,7000007363,1000007363,20250112,CARD,PAID,55902.0
7365,7000007364,1000007364,20240315,CARD,PAID,37200.0
7366,7000007365,1000007365,20250828,TRANSFER,REFUNDED,78262.8
7367,7000007366,1000007366,20250409,CARD,PAID,15429.6
7368,7000007367,1000007367,20250510,GATEWAY,PAID,42882.0
7369,7000007368,1000007368,0,CARD,PENDING,37352.7
7370,7000007369,1000007369,20240110,CARD,PAID,94128.0
7371,7000007370,1000007370,20240518,GATEWAY,PAID,62610.0
7372,7000007371,1000007371,0,CASH,FAILED,13794.0
7373,7000007372,1000007372,0,CARD,FAILED,54450.0
7374,7000007373,1000007373,0,GATEWAY,FAILED,70857.6
7375,7000007374,1000007374,20241008,CASH,PAID,36300.0
7376,7000007375,1000007375,20241009,CARD,PAID,61975.8
7377,7000007376,1000007376,20250904,CASH,PAID,120153.0
7378,7000007377,1000007377,20241002,CASH,PAID,75358.8
7379,7000007378,1000007378,20241002,GATEWAY,PAID,40404.0
7380,7000007379,1000007379,20240729,CARD,PAID,94009.5
7381,7000007380,1000007380,20250215,CARD,PAID,66240.0
7382,7000007381,1000007381,20250720,CARD,PAID,96104.25
7383,7000007382,1000007382,20240909,TRANSFER,PAID,43124.4
7384,7000007383,1000007383,20240223,CASH,PAID,73326.0
7385,7000007384,1000007384,20250109,CARD,REFUNDED,16446.0
7386,7000007385,1000007385,20241215,GATEWAY,PAID,18687.0
7387,7000007386,1000007386,20240727,CARD,PAID,47454.75
7388,7000007387,1000007387,20240821,GATEWAY,PAID,29040.0
7389,7000007388,1000007388,20240303,CASH,PAID,34485.0
7390,7000007389,1000007389,20240903,CARD,PAID,14520.0
7391,7000007390,1000007390,20240728,CARD,PAID,88390.5
7392,7000007391,1000007391,20250429,CARD,PAID,42688.8
7393,7000007392,1000007392,20241008,CARD,REFUNDED,18104.62
7394,7000007393,1000007393,20240113,CASH,PAID,49005.0
7395,7000007394,1000007394,0,GATEWAY,FAILED,15383.7
7396,7000007395,1000007395,20240617,GATEWAY,PAID,40104.0
7397,7000007396,1000007396,20250906,CARD,PAID,29040.0
7398,7000007397,1000007397,20241220,CARD,PAID,27588.0
7399,7000007398,1000007398,0,TRANSFER,FAILED,29040.0
7400,7000007399,1000007399,20250519,CARD,PAID,69262.5
7401,7000007400,1000007400,20240111,CARD,PAID,66603.0
7402,7000007401,1000007401,20240515,CASH,PAID,41382.0
7403,7000007402,1000007402,20250101,CARD,PAID,37933.5
7404,7000007403,1000007403,20241228,CARD,PAID,44760.0
7405,7000007404,1000007404,20241129,CARD,PAID,44823.24
7406,7000007405,1000007405,20250312,CARD,PAID,90613.88
7407,7000007406,1000007406,20241014,CARD,PAID,40631.4
7408,7000007407,1000007407,20240328,CASH,PAID,71801.4
7409,7000007408,1000007408,20240408,CARD,PAID,27336.0
7410,7000007409,1000007409,20250919,GATEWAY,PAID,37200.0
7411,7000007410,1000007410,20240709,GATEWAY,PAID,45060.0
7412,7000007411,1000007411,20241117,CASH,PAID,12414.6
7413,7000007412,1000007412,0,TRANSFER,FAILED,35574.0
7414,7000007413,1000007413,20240424,CARD,PAID,16552.56
7415,7000007414,1000007414,20250807,CARD,PAID,42064.2
7416,7000007415,1000007415,20250201,CASH,PAID,118592.1
7417,7000007416,1000007416,20240402,CARD,PAID,43588.8
7418,7000007417,1000007417,20240518,CASH,PAID,12414.6
7419,7000007418,1000007418,20250810,CARD,PAID,88637.1
7420,7000007419,1000007419,20240508,CASH,REFUNDED,26136.0
7421,7000007420,1000007420,20250402,CARD,PAID,49005.0
7422,7000007421,1000007421,20250806,CARD,PAID,44188.8
7423,7000007422,1000007422,20250825,CARD,PAID,28488.0
7424,7000007423,1000007423,20250221,CARD,PAID,30346.8
7425,7000007424,1000007424,20241105,GATEWAY,REFUNDED,95425.2
7426,7000007425,1000007425,20250609,GATEWAY,PAID,52927.5
7427,7000007426,1000007426,20240506,TRANSFER,PAID,12414.6
7428,7000007427,1000007427,20241223,CARD,PAID,14694.0
7429,7000007428,1000007428,20250620,CARD,PAID,41164.2
7430,7000007429,1000007429,20240902,GATEWAY,PAID,28459.2
7431,7000007430,1000007430,20241126,CARD,PAID,17968.5
7432,7000007431,1000007431,20240220,CARD,PAID,37074.0
7433,7000007432,1000007432,20240304,CASH,PAID,12806.64
7434,7000007433,1000007433,20250301,TRANSFER,PAID,15246.0
7435,7000007434,1000007434,20250924,CARD,PAID,13968.0
7436,7000007435,1000007435,20240426,CARD,PAID,13068.0
7437,7000007436,1000007436,20240306,CASH,PAID,53361.0
7438,7000007437,1000007437,20240201,CARD,PAID,27036.0
7439,7000007438,1000007438,20250516,GATEWAY,PAID,26813.28
7440,7000007439,1000007439,20250606,CARD,PAID,14229.6
7441,7000007440,1000007440,20250914,CARD,REFUNDED,38143.8
7442,7000007441,1000007441,0,TRANSFER,FAILED,28967.4
7443,7000007442,1000007442,20250202,CARD,PAID,20166.75
7444,7000007443,1000007443,20241210,CASH,PAID,64388.94
7445,7000007444,1000007444,20250529,GATEWAY,PAID,117597.24
7446,7000007445,1000007445,20250618,CARD,PAID,37200.0
7447,7000007446,1000007446,20250409,GATEWAY,PAID,19004.62
7448,7000007447,1000007447,20240918,CASH,PAID,76593.0
7449,7000007448,1000007448,20241121,CASH,PAID,32670.0
7450,7000007449,1000007449,20240225,CARD,PAID,39015.0
7451,7000007450,1000007450,20250919,CARD,PAID,55795.2
7452,7000007451,1000007451,20250502,GATEWAY,PAID,30603.0
7453,7000007452,1000007452,0,CARD,FAILED,33870.0
7454,7000007453,1000007453,20250928,GATEWAY,PAID,27636.0
7455,7000007454,1000007454,20240627,TRANSFER,PAID,51909.0
7456,7000007455,1000007455,20240508,GATEWAY,PAID,60432.0
7457,7000007456,1000007456,20240411,GATEWAY,PAID,43888.8
7458,7000007457,1000007457,20241111,CASH,PAID,16335.0
7459,7000007458,1000007458,20250325,CARD,PAID,14520.0
7460,7000007459,1000007459,20240326,CASH,PAID,16335.0
7461,7000007460,1000007460,20250221,TRANSFER,PAID,17787.0
7462,7000007461,1000007461,0,GATEWAY,FAILED,15901.5
7463,7000007462,1000007462,20240427,CARD,PAID,17018.25
7464,7000007463,1000007463,20250920,CARD,PAID,45738.0
7465,7000007464,1000007464,0,GATEWAY,PENDING,30540.0
7466,7000007465,1000007465,20240829,CARD,PAID,44760.0
7467,7000007466,1000007466,20240407,CARD,PAID,18742.5
7468,7000007467,1000007467,20250124,CASH,PAID,28459.2
7469,7000007468,1000007468,20240302,CASH,PAID,29403.0
7470,7000007469,1000007469,20250605,CARD,PAID,95452.95
7471,7000007470,1000007470,20241121,GATEWAY,PAID,15574.8
7472,7000007471,1000007471,20250330,CARD,PAID,68797.58
7473,7000007472,1000007472,20240723,CARD,PAID,61395.0
7474,7000007473,1000007473,20240627,CARD,PAID,42882.0
7475,7000007474,1000007474,20250424,GATEWAY,PAID,86277.6
7476,7000007475,1000007475,20250825,CARD,PAID,43588.8
7477,7000007476,1000007476,20240625,CARD,PAID,59580.0
7478,7000007477,1000007477,20241213,GATEWAY,PAID,49005.0
7479,7000007478,1000007478,0,GATEWAY,PENDING,16146.0
7480,7000007479,1000007479,20250622,CARD,PAID,44760.0
7481,7000007480,1000007480,20240302,CARD,PAID,13068.0
7482,7000007481,1000007481,0,CASH,PENDING,32670.0
7483,7000007482,1000007482,20250401,CARD,PAID,35574.0
7484,7000007483,1000007483,20250413,CARD,PAID,26136.0
7485,7000007484,1000007484,20250917,CASH,PAID,32670.0
7486,7000007485,1000007485,20240318,CASH,PAID,103273.5
7487,7000007486,1000007486,20250914,CARD,PAID,40404.0
7488,7000007487,1000007487,20240819,GATEWAY,PAID,59241.36
7489,7000007488,1000007488,20240304,GATEWAY,PAID,29949.6
7490,7000007489,1000007489,20240526,CARD,PAID,52355.25
7491,7000007490,1000007490,20250316,CARD,PAID,28642.8
7492,7000007491,1000007491,20240816,TRANSFER,PAID,16335.0
7493,7000007492,1000007492,20240321,GATEWAY,PAID,29659.2
7494,7000007493,1000007493,20240404,CARD,PAID,36474.0
7495,7000007494,1000007494,20250521,CASH,PAID,27442.8
7496,7000007495,1000007495,20240514,CARD,PAID,15574.8
7497,7000007496,1000007496,20241108,CARD,PAID,17835.0
7498,7000007497,1000007497,20250103,GATEWAY,PAID,32670.0
7499,7000007498,1000007498,20240718,CASH,PAID,13721.4
7500,7000007499,1000007499,0,GATEWAY,FAILED,80803.8
7501,7000007500,1000007500,20250204,CASH,PAID,15246.0
7502,7000007501,1000007501,20241010,CASH,PAID,54450.0
7503,7000007502,1000007502,20240605,CARD,PAID,13068.0
7504,7000007503,1000007503,20240524,CASH,PAID,17787.0
7505,7000007504,1000007504,20250524,CARD,PAID,66240.0
7506,7000007505,1000007505,20240307,GATEWAY,PAID,49524.9
7507,7000007506,1000007506,20240506,CARD,PAID,46420.2
7508,7000007507,1000007507,20240103,CARD,PAID,60929.55
7509,7000007508,1000007508,0,TRANSFER,FAILED,17787.0
7510,7000007509,1000007509,20250413,CARD,PAID,14268.0
7511,7000007510,1000007510,20250729,CASH,PAID,44823.24
7512,7000007511,1000007511,0,CARD,PENDING,14520.0
7513,7000007512,1000007512,20241126,CARD,PAID,90024.0
7514,7000007513,1000007513,20240917,CASH,PAID,56991.0
7515,7000007514,1000007514,20241110,GATEWAY,PAID,44760.0
7516,7000007515,1000007515,20241231,CARD,PAID,36300.0
7517,7000007516,1000007516,20250113,CARD,PAID,18142.5
7518,7000007517,1000007517,20240830,GATEWAY,PAID,28788.0
7519,7000007518,1000007518,20240126,GATEWAY,PAID,49905.0
7520,7000007519,1000007519,20241209,GATEWAY,PAID,40404.0
7521,7000007520,1000007520,20240319,CARD,PAID,49005.0
7522,7000007521,1000007521,20241007,CARD,PAID,40704.0
7523,7000007522,1000007522,20240812,CASH,REFUNDED,43560.0
7524,7000007523,1000007523,20240908,GATEWAY,PAID,42631.53
7525,7000007524,1000007524,20240929,TRANSFER,PAID,140780.48
7526,7000007525,1000007525,20240831,GATEWAY,PAID,42582.0
7527,7000007526,1000007526,20240529,CARD,PAID,48716.7
7528,7000007527,1000007527,20250910,CARD,PAID,49005.0
7529,7000007528,1000007528,20250509,CARD,PAID,16020.0
7530,7000007529,1000007529,20250724,TRANSFER,PAID,45738.0
7531,7000007530,1000007530,20240324,GATEWAY,PAID,103266.0
7532,7000007531,1000007531,20250223,CARD,PAID,27588.0
7533,7000007532,1000007532,20240121,CARD,REFUNDED,44278.5
7534,7000007533,1000007533,0,GATEWAY,PENDING,54805.5
7535,7000007534,1000007534,20240622,GATEWAY,PAID,50205.0
7536,7000007535,1000007535,20250521,GATEWAY,PAID,29359.2
7537,7000007536,1000007536,20240825,CASH,PAID,32670.0
7538,7000007537,1000007537,20240920,CARD,PAID,68495.28
7539,7000007538,1000007538,20250601,GATEWAY,PAID,32236.5
7540,7000007539,1000007539,20240520,CARD,PAID,41817.6
7541,7000007540,1000007540,20240325,CASH,PAID,17787.0
7542,7000007541,1000007541,0,CARD,FAILED,71783.25
7543,7000007542,1000007542,20250207,GATEWAY,PAID,16335.0
7544,7000007543,1000007543,20240831,GATEWAY,PAID,13794.0
7545,7000007544,1000007544,20240208,CARD,PAID,13068.0
7546,7000007545,1000007545,20250419,TRANSFER,PAID,56900.25
7547,7000007546,1000007546,20250810,GATEWAY,PAID,24722.4
7548,7000007547,1000007547,20250523,CARD,PAID,27588.0
7549,7000007548,1000007548,20240615,CARD,PAID,28459.2
7550,7000007549,1000007549,20240920,GATEWAY,PAID,30240.0
7551,7000007550,1000007550,20240103,CARD,PAID,17152.56
7552,7000007551,1000007551,0,GATEWAY,FAILED,14483.7
7553,7000007552,1000007552,20240514,GATEWAY,PAID,46023.24
7554,7000007553,1000007553,20240311,GATEWAY,PAID,26136.0
7555,7000007554,1000007554,20250603,CARD,PAID,26029.2
7556,7000007555,1000007555,20250704,CARD,PAID,17787.0
7557,7000007556,1000007556,0,CARD,FAILED,40104.0
7558,7000007557,1000007557,20240528,CARD,PAID,43560.0
7559,7000007558,1000007558,20240126,CASH,PAID,15652.56
7560,7000007559,1000007559,20241002,GATEWAY,PAID,61158.0
7561,7000007560,1000007560,0,CASH,FAILED,41382.0
7562,7000007561,1000007561,20241109,GATEWAY,PAID,35385.0
7563,7000007562,1000007562,20240201,CARD,PAID,92565.0
7564,7000007563,1000007563,20250115,CARD,PAID,36474.0
7565,7000007564,1000007564,20240412,GATEWAY,PAID,31246.8
7566,7000007565,1000007565,20250615,CARD,PAID,39131.4
7567,7000007566,1000007566,20241025,CARD,PAID,75968.4
7568,7000007567,1000007567,20240709,CARD,PAID,56900.25
7569,7000007568,1000007568,20240227,CARD,PAID,70070.7
7570,7000007569,1000007569,20240111,CASH,PAID,56029.05
7571,7000007570,1000007570,20250919,CASH,PAID,65340.0
7572,7000007571,1000007571,0,GATEWAY,FAILED,44624.4
7573,7000007572,1000007572,20240630,CASH,PAID,42688.8
7574,7000007573,1000007573,20250707,GATEWAY,PAID,52272.0
7575,7000007574,1000007574,20240917,CASH,PAID,32670.0
7576,7000007575,1000007575,20240202,GATEWAY,PAID,88746.0
7577,7000007576,1000007576,20240717,CARD,PAID,32670.0
7578,7000007577,1000007577,20240728,CARD,PAID,52501.5
7579,7000007578,1000007578,20250419,CASH,PAID,47916.0
7580,7000007579,1000007579,20250413,CARD,PAID,54861.0
7581,7000007580,1000007580,0,CARD,FAILED,51727.5
7582,7000007581,1000007581,20240617,CASH,PAID,41382.0
7583,7000007582,1000007582,20250413,CASH,REFUNDED,62690.1
7584,7000007583,1000007583,20240912,GATEWAY,PAID,58708.8
7585,7000007584,1000007584,0,CARD,PENDING,25729.2
7586,7000007585,1000007585,20250611,TRANSFER,PAID,49005.0
7587,7000007586,1000007586,20250625,CASH,PAID,15246.0
7588,7000007587,1000007587,20250130,CASH,PAID,29040.0
7589,7000007588,1000007588,20240410,TRANSFER,PAID,54856.56
7590,7000007589,1000007589,20240806,CARD,PAID,16141.08
7591,7000007590,1000007590,20250826,CASH,PAID,27442.8
7592,7000007591,1000007591,20250624,CARD,PAID,96336.33
7593,7000007592,1000007592,20241004,GATEWAY,PAID,37800.0
7594,7000007593,1000007593,20240930,CARD,PAID,41382.0
7595,7000007594,1000007594,20240220,GATEWAY,PAID,16141.08
7596,7000007595,1000007595,20250728,GATEWAY,PAID,42282.0
7597,7000007596,1000007596,20240526,GATEWAY,PAID,55350.0
7598,7000007597,1000007597,20240809,TRANSFER,PAID,53361.0
7599,7000007598,1000007598,20250319,GATEWAY,PAID,67568.58
7600,7000007599,1000007599,20250910,CASH,PAID,71148.0
7601,7000007600,1000007600,20250305,CASH,PAID,87301.5
7602,7000007601,1000007601,20250224,CARD,PAID,41382.0
7603,7000007602,1000007602,20240401,CARD,PAID,34657.18
7604,7000007603,1000007603,0,CARD,FAILED,17172.0
7605,7000007604,1000007604,0,GATEWAY,FAILED,18687.0
7606,7000007605,1000007605,20250119,CASH,PAID,74778.0
7607,7000007606,1000007606,20241110,CARD,PAID,49005.0
7608,7000007607,1000007607,20241225,GATEWAY,PAID,29659.2
7609,7000007608,1000007608,20250205,CARD,PAID,35503.5
7610,7000007609,1000007609,0,CARD,FAILED,27036.0
7611,7000007610,1000007610,20250118,CARD,PAID,39930.0
7612,7000007611,1000007611,20240325,CARD,PAID,46554.75
7613,7000007612,1000007612,20250423,CASH,PAID,15246.0
7614,7000007613,1000007613,0,GATEWAY,FAILED,132606.0
7615,7000007614,1000007614,20241205,CARD,PAID,103483.8
7616,7000007615,1000007615,20250624,TRANSFER,REFUNDED,26136.0
7617,7000007616,1000007616,20250109,CARD,PAID,75141.0
7618,7000007617,1000007617,20240902,TRANSFER,PAID,25613.28
7619,7000007618,1000007618,20250320,GATEWAY,PAID,53227.5
7620,7000007619,1000007619,20240819,CARD,PAID,48157.68
7621,7000007620,1000007620,20240911,GATEWAY,PAID,120009.9
7622,7000007621,1000007621,20240726,CARD,PAID,54450.0
7623,7000007622,1000007622,20241007,CARD,PAID,34659.0
7624,7000007623,1000007623,20241016,CARD,PAID,17242.5
7625,7000007624,1000007624,20250422,GATEWAY,PAID,19057.5
7626,7000007625,1000007625,20250515,CARD,PAID,15720.0
7627,7000007626,1000007626,20240123,CASH,PAID,72200.7
7628,7000007627,1000007627,20240609,CARD,PAID,47857.68
7629,7000007628,1000007628,20250216,CARD,REFUNDED,33091.08
7630,7000007629,1000007629,20250423,CARD,PAID,64089.75
7631,7000007630,1000007630,20250223,GATEWAY,PAID,55350.0
7632,7000007631,1000007631,20240728,CARD,PAID,99781.2
7633,7000007632,1000007632,0,CASH,FAILED,86684.4
7634,7000007633,1000007633,20250514,GATEWAY,PAID,73228.8
7635,7000007634,1000007634,20240814,CARD,PAID,15429.6
7636,7000007635,1000007635,20240704,CARD,PAID,43451.1
7637,7000007636,1000007636,20240316,CARD,PAID,14229.6
7638,7000007637,1000007637,20250415,CASH,PAID,74197.2
7639,7000007638,1000007638,20240916,CASH,PAID,48024.9
7640,7000007639,1000007639,20250818,CARD,PAID,35122.35
7641,7000007640,1000007640,20241111,CARD,PAID,42688.8
7642,7000007641,1000007641,20250927,CARD,PAID,18150.0
7643,7000007642,1000007642,20240210,GATEWAY,REFUNDED,29359.2
7644,7000007643,1000007643,20240502,CARD,REFUNDED,16673.4
7645,7000007644,1000007644,20250123,CARD,PAID,28488.0
7646,7000007645,1000007645,0,CASH,FAILED,31944.0
7647,7000007646,1000007646,20250926,CARD,PAID,33570.0
7648,7000007647,1000007647,20240825,CARD,PAID,42582.0
7649,7000007648,1000007648,20250416,CARD,PAID,29882.16
7650,7000007649,1000007649,20240628,CASH,PAID,90114.75
7651,7000007650,1000007650,20250103,CARD,PAID,51727.5
7652,7000007651,1000007651,20250726,CASH,PAID,27588.0
7653,7000007652,1000007652,0,CARD,FAILED,47454.75
7654,7000007653,1000007653,20241227,GATEWAY,PAID,30240.0
7655,7000007654,1000007654,20240627,CARD,PAID,59669.7
7656,7000007655,1000007655,20240210,CARD,PAID,27036.0
7657,7000007656,1000007656,20250531,CASH,PAID,43560.0
7658,7000007657,1000007657,20240920,TRANSFER,PAID,16335.0
7659,7000007658,1000007658,20250702,CARD,PAID,70785.0
7660,7000007659,1000007659,20250507,CASH,PAID,39204.0
7661,7000007660,1000007660,0,GATEWAY,FAILED,66711.9
7662,7000007661,1000007661,20240824,CARD,PAID,14268.0
7663,7000007662,1000007662,0,CARD,FAILED,33570.0
7664,7000007663,1000007663,0,GATEWAY,FAILED,40075.2
7665,7000007664,1000007664,20250422,GATEWAY,PAID,63908.25
7666,7000007665,1000007665,20250927,CARD,REFUNDED,13794.0
7667,7000007666,1000007666,20250120,CARD,PAID,15518.25
7668,7000007667,1000007667,20250418,CASH,PAID,95287.5
7669,7000007668,1000007668,20240518,CASH,REFUNDED,26136.0
7670,7000007669,1000007669,20240817,GATEWAY,PAID,98692.2
7671,7000007670,1000007670,20240627,CARD,PAID,42688.8
7672,7000007671,1000007671,20250411,CARD,PAID,72570.96
7673,7000007672,1000007672,20250901,CASH,PAID,49005.0
7674,7000007673,1000007673,20250412,CASH,PAID,29882.16
7675,7000007674,1000007674,20250103,CARD,PAID,18442.5
7676,7000007675,1000007675,20250704,CARD,PAID,30240.0
7677,7000007676,1000007676,20241122,CASH,PAID,63416.1
7678,7000007677,1000007677,20240326,CARD,PAID,15294.0
7679,7000007678,1000007678,20240830,CASH,PAID,42688.8
7680,7000007679,1000007679,20241118,CARD,PAID,95882.58
7681,7000007680,1000007680,20240315,GATEWAY,REFUNDED,43269.6
7682,7000007681,1000007681,20240404,CARD,PAID,17151.75
7683,7000007682,1000007682,20250424,GATEWAY,PAID,82766.1
7684,7000007683,1000007683,20241219,CARD,PAID,28488.0
7685,7000007684,1000007684,20240818,CARD,PAID,26136.0
7686,7000007685,1000007685,20240322,GATEWAY,PAID,14994.0
7687,7000007686,1000007686,20240708,CARD,PAID,42582.0
7688,7000007687,1000007687,20250901,CARD,PAID,29403.0
7689,7000007688,1000007688,20250530,CARD,PAID,14520.0
7690,7000007689,1000007689,0,CARD,FAILED,27588.0
7691,7000007690,1000007690,20250526,TRANSFER,PAID,36300.0
7692,7000007691,1000007691,20250323,GATEWAY,PAID,88864.5
7693,7000007692,1000007692,20240617,CASH,PAID,70240.5
7694,7000007693,1000007693,20250106,CARD,PAID,29940.0
7695,7000007694,1000007694,0,CARD,FAILED,42582.0
7696,7000007695,1000007695,20241201,CARD,PAID,137346.78
7697,7000007696,1000007696,20241025,TRANSFER,PAID,30038.25
7698,7000007697,1000007697,20240801,CARD,PAID,24829.2
7699,7000007698,1000007698,20240508,CASH,PAID,27588.0
7700,7000007699,1000007699,20250830,GATEWAY,PAID,40104.0
7701,7000007700,1000007700,0,CARD,PENDING,28451.7
7702,7000007701,1000007701,20250909,CASH,PAID,26136.0
7703,7000007702,1000007702,20250925,TRANSFER,PAID,17242.5
7704,7000007703,1000007703,20241023,GATEWAY,PAID,16020.0
7705,7000007704,1000007704,20241016,CASH,PAID,62073.0
7706,7000007705,1000007705,20250901,CASH,PAID,46957.68
7707,7000007706,1000007706,20250910,CARD,PAID,35022.0
7708,7000007707,1000007707,20250712,GATEWAY,PAID,17242.5
7709,7000007708,1000007708,20250222,CARD,PAID,53361.0
7710,7000007709,1000007709,20250504,CARD,PAID,18987.0
7711,7000007710,1000007710,20250907,GATEWAY,PAID,28642.8
7712,7000007711,1000007711,20240709,CARD,PAID,36774.0
7713,7000007712,1000007712,20240710,GATEWAY,PAID,29088.0
7714,7000007713,1000007713,20240607,CASH,PAID,31944.0
7715,7000007714,1000007714,20241003,CARD,PAID,30467.4
7716,7000007715,1000007715,20250223,CARD,PAID,69696.0
7717,7000007716,1000007716,20240408,GATEWAY,PAID,37200.0
7718,7000007717,1000007717,20250823,TRANSFER,PAID,32670.0
7719,7000007718,1000007718,20250511,GATEWAY,PAID,120745.5
7720,7000007719,1000007719,0,CARD,FAILED,27442.8
7721,7000007720,1000007720,20240712,CARD,PAID,27336.0
7722,7000007721,1000007721,20241209,CARD,PAID,37500.0
7723,7000007722,1000007722,20250711,CASH,PAID,35574.0
7724,7000007723,1000007723,20240616,CARD,PAID,77173.8
7725,7000007724,1000007724,20240621,CARD,PAID,13794.0
7726,7000007725,1000007725,20240321,TRANSFER,REFUNDED,56900.25
7727,7000007726,1000007726,20250322,CARD,PAID,86466.6
7728,7000007727,1000007727,20250413,TRANSFER,PAID,41382.0
7729,7000007728,1000007728,20241026,CARD,PAID,88354.2
7730,7000007729,1000007729,20240727,CARD,PAID,27588.0
7731,7000007730,1000007730,20250207,GATEWAY,PAID,39204.0
7732,7000007731,1000007731,20250114,CASH,PAID,32851.5
7733,7000007732,1000007732,0,CARD,PENDING,79308.24
7734,7000007733,1000007733,20250918,TRANSFER,PAID,36300.0
7735,7000007734,1000007734,20240406,CARD,PAID,29959.2
7736,7000007735,1000007735,20250331,CARD,PAID,101388.0
7737,7000007736,1000007736,20241112,CARD,PAID,54861.0
7738,7000007737,1000007737,20240715,GATEWAY,PAID,55650.0
7739,7000007738,1000007738,20240605,CARD,PAID,83954.64
7740,7000007739,1000007739,20240114,CASH,PAID,137032.5
7741,7000007740,1000007740,20250219,CARD,PAID,81786.0
7742,7000007741,1000007741,20241102,GATEWAY,PAID,44723.7
7743,7000007742,1000007742,20250125,CARD,PAID,55513.88
7744,7000007743,1000007743,20240929,CARD,PAID,90147.42
7745,7000007744,1000007744,20240714,GATEWAY,PAID,36774.0
7746,7000007745,1000007745,20240301,CARD,PAID,44104.5
7747,7000007746,1000007746,20240229,CARD,PAID,101932.5
7748,7000007747,1000007747,20250331,CASH,PAID,81820.2
7749,7000007748,1000007748,20240816,CARD,PAID,15972.0
7750,7000007749,1000007749,20240114,CARD,PAID,97395.0
7751,7000007750,1000007750,20250909,CASH,PAID,49005.0
7752,7000007751,1000007751,20240916,GATEWAY,PAID,44460.0
7753,7000007752,1000007752,20241026,GATEWAY,PAID,46554.75
7754,7000007753,1000007753,0,CARD,FAILED,37800.0
7755,7000007754,1000007754,20240625,CARD,PAID,33570.0
7756,7000007755,1000007755,0,CARD,FAILED,32072.62
7757,7000007756,1000007756,0,GATEWAY,FAILED,44460.0
7758,7000007757,1000007757,20240719,CASH,PAID,50003.25
7759,7000007758,1000007758,20250227,CARD,PAID,32205.12
7760,7000007759,1000007759,20240210,CARD,PAID,23522.4
7761,7000007760,1000007760,20241031,CARD,PAID,46957.68
7762,7000007761,1000007761,20240220,GATEWAY,PAID,32844.0
7763,7000007762,1000007762,20250514,GATEWAY,PAID,42282.0
7764,7000007763,1000007763,20250118,CASH,PAID,14520.0
7765,7000007764,1000007764,20240513,CASH,PAID,44823.24
7766,7000007765,1000007765,0,GATEWAY,PENDING,27336.0
7767,7000007766,1000007766,20240722,CASH,PAID,63499.59
7768,7000007767,1000007767,20250419,CARD,PAID,43560.0
7769,7000007768,1000007768,20240705,GATEWAY,PAID,28488.0
7770,7000007769,1000007769,20250929,CASH,PAID,28459.2
7771,7000007770,1000007770,20241218,TRANSFER,PAID,76375.2
7772,7000007771,1000007771,20240525,CARD,PAID,66186.6
7773,7000007772,1000007772,20240808,GATEWAY,PAID,47857.68
7774,7000007773,1000007773,20250907,GATEWAY,PAID,13968.0
7775,7000007774,1000007774,0,CARD,FAILED,43451.1
7776,7000007775,1000007775,20250401,GATEWAY,PAID,29649.6
7777,7000007776,1000007776,20250112,GATEWAY,PAID,17242.5
7778,7000007777,1000007777,20250920,TRANSFER,PAID,14229.6
7779,7000007778,1000007778,20241022,CASH,PAID,35574.0
7780,7000007779,1000007779,0,GATEWAY,FAILED,12961.2
7781,7000007780,1000007780,20240209,GATEWAY,PAID,36837.0
7782,7000007781,1000007781,20250917,CASH,PAID,34303.5
7783,7000007782,1000007782,20250605,CARD,PAID,61603.2
7784,7000007783,1000007783,20240812,CARD,PAID,72418.5
7785,7000007784,1000007784,0,GATEWAY,FAILED,33870.0
7786,7000007785,1000007785,20250309,CASH,REFUNDED,27588.0
7787,7000007786,1000007786,20250225,CARD,PAID,27515.4
7788,7000007787,1000007787,20241020,CARD,PAID,83855.1
7789,7000007788,1000007788,20240606,CARD,PAID,31936.5
7790,7000007789,1000007789,20240416,CARD,PAID,16020.0
7791,7000007790,1000007790,20240815,CARD,PAID,38115.0
7792,7000007791,1000007791,20240825,CARD,PAID,43888.8
7793,7000007792,1000007792,20250412,CASH,PAID,12414.6
7794,7000007793,1000007793,20240618,GATEWAY,PAID,12661.2
7795,7000007794,1000007794,0,GATEWAY,FAILED,17535.0
7796,7000007795,1000007795,20250224,CARD,PAID,16141.08
7797,7000007796,1000007796,20250801,TRANSFER,PAID,51727.5
7798,7000007797,1000007797,20240715,GATEWAY,PAID,49005.0
7799,7000007798,1000007798,20241116,CARD,PAID,14994.0
7800,7000007799,1000007799,20240120,CARD,PAID,55350.0
7801,7000007800,1000007800,20240508,TRANSFER,PAID,16335.0
7802,7000007801,1000007801,20250319,GATEWAY,PAID,34777.5
7803,7000007802,1000007802,20250803,CARD,PAID,61966.2
7804,7000007803,1000007803,20240809,CASH,PAID,41164.2
7805,7000007804,1000007804,20240107,TRANSFER,PAID,54072.48
7806,7000007805,1000007805,20240702,CARD,PAID,43981.08
7807,7000007806,1000007806,20240329,CARD,PAID,39619.92
7808,7000007807,1000007807,20250425,CASH,PAID,41382.0
7809,7000007808,1000007808,20250329,CASH,PAID,36300.0
7810,7000007809,1000007809,20250427,CARD,PAID,54313.88
7811,7000007810,1000007810,20250913,GATEWAY,PAID,15420.0
7812,7000007811,1000007811,20250816,CASH,PAID,47916.0
7813,7000007812,1000007812,20250730,CARD,PAID,49005.0
7814,7000007813,1000007813,20240222,TRANSFER,PAID,84833.1
7815,7000007814,1000007814,20240826,GATEWAY,PAID,74826.0
7816,7000007815,1000007815,20241005,CARD,PAID,50505.0
7817,7000007816,1000007816,20240207,GATEWAY,PAID,40104.0
7818,7000007817,1000007817,20240928,CARD,PAID,55950.0
7819,7000007818,1000007818,0,GATEWAY,FAILED,95783.28
7820,7000007819,1000007819,20240116,GATEWAY,PAID,17208.3
7821,7000007820,1000007820,20241108,TRANSFER,REFUNDED,32670.0
7822,7000007821,1000007821,20250719,GATEWAY,PAID,19057.5
7823,7000007822,1000007822,20240821,GATEWAY,PAID,40365.6
7824,7000007823,1000007823,20250416,GATEWAY,PAID,33570.0
7825,7000007824,1000007824,20240926,CASH,PAID,26136.0
7826,7000007825,1000007825,20240906,GATEWAY,PAID,55650.0
7827,7000007826,1000007826,20240822,CARD,PAID,13068.0
7828,7000007827,1000007827,0,CARD,FAILED,27588.0
7829,7000007828,1000007828,20241001,CARD,PAID,31718.7
7830,7000007829,1000007829,20240115,CARD,PAID,15173.4
7831,7000007830,1000007830,20241009,GATEWAY,PAID,47373.6
7832,7000007831,1000007831,20240523,CARD,PAID,17242.5
7833,7000007832,1000007832,20250502,CARD,PAID,94037.25
7834,7000007833,1000007833,20240503,CASH,PAID,13794.0
7835,7000007834,1000007834,20241114,CARD,PAID,43124.4
7836,7000007835,1000007835,20250108,CARD,PAID,36300.0
7837,7000007836,1000007836,20250905,CARD,PAID,15173.4
7838,7000007837,1000007837,20250910,CARD,PAID,17242.5
7839,7000007838,1000007838,20241208,CARD,PAID,28488.0
7840,7000007839,1000007839,0,CARD,FAILED,18142.5
7841,7000007840,1000007840,20250726,GATEWAY,PAID,80987.4
7842,7000007841,1000007841,0,CARD,FAILED,13794.0
7843,7000007842,1000007842,20250828,GATEWAY,PAID,69153.6
7844,7000007843,1000007843,20240921,GATEWAY,PAID,14268.0
7845,7000007844,1000007844,20240123,CASH,PAID,35574.0
7846,7000007845,1000007845,20250407,CARD,REFUNDED,62882.25
7847,7000007846,1000007846,20240628,CARD,PAID,33870.0
7848,7000007847,1000007847,20240315,CARD,PAID,63936.0
7849,7000007848,1000007848,20240223,CASH,PAID,14520.0
7850,7000007849,1000007849,20240301,CARD,REFUNDED,43888.8
7851,7000007850,1000007850,20250403,GATEWAY,PAID,51548.1
7852,7000007851,1000007851,20250728,CARD,PAID,18987.0
7853,7000007852,1000007852,20240123,CARD,PAID,37800.0
7854,7000007853,1000007853,0,CASH,FAILED,32670.0
7855,7000007854,1000007854,0,GATEWAY,PENDING,17787.0
7856,7000007855,1000007855,20250106,GATEWAY,PAID,42582.0
7857,7000007856,1000007856,20250928,GATEWAY,REFUNDED,45060.0
7858,7000007857,1000007857,20240704,GATEWAY,PAID,29940.0
7859,7000007858,1000007858,20250208,GATEWAY,REFUNDED,56376.0
7860,7000007859,1000007859,20250622,CASH,PAID,73180.8
7861,7000007860,1000007860,20240528,CARD,PAID,30240.0
7862,7000007861,1000007861,20241125,CARD,PAID,35385.0
7863,7000007862,1000007862,20250131,CASH,PAID,45193.5
7864,7000007863,1000007863,20250210,CARD,REFUNDED,43888.8
7865,7000007864,1000007864,20241226,CARD,PAID,41382.0
7866,7000007865,1000007865,20240217,CARD,PAID,69480.3
7867,7000007866,1000007866,0,CASH,FAILED,42688.8
7868,7000007867,1000007867,20250916,CARD,PAID,41164.2
7869,7000007868,1000007868,20250812,GATEWAY,PAID,35985.0
7870,7000007869,1000007869,20250819,CARD,REFUNDED,86955.12
7871,7000007870,1000007870,20250530,CARD,PAID,26281.2
7872,7000007871,1000007871,20240606,CASH,PAID,72854.1
7873,7000007872,1000007872,20250525,CARD,PAID,33870.0
7874,7000007873,1000007873,20250430,TRANSFER,PAID,51727.5
7875,7000007874,1000007874,20240116,CARD,PAID,35574.0
7876,7000007875,1000007875,20240203,CARD,PAID,43098.75
7877,7000007876,1000007876,20250613,CARD,PAID,30564.6
7878,7000007877,1000007877,20240823,CARD,PAID,41382.0
7879,7000007878,1000007878,20250826,CARD,PAID,50820.0
7880,7000007879,1000007879,20240227,CARD,PAID,43888.8
7881,7000007880,1000007880,20250722,CARD,PAID,18687.0
7882,7000007881,1000007881,20250726,CARD,PAID,13968.0
7883,7000007882,1000007882,20250929,GATEWAY,PAID,19168.5
7884,7000007883,1000007883,20241003,CARD,PAID,35985.0
7885,7000007884,1000007884,20240422,CARD,PAID,53542.5
7886,7000007885,1000007885,20250327,TRANSFER,PAID,28967.4
7887,7000007886,1000007886,20250110,CARD,PAID,44460.0
7888,7000007887,1000007887,20240209,CARD,PAID,36483.6
7889,7000007888,1000007888,20241108,CARD,PAID,67082.4
7890,7000007889,1000007889,20250422,CARD,PAID,14520.0
7891,7000007890,1000007890,20250901,CARD,REFUNDED,18676.35
7892,7000007891,1000007891,20250624,GATEWAY,PAID,50205.0
7893,7000007892,1000007892,20250130,CARD,PAID,13968.0
7894,7000007893,1000007893,20241028,CASH,PAID,29403.0
7895,7000007894,1000007894,20240217,CASH,PAID,90750.0
7896,7000007895,1000007895,20240305,GATEWAY,PAID,14694.0
7897,7000007896,1000007896,20240711,CARD,PAID,15601.5
7898,7000007897,1000007897,20250330,GATEWAY,REFUNDED,63636.0
7899,7000007898,1000007898,20250529,GATEWAY,PAID,69545.64
7900,7000007899,1000007899,20240806,CARD,PAID,19468.5
7901,7000007900,1000007900,20250303,CASH,PAID,28967.4
7902,7000007901,1000007901,20250703,CASH,REFUNDED,17242.5
7903,7000007902,1000007902,20250523,CARD,PAID,26136.0
7904,7000007903,1000007903,20241129,CARD,PAID,55176.0
7905,7000007904,1000007904,20240914,CARD,PAID,71331.6
7906,7000007905,1000007905,0,GATEWAY,FAILED,43888.8
7907,7000007906,1000007906,20250508,GATEWAY,PAID,15173.4
7908,7000007907,1000007907,0,CASH,PENDING,26136.0
7909,7000007908,1000007908,20250910,CARD,PAID,46554.75
7910,7000007909,1000007909,0,CARD,PENDING,30603.0
7911,7000007910,1000007910,20250319,TRANSFER,PAID,34485.0
7912,7000007911,1000007911,20240207,CASH,PAID,13794.0
7913,7000007912,1000007912,20250217,GATEWAY,PAID,17835.0
7914,7000007913,1000007913,20240420,CARD,PAID,43560.0
7915,7000007914,1000007914,0,CARD,FAILED,42582.0
7916,7000007915,1000007915,20240729,CASH,PAID,25613.28
7917,7000007916,1000007916,20240717,GATEWAY,PAID,39619.92
7918,7000007917,1000007917,20240614,CARD,PAID,37074.0
7919,7000007918,1000007918,20250423,GATEWAY,PAID,52170.12
7920,7000007919,1000007919,20250628,CARD,PAID,35685.0
7921,7000007920,1000007920,20240828,CARD,PAID,40404.0
7922,7000007921,1000007921,0,CARD,FAILED,54561.0
7923,7000007922,1000007922,20240316,GATEWAY,PAID,18687.0
7924,7000007923,1000007923,20240929,CARD,PAID,35937.0
7925,7000007924,1000007924,20241113,TRANSFER,PAID,14520.0
7926,7000007925,1000007925,20240203,CARD,PAID,57862.2
7927,7000007926,1000007926,20240208,CARD,REFUNDED,67155.0
7928,7000007927,1000007927,20250410,GATEWAY,PAID,79245.0
7929,7000007928,1000007928,20240416,CARD,PAID,44760.0
7930,7000007929,1000007929,20250811,TRANSFER,REFUNDED,81312.0
7931,7000007930,1000007930,20240627,CARD,PAID,18651.75
7932,7000007931,1000007931,20240424,CASH,PAID,58697.1
7933,7000007932,1000007932,20241022,CARD,REFUNDED,44104.5
7934,7000007933,1000007933,20240626,CARD,PAID,66114.0
7935,7000007934,1000007934,20240122,CARD,PAID,52272.0
7936,7000007935,1000007935,20240419,CARD,PAID,37243.8
7937,7000007936,1000007936,20240119,CARD,PAID,54561.0
7938,7000007937,1000007937,20240331,CASH,PAID,49005.0
7939,7000007938,1000007938,20240626,GATEWAY,PAID,49905.0
7940,7000007939,1000007939,0,CARD,FAILED,54125.4
7941,7000007940,1000007940,20241018,CASH,PAID,28967.4
7942,7000007941,1000007941,20240618,CASH,PAID,42688.8
7943,7000007942,1000007942,20240515,CARD,PAID,18150.0
7944,7000007943,1000007943,20240209,CARD,PAID,101932.5
7945,7000007944,1000007944,20240208,CARD,PAID,49005.0
7946,7000007945,1000007945,20240429,CARD,PAID,93356.1
7947,7000007946,1000007946,20250208,GATEWAY,PAID,42582.0
7948,7000007947,1000007947,20240223,GATEWAY,PAID,47238.0
7949,7000007948,1000007948,20241022,CASH,PAID,95832.0
7950,7000007949,1000007949,20250820,CARD,PAID,47857.68
7951,7000007950,1000007950,20241202,GATEWAY,PAID,44760.0
7952,7000007951,1000007951,20250309,CARD,PAID,13968.0
7953,7000007952,1000007952,20250120,CARD,PAID,20166.75
7954,7000007953,1000007953,20250810,CASH,PAID,62073.0
7955,7000007954,1000007954,20240507,CARD,PAID,14229.6
7956,7000007955,1000007955,20241001,CARD,PAID,15383.7
7957,7000007956,1000007956,20240523,GATEWAY,PAID,33870.0
7958,7000007957,1000007957,20250912,CARD,REFUNDED,14268.0
7959,7000007958,1000007958,20240528,TRANSFER,PAID,28814.94
7960,7000007959,1000007959,0,TRANSFER,FAILED,35574.0
7961,7000007960,1000007960,20250621,GATEWAY,PAID,35385.0
7962,7000007961,1000007961,20240803,CARD,PAID,45520.2
7963,7000007962,1000007962,20240903,TRANSFER,PAID,27588.0
7964,7000007963,1000007963,20240416,GATEWAY,PAID,16418.25
7965,7000007964,1000007964,20250930,CASH,PAID,19965.0
7966,7000007965,1000007965,20241022,GATEWAY,PAID,89835.0
7967,7000007966,1000007966,20250401,CARD,PAID,52927.5
7968,7000007967,1000007967,20240423,CARD,PAID,50205.0
7969,7000007968,1000007968,20250504,TRANSFER,PAID,51727.5
7970,7000007969,1000007969,20240510,CARD,PAID,27036.0
7971,7000007970,1000007970,20250415,CARD,PAID,27442.8
7972,7000007971,1000007971,20241004,CASH,PAID,13794.0
7973,7000007972,1000007972,20240411,GATEWAY,PAID,55350.0
7974,7000007973,1000007973,20241106,GATEWAY,REFUNDED,50205.0
7975,7000007974,1000007974,20240109,GATEWAY,PAID,28788.0
7976,7000007975,1000007975,20240409,CARD,PAID,18442.5
7977,7000007976,1000007976,0,GATEWAY,FAILED,15972.0
7978,7000007977,1000007977,20250419,CASH,PAID,15972.0
7979,7000007978,1000007978,20240706,CASH,PAID,56918.4
7980,7000007979,1000007979,20240903,CASH,PAID,13794.0
7981,7000007980,1000007980,0,CARD,FAILED,35685.0
7982,7000007981,1000007981,20241218,CARD,PAID,50729.25
7983,7000007982,1000007982,20240717,CARD,PAID,27113.28
7984,7000007983,1000007983,20250608,GATEWAY,PAID,40404.0
7985,7000007984,1000007984,20250207,CARD,PAID,54958.2
7986,7000007985,1000007985,20240505,GATEWAY,PAID,55650.0
7987,7000007986,1000007986,20241210,CARD,PAID,17235.0
7988,7000007987,1000007987,20240915,CARD,PAID,29940.0
7989,7000007988,1000007988,20240512,CARD,PAID,16335.0
7990,7000007989,1000007989,20240922,CARD,PAID,55350.0
7991,7000007990,1000007990,20240403,GATEWAY,PAID,37800.0
7992,7000007991,1000007991,20250417,CARD,PAID,77938.2
7993,7000007992,1000007992,20241222,CARD,PAID,17787.0
7994,7000007993,1000007993,20250913,CARD,PAID,26136.0
7995,7000007994,1000007994,20240808,CARD,PAID,26136.0
7996,7000007995,1000007995,0,TRANSFER,FAILED,65340.0
7997,7000007996,1000007996,20250721,CASH,PAID,37243.8
7998,7000007997,1000007997,20250104,CARD,PAID,14568.0
7999,7000007998,1000007998,20250911,CASH,PAID,84579.0
8000,7000007999,1000007999,20241031,CASH,PAID,34485.0
8001,7000008000,1000008000,20241115,CARD,PAID,35029.5
8002,7000008001,1000008001,20241209,CARD,PAID,53724.0
8003,7000008002,1000008002,20250615,CARD,PAID,60572.28
8004,7000008003,1000008003,20240408,GATEWAY,PAID,71874.0
8005,7000008004,1000008004,20250727,CARD,PAID,55213.88
8006,7000008005,1000008005,20250718,CASH,PAID,80586.0
8007,7000008006,1000008006,20240502,CARD,PAID,50086.5
8008,7000008007,1000008007,20250204,GATEWAY,PAID,28459.2
8009,7000008008,1000008008,20250816,CASH,PAID,53361.0
8010,7000008009,1000008009,0,CASH,FAILED,43560.0
8011,7000008010,1000008010,20250918,CARD,PAID,18051.75
8012,7000008011,1000008011,20250608,CARD,PAID,17787.0
8013,7000008012,1000008012,20240629,CARD,PAID,17151.75
8014,7000008013,1000008013,20250102,CARD,PAID,54561.0
8015,7000008014,1000008014,20250630,CARD,PAID,13068.0
8016,7000008015,1000008015,20240904,CASH,PAID,13068.0
8017,7000008016,1000008016,20240121,CARD,PAID,43453.2
8018,7000008017,1000008017,20250728,CARD,PAID,55650.0
8019,7000008018,1000008018,0,GATEWAY,FAILED,13614.6
8020,7000008019,1000008019,20240905,CASH,PAID,54450.0
8021,7000008020,1000008020,20250703,GATEWAY,PAID,40404.0
8022,7000008021,1000008021,20240623,CARD,PAID,42364.2
8023,7000008022,1000008022,20240607,GATEWAY,PAID,60369.0
8024,7000008023,1000008023,20241111,GATEWAY,REFUNDED,12961.2
8025,7000008024,1000008024,20250316,CARD,PAID,32488.5
8026,7000008025,1000008025,20250701,CARD,PAID,64570.2
8027,7000008026,1000008026,0,CARD,PENDING,118194.9
8028,7000008027,1000008027,20241025,GATEWAY,PAID,55974.6
8029,7000008028,1000008028,20240203,CARD,PAID,40404.0
8030,7000008029,1000008029,20250302,TRANSFER,PAID,29040.0
8031,7000008030,1000008030,20240519,CASH,PAID,44823.24
8032,7000008031,1000008031,20250120,CASH,PAID,28314.0
8033,7000008032,1000008032,20250701,CARD,PAID,95178.6
8034,7000008033,1000008033,20240518,CASH,PAID,17242.5
8035,7000008034,1000008034,20240922,CARD,PAID,56628.0
8036,7000008035,1000008035,0,CARD,FAILED,19565.7
8037,7000008036,1000008036,20250507,GATEWAY,PAID,37109.25
8038,7000008037,1000008037,20240928,CARD,PAID,53056.08
8039,7000008038,1000008038,0,CASH,FAILED,16335.0
8040,7000008039,1000008039,20250514,CARD,PAID,93646.5
8041,7000008040,1000008040,20240918,TRANSFER,PAID,15652.56
8042,7000008041,1000008041,20240912,CASH,PAID,17787.0
8043,7000008042,1000008042,20250211,CARD,PAID,14520.0
8044,7000008043,1000008043,20250824,GATEWAY,PAID,36774.0
8045,7000008044,1000008044,0,CARD,FAILED,114519.0
8046,7000008045,1000008045,20240430,CARD,PAID,40104.0
8047,7000008046,1000008046,20250810,CARD,PAID,53070.6
8048,7000008047,1000008047,20240830,CASH,PAID,58697.1
8049,7000008048,1000008048,20250223,CARD,PAID,25729.2
8050,7000008049,1000008049,20241109,CARD,PAID,61441.38
8051,7000008050,1000008050,20250706,CARD,PAID,91504.8
8052,7000008051,1000008051,20241028,GATEWAY,PAID,13968.0
8053,7000008052,1000008052,20240428,GATEWAY,PAID,14268.0
8054,7000008053,1000008053,0,CASH,FAILED,36209.25
8055,7000008054,1000008054,20241123,CARD,PAID,30240.0
8056,7000008055,1000008055,20241203,CASH,PAID,38419.92
8057,7000008056,1000008056,20250520,CARD,PAID,51727.5
8058,7000008057,1000008057,20240624,CARD,PAID,29359.2
8059,7000008058,1000008058,20250329,CARD,PAID,27588.0
8060,7000008059,1000008059,0,CASH,FAILED,14229.6
8061,7000008060,1000008060,20240509,CARD,PAID,57800.25
8062,7000008061,1000008061,20241229,GATEWAY,PAID,28488.0
8063,7000008062,1000008062,20250414,GATEWAY,REFUNDED,29040.0
8064,7000008063,1000008063,20250214,CARD,PAID,24722.4
8065,7000008064,1000008064,20240305,CARD,PAID,41382.0
8066,7000008065,1000008065,20250116,GATEWAY,PAID,40104.0
8067,7000008066,1000008066,20250118,CARD,PAID,44760.0
8068,7000008067,1000008067,20240102,GATEWAY,PAID,68490.6
8069,7000008068,1000008068,20250428,CARD,PAID,16201.5
8070,7000008069,1000008069,0,GATEWAY,FAILED,36774.0
8071,7000008070,1000008070,20240610,CARD,PAID,43560.0
8072,7000008071,1000008071,20250614,CARD,PAID,14483.7
8073,7000008072,1000008072,20250107,CARD,PAID,76486.2
8074,7000008073,1000008073,20251001,CASH,PAID,29003.7
8075,7000008074,1000008074,20250519,CARD,PAID,27442.8
8076,7000008075,1000008075,20250420,CARD,PAID,58072.5
8077,7000008076,1000008076,20240808,GATEWAY,PAID,59098.5
8078,7000008077,1000008077,20250610,GATEWAY,PAID,37116.75
8079,7000008078,1000008078,20240729,CARD,PAID,89409.0
8080,7000008079,1000008079,20240625,CARD,PAID,27336.0
8081,7000008080,1000008080,20240627,GATEWAY,PAID,30240.0
8082,7000008081,1000008081,20250903,CASH,PAID,45738.0
8083,7000008082,1000008082,20240524,CARD,PAID,30467.4
8084,7000008083,1000008083,20250708,CARD,PAID,58372.5
8085,7000008084,1000008084,20241202,CASH,PAID,59023.8
8086,7000008085,1000008085,20250513,CARD,PAID,95943.0
8087,7000008086,1000008086,20250111,CARD,PAID,13706.64
8088,7000008087,1000008087,20250922,GATEWAY,REFUNDED,52426.56
8089,7000008088,1000008088,20250413,CASH,PAID,98554.5
8090,7000008089,1000008089,20250831,CARD,PAID,19287.0
8091,7000008090,1000008090,20250816,CARD,PAID,36247.12
8092,7000008091,1000008091,20250324,CARD,REFUNDED,16373.4
8093,7000008092,1000008092,20240827,GATEWAY,PAID,54313.88
8094,7000008093,1000008093,20240129,CASH,PAID,16335.0
8095,7000008094,1000008094,20241120,CARD,PAID,26136.0
8096,7000008095,1000008095,20250423,GATEWAY,PAID,39315.0
8097,7000008096,1000008096,20240111,GATEWAY,PAID,32236.5
8098,7000008097,1000008097,20240117,CARD,PAID,55853.28
8099,7000008098,1000008098,20240313,CARD,PAID,71874.0
8100,7000008099,1000008099,20240207,CASH,PAID,28459.2
8101,7000008100,1000008100,20240430,CASH,REFUNDED,101857.8
8102,7000008101,1000008101,20250502,CASH,PAID,39204.0
8103,7000008102,1000008102,20250820,GATEWAY,PAID,29659.2
8104,7000008103,1000008103,20250910,CASH,PAID,27588.0
8105,7000008104,1000008104,20240127,GATEWAY,PAID,13614.6
8106,7000008105,1000008105,20250309,GATEWAY,PAID,14941.08
8107,7000008106,1000008106,20240119,CARD,PAID,144511.88
8108,7000008107,1000008107,20241212,CARD,PAID,42064.2
8109,7000008108,1000008108,20241019,CARD,PAID,36300.0
8110,7000008109,1000008109,20240720,CARD,PAID,26136.0
8111,7000008110,1000008110,0,CASH,FAILED,14229.6
8112,7000008111,1000008111,20250509,CASH,PAID,105705.6
8113,7000008112,1000008112,20250829,CASH,PAID,15972.0
8114,7000008113,1000008113,20241203,CASH,PAID,16335.0
8115,7000008114,1000008114,20250521,CARD,PAID,31392.0
8116,7000008115,1000008115,20250927,CARD,PAID,17535.0
8117,7000008116,1000008116,20250705,CARD,REFUNDED,20557.5
8118,7000008117,1000008117,0,CARD,FAILED,27336.0
8119,7000008118,1000008118,20250211,CARD,PAID,39204.0
8120,7000008119,1000008119,20240726,GATEWAY,PAID,32505.12
8121,7000008120,1000008120,20240419,GATEWAY,PAID,14921.4
8122,7000008121,1000008121,20250606,CARD,PAID,46957.68
8123,7000008122,1000008122,20250621,CARD,PAID,41382.0
8124,7000008123,1000008123,20250122,GATEWAY,PAID,14994.0
8125,7000008124,1000008124,20240706,CARD,PAID,16335.0
8126,7000008125,1000008125,20240323,CARD,PAID,95287.5
8127,7000008126,1000008126,20241121,GATEWAY,PAID,18351.75
8128,7000008127,1000008127,0,CARD,FAILED,54450.0
8129,7000008128,1000008128,20250305,GATEWAY,PAID,17787.0
8130,7000008129,1000008129,20240811,CASH,PAID,15246.0
8131,7000008130,1000008130,20241213,CASH,PAID,16008.3
8132,7000008131,1000008131,20240227,GATEWAY,PAID,14621.4
8133,7000008132,1000008132,0,CARD,FAILED,42582.0
8134,7000008133,1000008133,20250326,TRANSFER,PAID,43451.1
8135,7000008134,1000008134,20250531,CASH,PAID,41382.0
8136,7000008135,1000008135,0,GATEWAY,PENDING,50205.0
8137,7000008136,1000008136,20240609,TRANSFER,PAID,13794.0
8138,7000008137,1000008137,20241024,CARD,PAID,14568.0
8139,7000008138,1000008138,20240417,CARD,PAID,16020.0
8140,7000008139,1000008139,20240822,CARD,PAID,16008.3
8141,7000008140,1000008140,20250304,CASH,PAID,17242.5
8142,7000008141,1000008141,20241128,CARD,PAID,46030.5
8143,7000008142,1000008142,0,CARD,FAILED,47916.0
8144,7000008143,1000008143,20240425,CARD,PAID,24829.2
8145,7000008144,1000008144,20250107,CARD,PAID,47700.3
8146,7000008145,1000008145,20240621,CARD,PAID,51037.8
8147,7000008146,1000008146,20241116,CARD,PAID,44823.24
8148,7000008147,1000008147,20250527,GATEWAY,PAID,40704.0
8149,7000008148,1000008148,20240708,CARD,PAID,42688.8
8150,7000008149,1000008149,20240902,CASH,PAID,18966.75
8151,7000008150,1000008150,20250521,CARD,PAID,14483.7
8152,7000008151,1000008151,20250625,GATEWAY,PAID,49488.6
8153,7000008152,1000008152,20241223,GATEWAY,PAID,17235.0
8154,7000008153,1000008153,20250417,CASH,PAID,95614.2
8155,7000008154,1000008154,20250207,TRANSFER,PAID,13794.0
8156,7000008155,1000008155,20241111,CARD,PAID,35283.6
8157,7000008156,1000008156,20241204,GATEWAY,PAID,56095.2
8158,7000008157,1000008157,20250923,CASH,PAID,41382.0
8159,7000008158,1000008158,20250316,CARD,PAID,107733.24
8160,7000008159,1000008159,20250314,GATEWAY,PAID,34170.0
8161,7000008160,1000008160,20241022,CARD,PAID,31305.12
8162,7000008161,1000008161,20240518,GATEWAY,PAID,42582.0
8163,7000008162,1000008162,20250506,GATEWAY,PAID,40404.0
8164,7000008163,1000008163,20250120,TRANSFER,PAID,13068.0
8165,7000008164,1000008164,0,GATEWAY,PENDING,56076.0
8166,7000008165,1000008165,20240130,GATEWAY,PAID,91693.8
8167,7000008166,1000008166,20240409,CARD,PAID,15420.0
8168,7000008167,1000008167,20250417,CARD,PAID,24422.4
8169,7000008168,1000008168,20250709,CARD,PAID,27336.0
8170,7000008169,1000008169,20250912,CARD,PAID,87120.0
8171,7000008170,1000008170,20240521,GATEWAY,PAID,97494.3
8172,7000008171,1000008171,20250719,CARD,PAID,14229.6
8173,7000008172,1000008172,20240528,CASH,PAID,95178.6
8174,7000008173,1000008173,20250822,CARD,REFUNDED,25022.4
8175,7000008174,1000008174,20240310,CARD,PAID,48157.68
8176,7000008175,1000008175,0,CARD,FAILED,17242.5
8177,7000008176,1000008176,20241105,GATEWAY,PAID,60124.5
8178,7000008177,1000008177,20240827,CARD,PAID,15729.6
8179,7000008178,1000008178,20250626,CARD,PAID,36300.0
8180,7000008179,1000008179,20250715,CARD,PAID,55105.5
8181,7000008180,1000008180,20250517,CASH,PAID,43560.0
8182,7000008181,1000008181,20250122,CARD,PAID,51727.5
8183,7000008182,1000008182,20250517,GATEWAY,PAID,51901.5
8184,7000008183,1000008183,20241023,TRANSFER,PAID,54450.0
8185,7000008184,1000008184,20250223,GATEWAY,PAID,29659.2
8186,7000008185,1000008185,20241031,CARD,PAID,42582.0
8187,7000008186,1000008186,20250801,CARD,PAID,51727.5
8188,7000008187,1000008187,20250402,GATEWAY,PAID,14921.4
8189,7000008188,1000008188,20240914,CASH,PAID,27588.0
8190,7000008189,1000008189,20241204,GATEWAY,PAID,15294.0
8191,7000008190,1000008190,20240919,CARD,PAID,13068.0
8192,7000008191,1000008191,20250501,GATEWAY,PAID,91042.5
8193,7000008192,1000008192,20241214,CASH,PAID,92492.4
8194,7000008193,1000008193,20250908,CARD,REFUNDED,62254.5
8195,7000008194,1000008194,20240210,TRANSFER,PAID,42688.8
8196,7000008195,1000008195,20250513,CARD,PAID,42582.0
8197,7000008196,1000008196,20250813,CASH,PAID,18150.0
8198,7000008197,1000008197,20241029,CARD,REFUNDED,18442.5
8199,7000008198,1000008198,20241007,CASH,PAID,19057.5
8200,7000008199,1000008199,20241025,CASH,PAID,66211.2
8201,7000008200,1000008200,20250629,GATEWAY,PAID,55650.0
8202,7000008201,1000008201,0,CARD,FAILED,48024.9
8203,7000008202,1000008202,20250914,GATEWAY,PAID,34170.0
8204,7000008203,1000008203,20250410,CARD,PAID,27036.0
8205,7000008204,1000008204,20240415,GATEWAY,PAID,28342.8
8206,7000008205,1000008205,20240403,CARD,PAID,29649.6
8207,7000008206,1000008206,20250603,TRANSFER,PAID,82292.1
8208,7000008207,1000008207,20241020,CARD,PAID,29214.0
8209,7000008208,1000008208,20250926,GATEWAY,PAID,55650.0
8210,7000008209,1000008209,20240827,CARD,PAID,29949.6
8211,7000008210,1000008210,0,CARD,PENDING,49905.0
8212,7000008211,1000008211,20250718,CARD,PAID,52927.5
8213,7000008212,1000008212,20250905,TRANSFER,PAID,14520.0
8214,7000008213,1000008213,20240423,CASH,PAID,42688.8
8215,7000008214,1000008214,20250429,TRANSFER,PAID,52635.0
8216,7000008215,1000008215,20240910,CASH,PAID,44830.5
8217,7000008216,1000008216,20241002,CARD,PAID,103566.0
8218,7000008217,1000008217,20250101,CASH,PAID,14520.0
8219,7000008218,1000008218,20250419,CARD,PAID,29940.0
8220,7000008219,1000008219,20250402,CARD,PAID,57172.5
8221,7000008220,1000008220,20240618,CASH,PAID,56029.05
8222,7000008221,1000008221,20250312,CARD,PAID,43888.8
8223,7000008222,1000008222,20250605,CARD,PAID,54198.0
8224,7000008223,1000008223,20250914,GATEWAY,PAID,44351.1
8225,7000008224,1000008224,0,CARD,FAILED,26136.0
8226,7000008225,1000008225,20240311,CARD,PAID,18150.0
8227,7000008226,1000008226,20241105,TRANSFER,PAID,53361.0
8228,7000008227,1000008227,0,CARD,FAILED,50205.0
8229,7000008228,1000008228,20241217,GATEWAY,PAID,14994.0
8230,7000008229,1000008229,20250416,CARD,PAID,57172.5
8231,7000008230,1000008230,0,CARD,FAILED,71511.0
8232,7000008231,1000008231,20250419,CARD,PAID,35385.0
8233,7000008232,1000008232,20241025,CARD,PAID,37500.0
8234,7000008233,1000008233,20250321,CARD,PAID,36292.5
8235,7000008234,1000008234,20250506,GATEWAY,PAID,18987.0
8236,7000008235,1000008235,20240129,CARD,PAID,34485.0
8237,7000008236,1000008236,0,CASH,PENDING,14941.08
8238,7000008237,1000008237,20250513,CARD,PAID,26029.2
8239,7000008238,1000008238,20250329,CARD,PAID,94699.2
8240,7000008239,1000008239,20250922,CARD,PAID,55138.17
8241,7000008240,1000008240,20241111,GATEWAY,PAID,15652.56
8242,7000008241,1000008241,20250809,CASH,PAID,46554.75
8243,7000008242,1000008242,20240408,TRANSFER,PAID,75141.0
8244,7000008243,1000008243,20250330,CARD,PAID,54261.0
8245,7000008244,1000008244,20250801,TRANSFER,PAID,13068.0
8246,7000008245,1000008245,20250316,CARD,PAID,31036.5
8247,7000008246,1000008246,20251001,CARD,PAID,14994.0
8248,7000008247,1000008247,20240205,CARD,PAID,29088.0
8249,7000008248,1000008248,0,CARD,FAILED,53433.6
8250,7000008249,1000008249,0,CARD,FAILED,27036.0
8251,7000008250,1000008250,20241118,CARD,PAID,27408.6
8252,7000008251,1000008251,20241023,CARD,PAID,42882.0
8253,7000008252,1000008252,20240603,CARD,PAID,29959.2
8254,7000008253,1000008253,20241231,TRANSFER,PAID,38115.0
8255,7000008254,1000008254,20240317,CARD,PAID,35283.6
8256,7000008255,1000008255,20250524,CASH,PAID,29403.0
8257,7000008256,1000008256,20250418,CARD,PAID,42471.0
8258,7000008257,1000008257,20240611,CARD,PAID,55350.0
8259,7000008258,1000008258,20250602,GATEWAY,PAID,15246.0
8260,7000008259,1000008259,20240317,CARD,PAID,29040.0
8261,7000008260,1000008260,20250123,GATEWAY,PAID,40404.0
8262,7000008261,1000008261,20240205,GATEWAY,PAID,53172.0
8263,7000008262,1000008262,20250203,CARD,PAID,59824.5
8264,7000008263,1000008263,20240526,CARD,PAID,56003.4
8265,7000008264,1000008264,20240805,GATEWAY,PAID,18742.5
8266,7000008265,1000008265,20240313,CARD,PAID,49224.9
8267,7000008266,1000008266,20240219,GATEWAY,PAID,60940.2
8268,7000008267,1000008267,20241227,GATEWAY,PAID,79801.92
8269,7000008268,1000008268,20250213,CARD,PAID,57934.8
8270,7000008269,1000008269,20240103,CARD,PAID,47335.2
8271,7000008270,1000008270,20250403,CARD,PAID,29949.6
8272,7000008271,1000008271,20240223,CARD,PAID,24422.4
8273,7000008272,1000008272,20250507,TRANSFER,PAID,67518.0
8274,7000008273,1000008273,20241211,GATEWAY,PAID,49905.0
8275,7000008274,1000008274,20240912,CARD,PAID,16146.0
8276,7000008275,1000008275,20240717,CARD,PAID,36774.0
8277,7000008276,1000008276,20240419,CARD,PAID,40104.0
8278,7000008277,1000008277,20240824,TRANSFER,REFUNDED,41382.0
8279,7000008278,1000008278,20250311,CARD,PAID,80578.5
8280,7000008279,1000008279,20241110,CARD,PAID,121670.62
8281,7000008280,1000008280,20240316,GATEWAY,PAID,67764.6
8282,7000008281,1000008281,20240706,CARD,PAID,49731.0
8283,7000008282,1000008282,20250717,CASH,PAID,39204.0
8284,7000008283,1000008283,20240908,CASH,PAID,17151.75
8285,7000008284,1000008284,0,CASH,FAILED,45520.2
8286,7000008285,1000008285,20250522,CARD,PAID,26862.0
8287,7000008286,1000008286,20241127,CARD,PAID,28749.6
8288,7000008287,1000008287,20240615,CARD,PAID,13614.6
8289,7000008288,1000008288,20240805,TRANSFER,PAID,44104.5
8290,7000008289,1000008289,20250603,CASH,PAID,69841.2
8291,7000008290,1000008290,20250911,GATEWAY,PAID,58554.0
8292,7000008291,1000008291,0,CARD,FAILED,17535.0
8293,7000008292,1000008292,20250227,CARD,PAID,19350.0
8294,7000008293,1000008293,20240305,CARD,REFUNDED,36474.0
8295,7000008294,1000008294,20240525,GATEWAY,PAID,37800.0
8296,7000008295,1000008295,20250111,GATEWAY,PAID,19650.0
8297,7000008296,1000008296,20240923,GATEWAY,PAID,33570.0
8298,7000008297,1000008297,20250820,CARD,PAID,81442.68
8299,7000008298,1000008298,20240526,GATEWAY,PAID,42282.0
8300,7000008299,1000008299,20250110,CARD,PAID,86440.95
8301,7000008300,1000008300,20240502,GATEWAY,REFUNDED,47746.2
8302,7000008301,1000008301,20250802,CARD,PAID,44823.24
8303,7000008302,1000008302,20250101,GATEWAY,PAID,14520.0
8304,7000008303,1000008303,20241030,CASH,PAID,27442.8
8305,7000008304,1000008304,20241207,CARD,PAID,40104.0
8306,7000008305,1000008305,20240301,CARD,PAID,43371.0
8307,7000008306,1000008306,20250618,CARD,PAID,51727.5
8308,7000008307,1000008307,20250224,CARD,PAID,31846.8
8309,7000008308,1000008308,20250205,GATEWAY,PAID,53772.0
8310,7000008309,1000008309,0,GATEWAY,FAILED,18687.0
8311,7000008310,1000008310,20250512,CARD,PAID,55350.0
8312,7000008311,1000008311,20240321,CARD,PAID,36209.25
8313,7000008312,1000008312,20240829,CARD,PAID,17787.0
8314,7000008313,1000008313,20240525,CARD,PAID,44760.0
8315,7000008314,1000008314,20250122,CARD,PAID,37500.0
8316,7000008315,1000008315,20250718,CARD,PAID,127078.8
8317,7000008316,1000008316,20250927,CARD,REFUNDED,15601.5
8318,7000008317,1000008317,20240610,CARD,PAID,58999.2
8319,7000008318,1000008318,20240202,CARD,PAID,43560.0
8320,7000008319,1000008319,20250717,CARD,PAID,18687.0
8321,7000008320,1000008320,20250325,CARD,PAID,40331.4
8322,7000008321,1000008321,20250603,CARD,PAID,68781.0
8323,7000008322,1000008322,20250627,GATEWAY,PAID,42282.0
8324,7000008323,1000008323,0,CASH,FAILED,18150.0
8325,7000008324,1000008324,20240831,GATEWAY,PAID,13968.0
8326,7000008325,1000008325,0,CASH,FAILED,86938.5
8327,7000008326,1000008326,20240401,GATEWAY,REFUNDED,105226.72
8328,7000008327,1000008327,20240917,CARD,PAID,28788.0
8329,7000008328,1000008328,20250701,CARD,PAID,16852.56
8330,7000008329,1000008329,20240111,CARD,PAID,29659.2
8331,7000008330,1000008330,20240102,CARD,PAID,43560.0
8332,7000008331,1000008331,20240425,TRANSFER,PAID,28459.2
8333,7000008332,1000008332,20240222,CARD,PAID,14483.7
8334,7000008333,1000008333,20240115,GATEWAY,PAID,65705.1
8335,7000008334,1000008334,20250614,CASH,PAID,14520.0
8336,7000008335,1000008335,20241109,CARD,PAID,27588.0
8337,7000008336,1000008336,20240724,CARD,PAID,67692.0
8338,7000008337,1000008337,20240218,CARD,PAID,20765.7
8339,7000008338,1000008338,20240315,CARD,PAID,32505.12
8340,7000008339,1000008339,20240524,GATEWAY,PAID,15429.6
8341,7000008340,1000008340,20250517,GATEWAY,PAID,63626.4
8342,7000008341,1000008341,20250824,CARD,PAID,46957.68
8343,7000008342,1000008342,20250729,GATEWAY,PAID,30240.0
8344,7000008343,1000008343,20241020,CARD,PAID,17787.0
8345,7000008344,1000008344,20240501,CARD,PAID,43888.8
8346,7000008345,1000008345,20250310,CARD,PAID,74142.75
8347,7000008346,1000008346,20240123,CARD,PAID,86248.8
8348,7000008347,1000008347,20250317,CASH,PAID,43124.4
8349,7000008348,1000008348,20241115,GATEWAY,PAID,83175.0
8350,7000008349,1000008349,20250125,CARD,PAID,13968.0
8351,7000008350,1000008350,20250130,CARD,PAID,76794.75
8352,7000008351,1000008351,20250326,GATEWAY,PAID,80034.0
8353,7000008352,1000008352,20241214,CARD,PAID,13068.0
8354,7000008353,1000008353,20241001,CARD,PAID,36183.6
8355,7000008354,1000008354,20240229,CARD,PAID,46420.2
8356,7000008355,1000008355,20240224,CARD,PAID,41164.2
8357,7000008356,1000008356,20250131,GATEWAY,PAID,34822.35
8358,7000008357,1000008357,20250131,TRANSFER,PAID,28967.4
8359,7000008358,1000008358,20250330,CARD,PAID,39204.0
8360,7000008359,1000008359,20250418,CARD,PAID,35610.06
8361,7000008360,1000008360,20240522,CARD,PAID,15294.0
8362,7000008361,1000008361,20250416,CASH,PAID,27951.0
8363,7000008362,1000008362,20250722,CASH,PAID,17787.0
8364,7000008363,1000008363,20250310,CARD,PAID,57646.5
8365,7000008364,1000008364,20240613,CARD,PAID,73507.5
8366,7000008365,1000008365,0,CASH,FAILED,44402.16
8367,7000008366,1000008366,20250205,GATEWAY,PAID,15420.0
8368,7000008367,1000008367,20250302,GATEWAY,PAID,42582.0
8369,7000008368,1000008368,20240526,CASH,PAID,32670.0
8370,7000008369,1000008369,20250831,CARD,PAID,102257.1
8371,7000008370,1000008370,20241103,GATEWAY,PAID,40331.4
8372,7000008371,1000008371,20240608,CASH,PAID,53361.0
8373,7000008372,1000008372,20250601,CASH,PAID,39930.0
8374,7000008373,1000008373,20240115,CARD,PAID,28459.2
8375,7000008374,1000008374,20250711,CARD,PAID,39204.0
8376,7000008375,1000008375,20240219,CASH,PAID,64795.5
8377,7000008376,1000008376,20240812,GATEWAY,PAID,30240.0
8378,7000008377,1000008377,20250221,GATEWAY,PAID,14520.0
8379,7000008378,1000008378,20241111,CARD,PAID,70920.12
8380,7000008379,1000008379,20250517,CARD,PAID,42108.0
8381,7000008380,1000008380,20240619,CARD,PAID,60766.2
8382,7000008381,1000008381,20250414,GATEWAY,PAID,42282.0
8383,7000008382,1000008382,0,CARD,FAILED,17172.0
8384,7000008383,1000008383,20250606,CASH,PAID,27588.0
8385,7000008384,1000008384,20240720,GATEWAY,PAID,82149.0
8386,7000008385,1000008385,0,CARD,FAILED,17535.0
8387,7000008386,1000008386,0,CARD,FAILED,13068.0
8388,7000008387,1000008387,20240324,CASH,PAID,24829.2
8389,7000008388,1000008388,20241225,CASH,PAID,13794.0
8390,7000008389,1000008389,20250102,CASH,PAID,53361.0
8391,7000008390,1000008390,20250919,CARD,PAID,53361.0
8392,7000008391,1000008391,20240607,CARD,PAID,39131.4
8393,7000008392,1000008392,20250110,GATEWAY,PAID,66540.0
8394,7000008393,1000008393,20241202,CARD,PAID,18987.0
8395,7000008394,1000008394,0,GATEWAY,FAILED,33960.75
8396,7000008395,1000008395,20240630,GATEWAY,PAID,68970.0
8397,7000008396,1000008396,20240531,GATEWAY,PAID,18868.5
8398,7000008397,1000008397,20250129,CARD,PAID,18687.0
8399,7000008398,1000008398,20250928,CARD,PAID,42582.0
8400,7000008399,1000008399,20250930,GATEWAY,PAID,85996.8
8401,7000008400,1000008400,0,CASH,FAILED,32016.6
8402,7000008401,1000008401,20240402,GATEWAY,PAID,78882.0
8403,7000008402,1000008402,20250506,GATEWAY,PAID,16852.56
8404,7000008403,1000008403,20250314,CARD,PAID,48024.9
8405,7000008404,1000008404,20241218,CASH,PAID,26136.0
8406,7000008405,1000008405,20250602,CARD,PAID,36474.0
8407,7000008406,1000008406,20240123,CARD,PAID,40404.0
8408,7000008407,1000008407,20250109,CARD,PAID,63706.5
8409,7000008408,1000008408,20240805,GATEWAY,PAID,40104.0
8410,7000008409,1000008409,0,GATEWAY,FAILED,24722.4
8411,7000008410,1000008410,20250217,CARD,PAID,76613.25
8412,7000008411,1000008411,20250716,GATEWAY,PAID,17535.0
8413,7000008412,1000008412,20240427,CARD,PAID,29088.0
8414,7000008413,1000008413,20250515,TRANSFER,PAID,27588.0
8415,7000008414,1000008414,20240323,CASH,PAID,29040.0
8416,7000008415,1000008415,20250428,GATEWAY,PAID,17508.3
8417,7000008416,1000008416,20241109,GATEWAY,PAID,43888.8
8418,7000008417,1000008417,20240118,GATEWAY,PAID,62910.0
8419,7000008418,1000008418,20241108,CARD,PAID,58072.5
8420,7000008419,1000008419,0,CARD,FAILED,45738.0
8421,7000008420,1000008420,20241206,GATEWAY,PAID,54861.0
8422,7000008421,1000008421,20250615,CARD,PAID,53361.0
8423,7000008422,1000008422,20240627,TRANSFER,PAID,31944.0
8424,7000008423,1000008423,20250424,CARD,PAID,33226.2
8425,7000008424,1000008424,20240914,CARD,PAID,41382.0
8426,7000008425,1000008425,20250226,CARD,PAID,60793.42
8427,7000008426,1000008426,0,CARD,FAILED,35203.5
8428,7000008427,1000008427,20240802,CARD,PAID,37243.8
8429,7000008428,1000008428,20240508,CARD,PAID,29959.2
8430,7000008429,1000008429,0,GATEWAY,FAILED,33144.0
8431,7000008430,1000008430,20240921,CARD,REFUNDED,17242.5
8432,7000008431,1000008431,20240421,CARD,PAID,80832.6
8433,7000008432,1000008432,20240730,CASH,PAID,27442.8
8434,7000008433,1000008433,20240625,CARD,PAID,62247.0
8435,7000008434,1000008434,20240708,CARD,PAID,109527.75
8436,7000008435,1000008435,20240219,CARD,PAID,34303.5
8437,7000008436,1000008436,0,CARD,PENDING,18150.0
8438,7000008437,1000008437,0,GATEWAY,PENDING,94491.0
8439,7000008438,1000008438,20240126,GATEWAY,PAID,12661.2
8440,7000008439,1000008439,20240425,CASH,PAID,81442.68
8441,7000008440,1000008440,20250316,CARD,PAID,15574.8
8442,7000008441,1000008441,20240426,CARD,PAID,15420.0
8443,7000008442,1000008442,20250301,CARD,PAID,39857.4
8444,7000008443,1000008443,20250423,CARD,PAID,26136.0
8445,7000008444,1000008444,20250812,CASH,PAID,32670.0
8446,7000008445,1000008445,20240428,CARD,PAID,48024.9
8447,7000008446,1000008446,20250416,CARD,PAID,29040.0
8448,7000008447,1000008447,20240719,CARD,PAID,83020.2
8449,7000008448,1000008448,20240325,CARD,PAID,92565.0
8450,7000008449,1000008449,20250810,TRANSFER,PAID,28459.2
8451,7000008450,1000008450,20240630,CARD,PAID,28459.2
8452,7000008451,1000008451,0,CARD,FAILED,53472.0
8453,7000008452,1000008452,20240213,GATEWAY,PAID,50205.0
8454,7000008453,1000008453,20240619,GATEWAY,PAID,15294.0
8455,7000008454,1000008454,20250826,CARD,PAID,15129.6
8456,7000008455,1000008455,20241009,GATEWAY,PAID,35685.0
8457,7000008456,1000008456,20240810,GATEWAY,PAID,53145.3
8458,7000008457,1000008457,20240605,GATEWAY,PAID,36300.0
8459,7000008458,1000008458,20240206,CASH,PAID,45048.3
8460,7000008459,1000008459,20240327,GATEWAY,REFUNDED,15518.25
8461,7000008460,1000008460,20240216,CARD,PAID,58043.7
8462,7000008461,1000008461,20250327,CARD,PAID,87148.8
8463,7000008462,1000008462,20250111,CARD,PAID,31987.56
8464,7000008463,1000008463,20240104,CARD,PAID,35503.5
8465,7000008464,1000008464,20240830,GATEWAY,REFUNDED,44760.0
8466,7000008465,1000008465,20250811,CARD,PAID,19304.62
8467,7000008466,1000008466,20240314,CARD,PAID,33795.3
8468,7000008467,1000008467,20240624,CASH,PAID,34485.0
8469,7000008468,1000008468,20241027,CASH,PAID,14520.0
8470,7000008469,1000008469,20240731,CARD,PAID,70489.44
8471,7000008470,1000008470,20250719,CARD,PAID,42882.0
8472,7000008471,1000008471,20240715,CASH,PAID,37243.8
8473,7000008472,1000008472,20240608,CARD,PAID,14694.0
8474,7000008473,1000008473,20241103,TRANSFER,PAID,35937.0
8475,7000008474,1000008474,20250625,CARD,PAID,27588.0
8476,7000008475,1000008475,20250511,CARD,PAID,43588.8
8477,7000008476,1000008476,20250203,CARD,PAID,47073.6
8478,7000008477,1000008477,20250811,CARD,PAID,92567.1
8479,7000008478,1000008478,20241019,CASH,PAID,34485.0
8480,7000008479,1000008479,20250123,CARD,PAID,75776.25
8481,7000008480,1000008480,20241012,CARD,PAID,30240.0
8482,7000008481,1000008481,20240818,GATEWAY,PAID,32670.0
8483,7000008482,1000008482,20241211,GATEWAY,PAID,36774.0
8484,7000008483,1000008483,20250206,CARD,PAID,67518.0
8485,7000008484,1000008484,20240907,TRANSFER,PAID,35574.0
8486,7000008485,1000008485,20250116,CARD,PAID,58408.8
8487,7000008486,1000008486,20250322,CARD,PAID,17208.3
8488,7000008487,1000008487,0,CARD,PENDING,68418.0
8489,7000008488,1000008488,20240118,CARD,PAID,43888.8
8490,7000008489,1000008489,20250613,CARD,PAID,41382.0
8491,7000008490,1000008490,20240302,CASH,PAID,54450.0
8492,7000008491,1000008491,20250207,CASH,PAID,105052.2
8493,7000008492,1000008492,20240319,CARD,PAID,18150.0
8494,7000008493,1000008493,20250211,GATEWAY,PAID,74952.0
8495,7000008494,1000008494,20240725,CASH,PAID,92492.4
8496,7000008495,1000008495,20250720,CARD,PAID,16335.0
8497,7000008496,1000008496,20250121,CARD,REFUNDED,59561.04
8498,7000008497,1000008497,20240624,CARD,PAID,82038.0
8499,7000008498,1000008498,20241116,CASH,PAID,16008.3
8500,7000008499,1000008499,20241117,GATEWAY,PAID,39204.0
8501,7000008500,1000008500,20250407,CARD,PAID,76258.8
8502,7000008501,1000008501,20250720,CARD,PAID,52627.5
8503,7000008502,1000008502,20241212,CARD,REFUNDED,20166.75
8504,7000008503,1000008503,20241110,GATEWAY,REFUNDED,26813.28
8505,7000008504,1000008504,20250511,CARD,PAID,31036.5
8506,7000008505,1000008505,20250328,CASH,PAID,46899.6
8507,7000008506,1000008506,20241019,CASH,PAID,26136.0
8508,7000008507,1000008507,20240526,CARD,PAID,60278.25
8509,7000008508,1000008508,20250703,GATEWAY,PAID,15429.6
8510,7000008509,1000008509,20250817,GATEWAY,PAID,14694.0
8511,7000008510,1000008510,20250322,CASH,PAID,44823.24
8512,7000008511,1000008511,20241008,CARD,PAID,72665.1
8513,7000008512,1000008512,20240512,GATEWAY,PAID,15874.8
8514,7000008513,1000008513,20240912,CARD,PAID,30603.0
8515,7000008514,1000008514,20250226,CARD,PAID,33870.0
8516,7000008515,1000008515,20250501,CARD,PAID,65959.2
8517,7000008516,1000008516,20250901,GATEWAY,PAID,32670.0
8518,7000008517,1000008517,20240229,GATEWAY,PAID,27036.0
8519,7000008518,1000008518,20250705,GATEWAY,PAID,42582.0
8520,7000008519,1000008519,20241011,GATEWAY,PAID,15294.0
8521,7000008520,1000008520,20250122,CASH,PAID,49005.0
8522,7000008521,1000008521,0,CARD,FAILED,31692.0
8523,7000008522,1000008522,20240422,GATEWAY,PAID,102177.0
8524,7000008523,1000008523,20250124,CARD,PAID,55350.0
8525,7000008524,1000008524,20241021,CARD,PAID,48714.6
8526,7000008525,1000008525,20240813,CASH,PAID,46645.5
8527,7000008526,1000008526,20240602,CARD,PAID,32118.0
8528,7000008527,1000008527,20240811,GATEWAY,PAID,99510.0
8529,7000008528,1000008528,20241221,CARD,REFUNDED,35294.25
8530,7000008529,1000008529,20241014,TRANSFER,PAID,39204.0
8531,7000008530,1000008530,20250706,CARD,PAID,74100.0
8532,7000008531,1000008531,20241229,CARD,PAID,14268.0
8533,7000008532,1000008532,0,CARD,FAILED,44830.5
8534,7000008533,1000008533,20240217,CARD,REFUNDED,16418.25
8535,7000008534,1000008534,0,CARD,PENDING,14229.6
8536,7000008535,1000008535,20250523,CARD,PAID,27336.0
8537,7000008536,1000008536,0,TRANSFER,FAILED,117517.62
8538,7000008537,1000008537,20241201,CARD,PAID,37243.8
8539,7000008538,1000008538,20240513,GATEWAY,PAID,69444.0
8540,7000008539,1000008539,20240913,CARD,PAID,77130.0
8541,7000008540,1000008540,20240821,CARD,PAID,27036.0
8542,7000008541,1000008541,20240603,GATEWAY,PAID,31936.5
8543,7000008542,1000008542,20240308,CARD,PAID,44150.16
8544,7000008543,1000008543,20241214,GATEWAY,PAID,40104.0
8545,7000008544,1000008544,20240812,CARD,PAID,43124.4
8546,7000008545,1000008545,0,CASH,FAILED,51455.25
8547,7000008546,1000008546,20250201,GATEWAY,PAID,16746.0
8548,7000008547,1000008547,20240501,CARD,PAID,74182.44
8549,7000008548,1000008548,20240705,CARD,PAID,26136.0
8550,7000008549,1000008549,0,CARD,FAILED,19350.0
8551,7000008550,1000008550,20240703,CARD,PAID,32418.0
8552,7000008551,1000008551,20240610,CARD,PAID,81384.6
8553,7000008552,1000008552,20240528,CASH,PAID,62073.0
8554,7000008553,1000008553,20250114,CARD,PAID,29088.0
8555,7000008554,1000008554,20250816,CASH,PAID,56482.8
8556,7000008555,1000008555,20241205,CASH,PAID,96303.9
8557,7000008556,1000008556,20250428,GATEWAY,PAID,72048.0
8558,7000008557,1000008557,0,CARD,PENDING,67183.8
8559,7000008558,1000008558,20240206,CARD,PAID,13068.0
8560,7000008559,1000008559,20250912,CARD,PAID,43888.8
8561,7000008560,1000008560,20241210,CARD,PAID,53361.0
8562,7000008561,1000008561,20240608,CASH,PAID,43560.0
8563,7000008562,1000008562,20250906,CARD,PAID,36300.0
8564,7000008563,1000008563,20250721,GATEWAY,PAID,15294.0
8565,7000008564,1000008564,20240514,CARD,PAID,36474.0
8566,7000008565,1000008565,20250707,CARD,PAID,36483.6
8567,7000008566,1000008566,20241001,CASH,PAID,102601.95
8568,7000008567,1000008567,20240730,CASH,PAID,18150.0
8569,7000008568,1000008568,20240118,CASH,PAID,36300.0
8570,7000008569,1000008569,20250219,CASH,PAID,16335.0
8571,7000008570,1000008570,20240419,CARD,PAID,71793.9
8572,7000008571,1000008571,20240616,CASH,PAID,49005.0
8573,7000008572,1000008572,20250403,CASH,PAID,69296.7
8574,7000008573,1000008573,20250522,GATEWAY,PAID,15429.6
8575,7000008574,1000008574,20240427,CARD,PAID,33652.2
8576,7000008575,1000008575,20250927,CARD,PAID,13794.0
8577,7000008576,1000008576,20240721,CARD,PAID,54885.6
8578,7000008577,1000008577,20250611,GATEWAY,PAID,19050.0
8579,7000008578,1000008578,20241217,CARD,PAID,19050.0
8580,7000008579,1000008579,0,TRANSFER,FAILED,27588.0
8581,7000008580,1000008580,20250516,GATEWAY,PAID,70170.0
8582,7000008581,1000008581,20250428,GATEWAY,PAID,13721.4
8583,7000008582,1000008582,20240110,CARD,PAID,53201.28
8584,7000008583,1000008583,20240617,CARD,PAID,30249.6
8585,7000008584,1000008584,0,CARD,FAILED,44460.0
8586,7000008585,1000008585,0,GATEWAY,FAILED,31392.0
8587,7000008586,1000008586,20240614,GATEWAY,PAID,33870.0
8588,7000008587,1000008587,20240107,CARD,PAID,53227.5
8589,7000008588,1000008588,20240103,CARD,PAID,87838.5
8590,7000008589,1000008589,20250517,GATEWAY,PAID,14694.0
8591,7000008590,1000008590,20240118,CARD,PAID,35385.0
8592,7000008591,1000008591,20241127,GATEWAY,PAID,28459.2
8593,7000008592,1000008592,20250116,CASH,PAID,35574.0
8594,7000008593,1000008593,20250604,CARD,PAID,55950.0
8595,7000008594,1000008594,0,CARD,FAILED,109011.0
8596,7000008595,1000008595,0,CARD,FAILED,14994.0
8597,7000008596,1000008596,20250120,CARD,PAID,52355.25
8598,7000008597,1000008597,20240726,GATEWAY,PAID,46938.0
8599,7000008598,1000008598,20250409,CARD,PAID,51720.0
8600,7000008599,1000008599,20250803,GATEWAY,PAID,18987.0
8601,7000008600,1000008600,20241113,CASH,PAID,113256.0
8602,7000008601,1000008601,0,CARD,FAILED,42064.2
8603,7000008602,1000008602,20250701,CARD,PAID,52627.5
8604,7000008603,1000008603,20250707,CARD,PAID,29659.2
8605,7000008604,1000008604,20250703,CARD,PAID,16335.0
8606,7000008605,1000008605,20250819,CARD,PAID,14921.4
8607,7000008606,1000008606,20250415,GATEWAY,PAID,63210.0
8608,7000008607,1000008607,20250408,CASH,PAID,52635.0
8609,7000008608,1000008608,20250818,TRANSFER,PAID,42761.4
8610,7000008609,1000008609,20250518,CARD,PAID,58372.5
8611,7000008610,1000008610,20240730,CASH,PAID,52163.1
8612,7000008611,1000008611,20250416,GATEWAY,PAID,88624.92
8613,7000008612,1000008612,20240111,CARD,PAID,16335.0
8614,7000008613,1000008613,20240203,CARD,PAID,18987.0
8615,7000008614,1000008614,20240303,GATEWAY,PAID,44104.5
8616,7000008615,1000008615,20240504,CARD,PAID,42882.0
8617,7000008616,1000008616,20250224,CASH,PAID,51727.5
8618,7000008617,1000008617,20240320,GATEWAY,PAID,14006.64
8619,7000008618,1000008618,20250529,CASH,PAID,54450.0
8620,7000008619,1000008619,20250423,GATEWAY,PAID,14006.64
8621,7000008620,1000008620,20240212,GATEWAY,PAID,15720.0
8622,7000008621,1000008621,20250619,CARD,PAID,44760.0
8623,7000008622,1000008622,0,CASH,FAILED,79627.68
8624,7000008623,1000008623,20250303,CARD,PAID,46575.0
8625,7000008624,1000008624,20240612,GATEWAY,PAID,57555.75
8626,7000008625,1000008625,20250712,GATEWAY,PAID,48816.0
8627,7000008626,1000008626,20240617,CARD,PAID,94645.8
8628,7000008627,1000008627,20250908,CARD,PAID,15518.25
8629,7000008628,1000008628,0,CARD,FAILED,18442.5
8630,7000008629,1000008629,20240331,GATEWAY,PAID,102031.8
8631,7000008630,1000008630,20240215,GATEWAY,PAID,26136.0
8632,7000008631,1000008631,20250409,CARD,PAID,37933.5
8633,7000008632,1000008632,20240226,CARD,PAID,14520.0
8634,7000008633,1000008633,20250121,CARD,PAID,37933.5
8635,7000008634,1000008634,0,CARD,FAILED,88426.8
8636,7000008635,1000008635,20250215,TRANSFER,PAID,32016.6
8637,7000008636,1000008636,20240916,CASH,PAID,42688.8
8638,7000008637,1000008637,20241220,GATEWAY,REFUNDED,44460.0
8639,7000008638,1000008638,0,CARD,PENDING,64795.5
8640,7000008639,1000008639,20250611,CARD,PAID,101196.9
8641,7000008640,1000008640,20250621,CARD,PAID,49905.0
8642,7000008641,1000008641,20241017,TRANSFER,PAID,46554.75
8643,7000008642,1000008642,20250312,CARD,PAID,46938.0
8644,7000008643,1000008643,0,CARD,FAILED,33234.22
8645,7000008644,1000008644,20241222,CARD,PAID,50059.8
8646,7000008645,1000008645,20250827,CARD,PAID,17235.0
8647,7000008646,1000008646,20250112,CARD,PAID,27588.0
8648,7000008647,1000008647,20240131,CARD,PAID,43888.8
8649,7000008648,1000008648,20250320,CARD,PAID,15901.5
8650,7000008649,1000008649,20250514,CARD,PAID,24829.2
8651,7000008650,1000008650,20240528,CARD,PAID,131127.3
8652,7000008651,1000008651,20240209,GATEWAY,PAID,15129.6
8653,7000008652,1000008652,20240806,CARD,PAID,66540.0
8654,7000008653,1000008653,20240614,CARD,PAID,15720.0
8655,7000008654,1000008654,20240330,GATEWAY,REFUNDED,32916.6
8656,7000008655,1000008655,20240418,GATEWAY,PAID,18150.0
8657,7000008656,1000008656,20240621,CARD,PAID,70596.0
8658,7000008657,1000008657,20241001,CASH,PAID,17787.0
8659,7000008658,1000008658,20241231,CASH,REFUNDED,28459.2
8660,7000008659,1000008659,20240302,CARD,PAID,17242.5
8661,7000008660,1000008660,20250216,CARD,PAID,44760.0
8662,7000008661,1000008661,20240519,CARD,PAID,99510.0
8663,7000008662,1000008662,20240821,CARD,PAID,72019.2
8664,7000008663,1000008663,20250322,CASH,PAID,44830.5
8665,7000008664,1000008664,20240510,CARD,PAID,15274.8
8666,7000008665,1000008665,0,CASH,FAILED,113528.25
8667,7000008666,1000008666,20240823,CASH,PAID,14229.6
8668,7000008667,1000008667,20250614,CASH,PAID,42688.8
8669,7000008668,1000008668,20240718,CARD,REFUNDED,23522.4
8670,7000008669,1000008669,20240904,CASH,PAID,14520.0
8671,7000008670,1000008670,20250815,CASH,PAID,51727.5
8672,7000008671,1000008671,20241109,CASH,PAID,14229.6
8673,7000008672,1000008672,20240507,CARD,PAID,69696.0
8674,7000008673,1000008673,20250613,CASH,PAID,41382.0
8675,7000008674,1000008674,20240925,CARD,PAID,37109.25
8676,7000008675,1000008675,20250407,CARD,PAID,47020.2
8677,7000008676,1000008676,20250126,CARD,PAID,18150.0
8678,7000008677,1000008677,20240215,GATEWAY,PAID,59597.1
8679,7000008678,1000008678,20250604,CARD,PAID,14268.0
8680,7000008679,1000008679,20240614,GATEWAY,PAID,28459.2
8681,7000008680,1000008680,20240628,CARD,PAID,44760.0
8682,7000008681,1000008681,20240728,CARD,PAID,52927.5
8683,7000008682,1000008682,20240705,CARD,PAID,45723.24
8684,7000008683,1000008683,20241207,CARD,PAID,66058.5
8685,7000008684,1000008684,20250605,CARD,PAID,90960.3
8686,7000008685,1000008685,20250418,GATEWAY,PAID,54261.0
8687,7000008686,1000008686,20250125,CASH,PAID,15246.0
8688,7000008687,1000008687,0,CARD,FAILED,106941.38
8689,7000008688,1000008688,20240811,GATEWAY,PAID,36300.0
8690,7000008689,1000008689,20240711,CARD,PAID,28459.2
8691,7000008690,1000008690,20240701,CASH,PAID,53905.5
8692,7000008691,1000008691,20240107,CARD,REFUNDED,31082.16
8693,7000008692,1000008692,0,GATEWAY,PENDING,33570.0
8694,7000008693,1000008693,20250128,CARD,PAID,78045.0
8695,7000008694,1000008694,20240517,CARD,PAID,35203.5
8696,7000008695,1000008695,20250716,CASH,PAID,41382.0
8697,7000008696,1000008696,20240122,GATEWAY,PAID,24422.4
8698,7000008697,1000008697,20240206,GATEWAY,PAID,48690.0
8699,7000008698,1000008698,20240225,CARD,PAID,26136.0
8700,7000008699,1000008699,20250422,CASH,PAID,54313.88
8701,7000008700,1000008700,20250520,CARD,PAID,53227.5
8702,7000008701,1000008701,20241116,GATEWAY,PAID,28788.0
8703,7000008702,1000008702,20240302,CARD,PAID,82875.0
8704,7000008703,1000008703,0,CARD,FAILED,49433.1
8705,7000008704,1000008704,20250211,GATEWAY,PAID,14694.0
8706,7000008705,1000008705,20241206,CARD,PAID,13068.0
8707,7000008706,1000008706,20240228,CARD,PAID,16141.08
8708,7000008707,1000008707,20250612,CARD,PAID,44351.1
8709,7000008708,1000008708,20250605,CARD,PAID,61129.2
8710,7000008709,1000008709,20250609,CARD,PAID,24829.2
8711,7000008710,1000008710,20250905,CARD,PAID,49005.0
8712,7000008711,1000008711,20241108,GATEWAY,PAID,41164.2
8713,7000008712,1000008712,20250517,CASH,PAID,56018.16
8714,7000008713,1000008713,20240629,CARD,PAID,54561.0
8715,7000008714,1000008714,20250410,CARD,PAID,19050.0
8716,7000008715,1000008715,0,CASH,FAILED,52725.75
8717,7000008716,1000008716,20240826,CARD,PAID,37352.7
8718,7000008717,1000008717,20250721,CARD,PAID,14268.0
8719,7000008718,1000008718,20240605,CARD,PAID,47454.75
8720,7000008719,1000008719,20240129,CARD,PAID,48816.0
8721,7000008720,1000008720,20240708,CARD,PAID,71511.0
8722,7000008721,1000008721,20250606,CARD,PAID,32670.0
8723,7000008722,1000008722,20250219,CASH,PAID,12414.6
8724,7000008723,1000008723,20250511,CARD,PAID,54450.0
8725,7000008724,1000008724,20240723,TRANSFER,PAID,41236.8
8726,7000008725,1000008725,20240408,CARD,PAID,17235.0
8727,7000008726,1000008726,20250516,CARD,PAID,43160.7
8728,7000008727,1000008727,20250224,GATEWAY,PAID,31755.0
8729,7000008728,1000008728,20241018,GATEWAY,PAID,27336.0
8730,7000008729,1000008729,20250914,GATEWAY,PAID,14994.0
8731,7000008730,1000008730,20250615,CARD,PAID,56918.4
8732,7000008731,1000008731,20240825,CARD,PAID,32670.0
8733,7000008732,1000008732,20250111,CASH,PAID,32016.6
8734,7000008733,1000008733,20241009,CARD,PAID,78408.0
8735,7000008734,1000008734,20250430,CARD,PAID,14229.6
8736,7000008735,1000008735,20240914,CARD,PAID,44104.5
8737,7000008736,1000008736,20240104,GATEWAY,PAID,14268.0
8738,7000008737,1000008737,20250929,GATEWAY,PAID,34351.5
8739,7000008738,1000008738,20240403,GATEWAY,PAID,54561.0
8740,7000008739,1000008739,20250625,CARD,PAID,39315.0
8741,7000008740,1000008740,20250519,GATEWAY,PAID,55650.0
8742,7000008741,1000008741,0,CASH,FAILED,13068.0
8743,7000008742,1000008742,20250716,TRANSFER,PAID,32670.0
8744,7000008743,1000008743,0,GATEWAY,FAILED,65949.6
8745,7000008744,1000008744,20250423,CARD,PAID,24422.4
8746,7000008745,1000008745,20250307,CARD,PAID,39204.0
8747,7000008746,1000008746,20240315,GATEWAY,PAID,47754.75
8748,7000008747,1000008747,0,GATEWAY,FAILED,26136.0
8749,7000008748,1000008748,20240721,TRANSFER,PAID,19565.7
8750,7000008749,1000008749,20240516,CARD,PAID,40104.0
8751,7000008750,1000008750,20240521,CARD,PAID,13794.0
8752,7000008751,1000008751,20241127,CARD,PAID,19050.0
8753,7000008752,1000008752,20240811,GATEWAY,PAID,20257.5
8754,7000008753,1000008753,20240928,CARD,PAID,26513.28
8755,7000008754,1000008754,20240905,CARD,PAID,79315.5
8756,7000008755,1000008755,0,GATEWAY,PENDING,61884.0
8757,7000008756,1000008756,20240402,GATEWAY,PAID,15129.6
8758,7000008757,1000008757,20240804,CARD,PAID,28788.0
8759,7000008758,1000008758,20240322,CARD,PAID,115680.6
8760,7000008759,1000008759,20250418,CARD,PAID,91802.7
8761,7000008760,1000008760,20250614,CASH,PAID,52272.0
8762,7000008761,1000008761,0,CASH,FAILED,16335.0
8763,7000008762,1000008762,20240826,CARD,PAID,42364.2
8764,7000008763,1000008763,20250516,GATEWAY,PAID,24422.4
8765,7000008764,1000008764,0,CASH,PENDING,16335.0
8766,7000008765,1000008765,20240815,GATEWAY,REFUNDED,27336.0
8767,7000008766,1000008766,20240528,CARD,PAID,37200.0
8768,7000008767,1000008767,20250417,GATEWAY,PAID,55350.0
8769,7000008768,1000008768,20240429,TRANSFER,PAID,39204.0
8770,7000008769,1000008769,20240325,CARD,PAID,102928.65
8771,7000008770,1000008770,20240212,CARD,PAID,35755.5
8772,7000008771,1000008771,20250509,CARD,PAID,33516.6
8773,7000008772,1000008772,20240525,GATEWAY,PAID,18742.5
8774,7000008773,1000008773,20240907,CARD,PAID,29088.0
8775,7000008774,1000008774,20241029,CARD,PAID,58080.0
8776,7000008775,1000008775,20240326,GATEWAY,PAID,43588.8
8777,7000008776,1000008776,20240402,CARD,PAID,40404.0
8778,7000008777,1000008777,20240523,CASH,PAID,65811.9
8779,7000008778,1000008778,20240620,GATEWAY,PAID,57172.5
8780,7000008779,1000008779,20241017,CARD,PAID,26813.28
8781,7000008780,1000008780,0,CARD,PENDING,48924.9
8782,7000008781,1000008781,20240303,CARD,PAID,51727.5
8783,7000008782,1000008782,20250104,CASH,PAID,42688.8
8784,7000008783,1000008783,20240906,GATEWAY,PAID,70785.0
8785,7000008784,1000008784,20241018,GATEWAY,PAID,15429.6
8786,7000008785,1000008785,20250826,CARD,PAID,62910.0
8787,7000008786,1000008786,20250128,CARD,PAID,48642.0
8788,7000008787,1000008787,20250514,CASH,PAID,28459.2
8789,7000008788,1000008788,20241103,CASH,PAID,26136.0
8790,7000008789,1000008789,20241109,CARD,PAID,11761.2
8791,7000008790,1000008790,20250302,GATEWAY,PAID,42582.0
8792,7000008791,1000008791,0,CASH,FAILED,14520.0
8793,7000008792,1000008792,20240523,CARD,PAID,47109.9
8794,7000008793,1000008793,20240402,TRANSFER,PAID,41164.2
8795,7000008794,1000008794,20250221,CARD,PAID,17535.0
8796,7000008795,1000008795,20241209,CASH,PAID,88617.38
8797,7000008796,1000008796,20250429,CARD,PAID,79308.0
8798,7000008797,1000008797,20241101,CASH,PAID,18676.35
8799,7000008798,1000008798,20240801,CARD,PAID,28488.0
8800,7000008799,1000008799,20240928,CARD,PAID,75678.0
8801,7000008800,1000008800,20250421,GATEWAY,PAID,39133.5
8802,7000008801,1000008801,20240318,GATEWAY,PAID,72529.5
8803,7000008802,1000008802,20240913,GATEWAY,PAID,28342.8
8804,7000008803,1000008803,20240118,CARD,PAID,17235.0
8805,7000008804,1000008804,20241110,CARD,PAID,24829.2
8806,7000008805,1000008805,20250703,CARD,PAID,14921.4
8807,7000008806,1000008806,20240119,CARD,PAID,53227.5
8808,7000008807,1000008807,20240708,CASH,PAID,16335.0
8809,7000008808,1000008808,20250819,CASH,PAID,41527.2
8810,7000008809,1000008809,20250905,CARD,PAID,43671.0
8811,7000008810,1000008810,20250305,GATEWAY,PAID,31382.16
8812,7000008811,1000008811,20240615,GATEWAY,PAID,29959.2
8813,7000008812,1000008812,20240422,GATEWAY,PAID,19168.5
8814,7000008813,1000008813,20250827,CASH,PAID,27588.0
8815,7000008814,1000008814,20240404,GATEWAY,PAID,15901.5
8816,7000008815,1000008815,20240519,CARD,PAID,26136.0
8817,7000008816,1000008816,20240305,CARD,PAID,29959.2
8818,7000008817,1000008817,20240312,GATEWAY,PAID,32536.5
8819,7000008818,1000008818,20240601,GATEWAY,PAID,28459.2
8820,7000008819,1000008819,20250920,CARD,PAID,55105.5
8821,7000008820,1000008820,20250521,CARD,PAID,17787.0
8822,7000008821,1000008821,20250709,CARD,PAID,33570.0
8823,7000008822,1000008822,20240705,GATEWAY,PAID,59532.0
8824,7000008823,1000008823,0,CARD,FAILED,95106.0
8825,7000008824,1000008824,0,GATEWAY,PENDING,49116.0
8826,7000008825,1000008825,20240722,CASH,PAID,17242.5
8827,7000008826,1000008826,20250823,CARD,PAID,44760.0
8828,7000008827,1000008827,0,CARD,FAILED,68287.32
8829,7000008828,1000008828,0,GATEWAY,FAILED,29959.2
8830,7000008829,1000008829,20240711,CARD,PAID,75687.6
8831,7000008830,1000008830,20240123,CARD,PAID,18687.0
8832,7000008831,1000008831,20240828,CARD,PAID,31036.5
8833,7000008832,1000008832,20250604,GATEWAY,PAID,18442.5
8834,7000008833,1000008833,20250125,CARD,PAID,49614.6
8835,7000008834,1000008834,20240301,CASH,PAID,26136.0
8836,7000008835,1000008835,20250704,CARD,PAID,18987.0
8837,7000008836,1000008836,20240917,CARD,PAID,16008.3
8838,7000008837,1000008837,20240519,CARD,PAID,27636.0
8839,7000008838,1000008838,20241010,CARD,PAID,36209.25
8840,7000008839,1000008839,20240911,GATEWAY,PAID,18142.5
8841,7000008840,1000008840,20240721,CARD,PAID,36300.0
8842,7000008841,1000008841,20240103,CARD,PAID,27336.0
8843,7000008842,1000008842,20240608,CARD,PAID,40104.0
8844,7000008843,1000008843,20240916,CARD,PAID,49077.6
8845,7000008844,1000008844,20240124,CARD,PAID,60197.1
8846,7000008845,1000008845,20241024,TRANSFER,PAID,49005.0
8847,7000008846,1000008846,20250705,CARD,PAID,49905.0
8848,7000008847,1000008847,20240426,CARD,PAID,14268.0
8849,7000008848,1000008848,20240628,CARD,PAID,26136.0
8850,7000008849,1000008849,20250503,CARD,REFUNDED,28488.0
8851,7000008850,1000008850,20240409,CARD,PAID,17787.0
8852,7000008851,1000008851,20250509,GATEWAY,PAID,53472.0
8853,7000008852,1000008852,20250411,GATEWAY,PAID,40404.0
8854,7000008853,1000008853,20241025,CARD,PAID,17151.75
8855,7000008854,1000008854,20250122,CARD,PAID,15129.6
8856,7000008855,1000008855,20250508,CARD,PAID,25022.4
8857,7000008856,1000008856,20240902,CARD,PAID,28788.0
8858,7000008857,1000008857,20240109,CARD,PAID,17235.0
8859,7000008858,1000008858,20240103,GATEWAY,PAID,30167.4
8860,7000008859,1000008859,20240106,CARD,PAID,14994.0
8861,7000008860,1000008860,20240127,CARD,PAID,18868.5
8862,7000008861,1000008861,20250918,GATEWAY,PAID,18442.5
8863,7000008862,1000008862,20250611,CARD,PAID,52355.25
8864,7000008863,1000008863,20240611,CARD,PAID,49005.0
8865,7000008864,1000008864,20241011,CARD,PAID,53908.12
8866,7000008865,1000008865,20240520,GATEWAY,PAID,53542.5
8867,7000008866,1000008866,20240212,CASH,REFUNDED,57499.2
8868,7000008867,1000008867,20241006,CARD,PAID,32670.0
8869,7000008868,1000008868,20241201,CARD,PAID,55650.0
8870,7000008869,1000008869,20250727,GATEWAY,PAID,29359.2
8871,7000008870,1000008870,20240425,GATEWAY,PAID,15720.0
8872,7000008871,1000008871,20241030,CARD,PAID,29867.4
8873,7000008872,1000008872,20250613,CARD,PAID,19304.62
8874,7000008873,1000008873,20241106,TRANSFER,PAID,39930.0
8875,7000008874,1000008874,0,CASH,FAILED,89661.0
8876,7000008875,1000008875,20240901,CARD,PAID,29940.0
8877,7000008876,1000008876,20241126,CARD,PAID,44687.4
8878,7000008877,1000008877,20240326,GATEWAY,PAID,46275.0
8879,7000008878,1000008878,20250830,GATEWAY,PAID,29940.0
8880,7000008879,1000008879,20240818,GATEWAY,PAID,50505.0
8881,7000008880,1000008880,20250423,GATEWAY,PAID,87039.9
8882,7000008881,1000008881,20250918,CASH,PAID,42253.2
8883,7000008882,1000008882,0,TRANSFER,FAILED,45520.2
8884,7000008883,1000008883,20250315,GATEWAY,REFUNDED,88184.4
8885,7000008884,1000008884,20241008,CASH,REFUNDED,17242.5
8886,7000008885,1000008885,20250613,GATEWAY,PAID,19304.62
8887,7000008886,1000008886,20240821,GATEWAY,PAID,46957.68
8888,7000008887,1000008887,20241121,CASH,PAID,122534.28
8889,7000008888,1000008888,20250619,GATEWAY,PAID,50505.0
8890,7000008889,1000008889,20240824,GATEWAY,PAID,15729.6
8891,7000008890,1000008890,20240112,CARD,PAID,57682.8
8892,7000008891,1000008891,20240730,GATEWAY,PAID,106796.7
8893,7000008892,1000008892,20250613,CARD,PAID,42282.0
8894,7000008893,1000008893,20240725,CARD,REFUNDED,40704.0
8895,7000008894,1000008894,20250422,CARD,PAID,43588.8
8896,7000008895,1000008895,20240712,CARD,PAID,17151.75
8897,7000008896,1000008896,20241211,GATEWAY,PAID,62121.0
8898,7000008897,1000008897,20250507,CARD,PAID,41164.2
8899,7000008898,1000008898,20241211,CARD,PAID,17787.0
8900,7000008899,1000008899,0,CARD,PENDING,46638.0
8901,7000008900,1000008900,20241125,TRANSFER,PAID,60984.0
8902,7000008901,1000008901,20240501,CARD,REFUNDED,39133.5
8903,7000008902,1000008902,20241230,GATEWAY,PAID,18142.5
8904,7000008903,1000008903,20240911,TRANSFER,REFUNDED,73093.68
8905,7000008904,1000008904,20240606,CASH,PAID,13721.4
8906,7000008905,1000008905,20250122,CARD,PAID,56900.25
8907,7000008906,1000008906,20240211,CARD,PAID,29659.2
8908,7000008907,1000008907,20240418,GATEWAY,PAID,21165.0
8909,7000008908,1000008908,20240629,CARD,PAID,88324.92
8910,7000008909,1000008909,20250627,CASH,PAID,16335.0
8911,7000008910,1000008910,20241017,GATEWAY,PAID,19468.5
8912,7000008911,1000008911,20250715,CASH,PAID,50348.1
8913,7000008912,1000008912,20250103,CASH,PAID,36300.0
8914,7000008913,1000008913,20240927,GATEWAY,PAID,37352.7
8915,7000008914,1000008914,20250828,CARD,PAID,46899.6
8916,7000008915,1000008915,20250923,CARD,PAID,66295.5
8917,7000008916,1000008916,20250818,CARD,PAID,43451.1
8918,7000008917,1000008917,0,CASH,FAILED,29040.0
8919,7000008918,1000008918,20250427,TRANSFER,PAID,84488.25
8920,7000008919,1000008919,20241116,CARD,PAID,37109.25
8921,7000008920,1000008920,20241002,GATEWAY,PAID,61555.72
8922,7000008921,1000008921,20240129,CARD,REFUNDED,17242.5
8923,7000008922,1000008922,20250926,TRANSFER,PAID,48024.9
8924,7000008923,1000008923,20240829,GATEWAY,PAID,49416.0
8925,7000008924,1000008924,20240313,CARD,REFUNDED,19876.35
8926,7000008925,1000008925,20241025,CARD,PAID,49005.0
8927,7000008926,1000008926,20241012,CARD,PAID,60838.8
8928,7000008927,1000008927,20250704,CARD,PAID,13068.0
8929,7000008928,1000008928,20240416,GATEWAY,PAID,29659.2
8930,7000008929,1000008929,20250323,CARD,PAID,61528.5
8931,7000008930,1000008930,0,CARD,FAILED,24829.2
8932,7000008931,1000008931,20250204,CARD,PAID,14701.5
8933,7000008932,1000008932,20240605,GATEWAY,PAID,28488.0
8934,7000008933,1000008933,20250306,CARD,PAID,33570.0
8935,7000008934,1000008934,20250303,CARD,PAID,26136.0
8936,7000008935,1000008935,0,CARD,FAILED,13914.6
8937,7000008936,1000008936,0,CARD,FAILED,43560.0
8938,7000008937,1000008937,20240522,GATEWAY,PAID,52655.25
8939,7000008938,1000008938,20240519,GATEWAY,PAID,29959.2
8940,7000008939,1000008939,20241218,CARD,PAID,32205.12
8941,7000008940,1000008940,0,TRANSFER,FAILED,27588.0
8942,7000008941,1000008941,20250711,CARD,PAID,46720.2
8943,7000008942,1000008942,20240907,CARD,PAID,49005.0
8944,7000008943,1000008943,20241118,CARD,PAID,66646.8
8945,7000008944,1000008944,20250127,CARD,PAID,16020.0
8946,7000008945,1000008945,20240502,CARD,PAID,33570.0
8947,7000008946,1000008946,20250314,CASH,PAID,53361.0
8948,7000008947,1000008947,0,CARD,FAILED,17787.0
8949,7000008948,1000008948,20250325,GATEWAY,REFUNDED,35985.0
8950,7000008949,1000008949,20240123,CARD,PAID,60369.0
8951,7000008950,1000008950,20250925,CARD,PAID,43124.4
8952,7000008951,1000008951,0,GATEWAY,FAILED,43888.8
8953,7000008952,1000008952,20240903,GATEWAY,PAID,46246.2
8954,7000008953,1000008953,20250330,CARD,PAID,13706.64
8955,7000008954,1000008954,20250506,CARD,PAID,27336.0
8956,7000008955,1000008955,20250401,GATEWAY,PAID,27602.28
8957,7000008956,1000008956,20240110,CARD,PAID,41382.0
8958,7000008957,1000008957,20250822,TRANSFER,PAID,77682.0
8959,7000008958,1000008958,20250731,GATEWAY,PAID,35283.6
8960,7000008959,1000008959,20240921,CARD,PAID,38143.8
8961,7000008960,1000008960,20240804,CARD,PAID,44460.0
8962,7000008961,1000008961,20240112,GATEWAY,REFUNDED,19057.5
8963,7000008962,1000008962,20241227,CASH,PAID,57680.7
8964,7000008963,1000008963,20240416,GATEWAY,PAID,49905.0
8965,7000008964,1000008964,20240122,CARD,PAID,82330.5
8966,7000008965,1000008965,20250228,CARD,PAID,63190.8
8967,7000008966,1000008966,0,CASH,FAILED,15972.0
8968,7000008967,1000008967,20240826,CARD,PAID,58697.1
8969,7000008968,1000008968,20250214,CARD,PAID,49224.9
8970,7000008969,1000008969,20240513,GATEWAY,PAID,14694.0
8971,7000008970,1000008970,20241224,CARD,PAID,39204.0
8972,7000008971,1000008971,20250615,GATEWAY,PAID,49224.9
8973,7000008972,1000008972,0,GATEWAY,PENDING,55105.5
8974,7000008973,1000008973,20250707,CARD,PAID,17968.5
8975,7000008974,1000008974,20250715,CARD,PAID,62910.0
8976,7000008975,1000008975,20250820,GATEWAY,PAID,17535.0
8977,7000008976,1000008976,20240117,TRANSFER,PAID,60475.8
8978,7000008977,1000008977,20250419,CARD,REFUNDED,46064.7
8979,7000008978,1000008978,0,CARD,FAILED,38552.7
8980,7000008979,1000008979,20250424,TRANSFER,PAID,14520.0
8981,7000008980,1000008980,0,GATEWAY,PENDING,14994.0
8982,7000008981,1000008981,0,CARD,PENDING,14268.0
8983,7000008982,1000008982,20250404,CARD,PAID,13068.0
8984,7000008983,1000008983,20241225,CARD,PAID,55350.0
8985,7000008984,1000008984,0,GATEWAY,PENDING,33570.0
8986,7000008985,1000008985,20240717,CASH,PAID,56628.0
8987,7000008986,1000008986,20240709,CARD,PAID,42882.0
8988,7000008987,1000008987,20240621,TRANSFER,PAID,37933.5
8989,7000008988,1000008988,20251001,GATEWAY,REFUNDED,60621.0
8990,7000008989,1000008989,20240111,GATEWAY,PAID,35503.5
8991,7000008990,1000008990,20250823,CARD,PAID,39204.0
8992,7000008991,1000008991,20250922,CARD,PAID,27036.0
8993,7000008992,1000008992,20250217,CARD,PAID,49005.0
8994,7000008993,1000008993,20240529,CARD,PAID,38419.92
8995,7000008994,1000008994,20250131,CASH,PAID,43560.0
8996,7000008995,1000008995,0,CARD,PENDING,14701.5
8997,7000008996,1000008996,20250429,CASH,PAID,48823.5
8998,7000008997,1000008997,0,GATEWAY,FAILED,50505.0
8999,7000008998,1000008998,20250309,CARD,PAID,99200.4
9000,7000008999,1000008999,20250225,CARD,PAID,33570.0
9001,7000009000,1000009000,20240827,CASH,PAID,41382.0
9002,7000009001,1000009001,20240508,CASH,PAID,35283.6
9003,7000009002,1000009002,20250726,GATEWAY,PAID,18987.0
9004,7000009003,1000009003,20250628,CARD,PAID,29940.0
9005,7000009004,1000009004,20241016,GATEWAY,PAID,42582.0
9006,7000009005,1000009005,20241205,CARD,PAID,14694.0
9007,7000009006,1000009006,20250101,CARD,PAID,39619.92
9008,7000009007,1000009007,20240729,GATEWAY,PAID,56593.8
9009,7000009008,1000009008,20240428,CASH,PAID,44721.6
9010,7000009009,1000009009,20241219,CASH,PAID,30049.14
9011,7000009010,1000009010,20250320,CARD,PAID,33870.0
9012,7000009011,1000009011,0,CARD,FAILED,71148.0
9013,7000009012,1000009012,20240923,CARD,PAID,66320.1
9014,7000009013,1000009013,20240627,CASH,REFUNDED,15173.4
9015,7000009014,1000009014,0,GATEWAY,FAILED,36474.0
9016,7000009015,1000009015,20250323,CASH,PAID,68688.68
9017,7000009016,1000009016,20241103,TRANSFER,PAID,37933.5
9018,7000009017,1000009017,20250822,GATEWAY,PAID,85188.6
9019,7000009018,1000009018,20250407,CASH,PAID,27551.7
9020,7000009019,1000009019,20240701,TRANSFER,PAID,99273.24
9021,7000009020,1000009020,20250924,CARD,PAID,36209.25
9022,7000009021,1000009021,20250817,CARD,PAID,52272.0
9023,7000009022,1000009022,20241019,CARD,PAID,27036.0
9024,7000009023,1000009023,20240825,CARD,PAID,40704.0
9025,7000009024,1000009024,20241113,CARD,PAID,45604.5
9026,7000009025,1000009025,20250320,GATEWAY,PAID,33570.0
9027,7000009026,1000009026,0,GATEWAY,FAILED,64207.2
9028,7000009027,1000009027,20250726,CARD,PAID,13914.6
9029,7000009028,1000009028,0,CARD,FAILED,81486.0
9030,7000009029,1000009029,20240915,CARD,PAID,57392.4
9031,7000009030,1000009030,20250127,GATEWAY,PAID,32916.6
9032,7000009031,1000009031,20250723,CARD,PAID,54261.0
9033,7000009032,1000009032,20250427,CARD,PAID,28749.6
9034,7000009033,1000009033,20240310,CARD,PAID,53905.5
9035,7000009034,1000009034,20250703,CARD,PAID,93915.36
9036,7000009035,1000009035,20240221,CASH,PAID,49005.0
9037,7000009036,1000009036,20240621,CARD,PAID,56076.0
9038,7000009037,1000009037,20241222,GATEWAY,PAID,52927.5
9039,7000009038,1000009038,20240902,CARD,PAID,30240.0
9040,7000009039,1000009039,20240906,CARD,PAID,66840.0
9041,7000009040,1000009040,20250424,CASH,PAID,28459.2
9042,7000009041,1000009041,20250626,CARD,PAID,98229.9
9043,7000009042,1000009042,20241122,GATEWAY,PAID,55350.0
9044,7000009043,1000009043,20250824,CARD,PAID,58100.25
9045,7000009044,1000009044,20241118,GATEWAY,PAID,17535.0
9046,7000009045,1000009045,20250719,CARD,PAID,42688.8
9047,7000009046,1000009046,20250403,CARD,PAID,24829.2
9048,7000009047,1000009047,0,CARD,FAILED,15720.0
9049,7000009048,1000009048,20240509,GATEWAY,PAID,52927.5
9050,7000009049,1000009049,20240921,CARD,PAID,67692.0
9051,7000009050,1000009050,20240404,CARD,PAID,72237.0
9052,7000009051,1000009051,20250617,CASH,PAID,14229.6
9053,7000009052,1000009052,20250319,GATEWAY,PAID,98169.48
9054,7000009053,1000009053,20240329,CARD,PAID,55350.0
9055,7000009054,1000009054,20250902,CARD,PAID,32505.12
9056,7000009055,1000009055,20240112,CASH,PAID,54450.0
9057,7000009056,1000009056,20241006,CARD,PAID,12414.6
9058,7000009057,1000009057,20250403,CARD,PAID,18742.5
9059,7000009058,1000009058,20241018,CARD,PAID,15901.5
9060,7000009059,1000009059,20240425,CARD,PAID,41382.0
9061,7000009060,1000009060,20250812,CARD,PAID,18150.0
9062,7000009061,1000009061,20241110,CARD,REFUNDED,56918.4
9063,7000009062,1000009062,20250502,CARD,PAID,28788.0
9064,7000009063,1000009063,20240602,CASH,PAID,15518.25
9065,7000009064,1000009064,20240522,CARD,REFUNDED,16335.0
9066,7000009065,1000009065,20250127,CARD,PAID,52272.0
9067,7000009066,1000009066,20240712,CARD,PAID,36474.0
9068,7000009067,1000009067,20241125,CARD,PAID,19057.5
9069,7000009068,1000009068,20241103,CARD,PAID,29403.0
9070,7000009069,1000009069,20240920,CARD,PAID,34485.0
9071,7000009070,1000009070,20240621,CASH,PAID,29040.0
9072,7000009071,1000009071,0,CARD,PENDING,54450.0
9073,7000009072,1000009072,20250204,GATEWAY,PAID,16718.25
9074,7000009073,1000009073,20250730,CARD,PAID,33516.6
9075,7000009074,1000009074,20240712,CASH,PAID,53361.0
9076,7000009075,1000009075,20241209,GATEWAY,PAID,50205.0
9077,7000009076,1000009076,20240509,CASH,PAID,43560.0
9078,7000009077,1000009077,20240915,CARD,PAID,13068.0
9079,7000009078,1000009078,20250204,TRANSFER,PAID,19965.0
9080,7000009079,1000009079,0,CARD,PENDING,76907.28
9081,7000009080,1000009080,20250301,CARD,PAID,18687.0
9082,7000009081,1000009081,20240215,GATEWAY,PAID,13706.64
9083,7000009082,1000009082,0,CARD,FAILED,38419.92
9084,7000009083,1000009083,20240131,CARD,PAID,39204.0
9085,7000009084,1000009084,20240703,CARD,PAID,15420.0
9086,7000009085,1000009085,20240602,CASH,PAID,26644.2
9087,7000009086,1000009086,20241017,GATEWAY,PAID,98421.0
9088,7000009087,1000009087,0,CASH,FAILED,28967.4
9089,7000009088,1000009088,20241222,CARD,PAID,11761.2
9090,7000009089,1000009089,20250723,GATEWAY,REFUNDED,36774.0
9091,7000009090,1000009090,20240206,CARD,PAID,40104.0
9092,7000009091,1000009091,20240529,CARD,PAID,53227.5
9093,7000009092,1000009092,20240913,CARD,PAID,49005.0
9094,7000009093,1000009093,20250728,CASH,PAID,42979.2
9095,7000009094,1000009094,20241217,TRANSFER,PAID,51727.5
9096,7000009095,1000009095,20241010,CARD,PAID,29040.0
9097,7000009096,1000009096,20240814,CARD,PAID,52998.0
9098,7000009097,1000009097,20250805,GATEWAY,PAID,15429.6
9099,7000009098,1000009098,0,TRANSFER,FAILED,14229.6
9100,7000009099,1000009099,20241008,CARD,PAID,57891.0
9101,7000009100,1000009100,20240613,CARD,REFUNDED,41382.0
9102,7000009101,1000009101,20250124,GATEWAY,PAID,54450.0
9103,7000009102,1000009102,20240806,GATEWAY,PAID,99790.8
9104,7000009103,1000009103,20240815,CASH,PAID,93512.43
9105,7000009104,1000009104,0,GATEWAY,FAILED,28788.0
9106,7000009105,1000009105,20240127,GATEWAY,PAID,28459.2
9107,7000009106,1000009106,20250911,CASH,PAID,28459.2
9108,7000009107,1000009107,20250517,GATEWAY,PAID,36774.0
9109,7000009108,1000009108,20250125,GATEWAY,PAID,39315.0
9110,7000009109,1000009109,20240208,CASH,PAID,15972.0
9111,7000009110,1000009110,20240824,CASH,PAID,77137.5
9112,7000009111,1000009111,20241103,GATEWAY,PAID,44188.8
9113,7000009112,1000009112,20241101,CARD,PAID,37800.0
9114,7000009113,1000009113,20240622,GATEWAY,PAID,28488.0
9115,7000009114,1000009114,20240308,CARD,PAID,27442.8
9116,7000009115,1000009115,20240526,TRANSFER,PAID,53361.0
9117,7000009116,1000009116,20240613,CASH,PAID,17787.0
9118,7000009117,1000009117,20250105,CARD,PAID,45738.0
9119,7000009118,1000009118,20250513,GATEWAY,PAID,95916.3
9120,7000009119,1000009119,20240803,CARD,PAID,35203.5
9121,7000009120,1000009120,0,CASH,FAILED,17787.0
9122,7000009121,1000009121,20250626,CARD,PAID,40404.0
9123,7000009122,1000009122,0,CARD,FAILED,119138.7
9124,7000009123,1000009123,20240606,CASH,PAID,28459.2
9125,7000009124,1000009124,20241207,CARD,PAID,13068.0
9126,7000009125,1000009125,20241023,CARD,PAID,76121.1
9127,7000009126,1000009126,20240726,CARD,PAID,76849.2
9128,7000009127,1000009127,20250913,CARD,PAID,39407.28
9129,7000009128,1000009128,20240830,CASH,PAID,66247.5
9130,7000009129,1000009129,0,CARD,FAILED,28642.8
9131,7000009130,1000009130,20250602,CARD,PAID,31147.5
9132,7000009131,1000009131,20240828,CARD,PAID,64697.25
9133,7000009132,1000009132,20241010,GATEWAY,PAID,30240.0
9134,7000009133,1000009133,20250924,CARD,PAID,77856.0
9135,7000009134,1000009134,20240721,GATEWAY,PAID,31546.8
9136,7000009135,1000009135,20240202,CARD,PAID,49005.0
9137,7000009136,1000009136,20241112,CARD,PAID,30855.0
9138,7000009137,1000009137,20250105,CASH,PAID,18104.62
9139,7000009138,1000009138,20241218,CARD,PAID,13068.0
9140,7000009139,1000009139,0,CARD,PENDING,47454.75
9141,7000009140,1000009140,20250619,CARD,PAID,17235.0
9142,7000009141,1000009141,20250710,GATEWAY,PAID,29940.0
9143,7000009142,1000009142,20240206,GATEWAY,PAID,59923.8
9144,7000009143,1000009143,20240121,CASH,PAID,32307.0
9145,7000009144,1000009144,20250115,CARD,PAID,41856.0
9146,7000009145,1000009145,20250816,CARD,PAID,64795.5
9147,7000009146,1000009146,20250811,CARD,PAID,16335.0
9148,7000009147,1000009147,20250706,GATEWAY,PAID,78664.2
9149,7000009148,1000009148,20250218,CARD,REFUNDED,60940.2
9150,7000009149,1000009149,20240220,CARD,PAID,28749.6
9151,7000009150,1000009150,20250203,CASH,PAID,51455.25
9152,7000009151,1000009151,20241202,GATEWAY,PAID,36474.0
9153,7000009152,1000009152,20240813,CARD,PAID,41382.0
9154,7000009153,1000009153,20240421,CARD,PAID,70785.0
9155,7000009154,1000009154,20250501,CARD,PAID,15720.0
9156,7000009155,1000009155,20250812,CARD,PAID,19050.0
9157,7000009156,1000009156,20240830,CASH,PAID,48678.3
9158,7000009157,1000009157,20250720,GATEWAY,PAID,40104.0
9159,7000009158,1000009158,20250515,GATEWAY,PAID,20465.7
9160,7000009159,1000009159,20250124,CARD,PAID,63706.5
9161,7000009160,1000009160,20241222,CASH,PAID,50820.0
9162,7000009161,1000009161,20241017,CARD,PAID,29940.0
9163,7000009162,1000009162,20241228,GATEWAY,PAID,29359.2
9164,7000009163,1000009163,20250627,CARD,PAID,51727.5
9165,7000009164,1000009164,20240604,GATEWAY,PAID,67155.0
9166,7000009165,1000009165,20241010,GATEWAY,PAID,46420.2
9167,7000009166,1000009166,20240622,CARD,PAID,31036.5
9168,7000009167,1000009167,20240920,GATEWAY,PAID,74589.0
9169,7000009168,1000009168,20240314,CARD,PAID,68389.2
9170,7000009169,1000009169,20240418,CARD,PAID,44760.0
9171,7000009170,1000009170,20250514,CARD,PAID,26813.28
9172,7000009171,1000009171,0,CASH,PENDING,52293.78
9173,7000009172,1000009172,20241205,CARD,PAID,57237.6
9174,7000009173,1000009173,20241019,CARD,PAID,55813.88
9175,7000009174,1000009174,20251001,CARD,PAID,14520.0
9176,7000009175,1000009175,20250123,CARD,PAID,15129.6
9177,7000009176,1000009176,20240418,CARD,PAID,43588.8
9178,7000009177,1000009177,20250509,CARD,REFUNDED,64668.45
9179,7000009178,1000009178,20241020,CARD,PAID,47044.8
9180,7000009179,1000009179,20240114,CARD,PAID,40104.0
9181,7000009180,1000009180,20250517,CARD,PAID,26136.0
9182,7000009181,1000009181,20250823,CARD,PAID,28788.0
9183,7000009182,1000009182,20250322,CARD,PAID,68055.0
9184,7000009183,1000009183,20241206,CASH,PAID,56482.8
9185,7000009184,1000009184,20240520,GATEWAY,PAID,32916.6
9186,7000009185,1000009185,20240610,CARD,PAID,37243.8
9187,7000009186,1000009186,0,TRANSFER,FAILED,45055.56
9188,7000009187,1000009187,20241014,CARD,PAID,26029.2
9189,7000009188,1000009188,20240409,GATEWAY,PAID,17835.0
9190,7000009189,1000009189,20241005,TRANSFER,PAID,18150.0
9191,7000009190,1000009190,20250211,CARD,PAID,42834.0
9192,7000009191,1000009191,20240413,CARD,PAID,17535.0
9193,7000009192,1000009192,20250301,GATEWAY,REFUNDED,81123.24
9194,7000009193,1000009193,20240806,GATEWAY,PAID,47727.0
9195,7000009194,1000009194,20240908,CARD,PAID,13068.0
9196,7000009195,1000009195,20240420,GATEWAY,PAID,44188.8
9197,7000009196,1000009196,20240114,CASH,PAID,27588.0
9198,7000009197,1000009197,20240322,GATEWAY,PAID,32064.6
9199,7000009198,1000009198,20240113,GATEWAY,PAID,52446.0
9200,7000009199,1000009199,20240403,CARD,PAID,26136.0
9201,7000009200,1000009200,0,GATEWAY,FAILED,53905.5
9202,7000009201,1000009201,20240423,CARD,PAID,13968.0
9203,7000009202,1000009202,20250913,TRANSFER,PAID,56047.2
9204,7000009203,1000009203,20250805,CARD,PAID,36209.25
9205,7000009204,1000009204,20250611,CARD,PAID,14701.5
9206,7000009205,1000009205,20240909,CARD,PAID,49905.0
9207,7000009206,1000009206,20240609,CARD,PAID,37200.0
9208,7000009207,1000009207,20240608,GATEWAY,PAID,73363.88
9209,7000009208,1000009208,20240128,CARD,PAID,24722.4
9210,7000009209,1000009209,20250212,GATEWAY,PAID,54261.0
9211,7000009210,1000009210,20250217,CARD,PAID,31726.2
9212,7000009211,1000009211,20250127,GATEWAY,REFUNDED,118594.2
9213,7000009212,1000009212,20250221,CARD,PAID,33570.0
9214,7000009213,1000009213,20240204,CARD,PAID,31936.5
9215,7000009214,1000009214,20240422,CARD,PAID,18150.0
9216,7000009215,1000009215,0,CARD,FAILED,63525.0
9217,7000009216,1000009216,20250126,GATEWAY,PAID,37500.0
9218,7000009217,1000009217,20240315,GATEWAY,PAID,15420.0
9219,7000009218,1000009218,20240926,GATEWAY,PAID,29359.2
9220,7000009219,1000009219,20240620,GATEWAY,PAID,66167.4
9221,7000009220,1000009220,20250516,CARD,PAID,20257.5
9222,7000009221,1000009221,20250610,CARD,PAID,44351.1
9223,7000009222,1000009222,20240502,CARD,PAID,41382.0
9224,7000009223,1000009223,20241007,CASH,PAID,39204.0
9225,7000009224,1000009224,20240802,CARD,PAID,16335.0
9226,7000009225,1000009225,20240802,GATEWAY,PAID,33570.0
9227,7000009226,1000009226,20240113,CARD,PAID,27336.0
9228,7000009227,1000009227,20241107,CARD,PAID,36300.0
9229,7000009228,1000009228,20240807,CARD,PAID,48024.9
9230,7000009229,1000009229,20250102,GATEWAY,PAID,40104.0
9231,7000009230,1000009230,0,CARD,FAILED,64173.24
9232,7000009231,1000009231,20250621,CARD,PAID,14374.8
9233,7000009232,1000009232,20250307,CARD,PAID,31472.1
9234,7000009233,1000009233,0,CARD,FAILED,19604.62
9235,7000009234,1000009234,20250810,CARD,PAID,40404.0
9236,7000009235,1000009235,20240924,CARD,PAID,70324.8
9237,7000009236,1000009236,20250530,CASH,PAID,50311.8
9238,7000009237,1000009237,20250727,CARD,PAID,32536.5
9239,7000009238,1000009238,20240823,CARD,PAID,26029.2
9240,7000009239,1000009239,0,CARD,FAILED,79224.75
9241,7000009240,1000009240,20250701,CASH,PAID,80186.7
9242,7000009241,1000009241,0,CARD,FAILED,43588.8
9243,7000009242,1000009242,20250609,GATEWAY,PAID,43879.2
9244,7000009243,1000009243,20250818,CASH,PAID,26136.0
9245,7000009244,1000009244,20250127,CARD,PAID,53227.5
9246,7000009245,1000009245,20241113,CARD,PAID,59169.0
9247,7000009246,1000009246,20250626,GATEWAY,REFUNDED,44760.0
9248,7000009247,1000009247,20250824,GATEWAY,PAID,33144.0
9249,7000009248,1000009248,0,CASH,FAILED,70131.6
9250,7000009249,1000009249,20250504,CASH,PAID,41382.0
9251,7000009250,1000009250,20240115,GATEWAY,PAID,56056.56
9252,7000009251,1000009251,20240114,CARD,PAID,42882.0
9253,7000009252,1000009252,20240810,CASH,PAID,27588.0
9254,7000009253,1000009253,20240405,CARD,PAID,35574.0
9255,7000009254,1000009254,20240818,GATEWAY,PAID,42282.0
9256,7000009255,1000009255,20250130,CARD,PAID,13721.4
9257,7000009256,1000009256,20240627,CARD,PAID,54261.0
9258,7000009257,1000009257,20240623,CARD,PAID,46554.75
9259,7000009258,1000009258,20240801,CARD,PAID,94718.4
9260,7000009259,1000009259,20240827,CASH,PAID,14701.5
9261,7000009260,1000009260,20240111,TRANSFER,PAID,14520.0
9262,7000009261,1000009261,0,CARD,PENDING,36655.5
9263,7000009262,1000009262,20240610,CASH,PAID,15246.0
9264,7000009263,1000009263,20250123,GATEWAY,PAID,36474.0
9265,7000009264,1000009264,20240718,CASH,PAID,34485.0
9266,7000009265,1000009265,20250111,TRANSFER,PAID,71351.28
9267,7000009266,1000009266,20240812,CASH,PAID,42688.8
9268,7000009267,1000009267,20241118,CARD,PAID,42688.8
9269,7000009268,1000009268,20240428,CARD,PAID,46938.0
9270,7000009269,1000009269,20241004,CARD,PAID,33516.6
9271,7000009270,1000009270,0,GATEWAY,FAILED,31082.16
9272,7000009271,1000009271,0,CARD,PENDING,46638.0
9273,7000009272,1000009272,20250219,CASH,PAID,32670.0
9274,7000009273,1000009273,0,GATEWAY,FAILED,67590.6
9275,7000009274,1000009274,20240228,TRANSFER,PAID,19057.5
9276,7000009275,1000009275,20240224,GATEWAY,REFUNDED,19350.0
9277,7000009276,1000009276,20240329,CARD,PAID,93138.3
9278,7000009277,1000009277,20240909,CARD,PAID,43124.4
9279,7000009278,1000009278,20240222,GATEWAY,PAID,53227.5
9280,7000009279,1000009279,20250526,CARD,PAID,34485.0
9281,7000009280,1000009280,20250810,CARD,PAID,67111.2
9282,7000009281,1000009281,20241207,CARD,PAID,80622.3
9283,7000009282,1000009282,20240723,GATEWAY,PAID,90306.9
9284,7000009283,1000009283,20240925,CARD,PAID,17787.0
9285,7000009284,1000009284,20241213,CARD,PAID,14520.0
9286,7000009285,1000009285,0,CARD,FAILED,59597.1
9287,7000009286,1000009286,20240218,CARD,PAID,53361.0
9288,7000009287,1000009287,20240927,GATEWAY,PAID,36774.0
9289,7000009288,1000009288,20240608,CARD,PAID,69744.0
9290,7000009289,1000009289,20240702,TRANSFER,PAID,56918.4
9291,7000009290,1000009290,20240818,TRANSFER,PAID,63452.4
9292,7000009291,1000009291,20250107,CARD,PAID,18687.0
9293,7000009292,1000009292,0,GATEWAY,PENDING,39133.5
9294,7000009293,1000009293,20241110,GATEWAY,PAID,58043.7
9295,7000009294,1000009294,20250528,CARD,PAID,68718.0
9296,7000009295,1000009295,20250114,CASH,PAID,54313.88
9297,7000009296,1000009296,20250603,CARD,PAID,35985.0
9298,7000009297,1000009297,20240122,CARD,PAID,17151.75
9299,7000009298,1000009298,20250314,CARD,PAID,16446.0
9300,7000009299,1000009299,0,CASH,PENDING,13794.0
9301,7000009300,1000009300,20240219,CARD,PAID,13968.0
9302,7000009301,1000009301,20240726,TRANSFER,REFUNDED,13068.0
9303,7000009302,1000009302,20240311,CASH,PAID,26136.0
9304,7000009303,1000009303,20240515,GATEWAY,PAID,31119.75
9305,7000009304,1000009304,20240707,TRANSFER,PAID,16008.3
9306,7000009305,1000009305,20250914,CARD,PAID,27036.0
9307,7000009306,1000009306,20240128,CASH,PAID,28459.2
9308,7000009307,1000009307,20250916,GATEWAY,PAID,76258.8
9309,7000009308,1000009308,20250815,GATEWAY,PAID,60359.4
9310,7000009309,1000009309,20241219,CARD,PAID,56900.25
9311,7000009310,1000009310,20240115,CASH,PAID,56800.42
9312,7000009311,1000009311,0,CARD,FAILED,29040.0
9313,7000009312,1000009312,20250601,TRANSFER,PAID,65957.1
9314,7000009313,1000009313,20250920,GATEWAY,PAID,33870.0
9315,7000009314,1000009314,20250620,CARD,PAID,37200.0
9316,7000009315,1000009315,20240917,CARD,PAID,14941.08
9317,7000009316,1000009316,20240824,GATEWAY,PAID,45023.7
9318,7000009317,1000009317,20240428,CASH,PAID,13068.0
9319,7000009318,1000009318,20241008,CARD,PAID,40510.8
9320,7000009319,1000009319,20250609,CARD,REFUNDED,17835.0
9321,7000009320,1000009320,20250512,GATEWAY,PAID,59895.0
9322,7000009321,1000009321,20240222,GATEWAY,PAID,28488.0
9323,7000009322,1000009322,20251002,CARD,PAID,43588.8
9324,7000009323,1000009323,20240712,CARD,PAID,15720.0
9325,7000009324,1000009324,20250730,CARD,PAID,29040.0
9326,7000009325,1000009325,20240510,CASH,PAID,88209.0
9327,7000009326,1000009326,20240809,TRANSFER,PAID,37352.7
9328,7000009327,1000009327,20241216,CASH,PAID,34485.0
9329,7000009328,1000009328,20240312,GATEWAY,PAID,15429.6
9330,7000009329,1000009329,20240406,GATEWAY,PAID,43888.8
9331,7000009330,1000009330,20240923,CASH,PAID,68970.0
9332,7000009331,1000009331,20241027,GATEWAY,PAID,27036.0
9333,7000009332,1000009332,20240512,CARD,PAID,47664.0
9334,7000009333,1000009333,20250630,GATEWAY,PAID,15383.7
9335,7000009334,1000009334,0,GATEWAY,PENDING,71583.6
9336,7000009335,1000009335,20241024,CASH,REFUNDED,35283.6
9337,7000009336,1000009336,20240518,CASH,PAID,115434.0
9338,7000009337,1000009337,20240501,CARD,PAID,60795.0
9339,7000009338,1000009338,20240627,CASH,PAID,56410.2
9340,7000009339,1000009339,0,GATEWAY,FAILED,53227.5
9341,7000009340,1000009340,0,GATEWAY,FAILED,21165.0
9342,7000009341,1000009341,20240502,GATEWAY,PAID,48090.0
9343,7000009342,1000009342,20240611,CARD,PAID,43560.0
9344,7000009343,1000009343,20240108,CASH,PAID,18676.35
9345,7000009344,1000009344,20250419,CARD,PAID,52272.0
9346,7000009345,1000009345,0,CARD,FAILED,29040.0
9347,7000009346,1000009346,20250503,GATEWAY,PAID,16201.5
9348,7000009347,1000009347,20240705,CASH,PAID,101385.9
9349,7000009348,1000009348,20240808,CARD,PAID,26813.28
9350,7000009349,1000009349,20250909,CARD,PAID,36209.25
9351,7000009350,1000009350,20250718,GATEWAY,PAID,89709.0
9352,7000009351,1000009351,20241019,CARD,PAID,40104.0
9353,7000009352,1000009352,20240323,CARD,PAID,14229.6
9354,7000009353,1000009353,20250627,CASH,PAID,42144.3
9355,7000009354,1000009354,20240524,CASH,PAID,47916.0
9356,7000009355,1000009355,20250611,CARD,PAID,58697.1
9357,7000009356,1000009356,20241205,CARD,PAID,27036.0
9358,7000009357,1000009357,20250610,GATEWAY,PAID,19350.0
9359,7000009358,1000009358,20240322,CARD,PAID,70760.4
9360,7000009359,1000009359,20241126,CARD,PAID,76084.8
9361,7000009360,1000009360,20240903,CARD,PAID,13914.6
9362,7000009361,1000009361,20250715,GATEWAY,PAID,14994.0
9363,7000009362,1000009362,20250707,CARD,PAID,14621.4
9364,7000009363,1000009363,20240526,CARD,PAID,19057.5
9365,7000009364,1000009364,20241220,TRANSFER,PAID,39204.0
9366,7000009365,1000009365,20240728,CASH,PAID,45692.62
9367,7000009366,1000009366,20241117,CARD,PAID,31082.16
9368,7000009367,1000009367,20240518,CASH,PAID,79914.45
9369,7000009368,1000009368,20240405,CARD,PAID,53361.0
9370,7000009369,1000009369,20240729,GATEWAY,PAID,40404.0
9371,7000009370,1000009370,0,CASH,PENDING,76774.5
9372,7000009371,1000009371,20241121,CARD,PAID,42882.0
9373,7000009372,1000009372,20250310,CARD,PAID,34303.5
9374,7000009373,1000009373,20250414,CARD,REFUNDED,43588.8
9375,7000009374,1000009374,20240831,CASH,PAID,88209.0
9376,7000009375,1000009375,0,CARD,FAILED,49005.0
9377,7000009376,1000009376,20241105,TRANSFER,PAID,63525.0
9378,7000009377,1000009377,20241113,GATEWAY,PAID,65723.25
9379,7000009378,1000009378,20241130,CARD,REFUNDED,76447.8
9380,7000009379,1000009379,20240929,CARD,PAID,54313.88
9381,7000009380,1000009380,20250823,CARD,PAID,13794.0
9382,7000009381,1000009381,20250628,GATEWAY,PAID,14994.0
9383,7000009382,1000009382,0,CASH,PENDING,27588.0
9384,7000009383,1000009383,20240216,CARD,REFUNDED,40404.0
9385,7000009384,1000009384,20240906,GATEWAY,PAID,79535.4
9386,7000009385,1000009385,20250501,GATEWAY,PAID,52927.5
9387,7000009386,1000009386,20250630,CASH,PAID,14520.0
9388,7000009387,1000009387,20250706,CARD,PAID,43888.8
9389,7000009388,1000009388,20240522,CARD,PAID,55350.0
9390,7000009389,1000009389,20240227,CARD,PAID,111307.5
9391,7000009390,1000009390,20241102,CARD,PAID,50205.0
9392,7000009391,1000009391,20250311,CARD,PAID,35685.0
9393,7000009392,1000009392,20240104,CARD,PAID,81594.9
9394,7000009393,1000009393,20250904,CARD,PAID,41382.0
9395,7000009394,1000009394,20250212,CARD,PAID,32016.6
9396,7000009395,1000009395,20240825,CARD,PAID,86248.8
9397,7000009396,1000009396,20240908,CARD,PAID,83964.0
9398,7000009397,1000009397,20240403,CASH,PAID,43560.0
9399,7000009398,1000009398,20250821,CASH,PAID,38115.0
9400,7000009399,1000009399,20250118,GATEWAY,PAID,14568.0
9401,7000009400,1000009400,20250327,CARD,PAID,33870.0
9402,7000009401,1000009401,20250725,CASH,PAID,43378.5
9403,7000009402,1000009402,20250922,CARD,PAID,17242.5
9404,7000009403,1000009403,20250613,GATEWAY,PAID,75358.8
9405,7000009404,1000009404,20240121,GATEWAY,REFUNDED,32307.0
9406,7000009405,1000009405,20250107,CARD,PAID,42064.2
9407,7000009406,1000009406,20240212,CARD,PAID,49005.0
9408,7000009407,1000009407,20240305,CASH,PAID,51487.92
9409,7000009408,1000009408,0,CASH,PENDING,83635.2
9410,7000009409,1000009409,20250312,CASH,PAID,65107.68
9411,7000009410,1000009410,20250609,CARD,PAID,38833.5
9412,7000009411,1000009411,20250224,CASH,PAID,13068.0
9413,7000009412,1000009412,0,GATEWAY,FAILED,37500.0
9414,7000009413,1000009413,20250227,GATEWAY,PAID,15983.7
9415,7000009414,1000009414,20241001,CASH,PAID,32905.95
9416,7000009415,1000009415,20250502,TRANSFER,PAID,49803.6
9417,7000009416,1000009416,20250723,CARD,PAID,59280.0
9418,7000009417,1000009417,20250516,GATEWAY,PAID,14994.0
9419,7000009418,1000009418,20250929,CARD,PAID,72048.0
9420,7000009419,1000009419,20250215,CARD,PAID,18142.5
9421,7000009420,1000009420,20250330,CARD,PAID,107159.7
9422,7000009421,1000009421,20240324,CARD,PAID,44351.1
9423,7000009422,1000009422,20250119,CARD,PAID,18442.5
9424,7000009423,1000009423,20250129,CASH,PAID,14229.6
9425,7000009424,1000009424,0,GATEWAY,PENDING,16552.56
9426,7000009425,1000009425,20240804,CASH,PAID,55902.0
9427,7000009426,1000009426,0,CASH,FAILED,43124.4
9428,7000009427,1000009427,20250409,CARD,PAID,40104.0
9429,7000009428,1000009428,20250917,CASH,PAID,61238.1
9430,7000009429,1000009429,20250217,CARD,PAID,30540.0
9431,7000009430,1000009430,20250129,GATEWAY,PAID,49905.0
9432,7000009431,1000009431,20250620,GATEWAY,PAID,96187.5
9433,7000009432,1000009432,20241127,CARD,PAID,90798.0
9434,7000009433,1000009433,20240429,CASH,PAID,38115.0
9435,7000009434,1000009434,20250823,GATEWAY,PAID,18442.5
9436,7000009435,1000009435,20250130,CASH,PAID,17151.75
9437,7000009436,1000009436,20241005,CARD,PAID,51455.25
9438,7000009437,1000009437,20241218,CARD,PAID,47516.7
9439,7000009438,1000009438,20250511,CARD,PAID,53227.5
9440,7000009439,1000009439,20250402,GATEWAY,PAID,70470.0
9441,7000009440,1000009440,20250902,CARD,PAID,27336.0
9442,7000009441,1000009441,0,GATEWAY,FAILED,54624.0
9443,7000009442,1000009442,20240928,CARD,PAID,13068.0
9444,7000009443,1000009443,20250116,CARD,PAID,15729.6
9445,7000009444,1000009444,20240131,CASH,PAID,18966.75
9446,7000009445,1000009445,20240211,CARD,PAID,69289.2
9447,7000009446,1000009446,20241105,GATEWAY,PAID,73800.0
9448,7000009447,1000009447,20250516,CARD,PAID,27355.68
9449,7000009448,1000009448,20240205,GATEWAY,PAID,14694.0
9450,7000009449,1000009449,20241206,CARD,PAID,28459.2
9451,7000009450,1000009450,20250321,CASH,PAID,27588.0
9452,7000009451,1000009451,20240905,CARD,PAID,42688.8
9453,7000009452,1000009452,20250204,CARD,PAID,14520.0
9454,7000009453,1000009453,0,CARD,FAILED,55350.0
9455,7000009454,1000009454,20241217,CARD,PAID,15420.0
9456,7000009455,1000009455,20250720,GATEWAY,PAID,33570.0
9457,7000009456,1000009456,20250121,CARD,PAID,48024.9
9458,7000009457,1000009457,20250102,CARD,PAID,27036.0
9459,7000009458,1000009458,20250617,GATEWAY,PAID,39615.0
9460,7000009459,1000009459,20240822,CARD,PAID,16008.3
9461,7000009460,1000009460,20240421,CASH,PAID,38115.0
9462,7000009461,1000009461,20250306,CASH,PAID,40656.0
9463,7000009462,1000009462,0,CASH,FAILED,36300.0
9464,7000009463,1000009463,20250518,CASH,PAID,17787.0
9465,7000009464,1000009464,20240619,CARD,PAID,31762.5
9466,7000009465,1000009465,20240529,CARD,PAID,27515.4
9467,7000009466,1000009466,20240921,CARD,PAID,42582.0
9468,7000009467,1000009467,20250605,TRANSFER,PAID,112893.0
9469,7000009468,1000009468,20240605,CARD,PAID,101932.5
9470,7000009469,1000009469,20240727,CARD,PAID,92104.8
9471,7000009470,1000009470,20240401,CARD,PAID,36300.0
9472,7000009471,1000009471,20250912,CARD,PAID,24829.2
9473,7000009472,1000009472,20250419,GATEWAY,REFUNDED,51727.5
9474,7000009473,1000009473,20250227,CARD,PAID,26136.0
9475,7000009474,1000009474,20250904,CARD,PAID,16446.0
9476,7000009475,1000009475,20250121,CASH,PAID,15246.0
9477,7000009476,1000009476,20250430,CARD,PAID,44460.0
9478,7000009477,1000009477,20240915,CARD,PAID,43560.0
9479,7000009478,1000009478,20240322,GATEWAY,PAID,53361.0
9480,7000009479,1000009479,20250323,GATEWAY,PAID,15574.8
9481,7000009480,1000009480,20250901,TRANSFER,PAID,36209.25
9482,7000009481,1000009481,0,TRANSFER,FAILED,87773.4
9483,7000009482,1000009482,20250729,GATEWAY,PAID,14694.0
9484,7000009483,1000009483,20250307,CARD,PAID,35685.0
9485,7000009484,1000009484,20250830,GATEWAY,PAID,17235.0
9486,7000009485,1000009485,20241106,CARD,PAID,45723.24
9487,7000009486,1000009486,20240813,CASH,PAID,54450.0
9488,7000009487,1000009487,20240115,TRANSFER,PAID,14520.0
9489,7000009488,1000009488,20250627,TRANSFER,PAID,49005.0
9490,7000009489,1000009489,20240125,CASH,PAID,27588.0
9491,7000009490,1000009490,20250526,TRANSFER,PAID,35574.0
9492,7000009491,1000009491,20250315,CARD,PAID,15841.08
9493,7000009492,1000009492,20240903,CARD,PAID,14374.8
9494,7000009493,1000009493,20240116,CARD,PAID,57172.5
9495,7000009494,1000009494,20241121,TRANSFER,PAID,43560.0
9496,7000009495,1000009495,0,CARD,FAILED,18150.0
9497,7000009496,1000009496,20250413,CASH,PAID,41164.2
9498,7000009497,1000009497,20240424,CARD,PAID,16673.4
9499,7000009498,1000009498,20240906,CASH,PAID,41382.0
9500,7000009499,1000009499,20250822,CARD,PAID,35685.0
9501,7000009500,1000009500,20240918,CARD,PAID,30540.0
9502,7000009501,1000009501,20241110,CARD,PAID,60732.0
9503,7000009502,1000009502,20241104,CARD,PAID,45723.24
9504,7000009503,1000009503,20240317,CARD,PAID,15841.08
9505,7000009504,1000009504,20240830,CARD,PAID,34485.0
9506,7000009505,1000009505,20250323,CARD,PAID,49905.0
9507,7000009506,1000009506,20250830,CARD,PAID,28788.0
9508,7000009507,1000009507,20250725,TRANSFER,PAID,13721.4
9509,7000009508,1000009508,20240610,CARD,PAID,53361.0
9510,7000009509,1000009509,20240428,GATEWAY,PAID,29959.2
9511,7000009510,1000009510,20241125,CARD,PAID,48642.0
9512,7000009511,1000009511,20241220,CARD,PAID,54261.0
9513,7000009512,1000009512,20250628,CASH,PAID,39204.0
9514,7000009513,1000009513,20241105,CARD,PAID,51657.0
9515,7000009514,1000009514,20240202,GATEWAY,PAID,27636.0
9516,7000009515,1000009515,20240109,CARD,PAID,42282.0
9517,7000009516,1000009516,0,CARD,PENDING,58980.0
9518,7000009517,1000009517,20241008,CARD,PAID,37500.0
9519,7000009518,1000009518,20250424,TRANSFER,PAID,53724.0
9520,7000009519,1000009519,20240304,CARD,REFUNDED,35806.08
9521,7000009520,1000009520,20250711,GATEWAY,PAID,37200.0
9522,7000009521,1000009521,20240331,CARD,PAID,16335.0
9523,7000009522,1000009522,20250807,GATEWAY,PAID,32536.5
9524,7000009523,1000009523,20250915,CARD,PAID,34170.0
9525,7000009524,1000009524,20240805,GATEWAY,PAID,36300.0
9526,7000009525,1000009525,20240526,CASH,PAID,44104.5
9527,7000009526,1000009526,20250404,CARD,PAID,122079.0
9528,7000009527,1000009527,20240526,CASH,PAID,19565.7
9529,7000009528,1000009528,20250315,CASH,PAID,31036.5
9530,7000009529,1000009529,0,GATEWAY,FAILED,46323.24
9531,7000009530,1000009530,0,CARD,PENDING,41382.0
9532,7000009531,1000009531,20250823,GATEWAY,PAID,52627.5
9533,7000009532,1000009532,20250909,CARD,PAID,78347.1
9534,7000009533,1000009533,20250802,GATEWAY,PAID,47020.2
9535,7000009534,1000009534,0,CASH,FAILED,32670.0
9536,7000009535,1000009535,20240406,CARD,PAID,12414.6
9537,7000009536,1000009536,20250813,CARD,PAID,54561.0
9538,7000009537,1000009537,0,CARD,FAILED,32670.0
9539,7000009538,1000009538,20240826,CASH,PAID,45520.2
9540,7000009539,1000009539,20240928,GATEWAY,PAID,35685.0
9541,7000009540,1000009540,20241221,CARD,PAID,37074.0
9542,7000009541,1000009541,20250118,CARD,PAID,54313.88
9543,7000009542,1000009542,20250710,CARD,PAID,71176.8
9544,7000009543,1000009543,20240414,CASH,PAID,18150.0
9545,7000009544,1000009544,20240609,GATEWAY,PAID,108756.9
9546,7000009545,1000009545,0,CARD,FAILED,36474.0
9547,7000009546,1000009546,20250705,GATEWAY,PAID,73209.6
9548,7000009547,1000009547,20250330,GATEWAY,PAID,18987.0
9549,7000009548,1000009548,20240913,CARD,REFUNDED,32670.0
9550,7000009549,1000009549,20240120,CARD,PAID,44188.8
9551,7000009550,1000009550,20240123,CARD,PAID,25022.4
9552,7000009551,1000009551,20250104,GATEWAY,PAID,95289.6
9553,7000009552,1000009552,20240715,CARD,PAID,13968.0
9554,7000009553,1000009553,20250708,GATEWAY,PAID,15901.5
9555,7000009554,1000009554,20250714,CARD,PAID,19604.62
9556,7000009555,1000009555,20250312,CARD,PAID,36774.0
9557,7000009556,1000009556,20250505,CASH,PAID,34303.5
9558,7000009557,1000009557,0,GATEWAY,PENDING,50505.0
9559,7000009558,1000009558,20250722,CARD,PAID,40104.0
9560,7000009559,1000009559,20241210,CASH,PAID,65521.5
9561,7000009560,1000009560,0,CARD,FAILED,44460.0
9562,7000009561,1000009561,20241220,GATEWAY,PAID,55350.0
9563,7000009562,1000009562,20241107,CARD,PAID,41130.0
9564,7000009563,1000009563,0,CASH,FAILED,15652.56
9565,7000009564,1000009564,20250129,CARD,PAID,69807.0
9566,7000009565,1000009565,20240808,CARD,PAID,42582.0
9567,7000009566,1000009566,20250930,CARD,PAID,45060.0
9568,7000009567,1000009567,0,CASH,PENDING,42688.8
9569,7000009568,1000009568,0,GATEWAY,FAILED,46957.68
9570,7000009569,1000009569,20241121,CARD,PAID,46938.0
9571,7000009570,1000009570,20250927,CARD,PAID,33359.7
9572,7000009571,1000009571,20250923,CARD,PAID,28967.4
9573,7000009572,1000009572,20240407,CARD,PAID,88320.0
9574,7000009573,1000009573,0,CARD,FAILED,59761.5
9575,7000009574,1000009574,20240803,CARD,PAID,47146.2
9576,7000009575,1000009575,20240905,CARD,PAID,66792.0
9577,7000009576,1000009576,20250706,CARD,PAID,47916.0
9578,7000009577,1000009577,20250619,CASH,PAID,28459.2
9579,7000009578,1000009578,20240413,CARD,PAID,33870.0
9580,7000009579,1000009579,20240706,CARD,PAID,50205.0
9581,7000009580,1000009580,20250801,GATEWAY,PAID,53161.35
9582,7000009581,1000009581,20240708,CARD,PAID,13968.0
9583,7000009582,1000009582,20250410,TRANSFER,PAID,23522.4
9584,7000009583,1000009583,20240118,CARD,PAID,61746.3
9585,7000009584,1000009584,20240508,CARD,PAID,36837.0
9586,7000009585,1000009585,20240326,CARD,PAID,46023.24
9587,7000009586,1000009586,20240820,CASH,PAID,39204.0
9588,7000009587,1000009587,20240417,GATEWAY,PAID,42282.0
9589,7000009588,1000009588,20250731,CARD,PAID,29940.0
9590,7000009589,1000009589,20240507,GATEWAY,PAID,87148.8
9591,7000009590,1000009590,20240609,CARD,PAID,29040.0
9592,7000009591,1000009591,20250711,TRANSFER,PAID,51618.6
9593,7000009592,1000009592,20250703,TRANSFER,PAID,17242.5
9594,7000009593,1000009593,20250720,CARD,PAID,41382.0
9595,7000009594,1000009594,20250821,CARD,PAID,42582.0
9596,7000009595,1000009595,0,CARD,FAILED,45926.52
9597,7000009596,1000009596,20240411,TRANSFER,PAID,51727.5
9598,7000009597,1000009597,0,CARD,FAILED,41737.5
9599,7000009598,1000009598,20250104,CARD,PAID,44324.4
9600,7000009599,1000009599,20250308,CARD,PAID,45520.2
9601,7000009600,1000009600,20240323,CARD,PAID,48024.9
9602,7000009601,1000009601,20241217,GATEWAY,PAID,24422.4
9603,7000009602,1000009602,20240104,CARD,PAID,19350.0
9604,7000009603,1000009603,20240717,GATEWAY,PAID,51226.56
9605,7000009604,1000009604,20240416,TRANSFER,PAID,23522.4
9606,7000009605,1000009605,20250626,CARD,PAID,35985.0
9607,7000009606,1000009606,20250925,CARD,PAID,18676.35
9608,7000009607,1000009607,20240422,CARD,PAID,73727.4
9609,7000009608,1000009608,20240528,GATEWAY,PAID,81510.12
9610,7000009609,1000009609,20240814,CASH,PAID,13068.0
9611,7000009610,1000009610,20240829,CARD,PAID,51727.5
9612,7000009611,1000009611,20240713,CARD,PAID,54488.4
9613,7000009612,1000009612,0,CARD,FAILED,63026.16
9614,7000009613,1000009613,20250610,GATEWAY,PAID,58372.5
9615,7000009614,1000009614,20250823,CASH,PAID,35574.0
9616,7000009615,1000009615,0,CARD,PENDING,50505.0
9617,7000009616,1000009616,20241225,CASH,PAID,109480.8
9618,7000009617,1000009617,20240917,CARD,PAID,47454.75
9619,7000009618,1000009618,0,CASH,FAILED,80449.88
9620,7000009619,1000009619,20250509,CARD,PAID,16008.3
9621,7000009620,1000009620,20250613,CARD,PAID,79315.5
9622,7000009621,1000009621,20241008,CARD,PAID,57800.25
9623,7000009622,1000009622,0,CARD,FAILED,35574.0
9624,7000009623,1000009623,20240102,CARD,PAID,37933.5
9625,7000009624,1000009624,20250412,CARD,PAID,27442.8
9626,7000009625,1000009625,20241013,CARD,PAID,99645.6
9627,7000009626,1000009626,20250909,CARD,PAID,49116.0
9628,7000009627,1000009627,20240311,CARD,PAID,30540.0
9629,7000009628,1000009628,20240712,CASH,PAID,15652.56
9630,7000009629,1000009629,20240723,TRANSFER,PAID,42688.8
9631,7000009630,1000009630,20250128,GATEWAY,PAID,102504.75
9632,7000009631,1000009631,20241217,CASH,PAID,56900.25
9633,7000009632,1000009632,20241021,CARD,PAID,27636.0
9634,7000009633,1000009633,20240325,CARD,PAID,56029.05
9635,7000009634,1000009634,20250626,CARD,PAID,55350.0
9636,7000009635,1000009635,0,GATEWAY,PENDING,29940.0
9637,7000009636,1000009636,20250817,CASH,PAID,35574.0
9638,7000009637,1000009637,20240324,CARD,PAID,16020.0
9639,7000009638,1000009638,20250729,GATEWAY,PAID,50205.0
9640,7000009639,1000009639,20241225,GATEWAY,PAID,37200.0
9641,7000009640,1000009640,20241224,CARD,PAID,43888.8
9642,7000009641,1000009641,20240223,CARD,PAID,55213.88
9643,7000009642,1000009642,20250425,GATEWAY,PAID,16073.4
9644,7000009643,1000009643,20250129,TRANSFER,PAID,116849.7
9645,7000009644,1000009644,20240411,CASH,PAID,66392.7
9646,7000009645,1000009645,20240710,GATEWAY,PAID,45060.0
9647,7000009646,1000009646,0,CARD,FAILED,52927.5
9648,7000009647,1000009647,20240427,CARD,PAID,17787.0
9649,7000009648,1000009648,20250306,CARD,PAID,21065.7
9650,7000009649,1000009649,20250315,CARD,PAID,45186.0
9651,7000009650,1000009650,20250906,GATEWAY,PAID,27074.64
9652,7000009651,1000009651,20250723,CARD,PAID,50994.0
9653,7000009652,1000009652,20241111,CARD,PAID,52927.5
9654,7000009653,1000009653,20241217,GATEWAY,PAID,19350.0
9655,7000009654,1000009654,20250924,CASH,PAID,25613.28
9656,7000009655,1000009655,20250304,CASH,PAID,65957.1
9657,7000009656,1000009656,20250928,GATEWAY,REFUNDED,55650.0
9658,7000009657,1000009657,20240521,GATEWAY,PAID,39433.5
9659,7000009658,1000009658,20250221,CARD,PAID,50368.35
9660,7000009659,1000009659,20240707,CARD,PAID,36300.0
9661,7000009660,1000009660,20250616,CASH,PAID,40075.2
9662,7000009661,1000009661,20241207,GATEWAY,PAID,43588.8
9663,7000009662,1000009662,0,GATEWAY,FAILED,29867.4
9664,7000009663,1000009663,20240516,GATEWAY,REFUNDED,31846.8
9665,7000009664,1000009664,20241112,GATEWAY,PAID,28488.0
9666,7000009665,1000009665,20250817,CARD,PAID,30240.0
9667,7000009666,1000009666,20240614,GATEWAY,PAID,79525.8
9668,7000009667,1000009667,20240701,GATEWAY,PAID,26136.0
9669,7000009668,1000009668,20241130,CASH,PAID,36300.0
9670,7000009669,1000009669,20241226,CARD,PAID,97985.4
9671,7000009670,1000009670,20240920,CASH,PAID,72570.96
9672,7000009671,1000009671,20250505,CASH,PAID,17787.0
9673,7000009672,1000009672,20240728,CARD,PAID,50094.0
9674,7000009673,1000009673,20240829,CARD,PAID,14694.0
9675,7000009674,1000009674,20250722,CARD,PAID,14268.0
9676,7000009675,1000009675,20250618,CASH,PAID,17242.5
9677,7000009676,1000009676,0,GATEWAY,FAILED,45723.24
9678,7000009677,1000009677,0,CASH,FAILED,68970.0
9679,7000009678,1000009678,20240724,CARD,PAID,19287.0
9680,7000009679,1000009679,20250425,CARD,REFUNDED,33870.0
9681,7000009680,1000009680,20240715,GATEWAY,PAID,78519.0
9682,7000009681,1000009681,20250729,CARD,PAID,42582.0
9683,7000009682,1000009682,20241008,CARD,PAID,42688.8
9684,7000009683,1000009683,20241218,CARD,PAID,45520.2
9685,7000009684,1000009684,20240509,CARD,PAID,88020.0
9686,7000009685,1000009685,20240505,CASH,PAID,38419.92
9687,7000009686,1000009686,20240624,CASH,PAID,34485.0
9688,7000009687,1000009687,20250119,CARD,PAID,115264.2
9689,7000009688,1000009688,20240725,CARD,PAID,18987.0
9690,7000009689,1000009689,0,CARD,FAILED,93109.5
9691,7000009690,1000009690,20241219,TRANSFER,PAID,26136.0
9692,7000009691,1000009691,20250226,GATEWAY,PAID,55650.0
9693,7000009692,1000009692,20240502,CARD,PAID,28459.2
9694,7000009693,1000009693,0,CARD,FAILED,84990.0
9695,7000009694,1000009694,20240121,CASH,PAID,44104.5
9696,7000009695,1000009695,20240625,CARD,PAID,13706.64
9697,7000009696,1000009696,20241020,CARD,PAID,18142.5
9698,7000009697,1000009697,20240409,CARD,PAID,29940.0
9699,7000009698,1000009698,20240305,GATEWAY,PAID,14921.4
9700,7000009699,1000009699,20250108,CARD,PAID,30782.16
9701,7000009700,1000009700,20250624,GATEWAY,PAID,24722.4
9702,7000009701,1000009701,20250518,CARD,PAID,35711.7
9703,7000009702,1000009702,20250724,CARD,PAID,18142.5
9704,7000009703,1000009703,20240915,CARD,PAID,42282.0
9705,7000009704,1000009704,20241003,CARD,PAID,24722.4
9706,7000009705,1000009705,20250812,CARD,PAID,65514.0
9707,7000009706,1000009706,0,GATEWAY,FAILED,79908.0
9708,7000009707,1000009707,20240513,CARD,PAID,39315.0
9709,7000009708,1000009708,20240916,CASH,PAID,27442.8
9710,7000009709,1000009709,20240512,CASH,PAID,14229.6
9711,7000009710,1000009710,20240903,CASH,PAID,28967.4
9712,7000009711,1000009711,20250610,CARD,PAID,43451.1
9713,7000009712,1000009712,20240521,CASH,PAID,13068.0
9714,7000009713,1000009713,20240314,CARD,PAID,17787.0
9715,7000009714,1000009714,20250908,CARD,PAID,53724.0
9716,7000009715,1000009715,20250405,GATEWAY,PAID,55686.3
9717,7000009716,1000009716,0,CARD,FAILED,26136.0
9718,7000009717,1000009717,20240222,CARD,PAID,17535.0
9719,7000009718,1000009718,20240304,CARD,PAID,16008.3
9720,7000009719,1000009719,20240328,GATEWAY,PAID,40104.0
9721,7000009720,1000009720,20240808,GATEWAY,PAID,43665.03
9722,7000009721,1000009721,20250203,GATEWAY,PAID,19050.0
9723,7000009722,1000009722,20240805,CARD,PAID,15129.6
9724,7000009723,1000009723,20240802,CASH,PAID,26136.0
9725,7000009724,1000009724,20241030,CARD,PAID,28488.0
9726,7000009725,1000009725,20241208,CARD,PAID,17235.0
9727,7000009726,1000009726,0,CARD,FAILED,36774.0
9728,7000009727,1000009727,20250713,GATEWAY,PAID,27336.0
9729,7000009728,1000009728,0,CARD,PENDING,35985.0
9730,7000009729,1000009729,20250922,CASH,PAID,70131.6
9731,7000009730,1000009730,20240702,CARD,PAID,28459.2
9732,7000009731,1000009731,20241203,CARD,PAID,35685.0
9733,7000009732,1000009732,20250606,CASH,PAID,43560.0
9734,7000009733,1000009733,20250403,CARD,PAID,46012.35
9735,7000009734,1000009734,20240602,TRANSFER,PAID,32016.6
9736,7000009735,1000009735,20250508,CASH,PAID,81384.6
9737,7000009736,1000009736,20240228,CARD,PAID,12414.6
9738,7000009737,1000009737,20250604,GATEWAY,PAID,27036.0
9739,7000009738,1000009738,20240908,TRANSFER,PAID,12414.6
9740,7000009739,1000009739,20240825,CARD,PAID,26136.0
9741,7000009740,1000009740,20240918,TRANSFER,PAID,25613.28
9742,7000009741,1000009741,20240530,CASH,PAID,86031.0
9743,7000009742,1000009742,20250922,CARD,PAID,84830.28
9744,7000009743,1000009743,20250131,CASH,PAID,34303.5
9745,7000009744,1000009744,20250328,CARD,PAID,14483.7
9746,7000009745,1000009745,20240121,CARD,PAID,55650.0
9747,7000009746,1000009746,20240114,CARD,PAID,15420.0
9748,7000009747,1000009747,20240720,GATEWAY,PAID,44460.0
9749,7000009748,1000009748,20240618,GATEWAY,PAID,13968.0
9750,7000009749,1000009749,20240731,CASH,PAID,28967.4
9751,7000009750,1000009750,20250521,GATEWAY,PAID,18442.5
9752,7000009751,1000009751,20241112,TRANSFER,PAID,30564.6
9753,7000009752,1000009752,0,CARD,FAILED,29882.16
9754,7000009753,1000009753,20250422,GATEWAY,PAID,35503.5
9755,7000009754,1000009754,20240503,GATEWAY,PAID,15729.6
9756,7000009755,1000009755,20240224,CASH,PAID,57172.5
9757,7000009756,1000009756,20250318,TRANSFER,PAID,17242.5
9758,7000009757,1000009757,20240102,CARD,PAID,40404.0
9759,7000009758,1000009758,20241101,CASH,PAID,69420.12
9760,7000009759,1000009759,20240908,CASH,PAID,45738.0
9761,7000009760,1000009760,20241124,CASH,PAID,55539.0
9762,7000009761,1000009761,20250608,CARD,PAID,57256.8
9763,7000009762,1000009762,20241119,CARD,PAID,76875.9
9764,7000009763,1000009763,20240308,GATEWAY,PAID,31392.0
9765,7000009764,1000009764,20240516,CARD,PAID,70276.8
9766,7000009765,1000009765,20250405,GATEWAY,PAID,39433.5
9767,7000009766,1000009766,20250123,CASH,PAID,61238.1
9768,7000009767,1000009767,20240902,CARD,PAID,15429.6
9769,7000009768,1000009768,20241130,GATEWAY,PAID,50205.0
9770,7000009769,1000009769,20240430,GATEWAY,PAID,34122.0
9771,7000009770,1000009770,20241024,CARD,PAID,27336.0
9772,7000009771,1000009771,20250222,CARD,PAID,28967.4
9773,7000009772,1000009772,20241208,CARD,PAID,17242.5
9774,7000009773,1000009773,20240402,CARD,PAID,31510.5
9775,7000009774,1000009774,20240821,CASH,PAID,12806.64
9776,7000009775,1000009775,20250107,CARD,PAID,42282.0
9777,7000009776,1000009776,20240607,CARD,PAID,42882.0
9778,7000009777,1000009777,20240411,CARD,PAID,84488.25
9779,7000009778,1000009778,20250908,CARD,PAID,42582.0
9780,7000009779,1000009779,20240910,CARD,PAID,44460.0
9781,7000009780,1000009780,20241119,CARD,PAID,51727.5
9782,7000009781,1000009781,20240223,GATEWAY,PAID,138876.3
9783,7000009782,1000009782,20240627,CARD,PAID,55350.0
9784,7000009783,1000009783,20240807,CARD,PAID,56376.0
9785,7000009784,1000009784,0,GATEWAY,FAILED,29940.0
9786,7000009785,1000009785,0,TRANSFER,FAILED,49368.0
9787,7000009786,1000009786,0,CARD,FAILED,17235.0
9788,7000009787,1000009787,20240130,GATEWAY,PAID,27588.0
9789,7000009788,1000009788,20250204,GATEWAY,PAID,30540.0
9790,7000009789,1000009789,20250920,CARD,PAID,46899.6
9791,7000009790,1000009790,20240123,CARD,PAID,63273.0
9792,7000009791,1000009791,20240402,CARD,PAID,37800.0
9793,7000009792,1000009792,0,CASH,FAILED,14520.0
9794,7000009793,1000009793,20250615,GATEWAY,PAID,17508.3
9795,7000009794,1000009794,20240212,CARD,PAID,73709.25
9796,7000009795,1000009795,20240927,CARD,PAID,15129.6
9797,7000009796,1000009796,20240909,CASH,PAID,27588.0
9798,7000009797,1000009797,20240918,GATEWAY,PAID,47964.0
9799,7000009798,1000009798,20240605,CARD,PAID,34485.0
9800,7000009799,1000009799,20240922,CARD,PAID,49005.0
9801,7000009800,1000009800,20241023,CASH,REFUNDED,34485.0
9802,7000009801,1000009801,20250531,GATEWAY,PAID,31246.8
9803,7000009802,1000009802,20240522,CASH,PAID,103455.0
9804,7000009803,1000009803,0,CARD,PENDING,43560.0
9805,7000009804,1000009804,20240901,CARD,PAID,80586.0
9806,7000009805,1000009805,20240612,GATEWAY,PAID,74589.0
9807,7000009806,1000009806,20250314,CARD,PAID,41382.0
9808,7000009807,1000009807,20241113,CASH,PAID,39204.0
9809,7000009808,1000009808,20240310,CARD,PAID,38143.8
9810,7000009809,1000009809,20240809,CASH,PAID,36300.0
9811,7000009810,1000009810,20240601,CARD,PAID,14694.0
9812,7000009811,1000009811,20250201,CASH,PAID,13794.0
9813,7000009812,1000009812,20240323,CARD,PAID,19965.0
9814,7000009813,1000009813,20240910,CARD,REFUNDED,12414.6
9815,7000009814,1000009814,20250109,CARD,PAID,77004.0
9816,7000009815,1000009815,20240213,CASH,PAID,84942.0
9817,7000009816,1000009816,20240627,CARD,PAID,15683.7
9818,7000009817,1000009817,20241009,CASH,PAID,26136.0
9819,7000009818,1000009818,20240926,CARD,PAID,40404.0
9820,7000009819,1000009819,20250829,CARD,PAID,49005.0
9821,7000009820,1000009820,20240429,CASH,PAID,13794.0
9822,7000009821,1000009821,0,CARD,FAILED,53905.5
9823,7000009822,1000009822,0,CASH,PENDING,61092.9
9824,7000009823,1000009823,20240708,GATEWAY,PAID,37500.0
9825,7000009824,1000009824,20240720,GATEWAY,PAID,46720.2
9826,7000009825,1000009825,20240615,CARD,REFUNDED,67220.62
9827,7000009826,1000009826,20240528,CARD,PAID,12414.6
9828,7000009827,1000009827,20241004,CARD,PAID,66975.6
9829,7000009828,1000009828,20240205,GATEWAY,PAID,31382.16
9830,7000009829,1000009829,20250501,CARD,REFUNDED,17235.0
9831,7000009830,1000009830,20250611,CARD,PAID,39204.0
9832,7000009831,1000009831,20240106,CASH,PAID,68970.0
9833,7000009832,1000009832,20240611,CARD,PAID,28459.2
9834,7000009833,1000009833,20241101,CARD,PAID,18051.75
9835,7000009834,1000009834,20240201,CASH,REFUNDED,105015.9
9836,7000009835,1000009835,20250503,CARD,PAID,51727.5
9837,7000009836,1000009836,20240515,CASH,REFUNDED,34485.0
9838,7000009837,1000009837,20240911,GATEWAY,PAID,35574.0
9839,7000009838,1000009838,20250328,CARD,PAID,30855.0
9840,7000009839,1000009839,20240427,CARD,PAID,73725.3
9841,7000009840,1000009840,0,CARD,FAILED,27588.0
9842,7000009841,1000009841,20250203,CARD,PAID,13968.0
9843,7000009842,1000009842,20240211,TRANSFER,PAID,19565.7
9844,7000009843,1000009843,20241008,GATEWAY,PAID,96862.68
9845,7000009844,1000009844,20250319,CARD,PAID,71476.8
9846,7000009845,1000009845,0,CASH,FAILED,59078.25
9847,7000009846,1000009846,20241105,GATEWAY,PAID,17508.3
9848,7000009847,1000009847,20240815,GATEWAY,PAID,29940.0
9849,7000009848,1000009848,20240525,CARD,PAID,20465.7
9850,7000009849,1000009849,20240920,CASH,PAID,26136.0
9851,7000009850,1000009850,0,CASH,PENDING,59532.0
9852,7000009851,1000009851,20250717,CASH,PAID,95832.0
9853,7000009852,1000009852,20240616,GATEWAY,PAID,64120.08
9854,7000009853,1000009853,20240422,GATEWAY,PAID,19965.0
9855,7000009854,1000009854,20240104,CARD,PAID,25729.2
9856,7000009855,1000009855,20241208,CARD,PAID,28788.0
9857,7000009856,1000009856,20241120,GATEWAY,PAID,31392.0
9858,7000009857,1000009857,20250505,CASH,PAID,78045.0
9859,7000009858,1000009858,20250426,CARD,PAID,85842.0
9860,7000009859,1000009859,20250606,CARD,PAID,41382.0
9861,7000009860,1000009860,20250104,GATEWAY,PAID,91657.5
9862,7000009861,1000009861,20250522,CASH,PAID,91693.8
9863,7000009862,1000009862,20250729,CARD,PAID,87405.24
9864,7000009863,1000009863,20241125,CARD,PAID,53361.0
9865,7000009864,1000009864,20240205,GATEWAY,PAID,35322.0
9866,7000009865,1000009865,20240715,CASH,PAID,35574.0
9867,7000009866,1000009866,20240508,CASH,REFUNDED,26136.0
9868,7000009867,1000009867,20250704,CARD,PAID,60432.0
9869,7000009868,1000009868,20240601,CARD,REFUNDED,35283.6
9870,7000009869,1000009869,20241113,GATEWAY,PAID,55350.0
9871,7000009870,1000009870,0,CASH,FAILED,12414.6
9872,7000009871,1000009871,20250508,CARD,PAID,72919.2
9873,7000009872,1000009872,20250304,GATEWAY,PAID,13068.0
9874,7000009873,1000009873,20240501,GATEWAY,REFUNDED,27636.0
9875,7000009874,1000009874,20250611,GATEWAY,PAID,35685.0
9876,7000009875,1000009875,20240914,CARD,PAID,44324.4
9877,7000009876,1000009876,20250710,CARD,PAID,71148.0
9878,7000009877,1000009877,20240715,GATEWAY,PAID,32055.0
9879,7000009878,1000009878,20250320,GATEWAY,PAID,35385.0
9880,7000009879,1000009879,20240611,CARD,PAID,43588.8
9881,7000009880,1000009880,20240312,CASH,PAID,64033.2
9882,7000009881,1000009881,0,GATEWAY,FAILED,33570.0
9883,7000009882,1000009882,20250626,CASH,PAID,15246.0
9884,7000009883,1000009883,20240617,CASH,PAID,67681.35
9885,7000009884,1000009884,20250403,CASH,PAID,17151.75
9886,7000009885,1000009885,20240317,CASH,PAID,53361.0
9887,7000009886,1000009886,20250314,GATEWAY,PAID,44104.5
9888,7000009887,1000009887,20240423,CARD,PAID,30603.0
9889,7000009888,1000009888,0,GATEWAY,PENDING,17242.5
9890,7000009889,1000009889,20250323,CARD,PAID,28788.0
9891,7000009890,1000009890,20241205,CARD,PAID,36774.0
9892,7000009891,1000009891,20250212,CARD,PAID,49261.2
9893,7000009892,1000009892,20241026,CARD,PAID,48024.9
9894,7000009893,1000009893,20241008,CARD,PAID,64555.92
9895,7000009894,1000009894,20240122,CARD,PAID,49005.0
9896,7000009895,1000009895,20240828,CARD,PAID,32016.6
9897,7000009896,1000009896,20250202,TRANSFER,PAID,102184.5
9898,7000009897,1000009897,20240125,CARD,PAID,13968.0
9899,7000009898,1000009898,0,CARD,FAILED,41382.0
9900,7000009899,1000009899,20250912,TRANSFER,PAID,28459.2
9901,7000009900,1000009900,20250524,CARD,PAID,67846.8
9902,7000009901,1000009901,20250319,TRANSFER,PAID,39204.0
9903,7000009902,1000009902,20250217,GATEWAY,PAID,17787.0
9904,7000009903,1000009903,20240608,CASH,PAID,12806.64
9905,7000009904,1000009904,20250515,TRANSFER,REFUNDED,84288.6
9906,7000009905,1000009905,20240116,CASH,PAID,34485.0
9907,7000009906,1000009906,20250629,CARD,PAID,18966.75
9908,7000009907,1000009907,20240120,CASH,PAID,17787.0
9909,7000009908,1000009908,20250727,TRANSFER,PAID,13794.0
9910,7000009909,1000009909,20240921,GATEWAY,PAID,55813.88
9911,7000009910,1000009910,20241029,CARD,PAID,24829.2
9912,7000009911,1000009911,20241221,CASH,PAID,32670.0
9913,7000009912,1000009912,20240529,CASH,PAID,78408.0
9914,7000009913,1000009913,20241110,CARD,REFUNDED,43560.0
9915,7000009914,1000009914,20240810,CARD,PAID,55513.88
9916,7000009915,1000009915,20240904,TRANSFER,PAID,55176.0
9917,7000009916,1000009916,20250729,GATEWAY,PAID,46766.1
9918,7000009917,1000009917,20240201,CARD,PAID,36300.0
9919,7000009918,1000009918,0,CASH,PENDING,28459.2
9920,7000009919,1000009919,20250421,CARD,PAID,32670.0
9921,7000009920,1000009920,20240409,CASH,PAID,33214.5
9922,7000009921,1000009921,20250118,CASH,PAID,35574.0
9923,7000009922,1000009922,0,CARD,FAILED,42882.0
9924,7000009923,1000009923,20250804,GATEWAY,PAID,18150.0
9925,7000009924,1000009924,20250515,TRANSFER,PAID,54450.0
9926,7000009925,1000009925,20240130,GATEWAY,PAID,92857.5
9927,7000009926,1000009926,20241223,GATEWAY,PAID,85940.25
9928,7000009927,1000009927,20240506,CASH,PAID,28749.6
9929,7000009928,1000009928,20250113,CARD,PAID,37352.7
9930,7000009929,1000009929,20250621,CARD,PAID,33870.0
9931,7000009930,1000009930,20240630,CARD,PAID,36483.6
9932,7000009931,1000009931,20250806,CASH,PAID,51727.5
9933,7000009932,1000009932,20241105,GATEWAY,PAID,38443.8
9934,7000009933,1000009933,20250331,CASH,PAID,39930.0
9935,7000009934,1000009934,20241201,GATEWAY,PAID,36474.0
9936,7000009935,1000009935,20241014,CARD,PAID,14568.0
9937,7000009936,1000009936,20250825,GATEWAY,PAID,44760.0
9938,7000009937,1000009937,20240626,CARD,PAID,12661.2
9939,7000009938,1000009938,20240314,CARD,PAID,57828.0
9940,7000009939,1000009939,20241013,GATEWAY,PAID,49905.0
9941,7000009940,1000009940,20250731,CASH,PAID,16335.0
9942,7000009941,1000009941,20250120,CASH,PAID,31036.5
9943,7000009942,1000009942,20241122,GATEWAY,PAID,56929.05
9944,7000009943,1000009943,20240321,CASH,PAID,31305.12
9945,7000009944,1000009944,0,GATEWAY,PENDING,27336.0
9946,7000009945,1000009945,20250824,CASH,PAID,17787.0
9947,7000009946,1000009946,20250930,CARD,PAID,45060.0
9948,7000009947,1000009947,20250530,CARD,PAID,34485.0
9949,7000009948,1000009948,20240109,GATEWAY,REFUNDED,43588.8
9950,7000009949,1000009949,20240607,GATEWAY,REFUNDED,58372.5
9951,7000009950,1000009950,20250109,GATEWAY,PAID,37243.8
9952,7000009951,1000009951,20241116,CASH,PAID,43560.0
9953,7000009952,1000009952,20250524,CARD,REFUNDED,60795.0
9954,7000009953,1000009953,20240406,CASH,PAID,13068.0
9955,7000009954,1000009954,20250318,CASH,PAID,48024.9
9956,7000009955,1000009955,20240918,GATEWAY,PAID,44460.0
9957,7000009956,1000009956,20250523,CARD,PAID,57646.5
9958,7000009957,1000009957,20250320,CARD,PAID,40404.0
9959,7000009958,1000009958,20250115,GATEWAY,PAID,73770.96
9960,7000009959,1000009959,20250527,CARD,PAID,21165.0
9961,7000009960,1000009960,20240310,GATEWAY,PAID,15729.6
9962,7000009961,1000009961,20250714,CARD,PAID,20176.35
9963,7000009962,1000009962,20240615,CARD,PAID,47454.75
9964,7000009963,1000009963,20240914,CARD,PAID,49005.0
9965,7000009964,1000009964,20250812,TRANSFER,PAID,28459.2
9966,7000009965,1000009965,20240117,GATEWAY,PAID,18351.75
9967,7000009966,1000009966,20241010,CARD,PAID,18150.0
9968,7000009967,1000009967,20250426,CARD,PAID,13794.0
9969,7000009968,1000009968,20250131,GATEWAY,PAID,78446.4
9970,7000009969,1000009969,20240831,CARD,PAID,30782.16
9971,7000009970,1000009970,20240506,CARD,PAID,53290.5
9972,7000009971,1000009971,20240820,GATEWAY,PAID,86466.6
9973,7000009972,1000009972,20250424,GATEWAY,PAID,36774.0
9974,7000009973,1000009973,20240310,GATEWAY,PAID,33870.0
9975,7000009974,1000009974,20240912,CASH,PAID,29040.0
9976,7000009975,1000009975,20241214,CARD,PAID,41382.0
9977,7000009976,1000009976,20240707,CARD,PAID,77311.74
9978,7000009977,1000009977,20240424,CARD,PAID,74952.0
9979,7000009978,1000009978,20240131,CARD,REFUNDED,36300.0
9980,7000009979,1000009979,20240201,CARD,PAID,36300.0
9981,7000009980,1000009980,20241020,CARD,PAID,43888.8
9982,7000009981,1000009981,0,GATEWAY,FAILED,15429.6
9983,7000009982,1000009982,20250114,CARD,PAID,28967.4
9984,7000009983,1000009983,20250904,CARD,PAID,15983.7
9985,7000009984,1000009984,20241203,CASH,PAID,91113.0
9986,7000009985,1000009985,20240829,GATEWAY,PAID,19604.62
9987,7000009986,1000009986,20241009,CASH,PAID,46554.75
9988,7000009987,1000009987,20240325,CARD,PAID,14483.7
9989,7000009988,1000009988,20240618,GATEWAY,PAID,55650.0
9990,7000009989,1000009989,20240215,CARD,PAID,107677.5
9991,7000009990,1000009990,20240222,CARD,PAID,38143.8
9992,7000009991,1000009991,20250628,CARD,PAID,124075.5
9993,7000009992,1000009992,20240608,CARD,PAID,29359.2
9994,7000009993,1000009993,20250329,GATEWAY,PAID,83538.0
9995,7000009994,1000009994,20240608,CARD,PAID,29649.6
9996,7000009995,1000009995,20250112,CASH,PAID,42688.8
9997,7000009996,1000009996,20250315,CARD,PAID,37243.8
9998,7000009997,1000009997,20250519,GATEWAY,PAID,46151.58
9999,7000009998,1000009998,20250303,CARD,PAID,21165.0
10000,7000009999,1000009999,20240605,GATEWAY,PAID,98421.0
10001,7000010000,1000010000,20250214,CASH,PAID,39204.0
10002,7000010001,1000010001,20240222,CARD,PAID,50033.1
10003,7000010002,1000010002,20241007,GATEWAY,PAID,89544.6
10004,7000010003,1000010003,20240322,CASH,PAID,18150.0
10005,7000010004,1000010004,20240604,GATEWAY,PAID,14229.6
10006,7000010005,1000010005,20240810,CARD,PAID,28749.6
10007,7000010006,1000010006,20241127,CASH,PAID,35283.6
10008,7000010007,1000010007,20240716,CARD,PAID,42582.0
10009,7000010008,1000010008,20250205,GATEWAY,PAID,38115.0
10010,7000010009,1000010009,20240215,CARD,PAID,52627.5
10011,7000010010,1000010010,20240703,CASH,PAID,46957.68
10012,7000010011,1000010011,0,GATEWAY,FAILED,39619.92
10013,7000010012,1000010012,0,TRANSFER,PENDING,23522.4
10014,7000010013,1000010013,20250302,CARD,PAID,32851.5
10015,7000010014,1000010014,20240912,CARD,PAID,15601.5
10016,7000010015,1000010015,20250203,GATEWAY,PAID,39015.0
10017,7000010016,1000010016,20240830,CARD,PAID,77319.0
10018,7000010017,1000010017,20240702,CASH,PAID,29040.0
10019,7000010018,1000010018,20250326,GATEWAY,REFUNDED,30603.0
10020,7000010019,1000010019,20250719,CARD,PAID,37500.0
10021,7000010020,1000010020,20240813,CARD,PAID,13314.6
10022,7000010021,1000010021,20240304,CARD,PAID,55513.88
10023,7000010022,1000010022,20240715,GATEWAY,PAID,13794.0
10024,7000010023,1000010023,20250406,CARD,PAID,36300.0
10025,7000010024,1000010024,20241231,GATEWAY,PAID,54450.0
10026,7000010025,1000010025,20250911,TRANSFER,PAID,17242.5
10027,7000010026,1000010026,20250509,CASH,PAID,16335.0
10028,7000010027,1000010027,20240220,CASH,PAID,49005.0
10029,7000010028,1000010028,0,CARD,FAILED,40365.6
10030,7000010029,1000010029,20240416,TRANSFER,PAID,37243.8
10031,7000010030,1000010030,20240610,CARD,PAID,13968.0
10032,7000010031,1000010031,20250707,CASH,PAID,52272.0
10033,7000010032,1000010032,20250821,CARD,PAID,13968.0
10034,7000010033,1000010033,20241218,CARD,PAID,26029.2
10035,7000010034,1000010034,20250923,CARD,PAID,28459.2
10036,7000010035,1000010035,20240416,CARD,REFUNDED,62610.0
10037,7000010036,1000010036,20250914,CARD,PAID,31082.16
10038,7000010037,1000010037,20240630,CARD,PAID,15221.4
10039,7000010038,1000010038,20240115,CARD,PAID,16335.0
10040,7000010039,1000010039,20241216,CARD,PAID,17242.5
10041,7000010040,1000010040,0,GATEWAY,PENDING,14268.0
10042,7000010041,1000010041,20250318,CASH,PAID,26136.0
10043,7000010042,1000010042,20250528,CARD,PAID,33870.0
10044,7000010043,1000010043,20240702,CASH,PAID,37352.7
10045,7000010044,1000010044,20250419,GATEWAY,PAID,19304.62
10046,7000010045,1000010045,20250402,CARD,PAID,83736.6
10047,7000010046,1000010046,20250723,TRANSFER,PAID,84796.8
10048,7000010047,1000010047,20240115,GATEWAY,PAID,20466.75
10049,7000010048,1000010048,20250108,CARD,PAID,63636.0
10050,7000010049,1000010049,20240211,GATEWAY,PAID,30240.0
10051,7000010050,1000010050,20240907,CARD,PAID,15720.0
10052,7000010051,1000010051,0,CASH,FAILED,45738.0
10053,7000010052,1000010052,20250502,GATEWAY,PAID,37200.0
10054,7000010053,1000010053,20250807,CASH,PAID,45048.3
10055,7000010054,1000010054,20240707,CASH,PAID,13068.0
10056,7000010055,1000010055,20240423,CASH,PAID,31036.5
10057,7000010056,1000010056,20250310,CASH,PAID,28459.2
10058,7000010057,1000010057,0,CARD,FAILED,27588.0
10059,7000010058,1000010058,20250415,CARD,PAID,18687.0
10060,7000010059,1000010059,20250616,CARD,PAID,122786.85
10061,7000010060,1000010060,20250127,CARD,PAID,31581.0
10062,7000010061,1000010061,20250726,CARD,PAID,43487.4
10063,7000010062,1000010062,20250301,CASH,PAID,46427.7
10064,7000010063,1000010063,20240803,GATEWAY,PAID,33870.0
10065,7000010064,1000010064,0,CARD,FAILED,75189.0
10066,7000010065,1000010065,20240208,GATEWAY,PAID,26513.28
10067,7000010066,1000010066,20250313,CARD,PAID,29359.2
10068,7000010067,1000010067,20241201,CARD,PAID,60088.2
10069,7000010068,1000010068,20241228,GATEWAY,PAID,43560.0
10070,7000010069,1000010069,20240223,CARD,PAID,13794.0
10071,7000010070,1000010070,20250217,CARD,PAID,43588.8
10072,7000010071,1000010071,20250225,GATEWAY,PAID,14520.0
10073,7000010072,1000010072,20250518,CARD,PAID,44760.0
10074,7000010073,1000010073,20250421,CARD,PAID,67681.35
10075,7000010074,1000010074,20240518,CARD,PAID,107133.0
10076,7000010075,1000010075,0,TRANSFER,FAILED,56029.05
10077,7000010076,1000010076,20240714,GATEWAY,PAID,36774.0
10078,7000010077,1000010077,20241205,GATEWAY,PAID,19650.0
10079,7000010078,1000010078,20250415,TRANSFER,PAID,28967.4
10080,7000010079,1000010079,20250109,CARD,PAID,39204.0
10081,7000010080,1000010080,20240830,CARD,PAID,20257.5
10082,7000010081,1000010081,20240222,GATEWAY,REFUNDED,14694.0
10083,7000010082,1000010082,20250424,CASH,PAID,13068.0
10084,7000010083,1000010083,20241202,GATEWAY,PAID,16141.08
10085,7000010084,1000010084,20240322,CARD,PAID,15429.6
10086,7000010085,1000010085,20240107,CARD,PAID,36300.0
10087,7000010086,1000010086,20240220,CARD,PAID,29940.0
10088,7000010087,1000010087,20250909,CARD,PAID,14229.6
10089,7000010088,1000010088,20240802,CARD,PAID,40104.0
10090,7000010089,1000010089,20250828,CARD,PAID,14268.0
10091,7000010090,1000010090,0,CARD,FAILED,41164.2
10092,7000010091,1000010091,0,GATEWAY,FAILED,17787.0
10093,7000010092,1000010092,20240928,CARD,PAID,28788.0
10094,7000010093,1000010093,0,GATEWAY,FAILED,15429.6
10095,7000010094,1000010094,20250819,TRANSFER,PAID,41382.0
10096,7000010095,1000010095,20250401,CARD,PAID,30240.0
10097,7000010096,1000010096,20250306,CARD,PAID,15420.0
10098,7000010097,1000010097,0,CASH,FAILED,35283.6
10099,7000010098,1000010098,20250307,CARD,PAID,62387.28
10100,7000010099,1000010099,20250415,CASH,PAID,18150.0
10101,7000010100,1000010100,20241022,TRANSFER,PAID,29040.0
10102,7000010101,1000010101,0,GATEWAY,FAILED,64134.6
10103,7000010102,1000010102,20250113,GATEWAY,PAID,49905.0
10104,7000010103,1000010103,20250129,TRANSFER,PAID,13068.0
10105,7000010104,1000010104,20240923,CARD,PAID,86459.1
10106,7000010105,1000010105,0,CASH,FAILED,35574.0
10107,7000010106,1000010106,20240407,CASH,PAID,73471.2
10108,7000010107,1000010107,20241026,CASH,PAID,74509.38
10109,7000010108,1000010108,20250831,GATEWAY,PAID,16020.0
10110,7000010109,1000010109,20250407,CARD,PAID,21465.0
10111,7000010110,1000010110,20240716,CARD,PAID,30240.0
10112,7000010111,1000010111,20250331,CARD,PAID,35685.0
10113,7000010112,1000010112,20250906,CARD,PAID,53625.75
10114,7000010113,1000010113,20250824,TRANSFER,PAID,26136.0
10115,7000010114,1000010114,20250905,GATEWAY,PAID,75532.8
10116,7000010115,1000010115,20240605,CARD,PAID,141025.5
10117,7000010116,1000010116,0,CASH,PENDING,29882.16
10118,7000010117,1000010117,20250105,GATEWAY,PAID,68399.85
10119,7000010118,1000010118,20250617,GATEWAY,PAID,40704.0
10120,7000010119,1000010119,20240515,CASH,PAID,33287.1
10121,7000010120,1000010120,20240710,CARD,PAID,43888.8
10122,7000010121,1000010121,20240623,CASH,PAID,45738.0
10123,7000010122,1000010122,20240515,CASH,PAID,46246.2
10124,7000010123,1000010123,20250208,GATEWAY,PAID,40704.0
10125,7000010124,1000010124,20250118,CARD,PAID,19050.0
10126,7000010125,1000010125,20250122,CASH,PAID,32670.0
10127,7000010126,1000010126,20240110,CASH,PAID,99861.3
10128,7000010127,1000010127,20240503,GATEWAY,PAID,44460.0
10129,7000010128,1000010128,20240819,GATEWAY,PAID,45004.5
10130,7000010129,1000010129,20241005,CARD,PAID,42582.0
10131,7000010130,1000010130,20250125,CARD,PAID,61927.8
10132,7000010131,1000010131,20240831,CASH,PAID,76447.8
10133,7000010132,1000010132,20240601,GATEWAY,PAID,101668.8
10134,7000010133,1000010133,0,CARD,FAILED,16141.08
10135,7000010134,1000010134,20250814,GATEWAY,PAID,33444.0
10136,7000010135,1000010135,20240507,CARD,PAID,42582.0
10137,7000010136,1000010136,20240407,GATEWAY,REFUNDED,32670.0
10138,7000010137,1000010137,20240801,CARD,PAID,41382.0
10139,7000010138,1000010138,20240720,CARD,PAID,79043.25
10140,7000010139,1000010139,20250402,GATEWAY,PAID,29359.2
10141,7000010140,1000010140,20250324,CARD,PAID,41382.0
10142,7000010141,1000010141,20240504,CARD,PAID,41382.0
10143,7000010142,1000010142,20241126,CASH,PAID,96921.0
10144,7000010143,1000010143,20240328,CARD,PAID,117460.35
10145,7000010144,1000010144,20240411,CARD,PAID,44188.8
10146,7000010145,1000010145,0,GATEWAY,FAILED,51952.56
10147,7000010146,1000010146,20240704,CASH,PAID,59895.0
10148,7000010147,1000010147,20250508,CASH,PAID,14520.0
10149,7000010148,1000010148,0,TRANSFER,FAILED,82038.0
10150,7000010149,1000010149,20250509,CASH,PAID,34303.5
10151,7000010150,1000010150,20250713,CARD,PAID,54861.0
10152,7000010151,1000010151,20240827,GATEWAY,PAID,27036.0
10153,7000010152,1000010152,20240402,CARD,PAID,52627.5
10154,7000010153,1000010153,20240330,CASH,REFUNDED,16335.0
10155,7000010154,1000010154,20240605,CARD,PAID,26136.0
10156,7000010155,1000010155,20240605,GATEWAY,PAID,16718.25
10157,7000010156,1000010156,20241004,CARD,PAID,40249.2
10158,7000010157,1000010157,20250222,GATEWAY,PAID,71031.6
10159,7000010158,1000010158,20250511,CARD,PAID,13968.0
10160,7000010159,1000010159,20250914,CARD,PAID,55350.0
10161,7000010160,1000010160,20240203,CARD,PAID,14268.0
10162,7000010161,1000010161,20250223,TRANSFER,PAID,14701.5
10163,7000010162,1000010162,20240810,CASH,PAID,13721.4
10164,7000010163,1000010163,20250220,CARD,PAID,45694.2
10165,7000010164,1000010164,20250608,GATEWAY,PAID,28942.8
10166,7000010165,1000010165,20240104,CASH,PAID,14520.0
10167,7000010166,1000010166,20240415,CARD,PAID,75387.6
10168,7000010167,1000010167,20250321,CARD,PAID,50205.0
10169,7000010168,1000010168,20250212,CARD,PAID,55513.88
10170,7000010169,1000010169,20250329,CASH,PAID,14229.6
10171,7000010170,1000010170,20250619,GATEWAY,PAID,36483.6
10172,7000010171,1000010171,20240506,CARD,REFUNDED,18351.75
10173,7000010172,1000010172,20240817,CARD,PAID,31305.12
10174,7000010173,1000010173,20240402,CARD,REFUNDED,74589.0
10175,7000010174,1000010174,20250214,CARD,PAID,54805.5
10176,7000010175,1000010175,20250901,GATEWAY,PAID,72212.4
10177,7000010176,1000010176,20240219,GATEWAY,PAID,15274.8
10178,7000010177,1000010177,20250805,GATEWAY,PAID,58554.0
10179,7000010178,1000010178,20240429,GATEWAY,PAID,16020.0
10180,7000010179,1000010179,20240622,CARD,PAID,30492.0
10181,7000010180,1000010180,0,CARD,PENDING,67381.88
10182,7000010181,1000010181,20240821,CARD,PAID,14268.0
10183,7000010182,1000010182,20250612,CARD,PAID,28488.0
10184,7000010183,1000010183,20240724,CARD,PAID,44651.1
10185,7000010184,1000010184,20241209,CARD,PAID,72382.2
10186,7000010185,1000010185,20250605,CARD,PAID,53361.0
10187,7000010186,1000010186,20250303,GATEWAY,PAID,42064.2
10188,7000010187,1000010187,20250716,CASH,PAID,28749.6
10189,7000010188,1000010188,20240303,CARD,PAID,27336.0
10190,7000010189,1000010189,20240329,GATEWAY,PAID,13968.0
10191,7000010190,1000010190,20250422,CARD,PAID,49905.0
10192,7000010191,1000010191,20240310,CARD,PAID,29403.0
10193,7000010192,1000010192,20241104,CARD,PAID,28342.8
10194,7000010193,1000010193,20240513,CARD,PAID,42364.2
10195,7000010194,1000010194,20250930,CARD,PAID,55350.0
10196,7000010195,1000010195,20250904,CARD,PAID,46023.24
10197,7000010196,1000010196,0,CASH,FAILED,25613.28
10198,7000010197,1000010197,20240918,GATEWAY,PAID,26329.2
10199,7000010198,1000010198,20240117,CASH,PAID,58697.1
10200,7000010199,1000010199,20240403,CARD,PAID,33870.0
10201,7000010200,1000010200,20250124,TRANSFER,PAID,71874.0
10202,7000010201,1000010201,20240207,TRANSFER,PAID,34485.0
10203,7000010202,1000010202,20240326,GATEWAY,PAID,88844.25
10204,7000010203,1000010203,20250508,CARD,PAID,19565.7
10205,7000010204,1000010204,20250908,CASH,PAID,28967.4
10206,7000010205,1000010205,20240409,GATEWAY,PAID,14268.0
10207,7000010206,1000010206,20240907,CARD,PAID,120717.75
10208,7000010207,1000010207,20240108,GATEWAY,PAID,29359.2
10209,7000010208,1000010208,20241104,CARD,PAID,42582.0
10210,7000010209,1000010209,20250109,CARD,PAID,42688.8
10211,7000010210,1000010210,20241005,CARD,PAID,38115.0
10212,7000010211,1000010211,20250715,CARD,PAID,15729.6
10213,7000010212,1000010212,20240729,CARD,PAID,26136.0
10214,7000010213,1000010213,20241130,CARD,PAID,39433.5
10215,7000010214,1000010214,20250219,GATEWAY,PAID,42064.2
10216,7000010215,1000010215,20250218,CARD,PAID,26136.0
10217,7000010216,1000010216,20250819,GATEWAY,PAID,87303.6
10218,7000010217,1000010217,20250630,CARD,PAID,58672.5
10219,7000010218,1000010218,20250323,TRANSFER,PAID,46957.68
10220,7000010219,1000010219,20250225,CASH,PAID,54450.0
10221,7000010220,1000010220,20250419,CARD,PAID,17787.0
10222,7000010221,1000010221,20240902,CARD,PAID,62254.5
10223,7000010222,1000010222,20250708,CARD,PAID,90089.1
10224,7000010223,1000010223,20240722,CARD,PAID,58334.1
10225,7000010224,1000010224,20250403,CARD,PAID,18442.5
10226,7000010225,1000010225,20250213,CARD,PAID,64425.0
10227,7000010226,1000010226,20240710,CARD,PAID,24722.4
10228,7000010227,1000010227,20250307,CARD,PAID,27336.0
10229,7000010228,1000010228,20250916,CARD,PAID,47238.0
10230,7000010229,1000010229,20240804,CARD,PAID,53542.5
10231,7000010230,1000010230,20250621,CARD,PAID,46554.75
10232,7000010231,1000010231,20250911,CARD,PAID,20257.5
10233,7000010232,1000010232,20250519,CARD,PAID,49005.0
10234,7000010233,1000010233,20240209,GATEWAY,PAID,42688.8
10235,7000010234,1000010234,20240304,GATEWAY,PAID,79315.5
10236,7000010235,1000010235,20240416,CARD,PAID,37933.5
10237,7000010236,1000010236,20240914,CARD,PAID,49803.6
10238,7000010237,1000010237,20241130,CASH,PAID,33033.0
10239,7000010238,1000010238,20240531,CARD,PAID,49905.0
10240,7000010239,1000010239,20250326,TRANSFER,PAID,84942.0
10241,7000010240,1000010240,20250223,GATEWAY,PAID,53361.0
10242,7000010241,1000010241,20240220,CARD,PAID,66646.8
10243,7000010242,1000010242,20241009,CARD,PAID,26136.0
10244,7000010243,1000010243,20240507,CARD,REFUNDED,14994.0
10245,7000010244,1000010244,0,GATEWAY,FAILED,37733.85
10246,7000010245,1000010245,0,CARD,FAILED,18142.5
10247,7000010246,1000010246,20240921,GATEWAY,PAID,49905.0
10248,7000010247,1000010247,20241125,GATEWAY,PAID,58100.25
10249,7000010248,1000010248,20240611,CARD,REFUNDED,42282.0
10250,7000010249,1000010249,20250210,CARD,PAID,18351.75
10251,7000010250,1000010250,20240424,CARD,PAID,13068.0
10252,7000010251,1000010251,20240320,TRANSFER,REFUNDED,28459.2
10253,7000010252,1000010252,20250110,CARD,PAID,32670.0
10254,7000010253,1000010253,20240617,CASH,REFUNDED,63568.56
10255,7000010254,1000010254,20250701,CASH,PAID,26136.0
10256,7000010255,1000010255,20240924,CARD,PAID,31726.2
10257,7000010256,1000010256,20240228,GATEWAY,PAID,19350.0
10258,7000010257,1000010257,20250629,CASH,PAID,16335.0
10259,7000010258,1000010258,20240409,CARD,PAID,15420.0
10260,7000010259,1000010259,0,GATEWAY,PENDING,20865.0
10261,7000010260,1000010260,20250402,CARD,PAID,65340.0
10262,7000010261,1000010261,20240519,CARD,PAID,18742.5
10263,7000010262,1000010262,20250315,CASH,PAID,41382.0
10264,7000010263,1000010263,20240309,CARD,PAID,54261.0
10265,7000010264,1000010264,0,CARD,FAILED,37352.7
10266,7000010265,1000010265,20241201,GATEWAY,PAID,35385.0
10267,7000010266,1000010266,20250317,CARD,PAID,50205.0
10268,7000010267,1000010267,20250930,TRANSFER,PAID,46957.68
10269,7000010268,1000010268,20240604,CARD,PAID,16073.4
10270,7000010269,1000010269,20250312,GATEWAY,PAID,67011.9
10271,7000010270,1000010270,20241103,CARD,PAID,27588.0
10272,7000010271,1000010271,20240827,CARD,PAID,49905.0
10273,7000010272,1000010272,20240501,GATEWAY,PAID,45694.2
10274,7000010273,1000010273,20240417,CARD,PAID,37200.0
10275,7000010274,1000010274,20250115,CARD,PAID,51303.6
10276,7000010275,1000010275,20240727,GATEWAY,PAID,32844.0
10277,7000010276,1000010276,20250513,CARD,PAID,27036.0
10278,7000010277,1000010277,20250905,CARD,PAID,44188.8
10279,7000010278,1000010278,20240114,CARD,PAID,13314.6
10280,7000010279,1000010279,20240124,CASH,PAID,67155.0
10281,7000010280,1000010280,20250221,CARD,PAID,18966.75
10282,7000010281,1000010281,0,CARD,FAILED,45738.0
10283,7000010282,1000010282,20250409,TRANSFER,PAID,17787.0
10284,7000010283,1000010283,20241112,CARD,PAID,28749.6
10285,7000010284,1000010284,20250614,CARD,REFUNDED,58554.0
10286,7000010285,1000010285,0,CARD,FAILED,29040.0
10287,7000010286,1000010286,20240117,CARD,PAID,59764.32
10288,7000010287,1000010287,20240129,TRANSFER,PAID,28459.2
10289,7000010288,1000010288,20250429,TRANSFER,PAID,43560.0
10290,7000010289,1000010289,20241013,CASH,PAID,39930.0
10291,7000010290,1000010290,20240331,CARD,PAID,19650.0
10292,7000010291,1000010291,20240324,CARD,PAID,19565.7
10293,7000010292,1000010292,20240129,CARD,PAID,24829.2
10294,7000010293,1000010293,20241126,CARD,PAID,17787.0
10295,7000010294,1000010294,0,CARD,FAILED,64057.08
10296,7000010295,1000010295,0,CARD,FAILED,73800.0
10297,7000010296,1000010296,20241125,CARD,PAID,14994.0
10298,7000010297,1000010297,20250623,GATEWAY,PAID,36300.0
10299,7000010298,1000010298,20241217,CARD,PAID,29949.6
10300,7000010299,1000010299,20250701,CARD,PAID,45604.5
10301,7000010300,1000010300,20240104,CASH,PAID,107811.0
10302,7000010301,1000010301,20240915,CARD,PAID,39204.0
10303,7000010302,1000010302,20250922,CARD,PAID,81312.0
10304,7000010303,1000010303,20250221,GATEWAY,PAID,43888.8
10305,7000010304,1000010304,20240515,CASH,PAID,50965.2
10306,7000010305,1000010305,20240331,GATEWAY,PAID,20466.75
10307,7000010306,1000010306,20250111,GATEWAY,PAID,55176.0
10308,7000010307,1000010307,20250908,CASH,PAID,42471.0
10309,7000010308,1000010308,20241104,CARD,PAID,25729.2
10310,7000010309,1000010309,20250503,GATEWAY,PAID,36183.6
10311,7000010310,1000010310,20241215,CASH,PAID,11761.2
10312,7000010311,1000010311,20241216,TRANSFER,PAID,34303.5
10313,7000010312,1000010312,20250520,GATEWAY,PAID,44651.1
10314,7000010313,1000010313,20240318,CARD,PAID,68173.5
10315,7000010314,1000010314,20250124,CARD,PAID,66603.0
10316,7000010315,1000010315,20250326,CARD,PAID,93799.2
10317,7000010316,1000010316,20250804,CARD,PAID,65514.0
10318,7000010317,1000010317,20240207,TRANSFER,PAID,13068.0
10319,7000010318,1000010318,0,CARD,FAILED,62319.6
10320,7000010319,1000010319,20240803,CARD,PAID,29040.0
10321,7000010320,1000010320,20240325,GATEWAY,PAID,35685.0
10322,7000010321,1000010321,20240419,CASH,REFUNDED,59604.6
10323,7000010322,1000010322,20250924,CASH,PAID,26136.0
10324,7000010323,1000010323,20241020,GATEWAY,PAID,43560.0
10325,7000010324,1000010324,20240211,GATEWAY,PAID,69202.08
10326,7000010325,1000010325,20250727,CARD,PAID,42064.2
10327,7000010326,1000010326,20241212,CARD,PAID,18150.0
10328,7000010327,1000010327,20240718,CARD,PAID,18142.5
10329,7000010328,1000010328,20250430,CARD,PAID,37800.0
10330,7000010329,1000010329,20250701,GATEWAY,PAID,72464.16
10331,7000010330,1000010330,20250327,GATEWAY,PAID,79385.28
10332,7000010331,1000010331,20240515,CASH,PAID,14229.6
10333,7000010332,1000010332,20250909,CASH,PAID,54450.0
10334,7000010333,1000010333,20241027,CARD,PAID,37074.0
10335,7000010334,1000010334,20240608,TRANSFER,PAID,37352.7
10336,7000010335,1000010335,20250617,CASH,PAID,105633.0
10337,7000010336,1000010336,20240704,CARD,PAID,73800.0
10338,7000010337,1000010337,20250223,CASH,PAID,28459.2
10339,7000010338,1000010338,20250730,CARD,PAID,13794.0
10340,7000010339,1000010339,20250527,GATEWAY,PAID,30782.16
10341,7000010340,1000010340,20240425,TRANSFER,PAID,29040.0
10342,7000010341,1000010341,20250513,CARD,PAID,44760.0
10343,7000010342,1000010342,20250615,GATEWAY,PAID,27636.0
10344,7000010343,1000010343,20250815,CASH,PAID,78408.0
10345,7000010344,1000010344,20241022,GATEWAY,PAID,147043.8
10346,7000010345,1000010345,20250420,CARD,PAID,52627.5
10347,7000010346,1000010346,20240920,CARD,PAID,36474.0
10348,7000010347,1000010347,20240323,CARD,PAID,60804.6
10349,7000010348,1000010348,20240528,GATEWAY,PAID,18351.75
10350,7000010349,1000010349,20241017,CASH,PAID,29040.0
10351,7000010350,1000010350,0,CARD,FAILED,79025.1
10352,7000010351,1000010351,0,CARD,FAILED,13721.4
10353,7000010352,1000010352,20240612,CASH,PAID,43560.0
10354,7000010353,1000010353,20250317,CARD,PAID,48816.0
10355,7000010354,1000010354,20240327,GATEWAY,PAID,62247.0
10356,7000010355,1000010355,20240419,CARD,PAID,81892.8
10357,7000010356,1000010356,20240429,CASH,REFUNDED,32670.0
10358,7000010357,1000010357,0,GATEWAY,FAILED,43588.8
10359,7000010358,1000010358,0,CARD,FAILED,39204.0
10360,7000010359,1000010359,20250316,CASH,PAID,83490.0
10361,7000010360,1000010360,20250521,TRANSFER,PAID,14701.5
10362,7000010361,1000010361,20250909,CARD,PAID,46638.0
10363,7000010362,1000010362,20250923,CARD,PAID,28342.8
10364,7000010363,1000010363,20240202,CARD,PAID,56029.05
10365,7000010364,1000010364,20240617,GATEWAY,REFUNDED,35385.0
10366,7000010365,1000010365,20250215,TRANSFER,PAID,53361.0
10367,7000010366,1000010366,20250714,GATEWAY,PAID,73400.7
10368,7000010367,1000010367,0,GATEWAY,FAILED,99573.0
10369,7000010368,1000010368,20250926,GATEWAY,PAID,65731.8
10370,7000010369,1000010369,20240304,CARD,PAID,43560.0
10371,7000010370,1000010370,20240515,TRANSFER,PAID,51455.25
10372,7000010371,1000010371,20240525,CASH,PAID,31944.0
10373,7000010372,1000010372,0,CARD,FAILED,39315.0
10374,7000010373,1000010373,0,CARD,FAILED,56900.25
10375,7000010374,1000010374,0,TRANSFER,FAILED,13721.4
10376,7000010375,1000010375,20250705,CARD,PAID,69090.6
10377,7000010376,1000010376,20241228,CARD,PAID,37500.0
10378,7000010377,1000010377,20250606,TRANSFER,PAID,18150.0
10379,7000010378,1000010378,20250629,CASH,PAID,42688.8
10380,7000010379,1000010379,20240427,CARD,PAID,24829.2
10381,7000010380,1000010380,20250124,GATEWAY,PAID,65340.0
10382,7000010381,1000010381,20240606,CARD,PAID,32270.7
10383,7000010382,1000010382,20241207,CARD,PAID,42282.0
10384,7000010383,1000010383,20250320,GATEWAY,PAID,90561.0
10385,7000010384,1000010384,20241028,CARD,PAID,55350.0
10386,7000010385,1000010385,20241117,CARD,PAID,14520.0
10387,7000010386,1000010386,20250226,CARD,REFUNDED,45723.24
10388,7000010387,1000010387,0,CARD,FAILED,28459.2
10389,7000010388,1000010388,20250217,GATEWAY,PAID,15294.0
10390,7000010389,1000010389,20250119,CASH,REFUNDED,14941.08
10391,7000010390,1000010390,20250318,CARD,PAID,34414.5
10392,7000010391,1000010391,20240303,GATEWAY,PAID,73237.35
10393,7000010392,1000010392,20250822,CARD,PAID,29940.0
10394,7000010393,1000010393,20250815,CASH,PAID,59895.0
10395,7000010394,1000010394,20250421,TRANSFER,PAID,18150.0
10396,7000010395,1000010395,20241220,GATEWAY,PAID,19050.0
10397,7000010396,1000010396,20250804,CARD,PAID,53227.5
10398,7000010397,1000010397,20240211,CARD,PAID,54450.0
10399,7000010398,1000010398,0,GATEWAY,FAILED,146037.0
10400,7000010399,1000010399,0,GATEWAY,PENDING,40704.0
10401,7000010400,1000010400,20240521,GATEWAY,PAID,44169.6
10402,7000010401,1000010401,20241109,CARD,PAID,14229.6
10403,7000010402,1000010402,20240918,TRANSFER,PAID,84724.2
10404,7000010403,1000010403,20250628,CARD,PAID,61603.2
10405,7000010404,1000010404,20250828,GATEWAY,PAID,35022.0
10406,7000010405,1000010405,20240806,CASH,PAID,24829.2
10407,7000010406,1000010406,20250928,CASH,PAID,56482.8
10408,7000010407,1000010407,20250630,CASH,PAID,34485.0
10409,7000010408,1000010408,20240920,TRANSFER,PAID,28459.2
10410,7000010409,1000010409,20241118,CARD,PAID,29949.6
10411,7000010410,1000010410,20250610,CARD,PAID,11761.2
10412,7000010411,1000010411,20240325,CARD,PAID,31036.5
10413,7000010412,1000010412,0,GATEWAY,FAILED,27336.0
10414,7000010413,1000010413,20250205,CARD,PAID,15429.6
10415,7000010414,1000010414,20250723,CARD,REFUNDED,19050.0
10416,7000010415,1000010415,20241020,CARD,PAID,58697.1
10417,7000010416,1000010416,20250926,CASH,PAID,42688.8
10418,7000010417,1000010417,20240219,GATEWAY,PAID,14694.0
10419,7000010418,1000010418,20240209,GATEWAY,PAID,44188.8
10420,7000010419,1000010419,20250329,GATEWAY,PAID,17242.5
10421,7000010420,1000010420,20250505,CARD,PAID,27036.0
10422,7000010421,1000010421,20250526,GATEWAY,PAID,30540.0
10423,7000010422,1000010422,20250514,CARD,PAID,44760.0
10424,7000010423,1000010423,0,GATEWAY,FAILED,17172.0
10425,7000010424,1000010424,20250430,CASH,PAID,59895.0
10426,7000010425,1000010425,20250920,CARD,PAID,15420.0
10427,7000010426,1000010426,20240111,TRANSFER,PAID,86902.2
10428,7000010427,1000010427,20240915,CARD,PAID,35937.0
10429,7000010428,1000010428,20240831,CARD,PAID,36300.0
10430,7000010429,1000010429,20250129,CARD,PAID,29359.2
10431,7000010430,1000010430,20250305,CASH,PAID,39204.0
10432,7000010431,1000010431,20250819,GATEWAY,PAID,69870.0
10433,7000010432,1000010432,20240623,GATEWAY,PAID,82030.5
10434,7000010433,1000010433,20240320,TRANSFER,PAID,16008.3
10435,7000010434,1000010434,20240903,CARD,PAID,97939.5
10436,7000010435,1000010435,20250821,GATEWAY,PAID,54561.0
10437,7000010436,1000010436,20240620,TRANSFER,PAID,12806.64
10438,7000010437,1000010437,20250919,GATEWAY,PAID,39204.0
10439,7000010438,1000010438,20250129,CARD,PAID,80370.3
10440,7000010439,1000010439,20250425,CARD,PAID,60679.08
10441,7000010440,1000010440,20240906,CARD,PAID,17787.0
10442,7000010441,1000010441,0,CARD,FAILED,106213.8
10443,7000010442,1000010442,20240428,GATEWAY,PAID,54805.5
10444,7000010443,1000010443,20240411,CARD,PAID,67469.28
10445,7000010444,1000010444,20240522,CARD,PAID,23522.4
10446,7000010445,1000010445,20240325,CASH,PAID,39857.4
10447,7000010446,1000010446,20240927,CASH,PAID,38115.0
10448,7000010447,1000010447,20241016,CASH,PAID,13068.0
10449,7000010448,1000010448,20240823,GATEWAY,REFUNDED,27036.0
10450,7000010449,1000010449,20250220,GATEWAY,PAID,45060.0
10451,7000010450,1000010450,20240718,TRANSFER,PAID,29403.0
10452,7000010451,1000010451,20240705,TRANSFER,PAID,85486.5
10453,7000010452,1000010452,20240514,CARD,PAID,34303.5
10454,7000010453,1000010453,20250401,CASH,PAID,45375.0
10455,7000010454,1000010454,20240821,CARD,PAID,54261.0
10456,7000010455,1000010455,20250423,CASH,PAID,16335.0
10457,7000010456,1000010456,20250119,CARD,PAID,53653.5
10458,7000010457,1000010457,20241107,GATEWAY,PAID,14268.0
10459,7000010458,1000010458,20250915,GATEWAY,PAID,40704.0
10460,7000010459,1000010459,20240408,CARD,PAID,19468.5
10461,7000010460,1000010460,20240131,GATEWAY,PAID,43560.0
10462,7000010461,1000010461,20241203,CARD,PAID,31036.5
10463,7000010462,1000010462,20250811,CARD,PAID,18676.35
10464,7000010463,1000010463,20250426,CASH,PAID,41164.2
10465,7000010464,1000010464,20250727,CASH,PAID,36209.25
10466,7000010465,1000010465,0,CARD,FAILED,99425.7
10467,7000010466,1000010466,20240411,CASH,PAID,38419.92
10468,7000010467,1000010467,20240407,CARD,PAID,53361.0
10469,7000010468,1000010468,20250602,CARD,PAID,56900.25
10470,7000010469,1000010469,0,CARD,FAILED,39204.0
10471,7000010470,1000010470,20240207,TRANSFER,PAID,13068.0
10472,7000010471,1000010471,20250201,GATEWAY,PAID,60732.0
10473,7000010472,1000010472,20250310,TRANSFER,PAID,49005.0
10474,7000010473,1000010473,20250912,CARD,PAID,15429.6
10475,7000010474,1000010474,20240623,GATEWAY,PAID,18051.75
10476,7000010475,1000010475,20250710,GATEWAY,PAID,50205.0
10477,7000010476,1000010476,20250729,GATEWAY,PAID,15901.5
10478,7000010477,1000010477,20240517,CARD,PAID,56991.0
10479,7000010478,1000010478,20240911,GATEWAY,PAID,28996.2
10480,7000010479,1000010479,20241226,CASH,PAID,26136.0
10481,7000010480,1000010480,0,GATEWAY,FAILED,96215.25
10482,7000010481,1000010481,20240216,TRANSFER,PAID,15173.4
10483,7000010482,1000010482,20250920,GATEWAY,PAID,16146.0
10484,7000010483,1000010483,20240716,CARD,PAID,30492.0
10485,7000010484,1000010484,20241210,GATEWAY,PAID,51185.1
10486,7000010485,1000010485,20241202,GATEWAY,PAID,89554.2
10487,7000010486,1000010486,20240124,CASH,PAID,115749.81
10488,7000010487,1000010487,20240911,GATEWAY,PAID,19650.0
10489,7000010488,1000010488,20241028,CARD,PAID,53361.0
10490,7000010489,1000010489,20240818,TRANSFER,REFUNDED,47033.91
10491,7000010490,1000010490,20240602,CARD,PAID,120808.5
10492,7000010491,1000010491,0,GATEWAY,FAILED,56076.0
10493,7000010492,1000010492,20250814,CARD,PAID,29040.0
10494,7000010493,1000010493,20250107,CASH,REFUNDED,100079.1
10495,7000010494,1000010494,20250221,CASH,PAID,45520.2
10496,7000010495,1000010495,20250425,CARD,PAID,67155.0
10497,7000010496,1000010496,20241010,CASH,PAID,16335.0
10498,7000010497,1000010497,20250331,CARD,PAID,17535.0
10499,7000010498,1000010498,20240331,CARD,PAID,36592.5
10500,7000010499,1000010499,20250707,GATEWAY,PAID,28788.0
10501,7000010500,1000010500,20250316,GATEWAY,PAID,33216.6
10502,7000010501,1000010501,20240427,CASH,PAID,69420.12
10503,7000010502,1000010502,20250807,CARD,PAID,19957.5
10504,7000010503,1000010503,20251002,GATEWAY,PAID,87366.6
10505,7000010504,1000010504,0,TRANSFER,FAILED,30492.0
10506,7000010505,1000010505,20241112,CASH,PAID,30492.0
10507,7000010506,1000010506,20240727,TRANSFER,PAID,44823.24
10508,7000010507,1000010507,20240228,CASH,PAID,107901.75
10509,7000010508,1000010508,20250613,GATEWAY,PAID,27636.0
10510,7000010509,1000010509,20250705,CASH,PAID,46554.75
10511,7000010510,1000010510,0,CARD,PENDING,73219.2
10512,7000010511,1000010511,20250530,GATEWAY,PAID,77384.1
10513,7000010512,1000010512,20250729,GATEWAY,REFUNDED,15429.6
10514,7000010513,1000010513,20240814,GATEWAY,PAID,13706.64
10515,7000010514,1000010514,0,CARD,FAILED,18742.5
10516,7000010515,1000010515,20241013,GATEWAY,PAID,55950.0
10517,7000010516,1000010516,20250313,CASH,PAID,15173.4
10518,7000010517,1000010517,20250624,CARD,REFUNDED,29949.6
10519,7000010518,1000010518,20240711,CARD,PAID,17787.0
10520,7000010519,1000010519,20240719,CARD,PAID,78664.2
10521,7000010520,1000010520,20250818,CARD,PAID,56029.05
10522,7000010521,1000010521,20250703,CASH,REFUNDED,26136.0
10523,7000010522,1000010522,20240625,CARD,PAID,39133.5
10524,7000010523,1000010523,20240210,CARD,PAID,58080.0
10525,7000010524,1000010524,20240507,CASH,PAID,36300.0
10526,7000010525,1000010525,20250831,CARD,PAID,50205.0
10527,7000010526,1000010526,20241126,CARD,PAID,34394.25
10528,7000010527,1000010527,20240121,CARD,PAID,29635.08
10529,7000010528,1000010528,20250120,GATEWAY,PAID,95715.6
10530,7000010529,1000010529,20250708,CARD,PAID,17535.0
10531,7000010530,1000010530,20241002,CASH,PAID,43560.0
10532,7000010531,1000010531,20240628,GATEWAY,PAID,28788.0
10533,7000010532,1000010532,20250916,CARD,REFUNDED,14520.0
10534,7000010533,1000010533,20240619,GATEWAY,PAID,99210.0
10535,7000010534,1000010534,20240729,GATEWAY,PAID,55350.0
10536,7000010535,1000010535,0,CASH,FAILED,54595.2
10537,7000010536,1000010536,20240604,CARD,PAID,34303.5
10538,7000010537,1000010537,20240516,GATEWAY,PAID,18142.5
10539,7000010538,1000010538,20240710,CASH,PAID,27588.0
10540,7000010539,1000010539,20240126,CARD,PAID,89572.35
10541,7000010540,1000010540,20241012,GATEWAY,PAID,30240.0
10542,7000010541,1000010541,20240701,CASH,PAID,17787.0
10543,7000010542,1000010542,20240428,GATEWAY,PAID,30303.0
10544,7000010543,1000010543,20250727,CARD,PAID,16146.0
10545,7000010544,1000010544,0,GATEWAY,PENDING,30240.0
10546,7000010545,1000010545,0,CARD,FAILED,53361.0
10547,7000010546,1000010546,20240708,TRANSFER,PAID,36300.0
10548,7000010547,1000010547,20241230,CARD,PAID,38833.5
10549,7000010548,1000010548,20240117,CASH,PAID,36300.0
10550,7000010549,1000010549,20241114,CARD,PAID,44188.8
10551,7000010550,1000010550,20250118,GATEWAY,PAID,32670.0
10552,7000010551,1000010551,20240212,GATEWAY,PAID,27588.0
10553,7000010552,1000010552,20250422,CARD,PAID,37200.0
10554,7000010553,1000010553,20250221,CASH,PAID,26862.0
10555,7000010554,1000010554,20250925,CASH,PAID,51727.5
10556,7000010555,1000010555,20250602,GATEWAY,PAID,40704.0
10557,7000010556,1000010556,20240309,CARD,PAID,49005.0
10558,7000010557,1000010557,20240708,CARD,REFUNDED,52927.5
10559,7000010558,1000010558,20250521,CARD,PAID,13314.6
10560,7000010559,1000010559,20241009,CARD,REFUNDED,15429.6
10561,7000010560,1000010560,20250911,GATEWAY,PAID,30240.0
10562,7000010561,1000010561,20250816,CARD,PAID,53849.52
10563,7000010562,1000010562,20241031,GATEWAY,PAID,29659.2
10564,7000010563,1000010563,20240330,GATEWAY,PAID,89012.04
10565,7000010564,1000010564,20250115,GATEWAY,PAID,46478.52
10566,7000010565,1000010565,20240626,CARD,PAID,19866.75
10567,7000010566,1000010566,20250506,GATEWAY,PAID,70489.44
10568,7000010567,1000010567,20250415,CASH,PAID,34485.0
10569,7000010568,1000010568,20240530,CARD,PAID,29040.0
10570,7000010569,1000010569,20240609,CARD,PAID,67155.0
10571,7000010570,1000010570,20240123,TRANSFER,PAID,83853.0
10572,7000010571,1000010571,20240314,CARD,PAID,18442.5
10573,7000010572,1000010572,20250422,CARD,PAID,18051.75
10574,7000010573,1000010573,20250906,CASH,PAID,14520.0
10575,7000010574,1000010574,20240212,GATEWAY,PAID,55650.0
10576,7000010575,1000010575,20240211,CARD,PAID,13068.0
10577,7000010576,1000010576,20240510,GATEWAY,PAID,19050.0
10578,7000010577,1000010577,20240605,CARD,PAID,69163.2
10579,7000010578,1000010578,20240903,TRANSFER,PAID,44286.0
10580,7000010579,1000010579,20250327,GATEWAY,PAID,33570.0
10581,7000010580,1000010580,20241116,CARD,PAID,40104.0
10582,7000010581,1000010581,20240412,GATEWAY,PAID,46023.24
10583,7000010582,1000010582,20240906,CASH,PAID,36209.25
10584,7000010583,1000010583,20250608,GATEWAY,PAID,33533.7
10585,7000010584,1000010584,20250929,GATEWAY,PAID,37352.7
10586,7000010585,1000010585,20240522,GATEWAY,PAID,49005.0
10587,7000010586,1000010586,20250502,CARD,PAID,34122.0
10588,7000010587,1000010587,0,CARD,FAILED,29359.2
10589,7000010588,1000010588,20240616,CASH,PAID,18104.62
10590,7000010589,1000010589,20240508,CARD,PAID,31029.0
10591,7000010590,1000010590,20240416,GATEWAY,PAID,27336.0
10592,7000010591,1000010591,20240405,CARD,PAID,55650.0
10593,7000010592,1000010592,20241212,CARD,REFUNDED,30492.0
10594,7000010593,1000010593,20250725,CASH,PAID,13068.0
10595,7000010594,1000010594,20240730,CASH,PAID,26136.0
10596,7000010595,1000010595,20241122,GATEWAY,PAID,24722.4
10597,7000010596,1000010596,20240322,CARD,PAID,70035.69
10598,7000010597,1000010597,20240320,CASH,PAID,28459.2
10599,7000010598,1000010598,20240820,CARD,PAID,26513.28
10600,7000010599,1000010599,0,CARD,FAILED,72411.0
10601,7000010600,1000010600,20250306,CARD,PAID,14994.0
10602,7000010601,1000010601,20241113,CARD,PAID,19650.0
10603,7000010602,1000010602,20240814,CARD,PAID,54450.0
10604,7000010603,1000010603,20241110,CARD,PAID,18442.5
10605,7000010604,1000010604,20240413,GATEWAY,PAID,55350.0
10606,7000010605,1000010605,20250425,CARD,PAID,12661.2
10607,7000010606,1000010606,20241013,TRANSFER,PAID,19057.5
10608,7000010607,1000010607,20250423,CARD,PAID,46938.0
10609,7000010608,1000010608,20241005,CARD,PAID,25022.4
10610,7000010609,1000010609,0,CASH,FAILED,57172.5
10611,7000010610,1000010610,20240601,CARD,PAID,28488.0
10612,7000010611,1000010611,20240908,CARD,PAID,70785.0
10613,7000010612,1000010612,20250703,GATEWAY,PAID,78327.9
10614,7000010613,1000010613,20250501,GATEWAY,PAID,16335.0
10615,7000010614,1000010614,20240111,CARD,PAID,95759.4
10616,7000010615,1000010615,20250719,GATEWAY,PAID,68355.0
10617,7000010616,1000010616,20250121,CARD,PAID,80223.0
10618,7000010617,1000010617,20250206,TRANSFER,PAID,17242.5
10619,7000010618,1000010618,20250607,CARD,PAID,44460.0
10620,7000010619,1000010619,20250325,CARD,PAID,52272.0
10621,7000010620,1000010620,20240402,CARD,REFUNDED,40104.0
10622,7000010621,1000010621,20250711,GATEWAY,PAID,26136.0
10623,7000010622,1000010622,20250111,TRANSFER,PAID,79823.7
10624,7000010623,1000010623,20250903,CARD,PAID,50205.0
10625,7000010624,1000010624,20250120,GATEWAY,PAID,79888.8
10626,7000010625,1000010625,20250929,GATEWAY,PAID,56929.05
10627,7000010626,1000010626,20250416,TRANSFER,PAID,12414.6
10628,7000010627,1000010627,20241213,GATEWAY,PAID,82575.0
10629,7000010628,1000010628,20250728,GATEWAY,PAID,16141.08
10630,7000010629,1000010629,20241026,GATEWAY,REFUNDED,29959.2
10631,7000010630,1000010630,20241021,GATEWAY,PAID,58072.5
10632,7000010631,1000010631,20240721,CASH,PAID,18150.0
10633,7000010632,1000010632,20250516,CARD,PAID,14268.0
10634,7000010633,1000010633,20241120,GATEWAY,PAID,42582.0
10635,7000010634,1000010634,20240829,GATEWAY,PAID,73863.0
10636,7000010635,1000010635,20240118,CARD,PAID,58377.42
10637,7000010636,1000010636,0,CARD,FAILED,42688.8
10638,7000010637,1000010637,20240702,TRANSFER,PAID,14520.0
10639,7000010638,1000010638,20250509,CARD,PAID,44324.4
10640,7000010639,1000010639,20250210,CARD,PAID,147752.7
10641,7000010640,1000010640,20240823,CARD,PAID,26136.0
10642,7000010641,1000010641,20240526,CASH,PAID,39204.0
10643,7000010642,1000010642,20250708,CARD,PAID,15972.0
10644,7000010643,1000010643,20250327,CASH,PAID,29040.0
10645,7000010644,1000010644,20250605,CARD,PAID,12806.64
10646,7000010645,1000010645,20240802,CARD,PAID,80694.9
10647,7000010646,1000010646,0,CARD,FAILED,57800.25
10648,7000010647,1000010647,20250604,CARD,PAID,50965.2
10649,7000010648,1000010648,20240114,CARD,PAID,30240.0
10650,7000010649,1000010649,20250308,CASH,PAID,95287.5
10651,7000010650,1000010650,20240229,GATEWAY,PAID,77456.7
10652,7000010651,1000010651,20240327,GATEWAY,PAID,43317.6
10653,7000010652,1000010652,20250831,CARD,PAID,16441.08
10654,7000010653,1000010653,20240604,CARD,PAID,13068.0
10655,7000010654,1000010654,20241202,CARD,PAID,55350.0
10656,7000010655,1000010655,20240828,CARD,PAID,91802.7
10657,7000010656,1000010656,20250726,CARD,PAID,29040.0
10658,7000010657,1000010657,20241008,CARD,PAID,56029.05
10659,7000010658,1000010658,20250205,TRANSFER,PAID,43560.0
10660,7000010659,1000010659,20250722,GATEWAY,PAID,40704.0
10661,7000010660,1000010660,20240902,CASH,PAID,17242.5
10662,7000010661,1000010661,20240321,CARD,PAID,43560.0
10663,7000010662,1000010662,0,GATEWAY,PENDING,13068.0
10664,7000010663,1000010663,0,GATEWAY,FAILED,44324.4
10665,7000010664,1000010664,20250513,CARD,PAID,28459.2
10666,7000010665,1000010665,20241222,CARD,REFUNDED,15429.6
10667,7000010666,1000010666,20240522,GATEWAY,PAID,14694.0
10668,7000010667,1000010667,20240803,CARD,PAID,41556.0
10669,7000010668,1000010668,20250717,CASH,PAID,37933.5
10670,7000010669,1000010669,20240505,CARD,PAID,42688.8
10671,7000010670,1000010670,20250811,CARD,PAID,56439.0
10672,7000010671,1000010671,0,CARD,FAILED,63573.0
10673,7000010672,1000010672,20240305,CASH,PAID,13794.0
10674,7000010673,1000010673,20250125,CARD,PAID,37500.0
10675,7000010674,1000010674,20240805,CARD,PAID,35283.6
10676,7000010675,1000010675,20240722,CARD,PAID,67109.62
10677,7000010676,1000010676,20250813,GATEWAY,PAID,18987.0
10678,7000010677,1000010677,20241207,CASH,PAID,34485.0
10679,7000010678,1000010678,20240507,CARD,PAID,44460.0
10680,7000010679,1000010679,20241218,TRANSFER,PAID,57034.56
10681,7000010680,1000010680,20240130,CASH,REFUNDED,24829.2
10682,7000010681,1000010681,20250615,CARD,PAID,15420.0
10683,7000010682,1000010682,20250903,CARD,PAID,36300.0
10684,7000010683,1000010683,20241126,CASH,REFUNDED,39930.0
10685,7000010684,1000010684,20250603,CARD,PAID,17242.5
10686,7000010685,1000010685,20240628,CARD,PAID,42282.0
10687,7000010686,1000010686,20240827,CARD,PAID,29040.0
10688,7000010687,1000010687,20240517,GATEWAY,REFUNDED,27588.0
10689,7000010688,1000010688,20241228,CARD,PAID,13068.0
10690,7000010689,1000010689,20241013,CARD,PAID,19350.0
10691,7000010690,1000010690,0,CARD,FAILED,28459.2
10692,7000010691,1000010691,20250910,CASH,PAID,15518.25
10693,7000010692,1000010692,0,CARD,PENDING,58128.0
10694,7000010693,1000010693,20250626,CARD,PAID,13968.0
10695,7000010694,1000010694,20250221,CARD,PAID,54805.5
10696,7000010695,1000010695,20240630,CASH,PAID,25613.28
10697,7000010696,1000010696,20250824,CARD,PAID,27588.0
10698,7000010697,1000010697,20250819,GATEWAY,PAID,90135.0
10699,7000010698,1000010698,20241211,CARD,PAID,28488.0
10700,7000010699,1000010699,20240930,GATEWAY,PAID,78093.0
10701,7000010700,1000010700,20240921,GATEWAY,PAID,30167.4
10702,7000010701,1000010701,20241223,CARD,PAID,72411.0
10703,7000010702,1000010702,20250926,CARD,PAID,47190.0
10704,7000010703,1000010703,20240424,CARD,PAID,32670.0
10705,7000010704,1000010704,20250426,CARD,PAID,100789.05
10706,7000010705,1000010705,20250523,CARD,PAID,68879.25
10707,7000010706,1000010706,20250531,CARD,PAID,45723.24
10708,7000010707,1000010707,20241212,CASH,PAID,53361.0
10709,7000010708,1000010708,20250721,CASH,PAID,28967.4
10710,7000010709,1000010709,20250104,CASH,PAID,29403.0
10711,7000010710,1000010710,20241219,CARD,PAID,16008.3
10712,7000010711,1000010711,20250126,CARD,PAID,39204.0
10713,7000010712,1000010712,20250527,CARD,PAID,45102.75
10714,7000010713,1000010713,20240626,GATEWAY,REFUNDED,123231.0
10715,7000010714,1000010714,20240205,CARD,PAID,61095.0
10716,7000010715,1000010715,20250107,CASH,REFUNDED,51727.5
10717,7000010716,1000010716,20240106,CARD,PAID,13794.0
10718,7000010717,1000010717,20250816,CASH,REFUNDED,71692.5
10719,7000010718,1000010718,0,CARD,FAILED,37109.25
10720,7000010719,1000010719,0,CASH,FAILED,13794.0
10721,7000010720,1000010720,20240814,GATEWAY,PAID,28459.2
10722,7000010721,1000010721,20250625,GATEWAY,PAID,18687.0
10723,7000010722,1000010722,20240928,GATEWAY,PAID,15294.0
10724,7000010723,1000010723,20250810,CARD,PAID,50205.0
10725,7000010724,1000010724,20250911,GATEWAY,PAID,59597.1
10726,7000010725,1000010725,20241217,CARD,PAID,49433.1
10727,7000010726,1000010726,20240111,CARD,PAID,53361.0
10728,7000010727,1000010727,20250620,GATEWAY,PAID,13706.64
10729,7000010728,1000010728,0,CARD,FAILED,11761.2
10730,7000010729,1000010729,20241001,TRANSFER,PAID,32670.0
10731,7000010730,1000010730,20240204,CARD,PAID,30167.4
10732,7000010731,1000010731,0,CARD,PENDING,14520.0
10733,7000010732,1000010732,20250315,CASH,PAID,17968.5
10734,7000010733,1000010733,20250107,CARD,PAID,55350.0
10735,7000010734,1000010734,20240603,CASH,PAID,12414.6
10736,7000010735,1000010735,0,TRANSFER,FAILED,11761.2
10737,7000010736,1000010736,20240302,CASH,PAID,45738.0
10738,7000010737,1000010737,20250331,CARD,PAID,43560.0
10739,7000010738,1000010738,20241021,GATEWAY,PAID,52927.5
10740,7000010739,1000010739,20241129,GATEWAY,PAID,38115.0
10741,7000010740,1000010740,20240621,GATEWAY,PAID,47454.75
10742,7000010741,1000010741,0,GATEWAY,FAILED,17242.5
10743,7000010742,1000010742,20240608,CASH,PAID,50638.5
10744,7000010743,1000010743,20240808,GATEWAY,PAID,114345.0
10745,7000010744,1000010744,20250426,CARD,PAID,50626.08
10746,7000010745,1000010745,20241010,CARD,PAID,93402.0
10747,7000010746,1000010746,0,CARD,PENDING,62073.0
10748,7000010747,1000010747,0,CARD,FAILED,16008.3
10749,7000010748,1000010748,20250114,CARD,PAID,38443.8
10750,7000010749,1000010749,20250326,CARD,PAID,36774.0
10751,7000010750,1000010750,0,GATEWAY,PENDING,35803.5
10752,7000010751,1000010751,0,CARD,FAILED,16008.3
10753,7000010752,1000010752,20240628,CARD,PAID,55350.0
10754,7000010753,1000010753,0,CARD,FAILED,82537.41
10755,7000010754,1000010754,20250124,GATEWAY,REFUNDED,24422.4
10756,7000010755,1000010755,20240420,CARD,PAID,18442.5
10757,7000010756,1000010756,20250205,GATEWAY,PAID,34485.0
10758,7000010757,1000010757,20240530,CARD,PAID,27515.4
10759,7000010758,1000010758,20250503,CARD,PAID,61095.0
10760,7000010759,1000010759,20250206,GATEWAY,PAID,44624.4
10761,7000010760,1000010760,20250210,CARD,REFUNDED,42582.0
10762,7000010761,1000010761,20250216,GATEWAY,PAID,122950.2
10763,7000010762,1000010762,20250714,GATEWAY,PAID,68282.4
10764,7000010763,1000010763,20240423,CASH,PAID,36209.25
10765,7000010764,1000010764,0,CARD,FAILED,24829.2
10766,7000010765,1000010765,20240802,GATEWAY,REFUNDED,49224.9
10767,7000010766,1000010766,20240616,GATEWAY,PAID,85842.0
10768,7000010767,1000010767,20240308,CARD,PAID,14701.5
10769,7000010768,1000010768,20250107,CARD,PAID,63162.0
10770,7000010769,1000010769,20250404,CARD,PAID,48714.6
10771,7000010770,1000010770,20250125,CARD,PAID,14994.0
10772,7000010771,1000010771,20250131,CASH,PAID,53905.5
10773,7000010772,1000010772,20240812,GATEWAY,PAID,37500.0
10774,7000010773,1000010773,20240203,CARD,PAID,46554.75
10775,7000010774,1000010774,0,CASH,PENDING,53687.7
10776,7000010775,1000010775,20240215,GATEWAY,PAID,21165.0
10777,7000010776,1000010776,0,CARD,FAILED,59532.0
10778,7000010777,1000010777,0,CARD,PENDING,15420.0
10779,7000010778,1000010778,20240216,GATEWAY,PAID,54261.0
10780,7000010779,1000010779,20240923,CARD,PAID,13614.6
10781,7000010780,1000010780,20240914,GATEWAY,PAID,30240.0
10782,7000010781,1000010781,20250902,CASH,PAID,14229.6
10783,7000010782,1000010782,20241222,CARD,PAID,16872.0
10784,7000010783,1000010783,20250426,GATEWAY,PAID,82792.8
10785,7000010784,1000010784,20250305,TRANSFER,PAID,34485.0
10786,7000010785,1000010785,20250731,GATEWAY,PAID,58951.2
10787,7000010786,1000010786,20241018,GATEWAY,PAID,29959.2
10788,7000010787,1000010787,20240829,CASH,PAID,43560.0
10789,7000010788,1000010788,20250622,CARD,PAID,28642.8
10790,7000010789,1000010789,20240922,CASH,REFUNDED,14229.6
10791,7000010790,1000010790,20250303,CARD,PAID,132052.14
10792,7000010791,1000010791,20241020,GATEWAY,PAID,14268.0
10793,7000010792,1000010792,20250620,CASH,PAID,36209.25
10794,7000010793,1000010793,20240405,CARD,PAID,52927.5
10795,7000010794,1000010794,20250812,CASH,PAID,31036.5
10796,7000010795,1000010795,20241031,GATEWAY,PAID,12961.2
10797,7000010796,1000010796,20250225,CARD,PAID,33570.0
10798,7000010797,1000010797,20240722,GATEWAY,PAID,31382.16
10799,7000010798,1000010798,20240525,CARD,PAID,124146.0
10800,7000010799,1000010799,20240529,CARD,PAID,19565.7
10801,7000010800,1000010800,0,CASH,FAILED,32670.0
10802,7000010801,1000010801,20240225,CARD,PAID,27442.8
10803,7000010802,1000010802,0,CARD,FAILED,35385.0
10804,7000010803,1000010803,20240820,GATEWAY,PAID,36474.0
10805,7000010804,1000010804,20240131,CARD,PAID,73800.0
10806,7000010805,1000010805,20240618,GATEWAY,PAID,17235.0
10807,7000010806,1000010806,20240531,CARD,PAID,40104.0
10808,7000010807,1000010807,20240605,GATEWAY,PAID,47201.7
10809,7000010808,1000010808,20241107,GATEWAY,PAID,85188.6
10810,7000010809,1000010809,20240128,CARD,PAID,44188.8
10811,7000010810,1000010810,20250715,CARD,PAID,18150.0
10812,7000010811,1000010811,20240315,CARD,PAID,43888.8
10813,7000010812,1000010812,20250103,CARD,PAID,28749.6
10814,7000010813,1000010813,20240625,CARD,PAID,15429.6
10815,7000010814,1000010814,20241229,CARD,REFUNDED,17787.0
10816,7000010815,1000010815,20250510,CARD,PAID,17151.75
10817,7000010816,1000010816,20250413,CASH,PAID,77754.6
10818,7000010817,1000010817,20250418,CARD,PAID,42180.6
10819,7000010818,1000010818,20250219,CARD,PAID,17242.5
10820,7000010819,1000010819,20250508,CARD,PAID,28749.6
10821,7000010820,1000010820,20250119,CASH,PAID,81901.88
10822,7000010821,1000010821,20250925,GATEWAY,PAID,31082.16
10823,7000010822,1000010822,20240403,CARD,PAID,12961.2
10824,7000010823,1000010823,0,CASH,FAILED,45992.1
10825,7000010824,1000010824,20250904,CARD,PAID,17208.3
10826,7000010825,1000010825,20250411,CARD,PAID,42582.0
10827,7000010826,1000010826,20250517,CASH,PAID,39204.0
10828,7000010827,1000010827,20240229,CARD,PAID,91675.65
10829,7000010828,1000010828,20250403,GATEWAY,PAID,37200.0
10830,7000010829,1000010829,20241215,CARD,PAID,13068.0
10831,7000010830,1000010830,20240302,CARD,PAID,72665.62
10832,7000010831,1000010831,20250323,CASH,PAID,32670.0
10833,7000010832,1000010832,20240113,CARD,PAID,40104.0
10834,7000010833,1000010833,20250425,CASH,PAID,93663.08
10835,7000010834,1000010834,20250130,CARD,PAID,31246.8
10836,7000010835,1000010835,20250731,CASH,PAID,45738.0
10837,7000010836,1000010836,0,CARD,FAILED,16852.56
10838,7000010837,1000010837,20250218,CASH,PAID,14701.5
10839,7000010838,1000010838,20241207,TRANSFER,PAID,24829.2
10840,7000010839,1000010839,20250530,CARD,PAID,15221.4
10841,7000010840,1000010840,20240218,GATEWAY,PAID,36474.0
10842,7000010841,1000010841,20240528,CARD,PAID,31036.5
10843,7000010842,1000010842,20250308,TRANSFER,PAID,28459.2
10844,7000010843,1000010843,0,CARD,FAILED,17535.0
10845,7000010844,1000010844,20240321,GATEWAY,PAID,18687.0
10846,7000010845,1000010845,20250619,CARD,PAID,35685.0
10847,7000010846,1000010846,20250820,CARD,PAID,38252.7
10848,7000010847,1000010847,20240228,CARD,PAID,54561.0
10849,7000010848,1000010848,20240929,CARD,PAID,67518.0
10850,7000010849,1000010849,20240730,CARD,PAID,32844.0
10851,7000010850,1000010850,20241008,CARD,PAID,18987.0
10852,7000010851,1000010851,20240103,GATEWAY,PAID,69144.0
10853,7000010852,1000010852,20250927,CARD,PAID,16020.0
10854,7000010853,1000010853,20241202,CARD,PAID,15420.0
10855,7000010854,1000010854,20240125,GATEWAY,PAID,43124.4
10856,7000010855,1000010855,20250824,TRANSFER,PAID,15246.0
10857,7000010856,1000010856,20250524,CARD,PAID,52927.5
10858,7000010857,1000010857,20250523,GATEWAY,PAID,49905.0
10859,7000010858,1000010858,20250626,TRANSFER,PAID,12414.6
10860,7000010859,1000010859,20250718,TRANSFER,PAID,46554.75
10861,7000010860,1000010860,20240526,CASH,PAID,47190.0
10862,7000010861,1000010861,20250122,CARD,PAID,55650.0
10863,7000010862,1000010862,20240704,CARD,PAID,68473.5
10864,7000010863,1000010863,20250714,CARD,PAID,32481.0
10865,7000010864,1000010864,20250505,CARD,PAID,16908.3
10866,7000010865,1000010865,20240803,CARD,PAID,49005.0
10867,7000010866,1000010866,20250624,CARD,PAID,51037.56
10868,7000010867,1000010867,20250314,CARD,PAID,53361.0
10869,7000010868,1000010868,20240926,CARD,PAID,46323.24
10870,7000010869,1000010869,20241214,GATEWAY,PAID,64062.0
10871,7000010870,1000010870,20250706,GATEWAY,PAID,55105.5
10872,7000010871,1000010871,20240710,CASH,PAID,13794.0
10873,7000010872,1000010872,20250119,TRANSFER,PAID,14229.6
10874,7000010873,1000010873,20250119,CARD,PAID,45433.08
10875,7000010874,1000010874,20250917,CARD,PAID,58100.25
10876,7000010875,1000010875,20250704,CASH,PAID,39204.0
10877,7000010876,1000010876,20241120,GATEWAY,PAID,93765.0
10878,7000010877,1000010877,0,GATEWAY,FAILED,27036.0
10879,7000010878,1000010878,20250729,CASH,PAID,42144.3
10880,7000010879,1000010879,20250908,CARD,PAID,89406.9
10881,7000010880,1000010880,20240609,GATEWAY,PAID,20465.7
10882,7000010881,1000010881,20250627,CARD,REFUNDED,75794.4
10883,7000010882,1000010882,0,CARD,PENDING,27588.0
10884,7000010883,1000010883,20250706,CARD,PAID,50631.0
10885,7000010884,1000010884,20250413,GATEWAY,PAID,38852.7
10886,7000010885,1000010885,20251001,GATEWAY,REFUNDED,37500.0
10887,7000010886,1000010886,20250124,GATEWAY,PAID,39919.92
10888,7000010887,1000010887,20250112,CARD,PAID,43560.0
10889,7000010888,1000010888,20240616,CARD,PAID,35574.0
10890,7000010889,1000010889,20240301,CARD,PAID,64362.0
10891,7000010890,1000010890,20250415,GATEWAY,PAID,67207.92
10892,7000010891,1000010891,20241214,TRANSFER,PAID,39204.0
10893,7000010892,1000010892,20240413,CARD,PAID,59749.8
10894,7000010893,1000010893,20250624,CASH,PAID,26136.0
10895,7000010894,1000010894,0,CASH,FAILED,17787.0
10896,7000010895,1000010895,20240105,CARD,PAID,52627.5
10897,7000010896,1000010896,20250219,GATEWAY,PAID,15652.56
10898,7000010897,1000010897,20240407,GATEWAY,PAID,47454.75
10899,7000010898,1000010898,20250811,CARD,PAID,16335.0
10900,7000010899,1000010899,20250416,GATEWAY,PAID,19004.62
10901,7000010900,1000010900,20250120,CASH,PAID,28459.2
10902,7000010901,1000010901,20240505,GATEWAY,REFUNDED,50505.0
10903,7000010902,1000010902,20240119,CARD,PAID,44460.0
10904,7000010903,1000010903,20240213,TRANSFER,PAID,58544.64
10905,7000010904,1000010904,0,CARD,PENDING,13968.0
10906,7000010905,1000010905,20240102,CARD,PAID,33870.0
10907,7000010906,1000010906,20240709,CARD,PAID,32016.6
10908,7000010907,1000010907,20250203,CARD,PAID,66540.0
10909,7000010908,1000010908,20240511,CASH,PAID,13068.0
10910,7000010909,1000010909,20241229,TRANSFER,PAID,65703.0
10911,7000010910,1000010910,20250619,GATEWAY,PAID,81349.88
10912,7000010911,1000010911,20250703,CASH,PAID,30564.6
10913,7000010912,1000010912,20240612,CARD,PAID,82239.75
10914,7000010913,1000010913,20240624,GATEWAY,PAID,30121.5
10915,7000010914,1000010914,20240830,CASH,PAID,26136.0
10916,7000010915,1000010915,0,CARD,FAILED,40031.4
10917,7000010916,1000010916,20240524,CARD,PAID,84690.0
10918,7000010917,1000010917,20240129,CARD,PAID,13068.0
10919,7000010918,1000010918,20240603,GATEWAY,PAID,33216.6
10920,7000010919,1000010919,20240608,CARD,PAID,100460.25
10921,7000010920,1000010920,20240609,CARD,PAID,58072.5
10922,7000010921,1000010921,20250518,GATEWAY,PAID,52927.5
10923,7000010922,1000010922,20250904,CASH,PAID,52998.0
10924,7000010923,1000010923,20240827,GATEWAY,PAID,30240.0
10925,7000010924,1000010924,20240423,TRANSFER,PAID,29403.0
10926,7000010925,1000010925,20240518,CARD,PAID,35385.0
10927,7000010926,1000010926,20250228,CARD,REFUNDED,41382.0
10928,7000010927,1000010927,20240315,CASH,PAID,32670.0
10929,7000010928,1000010928,20241029,CARD,PAID,20465.7
10930,7000010929,1000010929,20250525,CARD,PAID,108754.8
10931,7000010930,1000010930,20250921,CARD,PAID,33870.0
10932,7000010931,1000010931,20250822,CARD,PAID,38115.0
10933,7000010932,1000010932,20241221,GATEWAY,PAID,40830.0
10934,7000010933,1000010933,20240112,TRANSFER,PAID,14701.5
10935,7000010934,1000010934,20250330,CARD,REFUNDED,16073.4
10936,7000010935,1000010935,0,CARD,FAILED,39919.92
10937,7000010936,1000010936,20250119,CARD,REFUNDED,96732.0
10938,7000010937,1000010937,20241022,CARD,PAID,95695.88
10939,7000010938,1000010938,0,CARD,FAILED,16335.0
10940,7000010939,1000010939,20240227,GATEWAY,PAID,128839.88
10941,7000010940,1000010940,0,CARD,FAILED,15129.6
10942,7000010941,1000010941,0,GATEWAY,FAILED,12414.6
10943,7000010942,1000010942,20241028,GATEWAY,PAID,72883.95
10944,7000010943,1000010943,20240724,CARD,PAID,13068.0
10945,7000010944,1000010944,20250318,CARD,PAID,44286.0
10946,7000010945,1000010945,20250518,CARD,PAID,36300.0
10947,7000010946,1000010946,20241114,CARD,PAID,27036.0
10948,7000010947,1000010947,20240501,CASH,PAID,91385.25
10949,7000010948,1000010948,0,CARD,FAILED,44104.5
10950,7000010949,1000010949,20241205,CASH,PAID,23522.4
10951,7000010950,1000010950,20250920,CARD,REFUNDED,37500.0
10952,7000010951,1000010951,20250328,GATEWAY,PAID,26329.2
10953,7000010952,1000010952,20250913,GATEWAY,PAID,76077.3
10954,7000010953,1000010953,20250702,CASH,REFUNDED,90931.5
10955,7000010954,1000010954,0,CASH,FAILED,30129.0
10956,7000010955,1000010955,20250914,GATEWAY,PAID,18687.0
10957,7000010956,1000010956,20250326,GATEWAY,PAID,63174.99
10958,7000010957,1000010957,20240317,TRANSFER,PAID,27588.0
10959,7000010958,1000010958,20241015,CASH,PAID,16008.3
10960,7000010959,1000010959,20241029,CARD,PAID,45520.2
10961,7000010960,1000010960,0,CARD,FAILED,29040.0
10962,7000010961,1000010961,20250121,CARD,PAID,43124.4
10963,7000010962,1000010962,20250716,CARD,PAID,33507.0
10964,7000010963,1000010963,20250723,CARD,PAID,43588.8
10965,7000010964,1000010964,20250615,GATEWAY,PAID,37200.0
10966,7000010965,1000010965,20250108,CASH,PAID,35283.6
10967,7000010966,1000010966,20250730,GATEWAY,PAID,35385.0
10968,7000010967,1000010967,20240823,CASH,PAID,77137.5
10969,7000010968,1000010968,20241213,CASH,PAID,32670.0
10970,7000010969,1000010969,20240730,CARD,PAID,86357.7
10971,7000010970,1000010970,0,CASH,PENDING,13794.0
10972,7000010971,1000010971,20241225,CASH,PAID,14229.6
10973,7000010972,1000010972,20240215,CASH,PAID,54450.0
10974,7000010973,1000010973,20250218,GATEWAY,PAID,52237.8
10975,7000010974,1000010974,20240508,GATEWAY,PAID,28488.0
10976,7000010975,1000010975,20250129,GATEWAY,PAID,15420.0
10977,7000010976,1000010976,20250405,TRANSFER,PAID,87512.04
10978,7000010977,1000010977,20240718,GATEWAY,PAID,119356.5
10979,7000010978,1000010978,20240403,CARD,PAID,14229.6
10980,7000010979,1000010979,20240709,CARD,PAID,29659.2
10981,7000010980,1000010980,20250203,TRANSFER,PAID,87210.75
10982,7000010981,1000010981,20250205,GATEWAY,PAID,54786.06
10983,7000010982,1000010982,20250610,CASH,PAID,17242.5
10984,7000010983,1000010983,20241114,CARD,PAID,35385.0
10985,7000010984,1000010984,20240311,CARD,PAID,62363.4
10986,7000010985,1000010985,20240123,CARD,PAID,14229.6
10987,7000010986,1000010986,20250327,CARD,PAID,104355.0
10988,7000010987,1000010987,20240625,CARD,PAID,16718.25
10989,7000010988,1000010988,0,CASH,FAILED,57172.5
10990,7000010989,1000010989,20240705,CASH,PAID,14520.0
10991,7000010990,1000010990,20250427,CARD,PAID,36474.0
10992,7000010991,1000010991,20241202,CARD,PAID,60768.3
10993,7000010992,1000010992,20240529,CASH,PAID,27588.0
10994,7000010993,1000010993,20250217,CARD,PAID,80041.5
10995,7000010994,1000010994,20250830,CARD,PAID,27636.0
10996,7000010995,1000010995,20241011,CARD,PAID,82764.0
10997,7000010996,1000010996,20240106,CARD,PAID,29940.0
10998,7000010997,1000010997,20240518,GATEWAY,REFUNDED,52687.92
10999,7000010998,1000010998,20250912,GATEWAY,PAID,84372.9
11000,7000010999,1000010999,20241002,CARD,PAID,82393.5
11001,7000011000,1000011000,20250624,CARD,PAID,17835.0
11002,7000011001,1000011001,20241108,CARD,PAID,84324.9
11003,7000011002,1000011002,20250228,CARD,PAID,77591.25
11004,7000011003,1000011003,20250904,CASH,PAID,18150.0
11005,7000011004,1000011004,0,CARD,FAILED,47454.75
11006,7000011005,1000011005,20250318,GATEWAY,PAID,88172.7
11007,7000011006,1000011006,20240527,CASH,PAID,49005.0
11008,7000011007,1000011007,20250427,CARD,PAID,30240.0
11009,7000011008,1000011008,20240223,GATEWAY,PAID,43888.8
11010,7000011009,1000011009,20250730,CASH,PAID,27588.0
11011,7000011010,1000011010,20240209,CARD,PAID,54450.0
11012,7000011011,1000011011,20240609,CARD,PAID,13614.6
11013,7000011012,1000011012,20250813,CARD,PAID,43888.8
11014,7000011013,1000011013,20240412,CARD,PAID,13068.0
11015,7000011014,1000011014,20241206,GATEWAY,PAID,32236.5
11016,7000011015,1000011015,20250714,CARD,PAID,14006.64
11017,7000011016,1000011016,20250112,GATEWAY,PAID,64734.6
11018,7000011017,1000011017,20250822,TRANSFER,REFUNDED,42688.8
11019,7000011018,1000011018,20250522,TRANSFER,PAID,36300.0
11020,7000011019,1000011019,20250129,CARD,PAID,15420.0
11021,7000011020,1000011020,20250602,CASH,PAID,76230.0
11022,7000011021,1000011021,20240903,CARD,PAID,32781.0
11023,7000011022,1000011022,20241013,CASH,PAID,26136.0
11024,7000011023,1000011023,0,GATEWAY,FAILED,49905.0
11025,7000011024,1000011024,20240318,CARD,PAID,32670.0
11026,7000011025,1000011025,20250725,CARD,PAID,68657.82
11027,7000011026,1000011026,20240624,CASH,PAID,18150.0
11028,7000011027,1000011027,0,CARD,PENDING,43588.8
11029,7000011028,1000011028,20240212,CARD,PAID,86205.0
11030,7000011029,1000011029,20240903,GATEWAY,PAID,29659.2
11031,7000011030,1000011030,0,CARD,FAILED,15129.6
11032,7000011031,1000011031,20250830,GATEWAY,PAID,28289.4
11033,7000011032,1000011032,20240107,GATEWAY,PAID,69952.2
11034,7000011033,1000011033,20241024,GATEWAY,PAID,35385.0
11035,7000011034,1000011034,0,CARD,FAILED,30670.68
11036,7000011035,1000011035,20240725,CARD,PAID,15294.0
11037,7000011036,1000011036,20250818,CASH,PAID,59212.56
11038,7000011037,1000011037,20250911,CASH,PAID,36209.25
11039,7000011038,1000011038,20240906,GATEWAY,PAID,78791.25
11040,7000011039,1000011039,20240825,GATEWAY,PAID,40404.0
11041,7000011040,1000011040,20241101,CASH,PAID,14520.0
11042,7000011041,1000011041,20241204,CASH,PAID,13068.0
11043,7000011042,1000011042,20240924,CARD,PAID,36209.25
11044,7000011043,1000011043,20250121,CASH,PAID,105034.05
11045,7000011044,1000011044,20240520,GATEWAY,PAID,61913.28
11046,7000011045,1000011045,20240124,CARD,PAID,49005.0
11047,7000011046,1000011046,20240402,CARD,PAID,19287.0
11048,7000011047,1000011047,20250212,CARD,PAID,18687.0
11049,7000011048,1000011048,20241126,CARD,PAID,54861.0
11050,7000011049,1000011049,20241007,CARD,PAID,15901.5
11051,7000011050,1000011050,20240821,CARD,PAID,39204.0
11052,7000011051,1000011051,20250107,CARD,PAID,93946.5
11053,7000011052,1000011052,20250822,CARD,PAID,29359.2
11054,7000011053,1000011053,20250102,CARD,PAID,39204.0
11055,7000011054,1000011054,20240205,GATEWAY,PAID,99890.1
11056,7000011055,1000011055,20240602,CASH,PAID,27588.0
11057,7000011056,1000011056,0,GATEWAY,FAILED,64207.2
11058,7000011057,1000011057,20240419,CARD,PAID,16872.0
11059,7000011058,1000011058,20250718,TRANSFER,PAID,31036.5
11060,7000011059,1000011059,20250103,CARD,PAID,37500.0
11061,7000011060,1000011060,20240113,CARD,REFUNDED,29403.0
11062,7000011061,1000011061,20240803,CARD,PAID,13068.0
11063,7000011062,1000011062,20250715,CASH,PAID,34485.0
11064,7000011063,1000011063,20240722,GATEWAY,PAID,58072.5
11065,7000011064,1000011064,20240702,CARD,PAID,15129.6
11066,7000011065,1000011065,20250131,GATEWAY,PAID,89835.0
11067,7000011066,1000011066,20250807,CARD,PAID,30303.0
11068,7000011067,1000011067,20241217,CARD,PAID,63273.0
11069,7000011068,1000011068,20250602,GATEWAY,PAID,55650.0
11070,7000011069,1000011069,0,CARD,FAILED,24829.2
11071,7000011070,1000011070,20240307,CARD,PAID,17242.5
11072,7000011071,1000011071,20250927,CARD,PAID,38115.0
11073,7000011072,1000011072,0,GATEWAY,FAILED,70170.0
11074,7000011073,1000011073,20250311,CASH,PAID,37243.8
11075,7000011074,1000011074,20240828,CARD,PAID,17835.0
11076,7000011075,1000011075,20240722,CASH,PAID,41382.0
11077,7000011076,1000011076,20240518,CARD,PAID,78945.0
11078,7000011077,1000011077,20240401,CASH,PAID,29040.0
11079,7000011078,1000011078,20250319,GATEWAY,PAID,29040.0
11080,7000011079,1000011079,20240306,CARD,PAID,36474.0
11081,7000011080,1000011080,20250618,CARD,PAID,30167.4
11082,7000011081,1000011081,20250215,GATEWAY,PAID,27036.0
11083,7000011082,1000011082,20240622,CARD,PAID,62438.1
11084,7000011083,1000011083,0,CARD,FAILED,16146.0
11085,7000011084,1000011084,20250413,CARD,PAID,94309.5
11086,7000011085,1000011085,0,GATEWAY,FAILED,109444.5
11087,7000011086,1000011086,20250103,GATEWAY,PAID,14268.0
11088,7000011087,1000011087,0,GATEWAY,FAILED,97332.0
11089,7000011088,1000011088,20241109,CARD,PAID,54450.0
11090,7000011089,1000011089,20240401,CARD,PAID,37243.8
11091,7000011090,1000011090,20240106,CASH,PAID,17242.5
11092,7000011091,1000011091,20250825,TRANSFER,PAID,37352.7
11093,7000011092,1000011092,20240228,CARD,PAID,17235.0
11094,7000011093,1000011093,20241211,CASH,PAID,54450.0
11095,7000011094,1000011094,20241227,CARD,PAID,29040.0
11096,7000011095,1000011095,20250826,GATEWAY,PAID,25729.2
11097,7000011096,1000011096,20241011,GATEWAY,PAID,14229.6
11098,7000011097,1000011097,20250824,CASH,PAID,14520.0
11099,7000011098,1000011098,20240201,GATEWAY,PAID,33870.0
11100,7000011099,1000011099,20250428,CARD,PAID,18150.0
11101,7000011100,1000011100,20241113,GATEWAY,PAID,29659.2
11102,7000011101,1000011101,20250525,CARD,PAID,17152.56
11103,7000011102,1000011102,20241227,CARD,PAID,47238.0
11104,7000011103,1000011103,20240326,CARD,PAID,69841.2
11105,7000011104,1000011104,0,GATEWAY,FAILED,72711.0
11106,7000011105,1000011105,20241217,GATEWAY,PAID,27762.0
11107,7000011106,1000011106,20240819,CARD,PAID,29040.0
11108,7000011107,1000011107,20240530,TRANSFER,PAID,26136.0
11109,7000011108,1000011108,20241104,GATEWAY,PAID,13968.0
11110,7000011109,1000011109,20250601,GATEWAY,PAID,53361.0
11111,7000011110,1000011110,20240703,CASH,PAID,28459.2
11112,7000011111,1000011111,0,CARD,FAILED,106333.88
11113,7000011112,1000011112,20250120,CARD,PAID,34170.0
11114,7000011113,1000011113,20250604,CARD,PAID,15652.56
11115,7000011114,1000011114,20240914,CARD,PAID,18987.0
11116,7000011115,1000011115,20250826,TRANSFER,PAID,34485.0
11117,7000011116,1000011116,20241218,CASH,PAID,91040.4
11118,7000011117,1000011117,20250401,CASH,PAID,124327.5
11119,7000011118,1000011118,0,GATEWAY,FAILED,15129.6
11120,7000011119,1000011119,20240621,GATEWAY,PAID,54561.0
11121,7000011120,1000011120,20250226,GATEWAY,PAID,62865.15
11122,7000011121,1000011121,20250809,CASH,PAID,51727.5
11123,7000011122,1000011122,20250810,CARD,PAID,53227.5
11124,7000011123,1000011123,20240512,GATEWAY,PAID,67111.2
11125,7000011124,1000011124,20240403,CARD,PAID,13706.64
11126,7000011125,1000011125,20240922,CARD,PAID,26136.0
11127,7000011126,1000011126,0,CARD,FAILED,63525.0
11128,7000011127,1000011127,20240228,CASH,PAID,53361.0
11129,7000011128,1000011128,20250412,CARD,PAID,107583.12
11130,7000011129,1000011129,20241219,CARD,PAID,62002.5
11131,7000011130,1000011130,20240503,GATEWAY,PAID,47857.68
11132,7000011131,1000011131,0,CARD,FAILED,45060.0
11133,7000011132,1000011132,20240310,GATEWAY,PAID,49905.0
11134,7000011133,1000011133,20250413,CARD,PAID,13721.4
11135,7000011134,1000011134,20250504,CARD,PAID,49005.0
11136,7000011135,1000011135,20240201,CARD,PAID,50205.0
11137,7000011136,1000011136,20250210,CASH,PAID,19565.7
11138,7000011137,1000011137,20241228,CARD,PAID,30240.0
11139,7000011138,1000011138,20250906,GATEWAY,PAID,78504.48
11140,7000011139,1000011139,20250625,CARD,PAID,30303.0
11141,7000011140,1000011140,20250729,GATEWAY,PAID,99326.16
11142,7000011141,1000011141,20250515,GATEWAY,PAID,55405.5
11143,7000011142,1000011142,20250628,CARD,PAID,54450.0
11144,7000011143,1000011143,20241129,CARD,PAID,14701.5
11145,7000011144,1000011144,20250921,CASH,PAID,84942.0
11146,7000011145,1000011145,0,CASH,FAILED,88971.3
11147,7000011146,1000011146,0,GATEWAY,FAILED,70723.05
11148,7000011147,1000011147,20241023,CARD,PAID,44460.0
11149,7000011148,1000011148,20240807,CARD,PAID,43197.0
11150,7000011149,1000011149,20240815,CARD,PAID,16418.25
11151,7000011150,1000011150,20250314,CARD,PAID,16908.3
11152,7000011151,1000011151,20241123,GATEWAY,REFUNDED,18142.5
11153,7000011152,1000011152,20250913,CASH,PAID,59023.8
11154,7000011153,1000011153,20240127,CARD,PAID,41164.2
11155,7000011154,1000011154,20240803,CARD,PAID,11761.2
11156,7000011155,1000011155,20250818,CASH,PAID,34303.5
11157,7000011156,1000011156,20241010,GATEWAY,PAID,12961.2
11158,7000011157,1000011157,20240112,GATEWAY,PAID,58100.25
11159,7000011158,1000011158,20241025,CARD,PAID,36774.0
11160,7000011159,1000011159,20250508,TRANSFER,PAID,39204.0
11161,7000011160,1000011160,20240805,TRANSFER,PAID,29882.16
11162,7000011161,1000011161,0,GATEWAY,PENDING,53578.8
11163,7000011162,1000011162,20240206,CARD,PAID,56811.6
11164,7000011163,1000011163,20240317,CARD,PAID,30603.0
11165,7000011164,1000011164,20250221,CARD,PAID,14229.6
11166,7000011165,1000011165,0,GATEWAY,FAILED,16441.08
11167,7000011166,1000011166,20241004,CARD,PAID,18142.5
11168,7000011167,1000011167,20240527,CASH,PAID,37352.7
11169,7000011168,1000011168,20240824,CARD,REFUNDED,26136.0
11170,7000011169,1000011169,20240810,TRANSFER,PAID,35574.0
11171,7000011170,1000011170,20250810,CARD,PAID,62345.25
11172,7000011171,1000011171,20250821,GATEWAY,PAID,35385.0
11173,7000011172,1000011172,20241214,GATEWAY,PAID,20765.7
11174,7000011173,1000011173,20241010,GATEWAY,PAID,29940.0
11175,7000011174,1000011174,20240909,CARD,PAID,27588.0
11176,7000011175,1000011175,20250223,GATEWAY,PAID,61172.52
11177,7000011176,1000011176,0,GATEWAY,FAILED,45132.6
11178,7000011177,1000011177,20241026,GATEWAY,PAID,30167.4
11179,7000011178,1000011178,0,CASH,FAILED,77289.96
11180,7000011179,1000011179,20240831,CARD,PAID,74680.8
11181,7000011180,1000011180,20250316,CARD,PAID,19350.0
11182,7000011181,1000011181,0,CARD,FAILED,15173.4
11183,7000011182,1000011182,20250406,GATEWAY,PAID,52955.25
11184,7000011183,1000011183,20241012,CARD,PAID,27336.0
11185,7000011184,1000011184,0,CARD,FAILED,98064.45
11186,7000011185,1000011185,20250124,CARD,PAID,16335.0
11187,7000011186,1000011186,20250817,GATEWAY,PAID,41382.0
11188,7000011187,1000011187,20240127,GATEWAY,PAID,17535.0
11189,7000011188,1000011188,20241213,CASH,PAID,54087.0
11190,7000011189,1000011189,20250504,GATEWAY,PAID,29040.0
11191,7000011190,1000011190,20240803,TRANSFER,PAID,43451.1
11192,7000011191,1000011191,20250627,CARD,REFUNDED,26029.2
11193,7000011192,1000011192,0,CARD,FAILED,54805.5
11194,7000011193,1000011193,20250106,CARD,PAID,41164.2
11195,7000011194,1000011194,20240324,CARD,PAID,14694.0
11196,7000011195,1000011195,20250426,GATEWAY,PAID,92068.5
11197,7000011196,1000011196,0,CASH,FAILED,41382.0
11198,7000011197,1000011197,20240610,CARD,PAID,53227.5
11199,7000011198,1000011198,20241021,CASH,PAID,17968.5
11200,7000011199,1000011199,20250217,CARD,PAID,40704.0
11201,7000011200,1000011200,20240724,CARD,PAID,57229.05
11202,7000011201,1000011201,20250207,CASH,PAID,26136.0
11203,7000011202,1000011202,20241206,CARD,PAID,17787.0
11204,7000011203,1000011203,20240912,CARD,PAID,38419.92
11205,7000011204,1000011204,20250424,GATEWAY,PAID,32670.0
11206,7000011205,1000011205,20250215,CARD,PAID,13068.0
11207,7000011206,1000011206,20241012,GATEWAY,PAID,50505.0
11208,7000011207,1000011207,20250121,CARD,PAID,16335.0
11209,7000011208,1000011208,20250329,CARD,PAID,28459.2
11210,7000011209,1000011209,20250728,CARD,PAID,18351.75
11211,7000011210,1000011210,20250326,CARD,PAID,110261.25
11212,7000011211,1000011211,20250524,CARD,PAID,49116.0
11213,7000011212,1000011212,20240127,CASH,REFUNDED,14520.0
11214,7000011213,1000011213,20250627,CARD,PAID,27336.0
11215,7000011214,1000011214,20240915,CARD,PAID,13614.6
11216,7000011215,1000011215,20241216,CARD,PAID,72048.0
11217,7000011216,1000011216,20250522,GATEWAY,PAID,72919.2
11218,7000011217,1000011217,20250317,TRANSFER,PAID,37352.7
11219,7000011218,1000011218,20240207,CARD,PAID,29040.0
11220,7000011219,1000011219,0,CASH,FAILED,17968.5
11221,7000011220,1000011220,20240930,CARD,PAID,87475.5
11222,7000011221,1000011221,20241109,GATEWAY,PAID,100299.0
11223,7000011222,1000011222,20250121,TRANSFER,PAID,54313.88
11224,7000011223,1000011223,20240302,GATEWAY,PAID,52627.5
11225,7000011224,1000011224,20250204,GATEWAY,PAID,44351.1
11226,7000011225,1000011225,20250113,GATEWAY,PAID,77367.0
11227,7000011226,1000011226,20250525,CARD,PAID,80215.5
11228,7000011227,1000011227,20240609,CARD,PAID,54450.0
11229,7000011228,1000011228,20250516,CASH,PAID,115855.08
11230,7000011229,1000011229,20250602,CASH,PAID,29040.0
11231,7000011230,1000011230,20240623,CASH,PAID,41382.0
11232,7000011231,1000011231,20250728,CARD,PAID,59786.1
11233,7000011232,1000011232,0,CASH,FAILED,80223.0
11234,7000011233,1000011233,20250817,CARD,PAID,11761.2
11235,7000011234,1000011234,20240126,CARD,PAID,38552.7
11236,7000011235,1000011235,20250815,CARD,PAID,46957.68
11237,7000011236,1000011236,0,GATEWAY,FAILED,37137.0
11238,7000011237,1000011237,20240706,CASH,PAID,108754.8
11239,7000011238,1000011238,20250805,CARD,PAID,16852.56
11240,7000011239,1000011239,20240823,CASH,PAID,49731.0
11241,7000011240,1000011240,0,CARD,FAILED,14229.6
11242,7000011241,1000011241,20250615,CASH,PAID,120516.0
11243,7000011242,1000011242,20240114,CARD,PAID,15246.0
11244,7000011243,1000011243,0,CASH,FAILED,32670.0
11245,7000011244,1000011244,20250709,CASH,PAID,16335.0
11246,7000011245,1000011245,20250805,CARD,PAID,14694.0
11247,7000011246,1000011246,20240605,GATEWAY,PAID,30094.8
11248,7000011247,1000011247,20240211,CARD,PAID,87112.5
11249,7000011248,1000011248,20240301,CARD,PAID,79308.0
11250,7000011249,1000011249,20250829,CARD,PAID,54805.5
11251,7000011250,1000011250,20250305,GATEWAY,PAID,19650.0
11252,7000011251,1000011251,20250321,CARD,PAID,90470.25
11253,7000011252,1000011252,20250525,CARD,PAID,36209.25
11254,7000011253,1000011253,20250526,CARD,PAID,91151.4
11255,7000011254,1000011254,20250923,CARD,PAID,71728.8
11256,7000011255,1000011255,20250716,CARD,PAID,49005.0
11257,7000011256,1000011256,20250418,CARD,PAID,77972.4
11258,7000011257,1000011257,20250630,CARD,PAID,27588.0
11259,7000011258,1000011258,20250105,CARD,PAID,13721.4
11260,7000011259,1000011259,20240601,GATEWAY,PAID,28342.8
11261,7000011260,1000011260,20240222,CARD,PAID,42688.8
11262,7000011261,1000011261,20240418,CASH,PAID,55539.0
11263,7000011262,1000011262,20250614,CASH,PAID,42688.8
11264,7000011263,1000011263,20250423,CARD,REFUNDED,35574.0
11265,7000011264,1000011264,20250306,CARD,PAID,48024.9
11266,7000011265,1000011265,20240808,GATEWAY,PAID,72501.75
11267,7000011266,1000011266,20250115,CASH,PAID,71547.3
11268,7000011267,1000011267,20250313,CARD,PAID,40404.0
11269,7000011268,1000011268,20240409,CARD,PAID,17151.75
11270,7000011269,1000011269,20250402,CARD,PAID,32670.0
11271,7000011270,1000011270,20240622,GATEWAY,PAID,103747.5
11272,7000011271,1000011271,20250515,CARD,PAID,35685.0
11273,7000011272,1000011272,20250101,GATEWAY,PAID,45604.5
11274,7000011273,1000011273,20250908,GATEWAY,PAID,20257.5
11275,7000011274,1000011274,20240911,CARD,PAID,85159.8
11276,7000011275,1000011275,20240430,CARD,PAID,32670.0
11277,7000011276,1000011276,20240605,CARD,PAID,49005.0
11278,7000011277,1000011277,20250109,CARD,PAID,18966.75
11279,7000011278,1000011278,20250411,CARD,PAID,85353.0
11280,7000011279,1000011279,0,CARD,FAILED,59350.5
11281,7000011280,1000011280,20250324,CASH,PAID,47553.0
11282,7000011281,1000011281,20240313,CASH,PAID,37352.7
11283,7000011282,1000011282,20250605,CARD,PAID,41164.2
11284,7000011283,1000011283,20250405,GATEWAY,PAID,54561.0
11285,7000011284,1000011284,20250401,GATEWAY,PAID,61032.0
11286,7000011285,1000011285,0,CARD,FAILED,26136.0
11287,7000011286,1000011286,20250413,TRANSFER,PAID,57172.5
11288,7000011287,1000011287,0,GATEWAY,PENDING,33870.0
11289,7000011288,1000011288,20240605,GATEWAY,PAID,42717.6
11290,7000011289,1000011289,20250112,TRANSFER,PAID,62436.0
11291,7000011290,1000011290,20240920,CARD,PAID,27036.0
11292,7000011291,1000011291,20240131,CASH,PAID,28459.2
11293,7000011292,1000011292,20240113,CARD,PAID,16335.0
11294,7000011293,1000011293,20240720,TRANSFER,PAID,18150.0
11295,7000011294,1000011294,20250219,CARD,PAID,76258.8
11296,7000011295,1000011295,20241226,CARD,PAID,29949.6
11297,7000011296,1000011296,20240506,CASH,PAID,65176.65
11298,7000011297,1000011297,20240728,GATEWAY,PAID,54261.0
11299,7000011298,1000011298,0,CARD,PENDING,13968.0
11300,7000011299,1000011299,20250818,CARD,PAID,49524.9
11301,7000011300,1000011300,20240515,CARD,REFUNDED,62256.6
11302,7000011301,1000011301,20250514,CARD,PAID,17242.5
11303,7000011302,1000011302,0,GATEWAY,FAILED,72583.95
11304,7000011303,1000011303,0,CARD,FAILED,96049.8
11305,7000011304,1000011304,20240601,CARD,PAID,38252.7
11306,7000011305,1000011305,20240422,CARD,PAID,15420.0
11307,7000011306,1000011306,20250228,CARD,PAID,18150.0
11308,7000011307,1000011307,20250413,TRANSFER,PAID,54450.0
11309,7000011308,1000011308,20240104,GATEWAY,PAID,19604.62
11310,7000011309,1000011309,20240621,CARD,PAID,64178.4
11311,7000011310,1000011310,20241123,GATEWAY,PAID,38852.7
11312,7000011311,1000011311,20240811,CASH,PAID,81892.8
11313,7000011312,1000011312,0,CARD,PENDING,62910.0
11314,7000011313,1000011313,20250910,CARD,PAID,69744.0
11315,7000011314,1000011314,20250709,CARD,PAID,88128.9
11316,7000011315,1000011315,20250214,GATEWAY,PAID,31936.5
11317,7000011316,1000011316,0,CARD,PENDING,29359.2
11318,7000011317,1000011317,20241115,CASH,PAID,26136.0
11319,7000011318,1000011318,0,CARD,FAILED,15429.6
11320,7000011319,1000011319,0,CASH,FAILED,23522.4
11321,7000011320,1000011320,20240203,GATEWAY,PAID,37500.0
11322,7000011321,1000011321,20250124,GATEWAY,PAID,55350.0
11323,7000011322,1000011322,20250923,GATEWAY,PAID,107241.38
11324,7000011323,1000011323,0,GATEWAY,PENDING,35385.0
11325,7000011324,1000011324,20250406,CARD,PAID,29949.6
11326,7000011325,1000011325,20240630,CARD,PAID,28459.2
11327,7000011326,1000011326,20250712,CARD,PAID,117447.12
11328,7000011327,1000011327,20240307,CARD,PAID,18150.0
11329,7000011328,1000011328,20240919,CARD,PAID,73689.0
11330,7000011329,1000011329,20250711,GATEWAY,PAID,17535.0
11331,7000011330,1000011330,20240204,CARD,PAID,32670.0
11332,7000011331,1000011331,20240520,CARD,PAID,17151.75
11333,7000011332,1000011332,20250614,CASH,PAID,37352.7
11334,7000011333,1000011333,20250704,CARD,PAID,31072.56
11335,7000011334,1000011334,20240225,CASH,PAID,85069.05
11336,7000011335,1000011335,20250804,CARD,PAID,43888.8
11337,7000011336,1000011336,20240307,CARD,PAID,16872.0
11338,7000011337,1000011337,20250103,CASH,PAID,39204.0
11339,7000011338,1000011338,20240720,CASH,PAID,53905.5
11340,7000011339,1000011339,20241209,CARD,REFUNDED,53361.0
11341,7000011340,1000011340,20240218,CARD,PAID,15129.6
11342,7000011341,1000011341,20240903,GATEWAY,PAID,38852.7
11343,7000011342,1000011342,20241025,GATEWAY,PAID,37933.5
11344,7000011343,1000011343,20240217,CARD,PAID,49005.0
11345,7000011344,1000011344,20250413,TRANSFER,PAID,46554.75
11346,7000011345,1000011345,20240917,CARD,PAID,46827.0
11347,7000011346,1000011346,20250305,CARD,PAID,30709.8
11348,7000011347,1000011347,20250110,CASH,PAID,103455.0
11349,7000011348,1000011348,20250227,CARD,PAID,17242.5
11350,7000011349,1000011349,20240414,CASH,PAID,47916.0
11351,7000011350,1000011350,20241227,CARD,PAID,42688.8
11352,7000011351,1000011351,20240205,CARD,PAID,41430.0
11353,7000011352,1000011352,20240426,GATEWAY,PAID,29959.2
11354,7000011353,1000011353,20250312,GATEWAY,PAID,56029.05
11355,7000011354,1000011354,20250412,CARD,PAID,50812.5
11356,7000011355,1000011355,20240925,CARD,PAID,12961.2
11357,7000011356,1000011356,20250512,TRANSFER,REFUNDED,46957.68
11358,7000011357,1000011357,20250427,GATEWAY,PAID,88659.12
11359,7000011358,1000011358,20240911,CASH,PAID,39204.0
11360,7000011359,1000011359,20240711,CARD,PAID,31810.5
11361,7000011360,1000011360,20250215,CASH,PAID,31305.12
11362,7000011361,1000011361,20240507,CASH,PAID,32670.0
11363,7000011362,1000011362,20240104,GATEWAY,PAID,50505.0
11364,7000011363,1000011363,20240802,CASH,PAID,87029.25
11365,7000011364,1000011364,20240314,CASH,PAID,17151.75
11366,7000011365,1000011365,20241121,CARD,PAID,96812.1
11367,7000011366,1000011366,20240921,CARD,PAID,39204.0
11368,7000011367,1000011367,20240606,GATEWAY,PAID,40104.0
11369,7000011368,1000011368,20240219,CASH,PAID,28459.2
11370,7000011369,1000011369,20241225,CARD,PAID,69144.0
11371,7000011370,1000011370,20241225,CARD,PAID,32670.0
11372,7000011371,1000011371,20250528,CASH,PAID,31305.12
11373,7000011372,1000011372,0,CARD,FAILED,47857.68
11374,7000011373,1000011373,20250118,TRANSFER,PAID,36300.0
11375,7000011374,1000011374,20250625,CARD,PAID,53227.5
11376,7000011375,1000011375,20240728,CARD,PAID,53041.32
11377,7000011376,1000011376,20240819,CARD,PAID,14229.6
11378,7000011377,1000011377,20241216,CARD,PAID,85377.6
11379,7000011378,1000011378,20240918,CARD,REFUNDED,44760.0
11380,7000011379,1000011379,20250923,CASH,PAID,53361.0
11381,7000011380,1000011380,20250517,CARD,PAID,37709.25
11382,7000011381,1000011381,20250424,CARD,PAID,14621.4
11383,7000011382,1000011382,20240730,CARD,PAID,64192.68
11384,7000011383,1000011383,20241212,CARD,PAID,29040.0
11385,7000011384,1000011384,0,CARD,FAILED,39204.0
11386,7000011385,1000011385,0,GATEWAY,FAILED,29659.2
11387,7000011386,1000011386,0,GATEWAY,FAILED,32916.6
11388,7000011387,1000011387,20240210,CASH,REFUNDED,69841.2
11389,7000011388,1000011388,0,GATEWAY,FAILED,63234.6
11390,7000011389,1000011389,20240914,CARD,PAID,15683.7
11391,7000011390,1000011390,20240518,CASH,PAID,54313.88
11392,7000011391,1000011391,20241007,CARD,PAID,44278.5
11393,7000011392,1000011392,20240218,CARD,PAID,16141.08
11394,7000011393,1000011393,20241203,GATEWAY,PAID,111852.0
11395,7000011394,1000011394,20250901,CARD,PAID,102986.73
11396,7000011395,1000011395,20250815,CASH,REFUNDED,41382.0
11397,7000011396,1000011396,20250207,CARD,PAID,13068.0
11398,7000011397,1000011397,0,GATEWAY,FAILED,109945.2
11399,7000011398,1000011398,20250929,CASH,PAID,42688.8
11400,7000011399,1000011399,20240321,CARD,PAID,33570.0
11401,7000011400,1000011400,20240916,GATEWAY,PAID,72665.1
11402,7000011401,1000011401,20250124,CASH,PAID,88209.0
11403,7000011402,1000011402,20240731,CARD,PAID,36300.0
11404,7000011403,1000011403,20240517,TRANSFER,PAID,35574.0
11405,7000011404,1000011404,20240221,CARD,PAID,34485.0
11406,7000011405,1000011405,20250728,CARD,PAID,15420.0
11407,7000011406,1000011406,20240821,CASH,PAID,27442.8
11408,7000011407,1000011407,20250808,GATEWAY,PAID,17535.0
11409,7000011408,1000011408,20250817,CARD,PAID,68781.0
11410,7000011409,1000011409,20240414,TRANSFER,PAID,39204.0
11411,7000011410,1000011410,20250806,CARD,PAID,67699.5
11412,7000011411,1000011411,20240809,CARD,PAID,40104.0
11413,7000011412,1000011412,20240403,CARD,PAID,16446.0
11414,7000011413,1000011413,20250516,CARD,PAID,68355.0
11415,7000011414,1000011414,20250518,CARD,PAID,102474.9
11416,7000011415,1000011415,20250320,CARD,PAID,29649.6
11417,7000011416,1000011416,20250209,CARD,PAID,99643.5
11418,7000011417,1000011417,20250410,CARD,PAID,41382.0
11419,7000011418,1000011418,20240218,CARD,PAID,14483.7
11420,7000011419,1000011419,20241008,CARD,PAID,25729.2
11421,7000011420,1000011420,20241017,CARD,PAID,33216.6
11422,7000011421,1000011421,20240525,CARD,PAID,17535.0
11423,7000011422,1000011422,20250627,CARD,PAID,31392.0
11424,7000011423,1000011423,20240927,CARD,PAID,43888.8
11425,7000011424,1000011424,20250204,GATEWAY,PAID,15294.0
11426,7000011425,1000011425,20250530,CARD,PAID,93765.0
11427,7000011426,1000011426,20250501,CARD,PAID,90931.5
11428,7000011427,1000011427,20241220,GATEWAY,PAID,14306.64
11429,7000011428,1000011428,20241206,CARD,PAID,58392.18
11430,7000011429,1000011429,20241013,GATEWAY,PAID,69724.8
11431,7000011430,1000011430,0,GATEWAY,PENDING,130309.74
11432,7000011431,1000011431,20240611,CARD,PAID,17787.0
11433,7000011432,1000011432,20250828,GATEWAY,PAID,15841.08
11434,7000011433,1000011433,20240918,CARD,PAID,49005.0
11435,7000011434,1000011434,20250905,GATEWAY,PAID,40830.0
11436,7000011435,1000011435,20250823,CARD,PAID,54742.5
11437,7000011436,1000011436,20240913,CARD,PAID,72348.0
11438,7000011437,1000011437,20250912,CARD,PAID,35574.0
11439,7000011438,1000011438,20241211,CASH,PAID,18104.62
11440,7000011439,1000011439,20240912,CARD,PAID,39204.0
11441,7000011440,1000011440,0,CARD,FAILED,32926.2
11442,7000011441,1000011441,20250412,TRANSFER,PAID,44823.24
11443,7000011442,1000011442,20240922,CARD,PAID,40104.0
11444,7000011443,1000011443,20250723,GATEWAY,PAID,103810.5
11445,7000011444,1000011444,0,CARD,FAILED,25729.2
11446,7000011445,1000011445,20250316,CARD,PAID,36300.0
11447,7000011446,1000011446,20240728,CARD,PAID,14520.0
11448,7000011447,1000011447,20250528,CARD,PAID,92565.0
11449,7000011448,1000011448,20250814,CARD,PAID,26136.0
11450,7000011449,1000011449,20240331,CASH,PAID,63488.7
11451,7000011450,1000011450,20240106,CARD,PAID,83090.7
11452,7000011451,1000011451,0,CARD,PENDING,44460.0
11453,7000011452,1000011452,20250509,GATEWAY,PAID,19876.35
11454,7000011453,1000011453,20240515,GATEWAY,PAID,49905.0
11455,7000011454,1000011454,20240917,CASH,PAID,14374.8
11456,7000011455,1000011455,20250630,CASH,PAID,27588.0
11457,7000011456,1000011456,20250724,CASH,PAID,49005.0
11458,7000011457,1000011457,20240309,GATEWAY,PAID,35203.5
11459,7000011458,1000011458,20250911,GATEWAY,PAID,32805.12
11460,7000011459,1000011459,20240121,CASH,PAID,63525.0
11461,7000011460,1000011460,20250611,CASH,PAID,27442.8
11462,7000011461,1000011461,20240925,CARD,PAID,26136.0
11463,7000011462,1000011462,0,CASH,FAILED,29657.1
11464,7000011463,1000011463,20250619,CARD,PAID,31944.0
11465,7000011464,1000011464,20241206,CARD,PAID,29040.0
11466,7000011465,1000011465,20240503,CARD,PAID,30167.4
11467,7000011466,1000011466,20250504,GATEWAY,PAID,54261.0
11468,7000011467,1000011467,20240803,GATEWAY,PAID,35985.0
11469,7000011468,1000011468,20240910,CASH,PAID,90495.9
11470,7000011469,1000011469,0,GATEWAY,FAILED,24422.4
11471,7000011470,1000011470,20250914,GATEWAY,PAID,74372.25
11472,7000011471,1000011471,20241015,CARD,PAID,18966.75
11473,7000011472,1000011472,20250103,CARD,PAID,57229.05
11474,7000011473,1000011473,20241001,CARD,PAID,19468.5
11475,7000011474,1000011474,20240210,CARD,PAID,65514.0
11476,7000011475,1000011475,20240822,TRANSFER,PAID,54450.0
11477,7000011476,1000011476,20240828,GATEWAY,PAID,40404.0
11478,7000011477,1000011477,20240528,GATEWAY,PAID,34932.3
11479,7000011478,1000011478,20240802,GATEWAY,PAID,79932.6
11480,7000011479,1000011479,20241110,CARD,PAID,41382.0
11481,7000011480,1000011480,20250918,CARD,PAID,19287.0
11482,7000011481,1000011481,20240504,CARD,REFUNDED,18442.5
11483,7000011482,1000011482,0,CARD,FAILED,48924.9
11484,7000011483,1000011483,20240604,GATEWAY,PAID,56900.25
11485,7000011484,1000011484,20250201,CARD,PAID,69262.5
11486,7000011485,1000011485,20240915,CASH,PAID,28749.6
11487,7000011486,1000011486,20240510,CARD,PAID,54450.0
11488,7000011487,1000011487,20240625,GATEWAY,PAID,29659.2
11489,7000011488,1000011488,20240520,TRANSFER,PAID,63379.8
11490,7000011489,1000011489,20240917,CARD,PAID,59840.55
11491,7000011490,1000011490,20240327,GATEWAY,PAID,40331.4
11492,7000011491,1000011491,20250908,GATEWAY,PAID,50505.0
11493,7000011492,1000011492,20241101,GATEWAY,PAID,78373.8
11494,7000011493,1000011493,20240126,CASH,REFUNDED,114795.12
11495,7000011494,1000011494,20241119,CARD,PAID,12414.6
11496,7000011495,1000011495,20241214,CARD,PAID,14520.0
11497,7000011496,1000011496,20250820,CARD,PAID,30240.0
11498,7000011497,1000011497,0,CARD,FAILED,27036.0
11499,7000011498,1000011498,20240317,CARD,PAID,39668.4
11500,7000011499,1000011499,20240119,CARD,PAID,44963.28
11501,7000011500,1000011500,20250308,CARD,PAID,109509.6
11502,7000011501,1000011501,20240528,CASH,PAID,95832.0
11503,7000011502,1000011502,20240904,CARD,PAID,28749.6
11504,7000011503,1000011503,20241225,CARD,PAID,42282.0
11505,7000011504,1000011504,0,CARD,FAILED,27036.0
11506,7000011505,1000011505,20241011,GATEWAY,PAID,54561.0
11507,7000011506,1000011506,0,CARD,FAILED,29514.0
11508,7000011507,1000011507,20250404,GATEWAY,PAID,45304.5
11509,7000011508,1000011508,20240517,GATEWAY,PAID,17535.0
11510,7000011509,1000011509,20250204,GATEWAY,PAID,38952.0
11511,7000011510,1000011510,20240810,CARD,PAID,124557.0
11512,7000011511,1000011511,20250309,CARD,PAID,58100.25
11513,7000011512,1000011512,20240709,CARD,PAID,25729.2
11514,7000011513,1000011513,20250118,CASH,PAID,38419.92
11515,7000011514,1000011514,20240811,CARD,PAID,89878.8
11516,7000011515,1000011515,20250714,CASH,PAID,36300.0
11517,7000011516,1000011516,20250401,CARD,PAID,103266.0
11518,7000011517,1000011517,20250119,TRANSFER,PAID,39930.0
11519,7000011518,1000011518,20250224,GATEWAY,PAID,56929.05
11520,7000011519,1000011519,20250208,CARD,PAID,16446.0
11521,7000011520,1000011520,20240520,CARD,PAID,54026.1
11522,7000011521,1000011521,20250605,CARD,PAID,14994.0
11523,7000011522,1000011522,20250204,GATEWAY,PAID,44324.4
11524,7000011523,1000011523,20240604,CARD,PAID,43414.8
11525,7000011524,1000011524,20250226,GATEWAY,PAID,55105.5
11526,7000011525,1000011525,20240321,CARD,PAID,55650.0
11527,7000011526,1000011526,20241027,CARD,PAID,29659.2
11528,7000011527,1000011527,20241022,CASH,PAID,15173.4
11529,7000011528,1000011528,20240722,CARD,PAID,17151.75
11530,7000011529,1000011529,20240606,TRANSFER,PAID,33998.58
11531,7000011530,1000011530,20241013,CARD,PAID,80694.9
11532,7000011531,1000011531,20240411,TRANSFER,REFUNDED,110261.25
11533,7000011532,1000011532,20241229,CARD,PAID,20557.5
11534,7000011533,1000011533,20240104,CARD,PAID,39015.0
11535,7000011534,1000011534,0,CARD,FAILED,36300.0
11536,7000011535,1000011535,20240803,GATEWAY,PAID,44760.0
11537,7000011536,1000011536,20240518,TRANSFER,PAID,74995.8
11538,7000011537,1000011537,20241026,GATEWAY,PAID,28488.0
11539,7000011538,1000011538,20240226,CARD,PAID,41382.0
11540,7000011539,1000011539,20250208,CASH,PAID,102729.0
11541,7000011540,1000011540,20241228,GATEWAY,PAID,18442.5
11542,7000011541,1000011541,20240810,CARD,PAID,33570.0
11543,7000011542,1000011542,20240130,CASH,PAID,98590.8
11544,7000011543,1000011543,20241003,CASH,PAID,43560.0
11545,7000011544,1000011544,20240416,CARD,PAID,17535.0
11546,7000011545,1000011545,20240223,GATEWAY,PAID,49905.0
11547,7000011546,1000011546,20240322,CARD,PAID,27297.6
11548,7000011547,1000011547,20241121,CARD,PAID,57172.5
11549,7000011548,1000011548,0,CARD,PENDING,68418.0
11550,7000011549,1000011549,20250727,CASH,PAID,68824.8
11551,7000011550,1000011550,0,CARD,PENDING,121933.8
11552,7000011551,1000011551,20250115,CARD,PAID,47857.68
11553,7000011552,1000011552,20240913,CARD,PAID,30303.0
11554,7000011553,1000011553,20241216,GATEWAY,PAID,88683.0
11555,7000011554,1000011554,20241228,TRANSFER,PAID,35574.0
11556,7000011555,1000011555,20241120,CASH,PAID,43269.6
11557,7000011556,1000011556,20240509,GATEWAY,PAID,17535.0
11558,7000011557,1000011557,20250117,CASH,PAID,45375.0
11559,7000011558,1000011558,20250309,CARD,REFUNDED,29088.0
11560,7000011559,1000011559,20250413,GATEWAY,PAID,54135.0
11561,7000011560,1000011560,20241105,CARD,PAID,138495.15
11562,7000011561,1000011561,20250416,CARD,PAID,67612.14
11563,7000011562,1000011562,0,GATEWAY,FAILED,51938.85
11564,7000011563,1000011563,20250204,CARD,PAID,27336.0
11565,7000011564,1000011564,20240818,CASH,PAID,54450.0
11566,7000011565,1000011565,0,TRANSFER,FAILED,79315.5
11567,7000011566,1000011566,20250912,CARD,PAID,39204.0
11568,7000011567,1000011567,20250806,CARD,PAID,41382.0
11569,7000011568,1000011568,20241128,CASH,PAID,74052.0
11570,7000011569,1000011569,20240226,CARD,REFUNDED,45181.08
11571,7000011570,1000011570,20240105,CARD,PAID,54450.0
11572,7000011571,1000011571,20250624,CARD,PAID,27588.0
11573,7000011572,1000011572,0,CASH,FAILED,14374.8
11574,7000011573,1000011573,20250321,CARD,PAID,33940.5
11575,7000011574,1000011574,20241109,CARD,PAID,53361.0
11576,7000011575,1000011575,20250116,GATEWAY,PAID,14483.7
11577,7000011576,1000011576,0,CARD,FAILED,40104.0
11578,7000011577,1000011577,20250307,CARD,PAID,17787.0
11579,7000011578,1000011578,20240802,CASH,PAID,63888.0
11580,7000011579,1000011579,20250714,CARD,PAID,45304.5
11581,7000011580,1000011580,20240807,CARD,PAID,40404.0
11582,7000011581,1000011581,20241221,GATEWAY,PAID,29659.2
11583,7000011582,1000011582,20250111,CARD,PAID,19565.7
11584,7000011583,1000011583,20250411,GATEWAY,PAID,57229.05
11585,7000011584,1000011584,20240915,GATEWAY,PAID,18676.35
11586,7000011585,1000011585,20250523,GATEWAY,PAID,17235.0
11587,7000011586,1000011586,20250203,GATEWAY,PAID,40104.0
11588,7000011587,1000011587,20240731,GATEWAY,PAID,127932.9
11589,7000011588,1000011588,20240509,CASH,PAID,51183.0
11590,7000011589,1000011589,20240623,GATEWAY,PAID,42688.8
11591,7000011590,1000011590,20250730,CASH,PAID,14483.7
11592,7000011591,1000011591,20240205,GATEWAY,PAID,28488.0
11593,7000011592,1000011592,20250702,CARD,PAID,35283.6
11594,7000011593,1000011593,20250724,CARD,PAID,50820.0
11595,7000011594,1000011594,20250724,CARD,REFUNDED,88455.6
11596,7000011595,1000011595,20240409,CASH,PAID,17242.5
11597,7000011596,1000011596,20250206,CASH,PAID,67169.52
11598,7000011597,1000011597,0,CASH,PENDING,50094.0
11599,7000011598,1000011598,20240226,GATEWAY,PAID,54072.48
11600,7000011599,1000011599,20250329,CARD,PAID,29403.0
11601,7000011600,1000011600,20240122,CARD,PAID,41164.2
11602,7000011601,1000011601,20240905,CARD,PAID,32670.0
11603,7000011602,1000011602,20250702,GATEWAY,PAID,32536.5
11604,7000011603,1000011603,20250930,CARD,PAID,53227.5
11605,7000011604,1000011604,20241206,CARD,REFUNDED,16335.0
11606,7000011605,1000011605,20240112,CASH,PAID,57172.5
11607,7000011606,1000011606,20250708,CARD,PAID,46023.24
11608,7000011607,1000011607,20250716,CARD,PAID,32670.0
11609,7000011608,1000011608,20240527,CARD,PAID,60976.5
11610,7000011609,1000011609,20240202,GATEWAY,PAID,29504.4
11611,7000011610,1000011610,20240520,CARD,REFUNDED,28459.2
11612,7000011611,1000011611,20250921,CASH,PAID,28459.2
11613,7000011612,1000011612,20240113,GATEWAY,PAID,15841.08
11614,7000011613,1000011613,20250317,GATEWAY,PAID,29867.4
11615,7000011614,1000011614,0,CARD,FAILED,56900.25
11616,7000011615,1000011615,20250210,TRANSFER,PAID,14520.0
11617,7000011616,1000011616,0,CARD,FAILED,79660.35
11618,7000011617,1000011617,20240620,CARD,PAID,69262.5
11619,7000011618,1000011618,20250913,GATEWAY,PAID,16718.25
11620,7000011619,1000011619,20250706,CARD,PAID,15518.25
11621,7000011620,1000011620,20240503,TRANSFER,PAID,19965.0
11622,7000011621,1000011621,0,TRANSFER,PENDING,18676.35
11623,7000011622,1000011622,20250812,GATEWAY,PAID,52655.25
11624,7000011623,1000011623,20240313,CARD,PAID,43560.0
11625,7000011624,1000011624,20240114,GATEWAY,PAID,57229.05
11626,7000011625,1000011625,20241004,CASH,PAID,56519.1
11627,7000011626,1000011626,20240924,CARD,PAID,15429.6
11628,7000011627,1000011627,20241020,GATEWAY,PAID,72103.5
11629,7000011628,1000011628,20240303,CARD,PAID,40704.0
11630,7000011629,1000011629,20250712,CASH,PAID,18150.0
11631,7000011630,1000011630,20240620,CARD,PAID,26813.28
11632,7000011631,1000011631,20250618,GATEWAY,PAID,54805.5
11633,7000011632,1000011632,20250117,CASH,PAID,27588.0
11634,7000011633,1000011633,20250224,CARD,PAID,16335.0
11635,7000011634,1000011634,20241009,CARD,PAID,15720.0
11636,7000011635,1000011635,0,CASH,FAILED,17242.5
11637,7000011636,1000011636,0,GATEWAY,FAILED,15429.6
11638,7000011637,1000011637,20240106,CARD,PAID,49106.4
11639,7000011638,1000011638,20241004,GATEWAY,PAID,14520.0
11640,7000011639,1000011639,20250821,CASH,REFUNDED,36300.0
11641,7000011640,1000011640,20240130,CARD,REFUNDED,28459.2
11642,7000011641,1000011641,20240317,CARD,PAID,16335.0
11643,7000011642,1000011642,20250923,CARD,PAID,43888.8
11644,7000011643,1000011643,0,GATEWAY,FAILED,54561.0
11645,7000011644,1000011644,20241016,TRANSFER,PAID,27588.0
11646,7000011645,1000011645,20250228,GATEWAY,PAID,44278.5
11647,7000011646,1000011646,20240609,CASH,PAID,32670.0
11648,7000011647,1000011647,20241209,CARD,PAID,54561.0
11649,7000011648,1000011648,20240216,CARD,PAID,29882.16
11650,7000011649,1000011649,20250710,GATEWAY,PAID,16141.08
11651,7000011650,1000011650,20250428,GATEWAY,PAID,66177.0
11652,7000011651,1000011651,20240917,CARD,PAID,37800.0
11653,7000011652,1000011652,0,CARD,PENDING,13968.0
11654,7000011653,1000011653,20240129,CARD,PAID,52310.4
11655,7000011654,1000011654,20240215,CASH,PAID,39204.0
11656,7000011655,1000011655,20250725,GATEWAY,PAID,37500.0
11657,7000011656,1000011656,20250611,CARD,PAID,58806.0
11658,7000011657,1000011657,20240416,CARD,PAID,15429.6
11659,7000011658,1000011658,20240106,CARD,PAID,99110.7
11660,7000011659,1000011659,20240620,CARD,PAID,14374.8
11661,7000011660,1000011660,20240813,GATEWAY,PAID,44460.0
11662,7000011661,1000011661,20240715,CARD,PAID,18687.0
11663,7000011662,1000011662,20240625,CARD,PAID,14229.6
11664,7000011663,1000011663,20250326,CASH,PAID,41382.0
11665,7000011664,1000011664,20240417,CARD,PAID,29659.2
11666,7000011665,1000011665,20240807,CASH,PAID,59895.0
11667,7000011666,1000011666,20240821,GATEWAY,PAID,29359.2
11668,7000011667,1000011667,20250414,GATEWAY,PAID,35685.0
11669,7000011668,1000011668,0,CARD,FAILED,43560.0
11670,7000011669,1000011669,20241011,GATEWAY,PAID,37200.0
11671,7000011670,1000011670,20240124,CARD,PAID,37709.25
11672,7000011671,1000011671,20240602,CASH,PAID,103455.0
11673,7000011672,1000011672,20240604,CASH,PAID,49005.0
11674,7000011673,1000011673,20241129,CARD,PAID,19350.0
11675,7000011674,1000011674,20250724,CARD,PAID,50820.0
11676,7000011675,1000011675,20250507,CASH,PAID,27442.8
11677,7000011676,1000011676,20250801,CASH,PAID,43560.0
11678,7000011677,1000011677,20241223,CASH,PAID,35574.0
11679,7000011678,1000011678,20240206,CARD,PAID,44188.8
11680,7000011679,1000011679,20240607,CARD,PAID,39319.92
11681,7000011680,1000011680,20250410,CASH,PAID,53542.5
11682,7000011681,1000011681,20240420,GATEWAY,PAID,36474.0
11683,7000011682,1000011682,20250613,CARD,PAID,54450.0
11684,7000011683,1000011683,20250829,CASH,PAID,43560.0
11685,7000011684,1000011684,20250428,CARD,PAID,38252.7
11686,7000011685,1000011685,20240107,CASH,PAID,14374.8
11687,7000011686,1000011686,20250912,GATEWAY,PAID,37074.0
11688,7000011687,1000011687,20240210,GATEWAY,PAID,15420.0
11689,7000011688,1000011688,20240703,GATEWAY,PAID,30303.0
11690,7000011689,1000011689,20240118,CASH,PAID,28459.2
11691,7000011690,1000011690,20241106,CARD,PAID,19050.0
11692,7000011691,1000011691,20250903,CARD,PAID,45738.0
11693,7000011692,1000011692,20250907,CARD,REFUNDED,16008.3
11694,7000011693,1000011693,0,CARD,PENDING,68563.2
11695,7000011694,1000011694,20250824,CARD,PAID,53363.1
11696,7000011695,1000011695,20250613,GATEWAY,PAID,15720.0
11697,7000011696,1000011696,20240616,CARD,PAID,42582.0
11698,7000011697,1000011697,20240611,CARD,PAID,37500.0
11699,7000011698,1000011698,20241017,CARD,PAID,37800.0
11700,7000011699,1000011699,20250213,GATEWAY,PAID,74104.92
11701,7000011700,1000011700,20240808,CARD,PAID,20166.75
11702,7000011701,1000011701,20240903,GATEWAY,PAID,27636.0
11703,7000011702,1000011702,20241009,GATEWAY,PAID,27636.0
11704,7000011703,1000011703,20240521,CASH,PAID,58624.5
11705,7000011704,1000011704,20240912,CARD,PAID,14229.6
11706,7000011705,1000011705,20240328,TRANSFER,PAID,17242.5
11707,7000011706,1000011706,20241111,CARD,PAID,17235.0
11708,7000011707,1000011707,20240125,GATEWAY,PAID,50703.6
11709,7000011708,1000011708,20240816,CARD,PAID,24829.2
11710,7000011709,1000011709,20240922,GATEWAY,PAID,29359.2
11711,7000011710,1000011710,20240411,CARD,PAID,37800.0
11712,7000011711,1000011711,20250212,CARD,PAID,27036.0
11713,7000011712,1000011712,20250726,CARD,PAID,36300.0
11714,7000011713,1000011713,0,CASH,PENDING,110261.25
11715,7000011714,1000011714,20240625,CARD,PAID,54722.25
11716,7000011715,1000011715,20250209,CARD,PAID,19965.0
11717,7000011716,1000011716,20240417,GATEWAY,PAID,54633.6
11718,7000011717,1000011717,0,TRANSFER,FAILED,14520.0
11719,7000011718,1000011718,20250106,CASH,PAID,14229.6
11720,7000011719,1000011719,20250901,CARD,PAID,74443.8
11721,7000011720,1000011720,20250415,CARD,PAID,29359.2
11722,7000011721,1000011721,20240211,GATEWAY,PAID,55950.0
11723,7000011722,1000011722,0,CARD,FAILED,26029.2
11724,7000011723,1000011723,20240205,CASH,PAID,18150.0
11725,7000011724,1000011724,20250527,GATEWAY,PAID,49186.78
11726,7000011725,1000011725,20240306,GATEWAY,PAID,40404.0
11727,7000011726,1000011726,20240612,CASH,PAID,13794.0
11728,7000011727,1000011727,20240510,CARD,PAID,58697.1
11729,7000011728,1000011728,20240817,GATEWAY,PAID,33516.6
11730,7000011729,1000011729,20241209,CARD,PAID,29659.2
11731,7000011730,1000011730,20240930,CARD,PAID,70724.1
11732,7000011731,1000011731,0,CARD,PENDING,42064.2
11733,7000011732,1000011732,20241210,CARD,PAID,26136.0
11734,7000011733,1000011733,20241219,CARD,PAID,17535.0
11735,7000011734,1000011734,20250225,GATEWAY,PAID,17242.5
11736,7000011735,1000011735,20240929,CASH,PAID,35574.0
11737,7000011736,1000011736,20241216,CARD,REFUNDED,39015.0
11738,7000011737,1000011737,20241111,CARD,PAID,16335.0
11739,7000011738,1000011738,20240701,CARD,PAID,51727.5
11740,7000011739,1000011739,20240918,CARD,PAID,16673.4
11741,7000011740,1000011740,20240319,CARD,PAID,15221.4
11742,7000011741,1000011741,20240526,CASH,PAID,13068.0
11743,7000011742,1000011742,20250315,CARD,PAID,14520.0
11744,7000011743,1000011743,20240723,CASH,PAID,80586.0
11745,7000011744,1000011744,20250126,GATEWAY,PAID,51838.5
11746,7000011745,1000011745,20240402,CASH,PAID,56918.4
11747,7000011746,1000011746,20240309,GATEWAY,PAID,18442.5
11748,7000011747,1000011747,20240620,CARD,PAID,40104.0
11749,7000011748,1000011748,20240724,GATEWAY,PAID,16908.3
11750,7000011749,1000011749,20240517,GATEWAY,PAID,20257.5
11751,7000011750,1000011750,20241214,CARD,PAID,40104.0
11752,7000011751,1000011751,20250924,CARD,REFUNDED,45304.5
11753,7000011752,1000011752,20240810,CARD,REFUNDED,88600.8
11754,7000011753,1000011753,0,CARD,PENDING,26513.28
11755,7000011754,1000011754,20250812,GATEWAY,PAID,71559.0
11756,7000011755,1000011755,20241005,GATEWAY,PAID,18742.5
11757,7000011756,1000011756,20241126,CASH,PAID,14520.0
11758,7000011757,1000011757,20240316,CARD,PAID,27336.0
11759,7000011758,1000011758,20250722,GATEWAY,PAID,49542.0
11760,7000011759,1000011759,20240803,CARD,PAID,50205.0
11761,7000011760,1000011760,20240731,GATEWAY,PAID,54924.0
11762,7000011761,1000011761,20240823,CASH,PAID,53905.5
11763,7000011762,1000011762,20241015,CARD,PAID,49905.0
11764,7000011763,1000011763,20240415,CARD,PAID,39619.92
11765,7000011764,1000011764,20250331,CARD,PAID,37709.25
11766,7000011765,1000011765,20240607,CARD,PAID,26136.0
11767,7000011766,1000011766,20250718,CARD,PAID,41382.0
11768,7000011767,1000011767,20241113,CASH,PAID,82909.2
11769,7000011768,1000011768,20240912,GATEWAY,PAID,14994.0
11770,7000011769,1000011769,20240126,TRANSFER,REFUNDED,32670.0
11771,7000011770,1000011770,20241210,CASH,PAID,49005.0
11772,7000011771,1000011771,20240612,CASH,PAID,26136.0
11773,7000011772,1000011772,0,CARD,FAILED,13068.0
11774,7000011773,1000011773,20250505,GATEWAY,PAID,29903.7
11775,7000011774,1000011774,20250130,CARD,PAID,27355.68
11776,7000011775,1000011775,20240930,CASH,PAID,14229.6
11777,7000011776,1000011776,20240910,CARD,PAID,58100.25
11778,7000011777,1000011777,20240426,CARD,PAID,15383.7
11779,7000011778,1000011778,20250103,CARD,REFUNDED,19866.75
11780,7000011779,1000011779,20241126,CARD,PAID,49905.0
11781,7000011780,1000011780,20240106,GATEWAY,PAID,33144.0
11782,7000011781,1000011781,20240928,CARD,PAID,43588.8
11783,7000011782,1000011782,20240107,CARD,PAID,17235.0
11784,7000011783,1000011783,20240109,CARD,PAID,28488.0
11785,7000011784,1000011784,20250513,CARD,PAID,18142.5
11786,7000011785,1000011785,20250211,GATEWAY,PAID,15129.6
11787,7000011786,1000011786,20240903,CARD,PAID,41164.2
11788,7000011787,1000011787,20250914,CASH,PAID,54450.0
11789,7000011788,1000011788,20241014,CASH,PAID,63488.7
11790,7000011789,1000011789,20240601,CARD,PAID,57528.0
11791,7000011790,1000011790,20250718,CARD,PAID,37500.0
11792,7000011791,1000011791,20250507,CARD,PAID,14229.6
11793,7000011792,1000011792,20250316,GATEWAY,PAID,35574.0
11794,7000011793,1000011793,20250811,CARD,PAID,15246.0
11795,7000011794,1000011794,20241012,CARD,PAID,89833.42
11796,7000011795,1000011795,20250108,CARD,PAID,32670.0
11797,7000011796,1000011796,20240303,CARD,PAID,53361.0
11798,7000011797,1000011797,20240507,GATEWAY,PAID,86538.96
11799,7000011798,1000011798,20240125,TRANSFER,PAID,46957.68
11800,7000011799,1000011799,20241222,CARD,PAID,48859.8
11801,7000011800,1000011800,20250608,TRANSFER,PAID,39204.0
11802,7000011801,1000011801,20250706,CARD,PAID,18142.5
11803,7000011802,1000011802,20240428,CASH,PAID,34485.0
11804,7000011803,1000011803,20250524,CARD,PAID,13794.0
11805,7000011804,1000011804,20240118,CARD,PAID,29949.6
11806,7000011805,1000011805,20240417,CARD,PAID,14520.0
11807,7000011806,1000011806,20240619,CARD,PAID,13794.0
11808,7000011807,1000011807,20240622,GATEWAY,PAID,19866.75
11809,7000011808,1000011808,20250531,CARD,PAID,121861.2
11810,7000011809,1000011809,20240905,GATEWAY,PAID,15683.7
11811,7000011810,1000011810,20250912,CARD,PAID,42582.0
11812,7000011811,1000011811,0,GATEWAY,PENDING,55795.2
11813,7000011812,1000011812,20250209,CARD,REFUNDED,46420.2
11814,7000011813,1000011813,20251002,CARD,PAID,14701.5
11815,7000011814,1000011814,20240822,CARD,PAID,43560.0
11816,7000011815,1000011815,20240110,CARD,PAID,27036.0
11817,7000011816,1000011816,20240316,CARD,PAID,26136.0
11818,7000011817,1000011817,20241125,GATEWAY,PAID,37800.0
11819,7000011818,1000011818,20250507,GATEWAY,PAID,14268.0
11820,7000011819,1000011819,20240403,CARD,PAID,42165.84
11821,7000011820,1000011820,0,CASH,FAILED,30201.6
11822,7000011821,1000011821,20241018,GATEWAY,PAID,41382.0
11823,7000011822,1000011822,20240914,CARD,PAID,34659.0
11824,7000011823,1000011823,20250217,CARD,PAID,70523.4
11825,7000011824,1000011824,20240622,CASH,PAID,14520.0
11826,7000011825,1000011825,0,CARD,FAILED,75939.6
11827,7000011826,1000011826,20250701,CARD,PAID,26136.0
11828,7000011827,1000011827,0,GATEWAY,FAILED,18987.0
11829,7000011828,1000011828,20240310,CARD,PAID,98304.03
11830,7000011829,1000011829,20240706,GATEWAY,PAID,74271.9
11831,7000011830,1000011830,20250609,CARD,PAID,36474.0
11832,7000011831,1000011831,20250805,CARD,PAID,27636.0
11833,7000011832,1000011832,20240907,GATEWAY,PAID,78649.68
11834,7000011833,1000011833,20241120,CARD,PAID,91587.0
11835,7000011834,1000011834,20240415,TRANSFER,PAID,45738.0
11836,7000011835,1000011835,0,CARD,FAILED,36300.0
11837,7000011836,1000011836,20240301,GATEWAY,PAID,33870.0
11838,7000011837,1000011837,20250609,CASH,PAID,24829.2
11839,7000011838,1000011838,20250203,CASH,PAID,27442.8
11840,7000011839,1000011839,20241204,CASH,PAID,39204.0
11841,7000011840,1000011840,20250811,CARD,PAID,31305.12
11842,7000011841,1000011841,0,GATEWAY,PENDING,35574.0
11843,7000011842,1000011842,20250813,GATEWAY,PAID,50268.0
11844,7000011843,1000011843,20250417,CARD,PAID,15720.0
11845,7000011844,1000011844,20240328,CARD,PAID,34051.5
11846,7000011845,1000011845,20241212,CARD,PAID,17787.0
11847,7000011846,1000011846,20250312,CARD,PAID,14701.5
11848,7000011847,1000011847,20250905,TRANSFER,PAID,54450.0
11849,7000011848,1000011848,20240829,CARD,PAID,53227.5
11850,7000011849,1000011849,20240307,CARD,PAID,52627.5
11851,7000011850,1000011850,20241111,GATEWAY,PAID,17535.0
11852,7000011851,1000011851,20240210,CARD,PAID,52627.5
11853,7000011852,1000011852,20250804,GATEWAY,PAID,55350.0
11854,7000011853,1000011853,20241221,CARD,PAID,16852.56
11855,7000011854,1000011854,20240603,CASH,PAID,16335.0
11856,7000011855,1000011855,20240303,CASH,PAID,35283.6
11857,7000011856,1000011856,20240708,CASH,PAID,26136.0
11858,7000011857,1000011857,20250128,CARD,PAID,18987.0
11859,7000011858,1000011858,20240629,CARD,PAID,13068.0
11860,7000011859,1000011859,20240327,CARD,PAID,31936.5
11861,7000011860,1000011860,20240404,CARD,PAID,23522.4
11862,7000011861,1000011861,20240708,CARD,PAID,17787.0
11863,7000011862,1000011862,20250108,CARD,PAID,35685.0
11864,7000011863,1000011863,20250308,CARD,PAID,64470.9
11865,7000011864,1000011864,20240119,CARD,PAID,58672.5
11866,7000011865,1000011865,20241201,GATEWAY,PAID,40104.0
11867,7000011866,1000011866,0,GATEWAY,FAILED,17535.0
11868,7000011867,1000011867,20250219,CASH,PAID,26136.0
11869,7000011868,1000011868,20250528,GATEWAY,PAID,16335.0
11870,7000011869,1000011869,20240106,GATEWAY,PAID,28923.6
11871,7000011870,1000011870,20250830,CASH,PAID,49005.0
11872,7000011871,1000011871,20250907,GATEWAY,PAID,52627.5
11873,7000011872,1000011872,20250528,CARD,PAID,20557.5
11874,7000011873,1000011873,20250901,CASH,PAID,14520.0
11875,7000011874,1000011874,20250326,CARD,PAID,49905.0
11876,7000011875,1000011875,20250502,CASH,PAID,34485.0
11877,7000011876,1000011876,20241217,CASH,PAID,92837.25
11878,7000011877,1000011877,20240420,GATEWAY,PAID,33706.12
11879,7000011878,1000011878,20241211,CARD,PAID,34485.0
11880,7000011879,1000011879,20250908,CARD,PAID,24722.4
11881,7000011880,1000011880,20250521,CARD,PAID,36774.0
11882,7000011881,1000011881,20240524,CASH,PAID,35574.0
11883,7000011882,1000011882,20240222,GATEWAY,PAID,36474.0
11884,7000011883,1000011883,20250316,CARD,PAID,32670.0
11885,7000011884,1000011884,20240505,TRANSFER,PAID,86103.6
11886,7000011885,1000011885,20250214,CARD,PAID,53227.5
11887,7000011886,1000011886,20240711,TRANSFER,PAID,49005.0
11888,7000011887,1000011887,20240708,CARD,PAID,42282.0
11889,7000011888,1000011888,20250116,CARD,PAID,54261.0
11890,7000011889,1000011889,20250910,CARD,PAID,15429.6
11891,7000011890,1000011890,20250529,CARD,PAID,15129.6
11892,7000011891,1000011891,20250828,CARD,PAID,59895.0
11893,7000011892,1000011892,20250303,GATEWAY,PAID,14568.0
11894,7000011893,1000011893,20240403,GATEWAY,PAID,31944.0
11895,7000011894,1000011894,20250802,CARD,PAID,44351.1
11896,7000011895,1000011895,20250312,CASH,PAID,42688.8
11897,7000011896,1000011896,20240605,GATEWAY,PAID,53227.5
11898,7000011897,1000011897,20241106,TRANSFER,PAID,69314.85
11899,7000011898,1000011898,0,CARD,FAILED,101034.08
11900,7000011899,1000011899,20240124,CARD,REFUNDED,40830.0
11901,7000011900,1000011900,20241228,GATEWAY,PAID,62590.56
11902,7000011901,1000011901,20240812,CASH,PAID,19057.5
11903,7000011902,1000011902,20250504,CARD,PAID,41382.0
11904,7000011903,1000011903,20240110,GATEWAY,PAID,88564.5
11905,7000011904,1000011904,20240309,CARD,PAID,17242.5
11906,7000011905,1000011905,20240731,CARD,PAID,29359.2
11907,7000011906,1000011906,20250807,GATEWAY,PAID,58834.8
11908,7000011907,1000011907,20250411,CARD,PAID,15601.5
11909,7000011908,1000011908,20241026,GATEWAY,PAID,36774.0
11910,7000011909,1000011909,20241203,CARD,PAID,93329.4
11911,7000011910,1000011910,20250723,CARD,PAID,90931.5
11912,7000011911,1000011911,20250216,CARD,PAID,19565.7
11913,7000011912,1000011912,20250528,GATEWAY,PAID,27336.0
11914,7000011913,1000011913,20250327,GATEWAY,PAID,91369.2
11915,7000011914,1000011914,20250113,CARD,PAID,55650.0
11916,7000011915,1000011915,20240411,GATEWAY,PAID,13721.4
11917,7000011916,1000011916,20240520,GATEWAY,PAID,29903.7
11918,7000011917,1000011917,20250901,GATEWAY,PAID,15129.6
11919,7000011918,1000011918,20240911,GATEWAY,PAID,43008.0
11920,7000011919,1000011919,20250419,CASH,REFUNDED,85305.0
11921,7000011920,1000011920,20240928,CASH,PAID,63499.59
11922,7000011921,1000011921,20240729,GATEWAY,PAID,17535.0
11923,7000011922,1000011922,20250422,CARD,PAID,54450.0
11924,7000011923,1000011923,20250110,CARD,PAID,44188.8
11925,7000011924,1000011924,20240308,GATEWAY,PAID,40404.0
11926,7000011925,1000011925,20250307,GATEWAY,PAID,36474.0
11927,7000011926,1000011926,20240325,GATEWAY,PAID,57818.4
11928,7000011927,1000011927,20240222,CARD,PAID,41527.2
11929,7000011928,1000011928,20241216,GATEWAY,PAID,75133.5
11930,7000011929,1000011929,20240518,GATEWAY,PAID,18676.35
11931,7000011930,1000011930,20240324,CASH,PAID,18104.62
11932,7000011931,1000011931,0,GATEWAY,PENDING,15429.6
11933,7000011932,1000011932,0,GATEWAY,FAILED,29882.16
11934,7000011933,1000011933,20240429,GATEWAY,PAID,31764.6
11935,7000011934,1000011934,20250720,CARD,PAID,48279.0
11936,7000011935,1000011935,20240524,CASH,PAID,15246.0
11937,7000011936,1000011936,20241008,GATEWAY,PAID,74126.7
11938,7000011937,1000011937,20240511,CARD,PAID,30303.0
11939,7000011938,1000011938,20240521,CASH,PAID,35574.0
11940,7000011939,1000011939,20250620,GATEWAY,PAID,45004.5
11941,7000011940,1000011940,0,CARD,PENDING,42582.0
11942,7000011941,1000011941,20250808,GATEWAY,PAID,17835.0
11943,7000011942,1000011942,20240710,GATEWAY,PAID,39433.5
11944,7000011943,1000011943,20241121,CARD,PAID,11761.2
11945,7000011944,1000011944,20250513,CARD,PAID,68079.12
11946,7000011945,1000011945,20250321,CARD,PAID,32670.0
11947,7000011946,1000011946,0,CARD,FAILED,17535.0
11948,7000011947,1000011947,20240829,CARD,PAID,69333.0
11949,7000011948,1000011948,20240115,CASH,PAID,57717.0
11950,7000011949,1000011949,20250810,CARD,PAID,72600.0
11951,7000011950,1000011950,20241114,CASH,PAID,65122.2
11952,7000011951,1000011951,20241015,CARD,PAID,19350.0
11953,7000011952,1000011952,20250722,GATEWAY,PAID,49005.0
11954,7000011953,1000011953,20250801,CASH,PAID,41382.0
11955,7000011954,1000011954,20240305,CARD,PAID,38443.8
11956,7000011955,1000011955,20240903,CARD,REFUNDED,17235.0
11957,7000011956,1000011956,20250214,CARD,PAID,70959.0
11958,7000011957,1000011957,20240812,CASH,PAID,12806.64
11959,7000011958,1000011958,20250210,CARD,PAID,111017.1
11960,7000011959,1000011959,20250130,CASH,PAID,39204.0
11961,7000011960,1000011960,0,CARD,PENDING,26136.0
11962,7000011961,1000011961,20250729,CARD,PAID,15173.4
11963,7000011962,1000011962,20240530,CARD,PAID,37500.0
11964,7000011963,1000011963,20240102,TRANSFER,PAID,57208.8
11965,7000011964,1000011964,20250516,CARD,PAID,45520.2
11966,7000011965,1000011965,20250107,CARD,PAID,27036.0
11967,7000011966,1000011966,20250226,CASH,PAID,44823.24
11968,7000011967,1000011967,20241025,CARD,PAID,15429.6
11969,7000011968,1000011968,20250516,GATEWAY,PAID,33570.0
11970,7000011969,1000011969,20250520,CARD,PAID,35685.0
11971,7000011970,1000011970,20250921,CARD,PAID,46938.0
11972,7000011971,1000011971,20250715,CARD,PAID,13968.0
11973,7000011972,1000011972,20250725,CARD,PAID,95287.5
11974,7000011973,1000011973,20250813,CARD,REFUNDED,29359.2
11975,7000011974,1000011974,20250426,GATEWAY,PAID,31692.0
11976,7000011975,1000011975,0,CARD,PENDING,29940.0
11977,7000011976,1000011976,20250331,CARD,PAID,18966.75
11978,7000011977,1000011977,20250114,CARD,PAID,68655.0
11979,7000011978,1000011978,20241019,CASH,REFUNDED,29040.0
11980,7000011979,1000011979,20240107,TRANSFER,PAID,42834.0
11981,7000011980,1000011980,20240926,CARD,PAID,52635.0
11982,7000011981,1000011981,0,CARD,FAILED,40631.4
11983,7000011982,1000011982,20240219,CARD,PAID,54016.5
11984,7000011983,1000011983,20240426,CARD,PAID,47509.2
11985,7000011984,1000011984,20240601,CASH,PAID,37243.8
11986,7000011985,1000011985,20240908,CARD,PAID,113149.2
11987,7000011986,1000011986,20250323,TRANSFER,PAID,65957.1
11988,7000011987,1000011987,20240721,CARD,PAID,34485.0
11989,7000011988,1000011988,0,GATEWAY,FAILED,65354.28
11990,7000011989,1000011989,0,TRANSFER,FAILED,16335.0
11991,7000011990,1000011990,20240314,CARD,PAID,36483.6
11992,7000011991,1000011991,20250202,CASH,PAID,16335.0
11993,7000011992,1000011992,20250223,GATEWAY,PAID,49116.0
11994,7000011993,1000011993,20240929,GATEWAY,PAID,60831.3
11995,7000011994,1000011994,20240723,CASH,PAID,18150.0
11996,7000011995,1000011995,20250612,CARD,PAID,32670.0
11997,7000011996,1000011996,20240903,GATEWAY,PAID,25613.28
11998,7000011997,1000011997,20250505,CARD,REFUNDED,78964.2
11999,7000011998,1000011998,20250720,CARD,PAID,17242.5
12000,7000011999,1000011999,20250823,CARD,PAID,68325.96
