pedido_sk,order_id,fecha_key,cliente_sk,canal_sk,geografia_sk,tienda_sk,subtotal,tax_amount,shipping_fee,total_amount
1,1000000000,20241126,356,1,599,-1,51600.0,10836.0,1200.0,63636.0
2,1000000002,20250226,1234,1,3067,-1,25260.0,5304.6,1500.0,32064.6
3,1000000003,20250301,156,1,511,-1,25500.0,5355.0,0.0,30855.0
4,1000000004,20240330,616,2,4,4,44175.0,9276.75,0.0,53451.75
5,1000000005,20240312,614,2,2,2,24000.0,5040.0,0.0,29040.0
6,1000000007,20241111,17,1,2581,-1,13500.0,2835.0,1200.0,17535.0
7,1000000008,20240825,1148,1,494,-1,89100.0,18711.0,1200.0,109011.0
8,1000000009,20240330,1037,1,978,-1,12825.0,2693.25,1200.0,16718.25
9,1000000011,20250617,1239,2,4,4,34140.0,7169.4,0.0,41309.4
10,1000000012,20240809,1426,2,3,3,35280.0,7408.8,0.0,42688.8
11,1000000013,20250323,862,2,1,1,101887.5,21396.38,0.0,123283.88
12,1000000014,20250818,181,1,2921,-1,11760.0,2469.6,900.0,15129.6
13,1000000016,20250827,475,1,2562,-1,22680.0,4762.8,1200.0,28642.8
14,1000000017,20250219,753,2,2,2,66870.0,14042.7,0.0,80912.7
15,1000000019,20250421,793,1,2616,-1,37044.0,7779.24,1200.0,46023.24
16,1000000020,20240506,866,1,2378,-1,49500.0,10395.0,0.0,59895.0
17,1000000021,20250923,1110,1,1549,-1,23520.0,4939.2,1200.0,29659.2
18,1000000023,20250705,379,2,3,3,68400.0,14364.0,0.0,82764.0
19,1000000024,20250302,441,2,2,2,11760.0,2469.6,0.0,14229.6
20,1000000025,20250826,125,1,516,-1,70087.5,14718.38,1200.0,86005.88
21,1000000026,20241212,1201,1,301,-1,13500.0,2835.0,1200.0,17535.0
22,1000000027,20241202,1055,1,1862,-1,22800.0,4788.0,900.0,28488.0
23,1000000028,20240517,382,1,1423,-1,12000.0,2520.0,0.0,14520.0
24,1000000029,20250914,1456,1,1425,-1,64740.0,13595.4,900.0,79235.4
25,1000000030,20250609,1377,2,4,4,34200.0,7182.0,0.0,41382.0
26,1000000031,20250510,1375,2,4,4,23520.0,4939.2,0.0,28459.2
27,1000000032,20250315,821,1,924,-1,27000.0,5670.0,1200.0,33870.0
28,1000000033,20240608,1475,2,4,4,14700.0,3087.0,0.0,17787.0
29,1000000034,20241117,634,2,2,2,85387.5,17931.38,0.0,103318.88
30,1000000035,20240112,585,2,1,1,21600.0,4536.0,0.0,26136.0
31,1000000036,20240924,180,1,1863,-1,49800.0,10458.0,900.0,61158.0
32,1000000037,20240126,482,1,2325,-1,24696.0,5186.16,1200.0,31082.16
33,1000000038,20240202,620,2,1,1,11760.0,2469.6,0.0,14229.6
34,1000000039,20240523,603,2,1,1,59160.0,12423.6,0.0,71583.6
35,1000000041,20240114,1005,2,3,3,24510.0,5147.1,0.0,29657.1
36,1000000042,20240927,790,1,33,-1,10260.0,2154.6,1500.0,13914.6
37,1000000043,20240521,665,1,2043,-1,39600.0,8316.0,900.0,48816.0
38,1000000044,20250902,562,1,1135,-1,73500.0,15435.0,1500.0,90435.0
39,1000000045,20240201,998,1,1984,-1,36000.0,7560.0,900.0,44460.0
40,1000000046,20240112,276,1,493,-1,33000.0,6930.0,0.0,39930.0
41,1000000047,20240308,1469,2,2,2,10800.0,2268.0,0.0,13068.0
42,1000000049,20240811,1360,2,2,2,40500.0,8505.0,0.0,49005.0
43,1000000050,20240725,1423,1,665,-1,28500.0,5985.0,1200.0,35685.0
44,1000000051,20240915,741,1,1867,-1,30870.0,6482.7,900.0,38252.7
45,1000000052,20241104,969,1,1612,-1,70560.0,14817.6,0.0,85377.6
46,1000000054,20240316,251,2,4,4,12348.0,2593.08,0.0,14941.08
47,1000000055,20250723,1087,2,1,1,42750.0,8977.5,0.0,51727.5
48,1000000056,20250412,659,1,1891,-1,71025.0,14915.25,1200.0,87140.25
49,1000000057,20250221,338,2,4,4,28425.0,5969.25,0.0,34394.25
50,1000000059,20240701,958,1,2539,-1,64200.0,13482.0,0.0,77682.0
51,1000000061,20250301,1337,1,88,-1,12000.0,2520.0,1200.0,15720.0
52,1000000062,20241223,1442,2,3,3,45000.0,9450.0,0.0,54450.0
53,1000000063,20240530,939,1,410,-1,37044.0,7779.24,1500.0,46323.24
54,1000000064,20250304,1409,1,311,-1,14850.0,3118.5,1200.0,19168.5
55,1000000065,20240917,1062,1,1403,-1,35280.0,7408.8,1200.0,43888.8
56,1000000068,20241201,77,1,624,-1,84435.0,17731.35,0.0,102166.35
57,1000000069,20240612,700,1,480,-1,44100.0,9261.0,0.0,53361.0
58,1000000070,20250725,425,1,432,-1,12000.0,2520.0,900.0,15420.0
59,1000000071,20240722,1271,2,3,3,11760.0,2469.6,0.0,14229.6
60,1000000072,20240202,1129,1,2540,-1,12825.0,2693.25,1500.0,17018.25
61,1000000073,20241207,1224,1,1123,-1,15435.0,3241.35,900.0,19576.35
62,1000000074,20241214,446,1,2068,-1,56340.0,11831.4,900.0,69071.4
63,1000000075,20250322,867,1,2685,-1,29400.0,6174.0,900.0,36474.0
64,1000000076,20240301,127,1,3189,-1,23520.0,4939.2,1200.0,29659.2
65,1000000077,20241204,874,2,1,1,23520.0,4939.2,0.0,28459.2
66,1000000078,20250109,814,1,2367,-1,40650.0,8536.5,0.0,49186.5
67,1000000079,20250916,1189,1,840,-1,32400.0,6804.0,1200.0,40404.0
68,1000000080,20241111,584,1,69,-1,14700.0,3087.0,900.0,18687.0
69,1000000081,20250202,1433,1,953,-1,52800.0,11088.0,900.0,64788.0
70,1000000082,20250921,670,1,3103,-1,34200.0,7182.0,1200.0,42582.0
71,1000000084,20241125,535,1,153,-1,15000.0,3150.0,900.0,19050.0
72,1000000085,20250301,655,1,2185,-1,12348.0,2593.08,1500.0,16441.08
73,1000000086,20250818,833,1,2251,-1,10800.0,2268.0,1200.0,14268.0
74,1000000088,20240203,360,1,1460,-1,56400.0,11844.0,900.0,69144.0
75,1000000089,20250618,1227,1,1176,-1,14250.0,2992.5,1200.0,18442.5
76,1000000090,20240127,624,1,38,-1,36825.0,7733.25,900.0,45458.25
77,1000000091,20240217,228,1,2302,-1,91192.5,19150.42,0.0,110342.92
78,1000000092,20240613,770,1,776,-1,30000.0,6300.0,900.0,37200.0
79,1000000093,20241114,54,2,2,2,84675.0,17781.75,0.0,102456.75
80,1000000094,20241227,1006,2,4,4,74700.0,15687.0,0.0,90387.0
81,1000000095,20250925,247,1,1295,-1,48510.0,10187.1,1200.0,59897.1
82,1000000096,20250523,1127,2,3,3,35280.0,7408.8,0.0,42688.8
83,1000000097,20240612,757,2,2,2,15435.0,3241.35,0.0,18676.35
84,1000000098,20250116,520,1,2447,-1,35910.0,7541.1,900.0,44351.1
85,1000000099,20240227,258,1,228,-1,12000.0,2520.0,0.0,14520.0
86,1000000101,20240330,3,1,223,-1,36000.0,7560.0,900.0,44460.0
87,1000000102,20241119,334,1,2867,-1,35280.0,7408.8,1200.0,43888.8
88,1000000105,20240512,176,1,2444,-1,21600.0,4536.0,1200.0,27336.0
89,1000000106,20250208,801,1,2960,-1,15000.0,3150.0,900.0,19050.0
90,1000000107,20240522,1113,1,1947,-1,34020.0,7144.2,900.0,42064.2
91,1000000108,20250704,810,2,4,4,46305.0,9724.05,0.0,56029.05
92,1000000109,20240422,581,2,4,4,33000.0,6930.0,0.0,39930.0
93,1000000111,20241220,1333,1,1880,-1,15435.0,3241.35,1200.0,19876.35
94,1000000112,20250228,24,2,2,2,76770.0,16121.7,0.0,92891.7
95,1000000114,20240917,63,2,1,1,9720.0,2041.2,0.0,11761.2
96,1000000116,20240701,1091,1,2613,-1,39600.0,8316.0,1200.0,49116.0
97,1000000117,20250119,524,1,1258,-1,24000.0,5040.0,1200.0,30240.0
98,1000000118,20250816,1229,1,2394,-1,38808.0,8149.68,900.0,47857.68
99,1000000119,20250716,458,2,4,4,14700.0,3087.0,0.0,17787.0
100,1000000120,20240418,68,1,1657,-1,11760.0,2469.6,0.0,14229.6
101,1000000121,20241220,959,2,4,4,37620.0,7900.2,0.0,45520.2
102,1000000122,20250830,356,2,1,1,36000.0,7560.0,0.0,43560.0
103,1000000124,20240206,1420,1,3008,-1,54684.0,11483.64,1200.0,67367.64
104,1000000125,20240709,279,2,3,3,51300.0,10773.0,0.0,62073.0
105,1000000126,20240612,779,2,3,3,15000.0,3150.0,0.0,18150.0
106,1000000127,20240228,1383,1,2117,-1,56850.0,11938.5,1200.0,69988.5
107,1000000129,20250917,1016,1,3040,-1,62280.0,13078.8,1500.0,76858.8
108,1000000130,20250521,595,2,3,3,12150.0,2551.5,0.0,14701.5
109,1000000131,20240125,902,2,4,4,39600.0,8316.0,0.0,47916.0
110,1000000132,20240726,317,1,2546,-1,26460.0,5556.6,1200.0,33216.6
111,1000000133,20240614,1229,2,2,2,15000.0,3150.0,0.0,18150.0
112,1000000134,20240106,279,2,3,3,62280.0,13078.8,0.0,75358.8
113,1000000135,20240530,1498,2,4,4,33000.0,6930.0,0.0,39930.0
114,1000000136,20250120,140,1,1773,-1,28500.0,5985.0,0.0,34485.0
115,1000000137,20241115,1115,1,2545,-1,11760.0,2469.6,0.0,14229.6
116,1000000138,20240103,1240,1,1704,-1,34200.0,7182.0,1500.0,42882.0
117,1000000139,20240406,590,1,1036,-1,13500.0,2835.0,1200.0,17535.0
118,1000000140,20250217,645,2,3,3,13230.0,2778.3,0.0,16008.3
119,1000000143,20240606,551,2,1,1,66600.0,13986.0,0.0,80586.0
120,1000000145,20250719,1305,1,3178,-1,30000.0,6300.0,1500.0,37800.0
121,1000000146,20240505,280,1,2731,-1,82687.5,17364.38,900.0,100951.88
122,1000000147,20241207,1338,1,1472,-1,59340.0,12461.4,900.0,72701.4
123,1000000148,20250621,84,1,2447,-1,35280.0,7408.8,1200.0,43888.8
124,1000000149,20250121,655,1,1117,-1,13500.0,2835.0,900.0,17235.0
125,1000000150,20250530,513,2,4,4,32340.0,6791.4,0.0,39131.4
126,1000000151,20240416,884,2,3,3,35280.0,7408.8,0.0,42688.8
127,1000000152,20240108,385,2,2,2,9720.0,2041.2,0.0,11761.2
128,1000000154,20240701,110,2,1,1,42525.0,8930.25,0.0,51455.25
129,1000000155,20240212,1197,1,3125,-1,12000.0,2520.0,900.0,15420.0
130,1000000156,20241029,833,2,2,2,42750.0,8977.5,0.0,51727.5
131,1000000158,20240424,905,2,1,1,30000.0,6300.0,0.0,36300.0
132,1000000159,20240714,389,1,307,-1,12348.0,2593.08,1200.0,16141.08
133,1000000160,20240613,1299,2,4,4,29400.0,6174.0,0.0,35574.0
134,1000000161,20241021,725,1,2912,-1,45000.0,9450.0,900.0,55350.0
135,1000000162,20250731,645,2,4,4,22800.0,4788.0,0.0,27588.0
136,1000000163,20240224,584,1,136,-1,21600.0,4536.0,900.0,27036.0
137,1000000164,20250222,436,1,2762,-1,63000.0,13230.0,900.0,77130.0
138,1000000165,20250827,293,1,2361,-1,23520.0,4939.2,1500.0,29959.2
139,1000000166,20250727,1065,1,2496,-1,43425.0,9119.25,1200.0,53744.25
140,1000000169,20240708,251,1,1329,-1,10800.0,2268.0,1200.0,14268.0
141,1000000170,20240329,764,2,4,4,30000.0,6300.0,0.0,36300.0
142,1000000172,20240507,181,1,1805,-1,22800.0,4788.0,900.0,28488.0
143,1000000173,20250616,693,1,1635,-1,31500.0,6615.0,1200.0,39315.0
144,1000000174,20240907,672,2,2,2,11760.0,2469.6,0.0,14229.6
145,1000000175,20240531,786,1,2161,-1,12000.0,2520.0,900.0,15420.0
146,1000000176,20250225,1347,2,2,2,14850.0,3118.5,0.0,17968.5
147,1000000177,20241123,628,1,868,-1,12825.0,2693.25,1200.0,16718.25
148,1000000178,20250503,1485,2,2,2,13500.0,2835.0,0.0,16335.0
149,1000000179,20250812,805,1,2735,-1,72600.0,15246.0,900.0,88746.0
150,1000000180,20240521,445,1,753,-1,25200.0,5292.0,1200.0,31692.0
151,1000000181,20241112,560,1,83,-1,23520.0,4939.2,900.0,29359.2
152,1000000182,20240908,403,1,2607,-1,25080.0,5266.8,1200.0,31546.8
153,1000000183,20241026,693,2,1,1,27000.0,5670.0,0.0,32670.0
154,1000000184,20250511,274,2,2,2,13500.0,2835.0,0.0,16335.0
155,1000000185,20240718,804,1,944,-1,59844.0,12567.24,1200.0,73611.24
156,1000000186,20240730,1495,1,1364,-1,11400.0,2394.0,900.0,14694.0
157,1000000188,20250823,661,2,3,3,27000.0,5670.0,0.0,32670.0
158,1000000189,20240502,984,1,1812,-1,37044.0,7779.24,900.0,45723.24
159,1000000190,20240605,1384,1,1972,-1,11760.0,2469.6,0.0,14229.6
160,1000000192,20240308,456,2,2,2,12000.0,2520.0,0.0,14520.0
161,1000000193,20240215,427,1,695,-1,32400.0,6804.0,1200.0,40404.0
162,1000000194,20250913,866,1,2574,-1,45000.0,9450.0,0.0,54450.0
163,1000000195,20250228,371,1,600,-1,45840.0,9626.4,1200.0,56666.4
164,1000000196,20250814,1000,1,1384,-1,30000.0,6300.0,1200.0,37500.0
165,1000000197,20240409,1404,1,795,-1,10800.0,2268.0,1200.0,14268.0
166,1000000198,20240203,1159,1,788,-1,29160.0,6123.6,900.0,36183.6
167,1000000199,20250319,1040,1,2797,-1,48000.0,10080.0,1200.0,59280.0
168,1000000200,20240925,464,1,2537,-1,21600.0,4536.0,900.0,27036.0
169,1000000202,20250327,1056,2,3,3,36000.0,7560.0,0.0,43560.0
170,1000000203,20241117,925,2,3,3,32400.0,6804.0,0.0,39204.0
171,1000000205,20240930,903,1,898,-1,14700.0,3087.0,0.0,17787.0
172,1000000206,20250726,70,1,1092,-1,23520.0,4939.2,1200.0,29659.2
173,1000000207,20250507,1459,1,1330,-1,12348.0,2593.08,900.0,15841.08
174,1000000208,20250411,500,2,2,2,44550.0,9355.5,0.0,53905.5
175,1000000209,20250403,361,1,1297,-1,25200.0,5292.0,1200.0,31692.0
176,1000000210,20250320,476,1,2590,-1,13500.0,2835.0,1500.0,17835.0
177,1000000212,20250218,945,1,886,-1,11760.0,2469.6,900.0,15129.6
178,1000000213,20240416,1443,1,900,-1,15750.0,3307.5,1500.0,20557.5
179,1000000214,20240719,1430,1,2687,-1,22680.0,4762.8,900.0,28342.8
180,1000000215,20240129,1330,1,1579,-1,51015.0,10713.15,900.0,62628.15
181,1000000216,20250510,274,1,506,-1,15675.0,3291.75,900.0,19866.75
182,1000000217,20240405,1251,2,2,2,59962.5,12592.12,0.0,72554.62
183,1000000218,20240704,176,1,550,-1,31860.0,6690.6,1200.0,39750.6
184,1000000219,20240612,42,2,2,2,45000.0,9450.0,0.0,54450.0
185,1000000220,20250921,582,1,1933,-1,11400.0,2394.0,900.0,14694.0
186,1000000221,20250507,4,2,1,1,23520.0,4939.2,0.0,28459.2
187,1000000222,20240830,569,2,2,2,21600.0,4536.0,0.0,26136.0
188,1000000223,20241224,157,2,1,1,22680.0,4762.8,0.0,27442.8
189,1000000224,20250322,649,1,311,-1,40500.0,8505.0,1200.0,50205.0
190,1000000225,20250805,1230,1,1403,-1,34020.0,7144.2,0.0,41164.2
191,1000000226,20240716,197,1,2867,-1,29160.0,6123.6,1200.0,36483.6
192,1000000227,20240717,731,1,2594,-1,35280.0,7408.8,1200.0,43888.8
193,1000000228,20250327,506,1,2647,-1,35280.0,7408.8,900.0,43588.8
194,1000000230,20241229,485,1,1341,-1,32400.0,6804.0,900.0,40104.0
195,1000000231,20240608,823,1,57,-1,47250.0,9922.5,900.0,58072.5
196,1000000232,20250221,680,1,1497,-1,36936.0,7756.56,1200.0,45892.56
197,1000000233,20241119,417,1,2093,-1,15000.0,3150.0,900.0,19050.0
198,1000000234,20250528,677,1,2205,-1,23520.0,4939.2,1200.0,29659.2
199,1000000236,20250104,593,2,1,1,24000.0,5040.0,0.0,29040.0
200,1000000237,20241114,606,2,1,1,36000.0,7560.0,0.0,43560.0
201,1000000238,20250322,137,2,2,2,21168.0,4445.28,0.0,25613.28
202,1000000239,20240220,487,1,1637,-1,51660.0,10848.6,900.0,63408.6
203,1000000241,20241011,179,2,1,1,59400.0,12474.0,0.0,71874.0
204,1000000243,20250608,536,1,827,-1,16500.0,3465.0,0.0,19965.0
205,1000000244,20240913,1341,2,1,1,20520.0,4309.2,0.0,24829.2
206,1000000247,20241202,757,1,3131,-1,15435.0,3241.35,900.0,19576.35
207,1000000248,20241026,522,2,4,4,10800.0,2268.0,0.0,13068.0
208,1000000249,20240419,1384,2,3,3,39600.0,8316.0,0.0,47916.0
209,1000000250,20240921,473,1,843,-1,42525.0,8930.25,1500.0,52955.25
210,1000000251,20240315,1316,2,3,3,34200.0,7182.0,0.0,41382.0
211,1000000252,20240302,1356,2,1,1,44100.0,9261.0,0.0,53361.0
212,1000000254,20241013,1359,2,2,2,21168.0,4445.28,0.0,25613.28
213,1000000255,20240813,843,1,2933,-1,14700.0,3087.0,900.0,18687.0
214,1000000256,20241001,599,1,105,-1,23520.0,4939.2,1200.0,29659.2
215,1000000257,20250530,1048,2,1,1,57900.0,12159.0,0.0,70059.0
216,1000000258,20241226,319,1,3048,-1,28500.0,5985.0,900.0,35385.0
217,1000000260,20241212,1491,1,2539,-1,33000.0,6930.0,1200.0,41130.0
218,1000000261,20250814,79,1,1366,-1,24000.0,5040.0,0.0,29040.0
219,1000000262,20241118,748,1,3055,-1,35280.0,7408.8,900.0,43588.8
220,1000000263,20241231,537,1,3146,-1,40500.0,8505.0,900.0,49905.0
221,1000000264,20250819,303,2,2,2,57645.0,12105.45,0.0,69750.45
222,1000000265,20240427,1065,1,1757,-1,52536.0,11032.56,900.0,64468.56
223,1000000266,20250507,606,1,1858,-1,39195.0,8230.95,900.0,48325.95
224,1000000267,20240229,553,1,1632,-1,27000.0,5670.0,1200.0,33870.0
225,1000000270,20240216,663,2,1,1,11760.0,2469.6,0.0,14229.6
226,1000000272,20241025,844,1,1061,-1,26400.0,5544.0,1200.0,33144.0
227,1000000273,20240301,720,1,353,-1,35280.0,7408.8,900.0,43588.8
228,1000000274,20240928,169,2,1,1,63690.0,13374.9,0.0,77064.9
229,1000000275,20240621,969,1,1858,-1,21600.0,4536.0,1200.0,27336.0
230,1000000276,20250526,268,2,4,4,24000.0,5040.0,0.0,29040.0
231,1000000277,20241014,122,2,1,1,42000.0,8820.0,0.0,50820.0
232,1000000278,20250304,617,1,2841,-1,21600.0,4536.0,1500.0,27636.0
233,1000000280,20240720,732,2,1,1,27300.0,5733.0,0.0,33033.0
234,1000000281,20250311,211,1,2122,-1,43968.0,9233.28,900.0,54101.28
235,1000000282,20241228,475,1,1567,-1,19440.0,4082.4,900.0,24422.4
236,1000000283,20250721,949,1,2712,-1,12825.0,2693.25,1200.0,16718.25
237,1000000284,20240309,426,2,2,2,58500.0,12285.0,0.0,70785.0
238,1000000286,20240711,500,1,2067,-1,29400.0,6174.0,1500.0,37074.0
239,1000000287,20250617,677,2,1,1,42750.0,8977.5,0.0,51727.5
240,1000000288,20250201,33,2,1,1,11760.0,2469.6,0.0,14229.6
241,1000000290,20241104,78,1,2789,-1,85830.0,18024.3,1500.0,105354.3
242,1000000291,20241017,102,1,1996,-1,47025.0,9875.25,0.0,56900.25
243,1000000292,20250429,1072,2,4,4,26670.0,5600.7,0.0,32270.7
244,1000000293,20250821,754,1,1359,-1,21600.0,4536.0,900.0,27036.0
245,1000000296,20240628,240,2,2,2,15000.0,3150.0,0.0,18150.0
246,1000000298,20241104,849,2,1,1,34200.0,7182.0,0.0,41382.0
247,1000000299,20240506,807,2,3,3,36000.0,7560.0,0.0,43560.0
248,1000000300,20241119,901,1,1279,-1,44160.0,9273.6,1200.0,54633.6
249,1000000301,20240506,61,1,371,-1,24000.0,5040.0,0.0,29040.0
250,1000000303,20240316,1286,2,3,3,32400.0,6804.0,0.0,39204.0
251,1000000304,20240315,1416,1,1942,-1,98077.5,20596.27,1200.0,119873.77
252,1000000305,20250413,979,1,2689,-1,25200.0,5292.0,1200.0,31692.0
253,1000000306,20240429,800,1,969,-1,69150.0,14521.5,0.0,83671.5
254,1000000307,20240912,800,1,3193,-1,13500.0,2835.0,1500.0,17835.0
255,1000000308,20240327,757,1,1366,-1,13500.0,2835.0,1500.0,17835.0
256,1000000310,20250104,673,1,1712,-1,21600.0,4536.0,1500.0,27636.0
257,1000000311,20250107,1266,2,2,2,29925.0,6284.25,0.0,36209.25
258,1000000312,20250223,7,2,2,2,29925.0,6284.25,0.0,36209.25
259,1000000313,20250519,1040,2,3,3,59250.0,12442.5,0.0,71692.5
260,1000000314,20241015,873,1,2430,-1,26760.0,5619.6,1200.0,33579.6
261,1000000315,20250505,1336,1,2185,-1,44175.0,9276.75,900.0,54351.75
262,1000000316,20250427,708,2,1,1,59175.0,12426.75,0.0,71601.75
263,1000000317,20240816,380,1,742,-1,29700.0,6237.0,1500.0,37437.0
264,1000000318,20241006,634,2,4,4,12600.0,2646.0,0.0,15246.0
265,1000000319,20240420,578,1,2483,-1,11760.0,2469.6,1200.0,15429.6
266,1000000320,20250818,1479,1,517,-1,29250.0,6142.5,1200.0,36592.5
267,1000000321,20250802,1399,1,3181,-1,77100.0,16191.0,1200.0,94491.0
268,1000000322,20241120,522,2,4,4,30780.0,6463.8,0.0,37243.8
269,1000000323,20250401,247,2,1,1,45216.0,9495.36,0.0,54711.36
270,1000000324,20250111,96,2,4,4,57696.0,12116.16,0.0,69812.16
271,1000000325,20241014,798,2,2,2,23760.0,4989.6,0.0,28749.6
272,1000000326,20240616,21,1,2820,-1,69480.0,14590.8,0.0,84070.8
273,1000000327,20250109,1236,1,1160,-1,24696.0,5186.16,1200.0,31082.16
274,1000000328,20250210,130,1,2634,-1,66975.0,14064.75,1200.0,82239.75
275,1000000329,20240315,169,1,1195,-1,35640.0,7484.4,1200.0,44324.4
276,1000000330,20241214,973,2,2,2,24000.0,5040.0,0.0,29040.0
277,1000000331,20241224,1449,1,1764,-1,55935.0,11746.35,900.0,68581.35
278,1000000332,20250917,210,1,2680,-1,50700.0,10647.0,1200.0,62547.0
279,1000000334,20250507,1350,1,1059,-1,57720.0,12121.2,1500.0,71341.2
280,1000000335,20240210,170,1,1428,-1,59910.0,12581.1,1200.0,73691.1
281,1000000336,20240719,217,1,1796,-1,38400.0,8064.0,1500.0,47964.0
282,1000000337,20240912,254,1,2438,-1,13500.0,2835.0,1500.0,17835.0
283,1000000340,20240805,1410,1,3049,-1,10800.0,2268.0,1200.0,14268.0
284,1000000341,20241221,128,2,2,2,25200.0,5292.0,0.0,30492.0
285,1000000342,20241006,499,1,601,-1,14250.0,2992.5,900.0,18142.5
286,1000000343,20240811,494,1,2683,-1,22140.0,4649.4,1200.0,27989.4
287,1000000344,20240723,755,1,2503,-1,33000.0,6930.0,1500.0,41430.0
288,1000000345,20240501,518,1,2592,-1,34020.0,7144.2,0.0,41164.2
289,1000000346,20250312,1171,2,4,4,34200.0,7182.0,0.0,41382.0
290,1000000347,20240818,1261,1,1440,-1,44100.0,9261.0,900.0,54261.0
291,1000000348,20241115,468,2,4,4,10260.0,2154.6,0.0,12414.6
292,1000000349,20240829,503,1,2651,-1,36000.0,7560.0,1200.0,44760.0
293,1000000350,20240318,1073,2,3,3,35280.0,7408.8,0.0,42688.8
294,1000000351,20240503,997,2,1,1,27000.0,5670.0,0.0,32670.0
295,1000000352,20250216,435,1,2445,-1,28350.0,5953.5,900.0,35203.5
296,1000000353,20250508,1401,2,4,4,34200.0,7182.0,0.0,41382.0
297,1000000354,20250509,202,1,1194,-1,13200.0,2772.0,1200.0,17172.0
298,1000000355,20241209,920,1,173,-1,40500.0,8505.0,1200.0,50205.0
299,1000000356,20250605,1101,1,1472,-1,44100.0,9261.0,0.0,53361.0
300,1000000357,20240229,305,1,1215,-1,11760.0,2469.6,0.0,14229.6
301,1000000358,20250708,268,1,2817,-1,28500.0,5985.0,0.0,34485.0
302,1000000359,20240709,636,2,3,3,29400.0,6174.0,0.0,35574.0
303,1000000360,20240923,736,2,4,4,51960.0,10911.6,0.0,62871.6
304,1000000361,20250119,938,1,227,-1,59160.0,12423.6,1200.0,72783.6
305,1000000362,20240814,356,1,2341,-1,36000.0,7560.0,0.0,43560.0
306,1000000363,20240607,544,1,406,-1,11400.0,2394.0,0.0,13794.0
307,1000000364,20250818,952,2,2,2,24696.0,5186.16,0.0,29882.16
308,1000000366,20250715,1183,1,449,-1,46305.0,9724.05,1500.0,57529.05
309,1000000367,20250419,1154,1,1665,-1,27000.0,5670.0,900.0,33570.0
310,1000000369,20241211,666,2,1,1,32400.0,6804.0,0.0,39204.0
311,1000000370,20250818,1010,2,2,2,29925.0,6284.25,0.0,36209.25
312,1000000371,20240115,977,1,669,-1,30000.0,6300.0,1200.0,37500.0
313,1000000372,20240821,172,1,1165,-1,11970.0,2513.7,900.0,15383.7
314,1000000373,20240218,1179,1,962,-1,12600.0,2646.0,900.0,16146.0
315,1000000374,20250414,1048,2,2,2,44100.0,9261.0,0.0,53361.0
316,1000000375,20250624,480,1,2572,-1,14175.0,2976.75,900.0,18051.75
317,1000000376,20241215,164,2,2,2,42750.0,8977.5,0.0,51727.5
318,1000000377,20240802,902,2,1,1,30000.0,6300.0,0.0,36300.0
319,1000000378,20250905,1096,1,442,-1,39690.0,8334.9,1200.0,49224.9
320,1000000379,20250615,1208,1,2804,-1,10800.0,2268.0,900.0,13968.0
321,1000000380,20240613,538,2,2,2,56640.0,11894.4,0.0,68534.4
322,1000000381,20250518,695,1,1403,-1,65520.0,13759.2,1500.0,80779.2
323,1000000382,20240621,766,1,1821,-1,30000.0,6300.0,1500.0,37800.0
324,1000000383,20241120,295,2,2,2,42525.0,8930.25,0.0,51455.25
325,1000000384,20250608,864,1,705,-1,35280.0,7408.8,0.0,42688.8
326,1000000385,20240511,314,2,2,2,75450.0,15844.5,0.0,91294.5
327,1000000386,20241023,299,2,1,1,14250.0,2992.5,0.0,17242.5
328,1000000387,20250327,786,1,1285,-1,36000.0,7560.0,1200.0,44760.0
329,1000000388,20240603,356,1,3017,-1,43500.0,9135.0,1200.0,53835.0
330,1000000389,20240503,792,1,2065,-1,10260.0,2154.6,0.0,12414.6
331,1000000390,20240316,88,1,1077,-1,15750.0,3307.5,900.0,19957.5
332,1000000392,20240815,1,2,2,2,29400.0,6174.0,0.0,35574.0
333,1000000393,20240320,803,2,3,3,11760.0,2469.6,0.0,14229.6
334,1000000394,20250731,589,1,2934,-1,38475.0,8079.75,900.0,47454.75
335,1000000395,20240601,1238,2,3,3,37044.0,7779.24,0.0,44823.24
336,1000000396,20240814,293,1,1043,-1,46980.0,9865.8,1200.0,58045.8
337,1000000397,20250705,882,1,496,-1,12000.0,2520.0,900.0,15420.0
338,1000000399,20241003,960,2,2,2,47400.0,9954.0,0.0,57354.0
339,1000000400,20250313,1084,2,1,1,12600.0,2646.0,0.0,15246.0
340,1000000401,20250624,1411,2,2,2,40500.0,8505.0,0.0,49005.0
341,1000000402,20241219,889,1,1351,-1,35640.0,7484.4,1200.0,44324.4
342,1000000403,20241214,814,1,1075,-1,45000.0,9450.0,1200.0,55650.0
343,1000000404,20250312,293,1,1501,-1,36840.0,7736.4,1500.0,46076.4
344,1000000405,20240819,1121,1,568,-1,65040.0,13658.4,1500.0,80198.4
345,1000000406,20240825,696,2,1,1,42750.0,8977.5,0.0,51727.5
346,1000000408,20241112,106,1,1901,-1,30870.0,6482.7,900.0,38252.7
347,1000000410,20250720,305,1,2334,-1,35280.0,7408.8,0.0,42688.8
348,1000000411,20241108,381,1,3108,-1,38475.0,8079.75,1200.0,47754.75
349,1000000412,20241119,176,2,3,3,23520.0,4939.2,0.0,28459.2
350,1000000414,20250512,128,1,1304,-1,39450.0,8284.5,900.0,48634.5
351,1000000415,20250430,424,2,2,2,14700.0,3087.0,0.0,17787.0
352,1000000417,20240330,105,2,3,3,26400.0,5544.0,0.0,31944.0
353,1000000419,20240322,283,1,941,-1,64410.0,13526.1,1500.0,79436.1
354,1000000420,20241209,1430,2,2,2,11400.0,2394.0,0.0,13794.0
355,1000000421,20240831,673,1,2831,-1,32400.0,6804.0,1200.0,40404.0
356,1000000422,20250222,1419,1,2928,-1,55500.0,11655.0,900.0,68055.0
357,1000000423,20250609,39,2,1,1,23520.0,4939.2,0.0,28459.2
358,1000000424,20240709,189,1,6,-1,11760.0,2469.6,1200.0,15429.6
359,1000000425,20250926,526,2,2,2,10584.0,2222.64,0.0,12806.64
360,1000000426,20240710,790,1,874,-1,36000.0,7560.0,0.0,43560.0
361,1000000427,20240706,464,1,1238,-1,35670.0,7490.7,0.0,43160.7
362,1000000429,20250412,1051,2,1,1,58860.0,12360.6,0.0,71220.6
363,1000000430,20250128,582,1,2752,-1,37800.0,7938.0,900.0,46638.0
364,1000000431,20250906,3,1,1934,-1,34020.0,7144.2,1500.0,42664.2
365,1000000432,20240120,678,1,67,-1,37620.0,7900.2,1500.0,47020.2
366,1000000433,20250109,369,1,1834,-1,10800.0,2268.0,1200.0,14268.0
367,1000000435,20240519,1251,1,3078,-1,58920.0,12373.2,900.0,72193.2
368,1000000436,20240817,143,2,4,4,36000.0,7560.0,0.0,43560.0
369,1000000437,20241101,126,1,73,-1,42750.0,8977.5,0.0,51727.5
370,1000000438,20250503,945,2,4,4,48510.0,10187.1,0.0,58697.1
371,1000000439,20240104,592,1,3164,-1,22800.0,4788.0,0.0,27588.0
372,1000000440,20241028,462,2,2,2,60840.0,12776.4,0.0,73616.4
373,1000000441,20240318,274,1,627,-1,37044.0,7779.24,1500.0,46323.24
374,1000000442,20240524,703,2,3,3,44100.0,9261.0,0.0,53361.0
375,1000000444,20250116,310,1,69,-1,35640.0,7484.4,1200.0,44324.4
376,1000000445,20240723,410,2,2,2,24000.0,5040.0,0.0,29040.0
377,1000000446,20240813,495,1,1228,-1,35280.0,7408.8,1200.0,43888.8
378,1000000447,20241108,457,1,2613,-1,35280.0,7408.8,900.0,43588.8
379,1000000448,20250111,852,2,1,1,11400.0,2394.0,0.0,13794.0
380,1000000449,20240402,793,1,2005,-1,56460.0,11856.6,1200.0,69516.6
381,1000000450,20240906,789,1,1384,-1,15750.0,3307.5,1200.0,20257.5
382,1000000452,20250228,814,1,2031,-1,44887.5,9426.38,0.0,54313.88
383,1000000453,20240414,1270,1,717,-1,11760.0,2469.6,900.0,15129.6
384,1000000454,20250523,442,1,67,-1,32400.0,6804.0,900.0,40104.0
385,1000000456,20240926,1107,2,4,4,67590.0,14193.9,0.0,81783.9
386,1000000457,20250927,1229,1,23,-1,12825.0,2693.25,900.0,16418.25
387,1000000458,20241027,498,1,2170,-1,39750.0,8347.5,0.0,48097.5
388,1000000460,20240401,1412,1,327,-1,15435.0,3241.35,0.0,18676.35
389,1000000461,20240324,1462,1,2211,-1,22140.0,4649.4,1200.0,27989.4
390,1000000462,20240526,167,1,900,-1,45000.0,9450.0,1200.0,55650.0
391,1000000463,20250829,1066,1,517,-1,10800.0,2268.0,900.0,13968.0
392,1000000466,20250714,181,1,1085,-1,54750.0,11497.5,1200.0,67447.5
393,1000000467,20250102,746,2,2,2,32400.0,6804.0,0.0,39204.0
394,1000000469,20250611,803,1,2869,-1,39690.0,8334.9,900.0,48924.9
395,1000000470,20240208,316,2,2,2,14700.0,3087.0,0.0,17787.0
396,1000000471,20240112,56,2,1,1,34200.0,7182.0,0.0,41382.0
397,1000000472,20250726,1427,1,1425,-1,12348.0,2593.08,900.0,15841.08
398,1000000473,20250227,1172,1,27,-1,32400.0,6804.0,900.0,40104.0
399,1000000474,20240803,613,2,1,1,14250.0,2992.5,0.0,17242.5
400,1000000476,20250328,748,1,1602,-1,59100.0,12411.0,900.0,72411.0
401,1000000477,20250517,780,1,68,-1,11400.0,2394.0,900.0,14694.0
402,1000000479,20250709,320,2,2,2,44100.0,9261.0,0.0,53361.0
403,1000000480,20250608,843,2,3,3,36000.0,7560.0,0.0,43560.0
404,1000000481,20240129,956,2,2,2,24150.0,5071.5,0.0,29221.5
405,1000000483,20240108,445,1,612,-1,12000.0,2520.0,1200.0,15720.0
406,1000000485,20240627,481,1,2818,-1,42750.0,8977.5,1200.0,52927.5
407,1000000486,20240724,1303,2,3,3,42900.0,9009.0,0.0,51909.0
408,1000000487,20241231,1020,2,4,4,24000.0,5040.0,0.0,29040.0
409,1000000489,20250824,1083,2,1,1,55920.0,11743.2,0.0,67663.2
410,1000000490,20240930,760,2,1,1,25500.0,5355.0,0.0,30855.0
411,1000000491,20241116,1011,2,2,2,10800.0,2268.0,0.0,13068.0
412,1000000492,20250927,913,2,3,3,30435.0,6391.35,0.0,36826.35
413,1000000493,20250626,1012,1,1953,-1,11760.0,2469.6,1200.0,15429.6
414,1000000494,20240725,1228,1,2718,-1,46305.0,9724.05,1200.0,57229.05
415,1000000496,20241114,173,1,2522,-1,14700.0,3087.0,1500.0,19287.0
416,1000000498,20240903,1036,1,318,-1,14700.0,3087.0,900.0,18687.0
417,1000000501,20240519,1242,2,1,1,30000.0,6300.0,0.0,36300.0
418,1000000502,20241003,1379,1,559,-1,21600.0,4536.0,900.0,27036.0
419,1000000503,20250820,1415,1,3062,-1,35280.0,7408.8,1200.0,43888.8
420,1000000504,20250208,511,1,2531,-1,22800.0,4788.0,900.0,28488.0
421,1000000507,20250710,492,2,4,4,15750.0,3307.5,0.0,19057.5
422,1000000508,20240603,523,1,1392,-1,19440.0,4082.4,900.0,24422.4
423,1000000509,20250803,1382,1,60,-1,44100.0,9261.0,1500.0,54861.0
424,1000000510,20240902,310,1,2267,-1,60600.0,12726.0,1500.0,74826.0
425,1000000511,20240107,457,1,2650,-1,49500.0,10395.0,0.0,59895.0
426,1000000512,20250916,396,1,2878,-1,11760.0,2469.6,900.0,15129.6
427,1000000513,20241213,538,2,3,3,26460.0,5556.6,0.0,32016.6
428,1000000514,20241013,6,2,1,1,77100.0,16191.0,0.0,93291.0
429,1000000515,20240101,733,1,1421,-1,14850.0,3118.5,900.0,18868.5
430,1000000516,20250318,56,2,1,1,89280.0,18748.8,0.0,108028.8
431,1000000517,20240620,367,1,2620,-1,24000.0,5040.0,1500.0,30540.0
432,1000000518,20250622,812,2,1,1,10800.0,2268.0,0.0,13068.0
433,1000000519,20240421,669,1,1410,-1,49560.0,10407.6,900.0,60867.6
434,1000000520,20240129,566,1,2584,-1,80280.0,16858.8,1500.0,98638.8
435,1000000521,20240827,1055,1,2176,-1,52725.0,11072.25,0.0,63797.25
436,1000000522,20240826,577,1,3111,-1,36000.0,7560.0,900.0,44460.0
437,1000000523,20240920,689,2,3,3,23520.0,4939.2,0.0,28459.2
438,1000000524,20240513,787,2,4,4,45000.0,9450.0,0.0,54450.0
439,1000000525,20240113,32,1,2191,-1,21600.0,4536.0,900.0,27036.0
440,1000000526,20240219,434,1,1440,-1,44100.0,9261.0,900.0,54261.0
441,1000000527,20250519,1470,2,2,2,30000.0,6300.0,0.0,36300.0
442,1000000528,20240222,226,2,3,3,15000.0,3150.0,0.0,18150.0
443,1000000529,20241019,1190,1,3145,-1,47760.0,10029.6,1200.0,58989.6
444,1000000530,20240511,1004,1,1335,-1,23520.0,4939.2,1500.0,29959.2
445,1000000532,20241011,701,1,66,-1,13500.0,2835.0,1200.0,17535.0
446,1000000533,20250428,843,1,1627,-1,34200.0,7182.0,1500.0,42882.0
447,1000000534,20250221,1167,1,270,-1,20520.0,4309.2,0.0,24829.2
448,1000000535,20250409,681,1,1809,-1,48216.0,10125.36,1200.0,59541.36
449,1000000536,20250302,513,2,4,4,36000.0,7560.0,0.0,43560.0
450,1000000537,20240830,970,2,1,1,34020.0,7144.2,0.0,41164.2
451,1000000538,20241216,383,1,1760,-1,24300.0,5103.0,1500.0,30903.0
452,1000000539,20250228,527,1,705,-1,42768.0,8981.28,1500.0,53249.28
453,1000000541,20241231,12,2,3,3,12000.0,2520.0,0.0,14520.0
454,1000000542,20240502,1022,1,567,-1,37044.0,7779.24,1200.0,46023.24
455,1000000543,20240727,619,1,2381,-1,14250.0,2992.5,1200.0,18442.5
456,1000000544,20240323,461,2,3,3,14850.0,3118.5,0.0,17968.5
457,1000000545,20250328,1454,2,1,1,24696.0,5186.16,0.0,29882.16
458,1000000546,20241116,1199,1,406,-1,23760.0,4989.6,1200.0,29949.6
459,1000000547,20250602,1398,1,91,-1,24000.0,5040.0,1200.0,30240.0
460,1000000548,20250918,401,1,119,-1,29925.0,6284.25,900.0,37109.25
461,1000000549,20250314,1360,1,283,-1,22800.0,4788.0,0.0,27588.0
462,1000000550,20250415,768,1,1343,-1,34020.0,7144.2,1500.0,42664.2
463,1000000551,20250929,295,1,463,-1,34800.0,7308.0,1200.0,43308.0
464,1000000552,20250424,1270,2,2,2,21600.0,4536.0,0.0,26136.0
465,1000000553,20240624,999,2,3,3,36000.0,7560.0,0.0,43560.0
466,1000000554,20250525,264,1,249,-1,44100.0,9261.0,1200.0,54561.0
467,1000000555,20250801,1372,1,2737,-1,13500.0,2835.0,1500.0,17835.0
468,1000000556,20250122,103,2,1,1,29160.0,6123.6,0.0,35283.6
469,1000000557,20240408,493,2,3,3,29400.0,6174.0,0.0,35574.0
470,1000000558,20240923,136,2,4,4,45000.0,9450.0,0.0,54450.0
471,1000000559,20250111,1399,2,1,1,58350.0,12253.5,0.0,70603.5
472,1000000560,20250508,1364,1,1353,-1,47250.0,9922.5,900.0,58072.5
473,1000000561,20250315,1437,1,562,-1,34200.0,7182.0,0.0,41382.0
474,1000000562,20250604,108,1,2457,-1,34200.0,7182.0,900.0,42282.0
475,1000000563,20240320,1480,2,2,2,12150.0,2551.5,0.0,14701.5
476,1000000564,20240513,1220,2,4,4,37200.0,7812.0,0.0,45012.0
477,1000000566,20250409,68,1,932,-1,22800.0,4788.0,1200.0,28788.0
478,1000000567,20240805,691,2,4,4,27000.0,5670.0,0.0,32670.0
479,1000000569,20250511,1259,2,1,1,11400.0,2394.0,0.0,13794.0
480,1000000570,20240901,1373,2,1,1,28500.0,5985.0,0.0,34485.0
481,1000000571,20240421,274,2,3,3,13500.0,2835.0,0.0,16335.0
482,1000000572,20240901,1372,2,1,1,47250.0,9922.5,0.0,57172.5
483,1000000573,20240113,1385,1,2096,-1,35280.0,7408.8,900.0,43588.8
484,1000000574,20240328,433,1,2457,-1,32400.0,6804.0,1500.0,40704.0
485,1000000576,20240531,1152,1,1450,-1,21600.0,4536.0,1200.0,27336.0
486,1000000577,20250115,1031,2,2,2,36000.0,7560.0,0.0,43560.0
487,1000000578,20241118,524,2,1,1,14962.5,3142.12,0.0,18104.62
488,1000000579,20250501,196,1,279,-1,13200.0,2772.0,1200.0,17172.0
489,1000000581,20240331,1426,1,791,-1,13500.0,2835.0,1500.0,17835.0
490,1000000582,20241007,844,1,2497,-1,21600.0,4536.0,900.0,27036.0
491,1000000585,20240520,1150,2,3,3,25800.0,5418.0,0.0,31218.0
492,1000000586,20250825,402,1,808,-1,41400.0,8694.0,900.0,50994.0
493,1000000587,20241231,334,2,2,2,16170.0,3395.7,0.0,19565.7
494,1000000589,20250801,1420,2,1,1,25470.0,5348.7,0.0,30818.7
495,1000000590,20240629,903,1,1082,-1,57712.5,12119.62,1200.0,71032.12
496,1000000591,20241025,258,1,654,-1,24000.0,5040.0,900.0,29940.0
497,1000000593,20240805,376,2,3,3,35280.0,7408.8,0.0,42688.8
498,1000000594,20250312,919,1,847,-1,42750.0,8977.5,900.0,52627.5
499,1000000595,20241109,900,1,41,-1,25695.0,5395.95,900.0,31990.95
500,1000000596,20240812,639,2,1,1,47025.0,9875.25,0.0,56900.25
501,1000000597,20240225,188,1,1543,-1,67620.0,14200.2,1200.0,83020.2
502,1000000598,20241023,147,2,4,4,24696.0,5186.16,0.0,29882.16
503,1000000599,20240229,1119,1,529,-1,45000.0,9450.0,1200.0,55650.0
504,1000000600,20250111,41,1,728,-1,40500.0,8505.0,0.0,49005.0
505,1000000601,20240905,589,1,2594,-1,14250.0,2992.5,0.0,17242.5
506,1000000602,20241205,358,1,2069,-1,42525.0,8930.25,1200.0,52655.25
507,1000000603,20250508,358,1,1817,-1,33948.0,7129.08,0.0,41077.08
508,1000000604,20241028,855,1,840,-1,48510.0,10187.1,1200.0,59897.1
509,1000000605,20240613,142,2,2,2,10584.0,2222.64,0.0,12806.64
510,1000000606,20240219,79,2,3,3,12150.0,2551.5,0.0,14701.5
511,1000000607,20240602,338,1,443,-1,29160.0,6123.6,900.0,36183.6
512,1000000608,20241116,1019,2,1,1,54000.0,11340.0,0.0,65340.0
513,1000000609,20240525,590,2,2,2,37620.0,7900.2,0.0,45520.2
514,1000000610,20250426,1120,1,2137,-1,71370.0,14987.7,1200.0,87557.7
515,1000000611,20240816,1154,1,2238,-1,23520.0,4939.2,1500.0,29959.2
516,1000000612,20250515,1228,1,911,-1,32400.0,6804.0,900.0,40104.0
517,1000000613,20250817,172,1,1078,-1,25080.0,5266.8,900.0,31246.8
518,1000000614,20250201,593,2,3,3,74454.0,15635.34,0.0,90089.34
519,1000000615,20240131,681,2,2,2,30000.0,6300.0,0.0,36300.0
520,1000000616,20250423,840,1,486,-1,48300.0,10143.0,0.0,58443.0
521,1000000617,20240620,1145,1,35,-1,31752.0,6667.92,900.0,39319.92
522,1000000618,20250115,412,1,2750,-1,30000.0,6300.0,900.0,37200.0
523,1000000619,20250727,400,1,2865,-1,23520.0,4939.2,900.0,29359.2
524,1000000620,20240220,698,1,181,-1,35280.0,7408.8,900.0,43588.8
525,1000000621,20241024,751,1,2750,-1,69300.0,14553.0,900.0,84753.0
526,1000000622,20250617,1495,1,576,-1,55752.0,11707.92,1200.0,68659.92
527,1000000623,20241018,1207,1,1211,-1,84870.0,17822.7,1500.0,104192.7
528,1000000624,20240616,691,2,2,2,28500.0,5985.0,0.0,34485.0
529,1000000625,20241105,144,2,4,4,37500.0,7875.0,0.0,45375.0
530,1000000626,20240709,136,2,3,3,83340.0,17501.4,0.0,100841.4
531,1000000627,20240228,984,2,2,2,42525.0,8930.25,0.0,51455.25
532,1000000628,20240702,165,2,4,4,38808.0,8149.68,0.0,46957.68
533,1000000629,20250129,893,1,2282,-1,60564.0,12718.44,0.0,73282.44
534,1000000630,20250416,1117,1,2472,-1,27000.0,5670.0,1200.0,33870.0
535,1000000631,20240911,992,2,3,3,36825.0,7733.25,0.0,44558.25
536,1000000632,20241014,1325,2,3,3,35280.0,7408.8,0.0,42688.8
537,1000000633,20240730,232,2,4,4,37044.0,7779.24,0.0,44823.24
538,1000000634,20240925,1051,1,1385,-1,39690.0,8334.9,900.0,48924.9
539,1000000637,20250121,385,2,4,4,31752.0,6667.92,0.0,38419.92
540,1000000638,20240127,24,2,3,3,28350.0,5953.5,0.0,34303.5
541,1000000639,20240220,548,2,3,3,44100.0,9261.0,0.0,53361.0
542,1000000641,20250221,1417,2,2,2,12348.0,2593.08,0.0,14941.08
543,1000000642,20240927,750,1,2565,-1,62910.0,13211.1,1500.0,77621.1
544,1000000643,20241013,1451,1,1888,-1,54525.0,11450.25,0.0,65975.25
545,1000000644,20240210,1147,1,1154,-1,19440.0,4082.4,1200.0,24722.4
546,1000000645,20250902,1489,1,2965,-1,92310.0,19385.1,1500.0,113195.1
547,1000000646,20250316,1216,1,38,-1,50280.0,10558.8,0.0,60838.8
548,1000000649,20250707,561,1,571,-1,39600.0,8316.0,900.0,48816.0
549,1000000650,20250915,1017,1,2952,-1,30780.0,6463.8,900.0,38143.8
550,1000000651,20250610,404,1,528,-1,10800.0,2268.0,900.0,13968.0
551,1000000652,20240824,31,2,4,4,23520.0,4939.2,0.0,28459.2
552,1000000653,20250408,648,1,2732,-1,13500.0,2835.0,1500.0,17835.0
553,1000000654,20240820,157,1,2384,-1,36000.0,7560.0,900.0,44460.0
554,1000000655,20250219,527,2,1,1,28350.0,5953.5,0.0,34303.5
555,1000000656,20250605,6,1,615,-1,14700.0,3087.0,900.0,18687.0
556,1000000657,20240609,108,1,610,-1,34200.0,7182.0,1200.0,42582.0
557,1000000658,20240829,1469,1,1539,-1,41325.0,8678.25,900.0,50903.25
558,1000000660,20240409,1285,1,1144,-1,87637.5,18403.88,0.0,106041.38
559,1000000661,20240531,1394,1,3201,-1,31350.0,6583.5,1500.0,39433.5
560,1000000662,20241113,473,2,2,2,12150.0,2551.5,0.0,14701.5
561,1000000664,20250419,1394,1,404,-1,45000.0,9450.0,1500.0,55950.0
562,1000000665,20250410,1484,2,1,1,32340.0,6791.4,0.0,39131.4
563,1000000666,20250527,171,1,3129,-1,23520.0,4939.2,1200.0,29659.2
564,1000000667,20250628,1262,2,3,3,27000.0,5670.0,0.0,32670.0
565,1000000669,20240915,343,1,2762,-1,56700.0,11907.0,1200.0,69807.0
566,1000000670,20240619,1433,1,2554,-1,32400.0,6804.0,0.0,39204.0
567,1000000671,20240503,1100,1,2308,-1,24000.0,5040.0,1200.0,30240.0
568,1000000672,20240417,73,1,3083,-1,12540.0,2633.4,900.0,16073.4
569,1000000673,20250621,1165,2,3,3,44100.0,9261.0,0.0,53361.0
570,1000000674,20250717,383,2,3,3,40500.0,8505.0,0.0,49005.0
571,1000000675,20250621,1313,1,123,-1,24000.0,5040.0,1500.0,30540.0
572,1000000676,20241027,997,2,2,2,48510.0,10187.1,0.0,58697.1
573,1000000677,20241217,3,2,1,1,62460.0,13116.6,0.0,75576.6
574,1000000678,20240522,323,1,2578,-1,25200.0,5292.0,1200.0,31692.0
575,1000000679,20240416,961,1,123,-1,40500.0,8505.0,1200.0,50205.0
576,1000000680,20241206,1130,2,2,2,35910.0,7541.1,0.0,43451.1
577,1000000681,20241108,318,1,1671,-1,45000.0,9450.0,1200.0,55650.0
578,1000000682,20240211,579,2,3,3,58995.0,12388.95,0.0,71383.95
579,1000000683,20240330,1341,1,109,-1,19440.0,4082.4,900.0,24422.4
580,1000000684,20240527,350,1,849,-1,55125.0,11576.25,1200.0,67901.25
581,1000000685,20241024,810,1,3062,-1,27000.0,5670.0,1500.0,34170.0
582,1000000686,20240829,1289,2,2,2,40500.0,8505.0,0.0,49005.0
583,1000000688,20250825,797,1,2203,-1,14700.0,3087.0,1200.0,18987.0
584,1000000689,20240621,1169,1,2163,-1,103740.0,21785.4,1500.0,127025.4
585,1000000690,20250916,326,1,2244,-1,72480.0,15220.8,0.0,87700.8
586,1000000691,20250219,97,2,3,3,35910.0,7541.1,0.0,43451.1
587,1000000692,20240108,1158,2,2,2,21600.0,4536.0,0.0,26136.0
588,1000000693,20240213,293,1,2656,-1,24000.0,5040.0,1200.0,30240.0
589,1000000694,20250619,788,2,2,2,35280.0,7408.8,0.0,42688.8
590,1000000695,20240907,881,2,1,1,14700.0,3087.0,0.0,17787.0
591,1000000696,20250429,1345,1,991,-1,45000.0,9450.0,1500.0,55950.0
592,1000000697,20250406,660,2,1,1,14250.0,2992.5,0.0,17242.5
593,1000000699,20241016,889,2,4,4,48900.0,10269.0,0.0,59169.0
594,1000000700,20250417,396,1,1153,-1,32340.0,6791.4,900.0,40031.4
595,1000000701,20240309,1425,2,3,3,11400.0,2394.0,0.0,13794.0
596,1000000702,20240809,1147,2,3,3,25080.0,5266.8,0.0,30346.8
597,1000000703,20241206,1368,2,4,4,15000.0,3150.0,0.0,18150.0
598,1000000704,20240219,601,1,1876,-1,35280.0,7408.8,1200.0,43888.8
599,1000000706,20250911,949,2,2,2,38475.0,8079.75,0.0,46554.75
600,1000000707,20240626,1242,1,254,-1,44887.5,9426.38,900.0,55213.88
601,1000000710,20250104,762,2,4,4,11760.0,2469.6,0.0,14229.6
602,1000000711,20240629,1116,1,1843,-1,67680.0,14212.8,1200.0,83092.8
603,1000000712,20240215,937,1,1069,-1,44887.5,9426.38,1200.0,55513.88
604,1000000713,20241015,1052,2,3,3,29160.0,6123.6,0.0,35283.6
605,1000000714,20250829,899,1,2149,-1,14700.0,3087.0,1500.0,19287.0
606,1000000715,20240105,1406,2,4,4,12000.0,2520.0,0.0,14520.0
607,1000000716,20240312,586,1,1641,-1,25200.0,5292.0,1200.0,31692.0
608,1000000717,20240217,1415,1,2950,-1,40110.0,8423.1,900.0,49433.1
609,1000000718,20240518,391,1,350,-1,66690.0,14004.9,1200.0,81894.9
610,1000000720,20250815,458,1,1777,-1,54000.0,11340.0,0.0,65340.0
611,1000000721,20240925,604,1,2537,-1,36000.0,7560.0,1200.0,44760.0
612,1000000723,20240414,1028,1,2469,-1,21168.0,4445.28,900.0,26513.28
613,1000000724,20250501,504,1,3003,-1,13500.0,2835.0,1200.0,17535.0
614,1000000725,20250531,193,2,4,4,12936.0,2716.56,0.0,15652.56
615,1000000726,20240704,121,1,2394,-1,32400.0,6804.0,1500.0,40704.0
616,1000000727,20250618,1302,1,173,-1,23520.0,4939.2,900.0,29359.2
617,1000000728,20241026,1495,1,962,-1,77805.0,16339.05,1200.0,95344.05
618,1000000729,20240804,958,1,2443,-1,55050.0,11560.5,1200.0,67810.5
619,1000000730,20250826,1024,2,3,3,50280.0,10558.8,0.0,60838.8
620,1000000731,20250224,814,2,3,3,10800.0,2268.0,0.0,13068.0
621,1000000732,20240109,1036,1,3033,-1,36000.0,7560.0,900.0,44460.0
622,1000000733,20240528,640,1,875,-1,21168.0,4445.28,1500.0,27113.28
623,1000000734,20240212,915,1,658,-1,31500.0,6615.0,0.0,38115.0
624,1000000735,20250603,544,2,1,1,44100.0,9261.0,0.0,53361.0
625,1000000736,20250807,483,2,3,3,12000.0,2520.0,0.0,14520.0
626,1000000737,20250305,878,2,2,2,78660.0,16518.6,0.0,95178.6
627,1000000738,20241215,820,1,2055,-1,10260.0,2154.6,1200.0,13614.6
628,1000000739,20240310,879,2,4,4,12825.0,2693.25,0.0,15518.25
629,1000000740,20240419,1468,2,2,2,64680.0,13582.8,0.0,78262.8
630,1000000743,20240809,1123,1,1524,-1,13500.0,2835.0,900.0,17235.0
631,1000000744,20240720,1006,1,137,-1,42660.0,8958.6,900.0,52518.6
632,1000000745,20250116,217,1,212,-1,21600.0,4536.0,1200.0,27336.0
633,1000000746,20250101,258,1,942,-1,45630.0,9582.3,1200.0,56412.3
634,1000000747,20240629,751,2,1,1,24000.0,5040.0,0.0,29040.0
635,1000000748,20250224,955,2,2,2,12600.0,2646.0,0.0,15246.0
636,1000000749,20241029,867,1,2179,-1,26400.0,5544.0,1500.0,33444.0
637,1000000750,20240926,584,1,748,-1,42525.0,8930.25,900.0,52355.25
638,1000000751,20250703,99,2,2,2,44100.0,9261.0,0.0,53361.0
639,1000000752,20250122,593,1,1822,-1,32400.0,6804.0,1500.0,40704.0
640,1000000753,20250727,868,1,2970,-1,36000.0,7560.0,1200.0,44760.0
641,1000000754,20250911,903,2,3,3,117900.0,24759.0,0.0,142659.0
642,1000000755,20250825,445,1,1195,-1,60840.0,12776.4,1200.0,74816.4
643,1000000756,20250816,857,1,2776,-1,55272.0,11607.12,900.0,67779.12
644,1000000758,20240817,1428,1,2472,-1,44100.0,9261.0,900.0,54261.0
645,1000000759,20240103,196,1,2340,-1,27000.0,5670.0,1500.0,34170.0
646,1000000760,20241216,212,1,612,-1,23520.0,4939.2,1200.0,29659.2
647,1000000761,20250426,925,1,2469,-1,12540.0,2633.4,900.0,16073.4
648,1000000762,20250330,698,1,2443,-1,20520.0,4309.2,1200.0,26029.2
649,1000000763,20240507,1135,1,2760,-1,34020.0,7144.2,1200.0,42364.2
650,1000000764,20240912,165,1,913,-1,36000.0,7560.0,900.0,44460.0
651,1000000765,20241116,960,1,3160,-1,45000.0,9450.0,900.0,55350.0
652,1000000767,20241025,436,1,123,-1,10260.0,2154.6,0.0,12414.6
653,1000000768,20250928,1393,1,2814,-1,11760.0,2469.6,900.0,15129.6
654,1000000769,20241227,127,1,882,-1,24000.0,5040.0,1200.0,30240.0
655,1000000770,20241225,326,1,2351,-1,15675.0,3291.75,1200.0,20166.75
656,1000000771,20250521,912,2,2,2,24000.0,5040.0,0.0,29040.0
657,1000000772,20240722,1041,1,3193,-1,40500.0,8505.0,900.0,49905.0
658,1000000773,20250503,130,1,1995,-1,23940.0,5027.4,900.0,29867.4
659,1000000774,20241121,422,1,2139,-1,39600.0,8316.0,0.0,47916.0
660,1000000775,20240229,110,2,3,3,43200.0,9072.0,0.0,52272.0
661,1000000776,20240107,1043,1,1710,-1,32400.0,6804.0,900.0,40104.0
662,1000000777,20250130,841,2,1,1,28350.0,5953.5,0.0,34303.5
663,1000000778,20240804,4,1,2922,-1,10800.0,2268.0,1200.0,14268.0
664,1000000779,20241123,1307,1,2192,-1,22800.0,4788.0,0.0,27588.0
665,1000000781,20250125,1490,1,2438,-1,79152.0,16621.92,900.0,96673.92
666,1000000782,20250211,435,2,1,1,10800.0,2268.0,0.0,13068.0
667,1000000784,20250421,724,1,2931,-1,21168.0,4445.28,1200.0,26813.28
668,1000000785,20240406,1436,1,2109,-1,42750.0,8977.5,0.0,51727.5
669,1000000786,20240712,904,1,1639,-1,81450.0,17104.5,1200.0,99754.5
670,1000000787,20241027,1186,2,1,1,23520.0,4939.2,0.0,28459.2
671,1000000788,20240916,941,1,2130,-1,87300.0,18333.0,900.0,106533.0
672,1000000789,20250628,564,1,1005,-1,53760.0,11289.6,1200.0,66249.6
673,1000000790,20250629,965,1,1593,-1,14250.0,2992.5,900.0,18142.5
674,1000000791,20240515,595,1,1572,-1,15000.0,3150.0,900.0,19050.0
675,1000000792,20241111,445,1,2670,-1,51600.0,10836.0,1200.0,63636.0
676,1000000794,20250427,874,2,3,3,72900.0,15309.0,0.0,88209.0
677,1000000795,20250902,1493,2,4,4,11400.0,2394.0,0.0,13794.0
678,1000000797,20240111,1247,2,3,3,60252.0,12652.92,0.0,72904.92
679,1000000798,20250311,616,2,3,3,13500.0,2835.0,0.0,16335.0
680,1000000799,20240205,718,1,3138,-1,24000.0,5040.0,900.0,29940.0
681,1000000800,20250411,1366,1,2183,-1,36000.0,7560.0,1200.0,44760.0
682,1000000801,20250223,765,1,1876,-1,22140.0,4649.4,900.0,27689.4
683,1000000802,20250507,633,2,4,4,22800.0,4788.0,0.0,27588.0
684,1000000803,20250918,807,1,928,-1,47250.0,9922.5,1200.0,58372.5
685,1000000804,20240218,175,1,90,-1,11760.0,2469.6,900.0,15129.6
686,1000000806,20240730,1226,2,2,2,27000.0,5670.0,0.0,32670.0
687,1000000808,20240222,290,2,1,1,13500.0,2835.0,0.0,16335.0
688,1000000809,20240720,642,2,1,1,46680.0,9802.8,0.0,56482.8
689,1000000810,20250304,884,2,3,3,29400.0,6174.0,0.0,35574.0
690,1000000811,20250808,1175,2,4,4,23520.0,4939.2,0.0,28459.2
691,1000000812,20250110,48,1,2045,-1,29400.0,6174.0,1500.0,37074.0
692,1000000813,20241009,62,1,224,-1,25200.0,5292.0,1200.0,31692.0
693,1000000814,20241017,671,1,282,-1,21600.0,4536.0,900.0,27036.0
694,1000000815,20250619,590,1,2432,-1,33240.0,6980.4,0.0,40220.4
695,1000000816,20250428,1202,2,4,4,42750.0,8977.5,0.0,51727.5
696,1000000817,20250217,958,2,4,4,12000.0,2520.0,0.0,14520.0
697,1000000818,20250417,57,1,473,-1,45000.0,9450.0,1200.0,55650.0
698,1000000819,20250705,917,2,3,3,60270.0,12656.7,0.0,72926.7
699,1000000820,20240304,907,2,2,2,56448.0,11854.08,0.0,68302.08
700,1000000821,20241005,599,1,1307,-1,52800.0,11088.0,1500.0,65388.0
701,1000000822,20240713,1494,1,642,-1,20520.0,4309.2,900.0,25729.2
702,1000000823,20240112,852,1,1368,-1,12150.0,2551.5,900.0,15601.5
703,1000000824,20250325,16,1,691,-1,22680.0,4762.8,1200.0,28642.8
704,1000000825,20240126,112,1,2781,-1,58065.0,12193.65,1500.0,71758.65
705,1000000826,20241104,858,2,1,1,37800.0,7938.0,0.0,45738.0
706,1000000827,20241128,761,1,134,-1,12936.0,2716.56,900.0,16552.56
707,1000000828,20240922,1163,1,224,-1,62190.0,13059.9,1200.0,76449.9
708,1000000829,20241213,1413,2,4,4,59400.0,12474.0,0.0,71874.0
709,1000000830,20240626,1475,2,3,3,10800.0,2268.0,0.0,13068.0
710,1000000831,20241004,168,1,1343,-1,34200.0,7182.0,1200.0,42582.0
711,1000000832,20240318,1336,2,2,2,24000.0,5040.0,0.0,29040.0
712,1000000833,20250919,1092,2,3,3,39690.0,8334.9,0.0,48024.9
713,1000000834,20240624,685,1,1450,-1,69384.0,14570.64,1200.0,85154.64
714,1000000835,20241215,689,1,3119,-1,14962.5,3142.12,0.0,18104.62
715,1000000837,20241213,1437,1,1683,-1,21600.0,4536.0,1200.0,27336.0
716,1000000838,20250228,303,2,2,2,32400.0,6804.0,0.0,39204.0
717,1000000839,20250415,591,1,372,-1,45000.0,9450.0,1200.0,55650.0
718,1000000840,20250718,291,1,397,-1,32340.0,6791.4,1200.0,40331.4
719,1000000842,20250604,313,1,2723,-1,36000.0,7560.0,0.0,43560.0
720,1000000843,20240313,1411,1,2796,-1,35640.0,7484.4,1500.0,44624.4
721,1000000844,20250804,30,1,1367,-1,12348.0,2593.08,1200.0,16141.08
722,1000000845,20240828,1371,1,3107,-1,34650.0,7276.5,0.0,41926.5
723,1000000846,20250826,167,1,2485,-1,21168.0,4445.28,0.0,25613.28
724,1000000847,20240501,281,1,554,-1,23940.0,5027.4,900.0,29867.4
725,1000000848,20250725,64,1,2127,-1,22680.0,4762.8,1200.0,28642.8
726,1000000851,20240809,1006,1,243,-1,28500.0,5985.0,1200.0,35685.0
727,1000000852,20240327,539,2,2,2,16500.0,3465.0,0.0,19965.0
728,1000000853,20250728,590,1,1077,-1,44550.0,9355.5,1500.0,55405.5
729,1000000854,20250814,1294,2,2,2,22230.0,4668.3,0.0,26898.3
730,1000000855,20240403,60,2,2,2,45000.0,9450.0,0.0,54450.0
731,1000000857,20250806,1356,1,180,-1,27000.0,5670.0,1200.0,33870.0
732,1000000858,20240328,371,1,2009,-1,10800.0,2268.0,1200.0,14268.0
733,1000000859,20250816,1406,2,2,2,46305.0,9724.05,0.0,56029.05
734,1000000860,20250212,1104,1,1822,-1,20520.0,4309.2,900.0,25729.2
735,1000000862,20250606,240,1,3002,-1,40500.0,8505.0,900.0,49905.0
736,1000000864,20240425,1115,1,2820,-1,113778.0,23893.38,1200.0,138871.38
737,1000000865,20250215,412,1,370,-1,45000.0,9450.0,1200.0,55650.0
738,1000000866,20250618,671,2,4,4,32400.0,6804.0,0.0,39204.0
739,1000000868,20240905,371,1,2871,-1,29400.0,6174.0,900.0,36474.0
740,1000000869,20240424,1048,1,2913,-1,12825.0,2693.25,1200.0,16718.25
741,1000000870,20250223,1259,1,504,-1,40584.0,8522.64,1200.0,50306.64
742,1000000871,20250602,397,2,3,3,41175.0,8646.75,0.0,49821.75
743,1000000872,20250423,470,1,791,-1,29400.0,6174.0,900.0,36474.0
744,1000000873,20250208,555,2,4,4,21168.0,4445.28,0.0,25613.28
745,1000000874,20240412,1257,2,2,2,11970.0,2513.7,0.0,14483.7
746,1000000875,20250321,757,1,527,-1,40500.0,8505.0,1200.0,50205.0
747,1000000876,20240407,216,1,1604,-1,44280.0,9298.8,1200.0,54778.8
748,1000000877,20241027,1176,2,1,1,27000.0,5670.0,0.0,32670.0
749,1000000878,20240525,2,2,1,1,12000.0,2520.0,0.0,14520.0
750,1000000879,20250401,1295,2,4,4,9720.0,2041.2,0.0,11761.2
751,1000000880,20240821,1335,2,3,3,19440.0,4082.4,0.0,23522.4
752,1000000881,20240315,1445,2,3,3,44040.0,9248.4,0.0,53288.4
753,1000000882,20240731,691,1,2976,-1,10260.0,2154.6,1200.0,13614.6
754,1000000883,20240824,780,1,87,-1,50242.5,10550.92,900.0,61693.42
755,1000000884,20250709,338,1,30,-1,13200.0,2772.0,1200.0,17172.0
756,1000000885,20240206,380,1,309,-1,21600.0,4536.0,1200.0,27336.0
757,1000000886,20241225,582,1,378,-1,43650.0,9166.5,1500.0,54316.5
758,1000000887,20241221,711,1,2339,-1,42750.0,8977.5,0.0,51727.5
759,1000000889,20241015,500,2,4,4,44100.0,9261.0,0.0,53361.0
760,1000000890,20240813,99,2,2,2,25200.0,5292.0,0.0,30492.0
761,1000000891,20241018,1002,1,2361,-1,33000.0,6930.0,900.0,40830.0
762,1000000892,20250814,1310,1,1326,-1,36000.0,7560.0,900.0,44460.0
763,1000000894,20240123,307,1,2100,-1,64500.0,13545.0,900.0,78945.0
764,1000000895,20240602,1133,2,4,4,23520.0,4939.2,0.0,28459.2
765,1000000896,20250827,1234,2,3,3,80400.0,16884.0,0.0,97284.0
766,1000000897,20250929,573,2,3,3,31752.0,6667.92,0.0,38419.92
767,1000000898,20240610,1008,1,449,-1,25230.0,5298.3,1200.0,31728.3
768,1000000899,20240508,1124,1,2073,-1,23520.0,4939.2,1200.0,29659.2
769,1000000900,20240514,139,1,2578,-1,86850.0,18238.5,1200.0,106288.5
770,1000000901,20250225,771,2,1,1,11340.0,2381.4,0.0,13721.4
771,1000000902,20240113,960,2,3,3,60870.0,12782.7,0.0,73652.7
772,1000000903,20250915,210,2,2,2,48936.0,10276.56,0.0,59212.56
773,1000000904,20250411,498,2,1,1,14850.0,3118.5,0.0,17968.5
774,1000000905,20240711,1058,1,3179,-1,68625.0,14411.25,900.0,83936.25
775,1000000906,20250109,350,1,1430,-1,36000.0,7560.0,1200.0,44760.0
776,1000000907,20250412,4,2,2,2,59250.0,12442.5,0.0,71692.5
777,1000000908,20240505,200,2,4,4,10800.0,2268.0,0.0,13068.0
778,1000000909,20250109,474,1,413,-1,24696.0,5186.16,1500.0,31382.16
779,1000000910,20240526,1073,2,1,1,12348.0,2593.08,0.0,14941.08
780,1000000911,20241008,679,1,1250,-1,12000.0,2520.0,1500.0,16020.0
781,1000000913,20240330,981,2,1,1,51696.0,10856.16,0.0,62552.16
782,1000000915,20240727,403,2,3,3,12000.0,2520.0,0.0,14520.0
783,1000000916,20241227,228,2,2,2,33570.0,7049.7,0.0,40619.7
784,1000000917,20240617,331,1,215,-1,40500.0,8505.0,1200.0,50205.0
785,1000000918,20250610,555,2,4,4,36450.0,7654.5,0.0,44104.5
786,1000000919,20250212,641,1,765,-1,29250.0,6142.5,1500.0,36892.5
787,1000000920,20250729,1450,1,1387,-1,23520.0,4939.2,1200.0,29659.2
788,1000000921,20250405,591,2,1,1,36000.0,7560.0,0.0,43560.0
789,1000000922,20250817,934,2,2,2,11340.0,2381.4,0.0,13721.4
790,1000000923,20250517,316,2,1,1,10800.0,2268.0,0.0,13068.0
791,1000000924,20240831,774,1,1594,-1,51600.0,10836.0,1200.0,63636.0
792,1000000925,20250719,1049,1,2468,-1,21600.0,4536.0,1200.0,27336.0
793,1000000926,20240211,592,1,3157,-1,66780.0,14023.8,1500.0,82303.8
794,1000000927,20250413,797,1,525,-1,62340.0,13091.4,1200.0,76631.4
795,1000000929,20241205,405,1,1693,-1,35280.0,7408.8,1500.0,44188.8
796,1000000930,20241212,1023,1,2064,-1,83790.0,17595.9,1500.0,102885.9
797,1000000931,20250405,649,1,623,-1,29160.0,6123.6,1200.0,36483.6
798,1000000933,20240718,1290,2,1,1,10260.0,2154.6,0.0,12414.6
799,1000000934,20241210,1001,1,2499,-1,27000.0,5670.0,900.0,33570.0
800,1000000935,20240817,611,1,359,-1,10260.0,2154.6,1500.0,13914.6
801,1000000936,20240701,1414,1,1653,-1,13500.0,2835.0,0.0,16335.0
802,1000000937,20250318,888,1,2162,-1,11880.0,2494.8,0.0,14374.8
803,1000000938,20241215,40,1,3169,-1,12540.0,2633.4,1200.0,16373.4
804,1000000939,20250216,186,1,1908,-1,24000.0,5040.0,1200.0,30240.0
805,1000000940,20240109,58,2,3,3,26235.0,5509.35,0.0,31744.35
806,1000000941,20250530,1072,1,3165,-1,45000.0,9450.0,900.0,55350.0
807,1000000942,20240115,818,1,253,-1,36000.0,7560.0,900.0,44460.0
808,1000000943,20250401,1267,2,4,4,32400.0,6804.0,0.0,39204.0
809,1000000944,20240606,1101,2,1,1,11760.0,2469.6,0.0,14229.6
810,1000000945,20240520,1466,2,2,2,11760.0,2469.6,0.0,14229.6
811,1000000946,20240104,1471,2,2,2,54390.0,11421.9,0.0,65811.9
812,1000000948,20240131,142,2,4,4,40500.0,8505.0,0.0,49005.0
813,1000000949,20240424,1018,2,3,3,37800.0,7938.0,0.0,45738.0
814,1000000950,20250118,1305,1,33,-1,45000.0,9450.0,1200.0,55650.0
815,1000000951,20241204,174,2,4,4,12000.0,2520.0,0.0,14520.0
816,1000000952,20250723,371,2,4,4,32400.0,6804.0,0.0,39204.0
817,1000000953,20240425,1174,1,2791,-1,39658.5,8328.28,0.0,47986.78
818,1000000954,20250929,640,2,4,4,41400.0,8694.0,0.0,50094.0
819,1000000955,20250908,58,2,1,1,42750.0,8977.5,0.0,51727.5
820,1000000956,20240610,494,1,705,-1,40500.0,8505.0,1200.0,50205.0
821,1000000957,20240810,1416,1,2120,-1,22800.0,4788.0,900.0,28488.0
822,1000000958,20250403,680,1,2790,-1,21168.0,4445.28,1500.0,27113.28
823,1000000960,20250622,728,2,2,2,24000.0,5040.0,0.0,29040.0
824,1000000961,20240401,1011,1,3053,-1,22800.0,4788.0,900.0,28488.0
825,1000000962,20250815,787,2,1,1,66420.0,13948.2,0.0,80368.2
826,1000000963,20250428,564,1,1659,-1,10800.0,2268.0,900.0,13968.0
827,1000000964,20250909,509,1,1383,-1,15435.0,3241.35,1200.0,19876.35
828,1000000965,20250731,1280,2,3,3,11760.0,2469.6,0.0,14229.6
829,1000000966,20241111,1119,2,1,1,46305.0,9724.05,0.0,56029.05
830,1000000967,20250710,1393,1,3185,-1,37044.0,7779.24,1200.0,46023.24
831,1000000968,20240828,1392,1,1509,-1,25200.0,5292.0,1200.0,31692.0
832,1000000969,20240331,331,2,3,3,59700.0,12537.0,0.0,72237.0
833,1000000970,20240416,16,1,281,-1,57348.0,12043.08,1200.0,70591.08
834,1000000971,20250920,655,1,2719,-1,29400.0,6174.0,1500.0,37074.0
835,1000000972,20240412,1220,1,992,-1,12150.0,2551.5,1200.0,15901.5
836,1000000973,20250304,833,1,2340,-1,24000.0,5040.0,900.0,29940.0
837,1000000974,20250914,1418,1,1232,-1,15435.0,3241.35,0.0,18676.35
838,1000000975,20240723,671,2,2,2,44100.0,9261.0,0.0,53361.0
839,1000000976,20240122,727,2,3,3,36000.0,7560.0,0.0,43560.0
840,1000000977,20250604,734,1,862,-1,55800.0,11718.0,1500.0,69018.0
841,1000000979,20250901,635,2,1,1,30000.0,6300.0,0.0,36300.0
842,1000000980,20250514,549,1,2954,-1,14962.5,3142.12,900.0,19004.62
843,1000000981,20250513,863,2,4,4,59220.0,12436.2,0.0,71656.2
844,1000000982,20240702,917,2,1,1,11340.0,2381.4,0.0,13721.4
845,1000000984,20241031,783,1,1609,-1,34200.0,7182.0,1500.0,42882.0
846,1000000986,20240408,195,1,1922,-1,46305.0,9724.05,900.0,56929.05
847,1000000987,20240413,81,2,1,1,71505.0,15016.05,0.0,86521.05
848,1000000989,20240326,293,1,1738,-1,78048.0,16390.08,0.0,94438.08
849,1000000990,20250803,1318,2,2,2,52500.0,11025.0,0.0,63525.0
850,1000000991,20240425,1176,1,1800,-1,22680.0,4762.8,900.0,28342.8
851,1000000992,20250905,435,2,2,2,20520.0,4309.2,0.0,24829.2
852,1000000993,20250303,1209,2,1,1,11880.0,2494.8,0.0,14374.8
853,1000000994,20241017,664,2,2,2,27750.0,5827.5,0.0,33577.5
854,1000000995,20240406,1375,1,436,-1,24000.0,5040.0,1200.0,30240.0
855,1000000996,20250922,866,1,382,-1,44100.0,9261.0,1200.0,54561.0
856,1000000997,20240805,582,1,1336,-1,64620.0,13570.2,1200.0,79390.2
857,1000000999,20250521,353,2,2,2,36000.0,7560.0,0.0,43560.0
858,1000001000,20240208,990,1,2404,-1,11400.0,2394.0,1200.0,14994.0
859,1000001001,20241207,648,1,1815,-1,30000.0,6300.0,1200.0,37500.0
860,1000001003,20240813,276,1,3051,-1,34200.0,7182.0,900.0,42282.0
861,1000001004,20241201,478,1,1115,-1,42750.0,8977.5,900.0,52627.5
862,1000001005,20240709,1207,2,4,4,15000.0,3150.0,0.0,18150.0
863,1000001006,20240920,533,1,446,-1,10800.0,2268.0,1500.0,14568.0
864,1000001007,20250725,1393,2,4,4,59250.0,12442.5,0.0,71692.5
865,1000001008,20240906,843,1,2729,-1,59160.0,12423.6,1200.0,72783.6
866,1000001009,20250904,252,2,1,1,38946.0,8178.66,0.0,47124.66
867,1000001010,20240913,787,2,1,1,53580.0,11251.8,0.0,64831.8
868,1000001011,20240516,16,1,492,-1,30000.0,6300.0,900.0,37200.0
869,1000001012,20250728,324,1,637,-1,40500.0,8505.0,1500.0,50505.0
870,1000001013,20250912,601,2,1,1,28200.0,5922.0,0.0,34122.0
871,1000001014,20240301,1368,2,1,1,49800.0,10458.0,0.0,60258.0
872,1000001015,20240209,1306,2,2,2,30000.0,6300.0,0.0,36300.0
873,1000001016,20250518,339,1,257,-1,35280.0,7408.8,1200.0,43888.8
874,1000001017,20240922,1108,2,2,2,24300.0,5103.0,0.0,29403.0
875,1000001018,20241106,1154,1,924,-1,21600.0,4536.0,1200.0,27336.0
876,1000001019,20241231,527,1,2997,-1,70200.0,14742.0,1500.0,86442.0
877,1000001021,20241013,756,2,4,4,24720.0,5191.2,0.0,29911.2
878,1000001022,20250425,299,1,2420,-1,14700.0,3087.0,1500.0,19287.0
879,1000001024,20241210,917,2,3,3,14700.0,3087.0,0.0,17787.0
880,1000001025,20241128,1378,2,1,1,24000.0,5040.0,0.0,29040.0
881,1000001026,20241018,416,1,3142,-1,29400.0,6174.0,0.0,35574.0
882,1000001027,20250622,962,1,582,-1,20520.0,4309.2,1200.0,26029.2
883,1000001028,20240110,453,1,3087,-1,25650.0,5386.5,1200.0,32236.5
884,1000001030,20240105,645,1,890,-1,44100.0,9261.0,900.0,54261.0
885,1000001033,20240626,183,1,1866,-1,50544.0,10614.24,900.0,62058.24
886,1000001036,20240707,1404,1,2672,-1,23520.0,4939.2,1200.0,29659.2
887,1000001037,20240226,134,1,194,-1,22800.0,4788.0,900.0,28488.0
888,1000001039,20250226,92,1,2309,-1,85500.0,17955.0,1500.0,104955.0
889,1000001040,20250212,1288,1,476,-1,15750.0,3307.5,1500.0,20557.5
890,1000001041,20250309,918,1,1391,-1,10800.0,2268.0,900.0,13968.0
891,1000001042,20240125,370,1,2206,-1,41160.0,8643.6,900.0,50703.6
892,1000001043,20250218,1206,1,1561,-1,23760.0,4989.6,900.0,29649.6
893,1000001044,20250210,104,2,2,2,29400.0,6174.0,0.0,35574.0
894,1000001045,20240915,1356,2,2,2,47940.0,10067.4,0.0,58007.4
895,1000001046,20250311,1059,1,1792,-1,60618.0,12729.78,1200.0,74547.78
896,1000001047,20250905,642,1,2949,-1,30780.0,6463.8,1500.0,38743.8
897,1000001048,20240206,138,1,644,-1,52500.0,11025.0,1500.0,65025.0
898,1000001049,20240417,484,2,4,4,36000.0,7560.0,0.0,43560.0
899,1000001050,20240912,888,1,2938,-1,25872.0,5433.12,1500.0,32805.12
900,1000001053,20250211,1072,2,4,4,24000.0,5040.0,0.0,29040.0
901,1000001054,20250826,417,1,2694,-1,19440.0,4082.4,1200.0,24722.4
902,1000001055,20240802,642,1,1470,-1,23940.0,5027.4,900.0,29867.4
903,1000001056,20250918,1047,1,983,-1,71280.0,14968.8,0.0,86248.8
904,1000001057,20240130,1412,1,924,-1,29925.0,6284.25,1500.0,37709.25
905,1000001059,20240201,1215,2,1,1,89055.0,18701.55,0.0,107756.55
906,1000001060,20241021,649,2,1,1,15750.0,3307.5,0.0,19057.5
907,1000001062,20250523,315,1,35,-1,11400.0,2394.0,900.0,14694.0
908,1000001063,20240614,1076,2,4,4,28650.0,6016.5,0.0,34666.5
909,1000001064,20240221,1245,2,1,1,10800.0,2268.0,0.0,13068.0
910,1000001067,20240503,958,1,1505,-1,24000.0,5040.0,900.0,29940.0
911,1000001069,20250312,800,1,944,-1,30000.0,6300.0,1200.0,37500.0
912,1000001070,20250330,1427,2,1,1,42150.0,8851.5,0.0,51001.5
913,1000001071,20240707,1379,1,1257,-1,29400.0,6174.0,1200.0,36774.0
914,1000001074,20240210,447,2,3,3,49500.0,10395.0,0.0,59895.0
915,1000001075,20250110,1351,1,2665,-1,42525.0,8930.25,1200.0,52655.25
916,1000001076,20240602,161,1,2380,-1,14250.0,2992.5,1200.0,18442.5
917,1000001077,20241121,545,1,278,-1,75540.0,15863.4,0.0,91403.4
918,1000001078,20250211,1248,1,2074,-1,25650.0,5386.5,900.0,31936.5
919,1000001080,20241216,397,1,280,-1,10800.0,2268.0,1200.0,14268.0
920,1000001081,20240113,1015,1,1227,-1,42120.0,8845.2,1200.0,52165.2
921,1000001083,20240201,23,1,1022,-1,23760.0,4989.6,1500.0,30249.6
922,1000001084,20241008,1029,1,888,-1,42750.0,8977.5,900.0,52627.5
923,1000001085,20240220,819,1,505,-1,39600.0,8316.0,1200.0,49116.0
924,1000001086,20240429,494,1,2750,-1,52800.0,11088.0,900.0,64788.0
925,1000001087,20250823,1406,2,1,1,24000.0,5040.0,0.0,29040.0
926,1000001089,20250921,1234,1,86,-1,10260.0,2154.6,1200.0,13614.6
927,1000001090,20250914,520,1,2296,-1,34200.0,7182.0,900.0,42282.0
928,1000001091,20241011,810,2,2,2,25650.0,5386.5,0.0,31036.5
929,1000001092,20241219,468,1,1806,-1,25200.0,5292.0,1500.0,31992.0
930,1000001093,20250327,1331,2,3,3,47040.0,9878.4,0.0,56918.4
931,1000001095,20250330,39,1,2730,-1,12000.0,2520.0,1200.0,15720.0
932,1000001097,20240418,276,2,3,3,15000.0,3150.0,0.0,18150.0
933,1000001098,20240720,1054,1,715,-1,62775.0,13182.75,900.0,76857.75
934,1000001099,20250610,690,2,2,2,11400.0,2394.0,0.0,13794.0
935,1000001100,20250719,828,1,202,-1,22800.0,4788.0,0.0,27588.0
936,1000001101,20240329,302,2,4,4,97320.0,20437.2,0.0,117757.2
937,1000001102,20240707,604,1,2495,-1,10584.0,2222.64,1200.0,14006.64
938,1000001103,20240206,298,1,1875,-1,12936.0,2716.56,900.0,16552.56
939,1000001104,20250702,887,2,3,3,14700.0,3087.0,0.0,17787.0
940,1000001105,20241206,1083,1,2257,-1,27000.0,5670.0,0.0,32670.0
941,1000001106,20241103,859,1,2620,-1,45000.0,9450.0,900.0,55350.0
942,1000001107,20240824,220,2,4,4,39600.0,8316.0,0.0,47916.0
943,1000001109,20240803,547,1,1603,-1,24000.0,5040.0,1200.0,30240.0
944,1000001110,20240725,1127,2,2,2,53568.0,11249.28,0.0,64817.28
945,1000001112,20250723,771,2,3,3,14962.5,3142.12,0.0,18104.62
946,1000001114,20250422,447,1,2974,-1,48150.0,10111.5,900.0,59161.5
947,1000001115,20240605,158,2,3,3,32340.0,6791.4,0.0,39131.4
948,1000001116,20250806,1169,1,830,-1,39600.0,8316.0,1200.0,49116.0
949,1000001117,20250614,1010,2,4,4,22800.0,4788.0,0.0,27588.0
950,1000001118,20250128,758,2,1,1,11340.0,2381.4,0.0,13721.4
951,1000001119,20240216,974,2,2,2,29400.0,6174.0,0.0,35574.0
952,1000001120,20250518,978,2,2,2,37800.0,7938.0,0.0,45738.0
953,1000001121,20240313,447,2,4,4,26400.0,5544.0,0.0,31944.0
954,1000001122,20240822,660,1,1541,-1,24360.0,5115.6,0.0,29475.6
955,1000001123,20241010,918,2,3,3,12936.0,2716.56,0.0,15652.56
956,1000001124,20250418,1015,1,2597,-1,37044.0,7779.24,1200.0,46023.24
957,1000001125,20250803,641,1,221,-1,15000.0,3150.0,900.0,19050.0
958,1000001126,20241117,1184,1,83,-1,37044.0,7779.24,900.0,45723.24
959,1000001127,20241011,1355,1,2876,-1,36000.0,7560.0,0.0,43560.0
960,1000001128,20241026,1399,2,3,3,21600.0,4536.0,0.0,26136.0
961,1000001129,20241005,333,2,1,1,49608.0,10417.68,0.0,60025.68
962,1000001130,20250913,214,2,1,1,23520.0,4939.2,0.0,28459.2
963,1000001131,20250326,1010,2,3,3,15675.0,3291.75,0.0,18966.75
964,1000001133,20250520,232,1,1836,-1,24696.0,5186.16,0.0,29882.16
965,1000001134,20250928,545,1,374,-1,47250.0,9922.5,1500.0,58672.5
966,1000001135,20240413,414,1,1637,-1,14700.0,3087.0,0.0,17787.0
967,1000001136,20241114,14,1,3109,-1,15000.0,3150.0,0.0,18150.0
968,1000001137,20250618,1059,1,321,-1,29400.0,6174.0,1200.0,36774.0
969,1000001138,20240914,1008,1,1760,-1,40500.0,8505.0,1200.0,50205.0
970,1000001139,20240803,1470,1,2090,-1,29160.0,6123.6,1200.0,36483.6
971,1000001140,20250103,146,1,1644,-1,32400.0,6804.0,1200.0,40404.0
972,1000001141,20250625,365,1,519,-1,25200.0,5292.0,1200.0,31692.0
973,1000001142,20250209,1098,2,2,2,32400.0,6804.0,0.0,39204.0
974,1000001143,20250818,1146,1,34,-1,34200.0,7182.0,900.0,42282.0
975,1000001144,20250705,1109,2,1,1,37620.0,7900.2,0.0,45520.2
976,1000001145,20250912,308,2,1,1,47250.0,9922.5,0.0,57172.5
977,1000001146,20250726,578,2,1,1,47250.0,9922.5,0.0,57172.5
978,1000001148,20250129,110,1,519,-1,46080.0,9676.8,900.0,56656.8
979,1000001149,20241129,427,1,2616,-1,48510.0,10187.1,1200.0,59897.1
980,1000001150,20240419,695,1,1220,-1,27825.0,5843.25,0.0,33668.25
981,1000001152,20241003,776,1,435,-1,26460.0,5556.6,900.0,32916.6
982,1000001153,20240227,1278,1,22,-1,31752.0,6667.92,900.0,39319.92
983,1000001154,20241231,297,1,2639,-1,46305.0,9724.05,1500.0,57529.05
984,1000001155,20240522,1455,2,3,3,32400.0,6804.0,0.0,39204.0
985,1000001156,20241009,728,1,494,-1,103500.0,21735.0,900.0,126135.0
986,1000001158,20240717,1071,2,3,3,37800.0,7938.0,0.0,45738.0
987,1000001159,20250823,880,1,2296,-1,22800.0,4788.0,0.0,27588.0
988,1000001160,20240415,77,1,2516,-1,34200.0,7182.0,0.0,41382.0
989,1000001161,20240419,1138,1,709,-1,35640.0,7484.4,1200.0,44324.4
990,1000001162,20250318,1500,2,3,3,24000.0,5040.0,0.0,29040.0
991,1000001164,20240118,598,2,4,4,12000.0,2520.0,0.0,14520.0
992,1000001166,20241216,936,1,1671,-1,25080.0,5266.8,900.0,31246.8
993,1000001167,20240716,244,1,2524,-1,91800.0,19278.0,1500.0,112578.0
994,1000001168,20250219,1360,1,1257,-1,12000.0,2520.0,1200.0,15720.0
995,1000001169,20240412,449,1,1348,-1,36000.0,7560.0,1200.0,44760.0
996,1000001170,20240807,659,2,4,4,36000.0,7560.0,0.0,43560.0
997,1000001172,20250622,136,1,1128,-1,59670.0,12530.7,1500.0,73700.7
998,1000001173,20250717,1171,2,2,2,24696.0,5186.16,0.0,29882.16
999,1000001174,20250113,171,1,2280,-1,32400.0,6804.0,900.0,40104.0
1000,1000001176,20250527,333,1,2468,-1,81150.0,17041.5,1200.0,99391.5
1001,1000001177,20240913,1466,1,964,-1,45000.0,9450.0,1200.0,55650.0
1002,1000001178,20240302,336,1,520,-1,72900.0,15309.0,0.0,88209.0
1003,1000001179,20250621,1296,1,1490,-1,38475.0,8079.75,1200.0,47754.75
1004,1000001180,20240820,514,1,2014,-1,31752.0,6667.92,0.0,38419.92
1005,1000001181,20250215,951,1,2522,-1,15000.0,3150.0,1200.0,19350.0
1006,1000001182,20240910,1126,2,1,1,40500.0,8505.0,0.0,49005.0
1007,1000001183,20240705,802,1,1242,-1,70200.0,14742.0,1200.0,86142.0
1008,1000001184,20250326,1382,1,2705,-1,28500.0,5985.0,1500.0,35985.0
1009,1000001185,20241115,1142,2,1,1,28500.0,5985.0,0.0,34485.0
1010,1000001186,20240202,1408,2,2,2,57000.0,11970.0,0.0,68970.0
1011,1000001187,20250303,61,1,1777,-1,11760.0,2469.6,1500.0,15729.6
1012,1000001188,20250806,239,1,1942,-1,68100.0,14301.0,900.0,83301.0
1013,1000001189,20240504,304,2,3,3,27000.0,5670.0,0.0,32670.0
1014,1000001190,20240422,133,1,1624,-1,34200.0,7182.0,0.0,41382.0
1015,1000001191,20250125,1280,1,3053,-1,21600.0,4536.0,0.0,26136.0
1016,1000001192,20250123,687,1,2000,-1,32400.0,6804.0,1500.0,40704.0
1017,1000001193,20240923,577,2,1,1,69000.0,14490.0,0.0,83490.0
1018,1000001194,20240412,1414,1,644,-1,46260.0,9714.6,1200.0,57174.6
1019,1000001195,20240526,286,1,425,-1,11880.0,2494.8,0.0,14374.8
1020,1000001197,20250312,775,2,2,2,31752.0,6667.92,0.0,38419.92
1021,1000001199,20241211,822,1,1421,-1,29400.0,6174.0,1200.0,36774.0
1022,1000001202,20250729,779,2,4,4,42750.0,8977.5,0.0,51727.5
1023,1000001203,20241103,1317,2,1,1,39600.0,8316.0,0.0,47916.0
1024,1000001205,20250820,1315,1,591,-1,21600.0,4536.0,1200.0,27336.0
1025,1000001207,20240728,633,1,254,-1,46260.0,9714.6,900.0,56874.6
1026,1000001208,20240128,187,1,2675,-1,35280.0,7408.8,1500.0,44188.8
1027,1000001209,20241118,1443,1,1128,-1,14250.0,2992.5,1200.0,18442.5
1028,1000001210,20250618,1225,1,2762,-1,23940.0,5027.4,1500.0,30467.4
1029,1000001212,20240317,193,2,4,4,53190.0,11169.9,0.0,64359.9
1030,1000001213,20240224,184,1,2098,-1,26700.0,5607.0,1200.0,33507.0
1031,1000001214,20240412,1356,1,805,-1,15000.0,3150.0,0.0,18150.0
1032,1000001215,20250928,167,2,3,3,11340.0,2381.4,0.0,13721.4
1033,1000001216,20240704,215,1,3150,-1,40500.0,8505.0,900.0,49905.0
1034,1000001217,20250521,416,2,1,1,37044.0,7779.24,0.0,44823.24
1035,1000001218,20240919,1312,1,3131,-1,39690.0,8334.9,900.0,48924.9
1036,1000001219,20241005,352,2,2,2,12000.0,2520.0,0.0,14520.0
1037,1000001220,20250428,700,1,1684,-1,26460.0,5556.6,900.0,32916.6
1038,1000001222,20250402,529,1,3048,-1,44100.0,9261.0,0.0,53361.0
1039,1000001223,20250225,980,2,1,1,52350.0,10993.5,0.0,63343.5
1040,1000001224,20241124,825,1,828,-1,56520.0,11869.2,900.0,69289.2
1041,1000001225,20240227,470,2,2,2,66780.0,14023.8,0.0,80803.8
1042,1000001226,20241125,590,1,2100,-1,44550.0,9355.5,1500.0,55405.5
1043,1000001228,20240327,814,1,1873,-1,35910.0,7541.1,1200.0,44651.1
1044,1000001229,20240414,638,2,4,4,35280.0,7408.8,0.0,42688.8
1045,1000001230,20240328,747,1,183,-1,34020.0,7144.2,1500.0,42664.2
1046,1000001231,20250902,932,2,3,3,35280.0,7408.8,0.0,42688.8
1047,1000001232,20250902,541,1,2798,-1,48900.0,10269.0,1200.0,60369.0
1048,1000001233,20250117,517,1,608,-1,16170.0,3395.7,1500.0,21065.7
1049,1000001234,20240914,1119,1,86,-1,10800.0,2268.0,900.0,13968.0
1050,1000001235,20250315,549,1,1341,-1,25080.0,5266.8,900.0,31246.8
1051,1000001237,20250611,1293,1,2748,-1,35910.0,7541.1,1200.0,44651.1
1052,1000001239,20250831,460,2,4,4,23520.0,4939.2,0.0,28459.2
1053,1000001240,20240318,658,1,402,-1,30000.0,6300.0,900.0,37200.0
1054,1000001243,20250217,122,1,2691,-1,26340.0,5531.4,1500.0,33371.4
1055,1000001244,20240606,1413,2,4,4,68490.0,14382.9,0.0,82872.9
1056,1000001245,20250607,235,2,3,3,55440.0,11642.4,0.0,67082.4
1057,1000001246,20240621,880,1,2213,-1,35280.0,7408.8,1200.0,43888.8
1058,1000001247,20240628,1116,1,404,-1,31500.0,6615.0,1200.0,39315.0
1059,1000001248,20241013,920,1,664,-1,120078.0,25216.38,1200.0,146494.38
1060,1000001250,20240127,184,1,1983,-1,14700.0,3087.0,1200.0,18987.0
1061,1000001251,20241124,1401,1,770,-1,11760.0,2469.6,0.0,14229.6
1062,1000001252,20250527,1257,1,593,-1,11760.0,2469.6,900.0,15129.6
1063,1000001253,20240925,1360,1,2745,-1,11400.0,2394.0,900.0,14694.0
1064,1000001254,20240403,63,1,1156,-1,46305.0,9724.05,900.0,56929.05
1065,1000001255,20250714,767,1,996,-1,64980.0,13645.8,1200.0,79825.8
1066,1000001256,20250114,677,1,2278,-1,10800.0,2268.0,1500.0,14568.0
1067,1000001257,20240607,446,1,251,-1,24360.0,5115.6,0.0,29475.6
1068,1000001258,20240709,15,1,1016,-1,24000.0,5040.0,0.0,29040.0
1069,1000001259,20240701,1207,1,1827,-1,34200.0,7182.0,1200.0,42582.0
1070,1000001260,20241012,721,2,1,1,23940.0,5027.4,0.0,28967.4
1071,1000001261,20240415,142,1,2538,-1,11760.0,2469.6,900.0,15129.6
1072,1000001262,20240725,570,1,2768,-1,21600.0,4536.0,1500.0,27636.0
1073,1000001264,20240422,1226,1,705,-1,14962.5,3142.12,1200.0,19304.62
1074,1000001265,20250924,165,1,2244,-1,36000.0,7560.0,1200.0,44760.0
1075,1000001267,20240710,293,1,1906,-1,45780.0,9613.8,0.0,55393.8
1076,1000001268,20250226,385,1,746,-1,11760.0,2469.6,0.0,14229.6
1077,1000001269,20240128,748,1,1509,-1,10584.0,2222.64,1500.0,14306.64
1078,1000001272,20240401,189,1,2899,-1,34020.0,7144.2,900.0,42064.2
1079,1000001273,20240124,1438,1,1455,-1,15000.0,3150.0,900.0,19050.0
1080,1000001275,20250527,889,1,2357,-1,25800.0,5418.0,0.0,31218.0
1081,1000001276,20250614,430,2,2,2,47472.0,9969.12,0.0,57441.12
1082,1000001277,20241111,998,1,1197,-1,42750.0,8977.5,1500.0,53227.5
1083,1000001280,20250327,44,1,2973,-1,35640.0,7484.4,1200.0,44324.4
1084,1000001281,20240208,892,1,2925,-1,62532.0,13131.72,900.0,76563.72
1085,1000001282,20240415,1360,1,339,-1,38475.0,8079.75,1200.0,47754.75
1086,1000001283,20240313,252,1,2850,-1,15000.0,3150.0,1200.0,19350.0
1087,1000001284,20250915,197,2,1,1,129600.0,27216.0,0.0,156816.0
1088,1000001285,20240514,342,2,2,2,13500.0,2835.0,0.0,16335.0
1089,1000001287,20250424,779,1,3121,-1,45000.0,9450.0,1200.0,55650.0
1090,1000001288,20240204,285,1,2080,-1,13200.0,2772.0,1500.0,17472.0
1091,1000001290,20250928,916,1,992,-1,30000.0,6300.0,0.0,36300.0
1092,1000001291,20240326,818,2,2,2,27000.0,5670.0,0.0,32670.0
1093,1000001292,20241128,826,1,836,-1,25200.0,5292.0,900.0,31392.0
1094,1000001293,20241220,1082,1,2877,-1,23520.0,4939.2,900.0,29359.2
1095,1000001294,20240319,999,1,336,-1,10584.0,2222.64,0.0,12806.64
1096,1000001295,20240516,488,1,867,-1,12348.0,2593.08,1500.0,16441.08
1097,1000001297,20240815,1092,2,2,2,12000.0,2520.0,0.0,14520.0
1098,1000001300,20250410,715,2,1,1,14250.0,2992.5,0.0,17242.5
1099,1000001301,20240616,180,1,601,-1,19440.0,4082.4,1500.0,25022.4
1100,1000001302,20250303,650,2,4,4,35640.0,7484.4,0.0,43124.4
1101,1000001303,20240323,208,1,149,-1,44100.0,9261.0,900.0,54261.0
1102,1000001304,20240221,1406,2,3,3,63036.0,13237.56,0.0,76273.56
1103,1000001305,20241013,353,1,1922,-1,16500.0,3465.0,0.0,19965.0
1104,1000001308,20240719,318,2,4,4,25650.0,5386.5,0.0,31036.5
1105,1000001309,20240430,1257,1,1990,-1,60075.0,12615.75,1500.0,74190.75
1106,1000001311,20240312,918,1,1837,-1,58644.0,12315.24,900.0,71859.24
1107,1000001312,20240329,800,2,2,2,10800.0,2268.0,0.0,13068.0
1108,1000001313,20240711,1152,1,2073,-1,44100.0,9261.0,1500.0,54861.0
1109,1000001314,20240830,1471,1,1941,-1,28500.0,5985.0,1500.0,35985.0
1110,1000001315,20250909,696,1,2076,-1,27000.0,5670.0,900.0,33570.0
1111,1000001316,20240706,945,2,1,1,29400.0,6174.0,0.0,35574.0
1112,1000001319,20240317,998,1,3046,-1,58020.0,12184.2,1500.0,71704.2
1113,1000001320,20240809,144,1,198,-1,15000.0,3150.0,1500.0,19650.0
1114,1000001321,20241229,683,1,20,-1,42750.0,8977.5,900.0,52627.5
1115,1000001322,20250410,937,1,384,-1,60408.0,12685.68,1200.0,74293.68
1116,1000001323,20240625,500,1,2087,-1,28500.0,5985.0,1200.0,35685.0
1117,1000001324,20240410,237,2,4,4,75780.0,15913.8,0.0,91693.8
1118,1000001325,20240814,1371,1,867,-1,27000.0,5670.0,900.0,33570.0
1119,1000001326,20250406,479,1,3151,-1,50274.0,10557.54,1200.0,62031.54
1120,1000001328,20240618,1148,2,1,1,47700.0,10017.0,0.0,57717.0
1121,1000001330,20250927,1266,2,2,2,10800.0,2268.0,0.0,13068.0
1122,1000001331,20240822,276,2,3,3,28500.0,5985.0,0.0,34485.0
1123,1000001332,20250716,174,2,2,2,54390.0,11421.9,0.0,65811.9
1124,1000001333,20250915,9,2,2,2,45000.0,9450.0,0.0,54450.0
1125,1000001334,20240627,326,1,1585,-1,9720.0,2041.2,900.0,12661.2
1126,1000001335,20250528,1213,2,2,2,21168.0,4445.28,0.0,25613.28
1127,1000001336,20250912,550,2,4,4,24696.0,5186.16,0.0,29882.16
1128,1000001337,20250201,837,2,2,2,24000.0,5040.0,0.0,29040.0
1129,1000001338,20240103,1303,2,1,1,38760.0,8139.6,0.0,46899.6
1130,1000001339,20250601,327,1,2109,-1,44550.0,9355.5,900.0,54805.5
1131,1000001341,20240124,942,1,74,-1,32400.0,6804.0,1200.0,40404.0
1132,1000001342,20250609,379,2,2,2,86850.0,18238.5,0.0,105088.5
1133,1000001343,20250223,186,1,2778,-1,12000.0,2520.0,900.0,15420.0
1134,1000001344,20250606,1264,1,1252,-1,35280.0,7408.8,900.0,43588.8
1135,1000001345,20250516,1327,2,1,1,13200.0,2772.0,0.0,15972.0
1136,1000001346,20250216,498,1,1862,-1,11400.0,2394.0,1200.0,14994.0
1137,1000001347,20241109,1439,1,2315,-1,12600.0,2646.0,1200.0,16446.0
1138,1000001348,20250515,545,2,2,2,41175.0,8646.75,0.0,49821.75
1139,1000001349,20250513,833,1,1408,-1,32400.0,6804.0,1200.0,40404.0
1140,1000001350,20240825,646,1,1627,-1,13500.0,2835.0,1200.0,17535.0
1141,1000001351,20240730,732,1,783,-1,21600.0,4536.0,1500.0,27636.0
1142,1000001352,20240629,213,1,1845,-1,54300.0,11403.0,0.0,65703.0
1143,1000001353,20250104,1365,2,3,3,35280.0,7408.8,0.0,42688.8
1144,1000001354,20241104,545,2,1,1,31752.0,6667.92,0.0,38419.92
1145,1000001356,20250426,641,2,1,1,31500.0,6615.0,0.0,38115.0
1146,1000001357,20250220,468,1,466,-1,58800.0,12348.0,0.0,71148.0
1147,1000001358,20241218,609,2,2,2,79269.0,16646.49,0.0,95915.49
1148,1000001361,20241204,506,1,3017,-1,32400.0,6804.0,1500.0,40704.0
1149,1000001363,20250810,1141,1,26,-1,31752.0,6667.92,1200.0,39619.92
1150,1000001364,20250405,1492,1,1176,-1,37800.0,7938.0,900.0,46638.0
1151,1000001366,20241130,1133,1,1774,-1,40584.0,8522.64,900.0,50006.64
1152,1000001368,20240117,692,1,639,-1,47250.0,9922.5,1500.0,58672.5
1153,1000001369,20250301,1176,1,630,-1,34200.0,7182.0,0.0,41382.0
1154,1000001370,20250420,188,1,3012,-1,32400.0,6804.0,900.0,40104.0
1155,1000001371,20250409,700,1,2819,-1,30780.0,6463.8,1200.0,38443.8
1156,1000001372,20250401,194,2,2,2,13500.0,2835.0,0.0,16335.0
1157,1000001375,20250321,337,1,1493,-1,56880.0,11944.8,1500.0,70324.8
1158,1000001376,20240805,218,2,2,2,10260.0,2154.6,0.0,12414.6
1159,1000001377,20240313,1456,1,3134,-1,35280.0,7408.8,0.0,42688.8
1160,1000001378,20240927,259,2,1,1,27000.0,5670.0,0.0,32670.0
1161,1000001379,20240708,279,2,4,4,21384.0,4490.64,0.0,25874.64
1162,1000001380,20250515,132,1,2981,-1,15675.0,3291.75,900.0,19866.75
1163,1000001381,20240219,1250,2,2,2,40500.0,8505.0,0.0,49005.0
1164,1000001382,20250620,1354,2,1,1,98550.0,20695.5,0.0,119245.5
1165,1000001384,20241006,995,2,2,2,46560.0,9777.6,0.0,56337.6
1166,1000001385,20241022,755,1,719,-1,12000.0,2520.0,1200.0,15720.0
1167,1000001386,20240731,964,1,2943,-1,15000.0,3150.0,1200.0,19350.0
1168,1000001387,20240724,147,1,2771,-1,11400.0,2394.0,1200.0,14994.0
1169,1000001388,20250214,1340,2,1,1,45252.0,9502.92,0.0,54754.92
1170,1000001389,20250430,544,1,1615,-1,11400.0,2394.0,0.0,13794.0
1171,1000001390,20250627,667,1,2602,-1,32400.0,6804.0,900.0,40104.0
1172,1000001392,20240612,1251,1,1332,-1,19440.0,4082.4,1200.0,24722.4
1173,1000001393,20240826,1187,1,1951,-1,25260.0,5304.6,0.0,30564.6
1174,1000001395,20241003,250,1,3048,-1,44887.5,9426.38,900.0,55213.88
1175,1000001396,20241222,618,1,2635,-1,12936.0,2716.56,1200.0,16852.56
1176,1000001397,20250713,1319,2,3,3,15750.0,3307.5,0.0,19057.5
1177,1000001398,20241108,5,2,2,2,42525.0,8930.25,0.0,51455.25
1178,1000001400,20250101,761,1,2331,-1,38475.0,8079.75,1500.0,48054.75
1179,1000001401,20241129,16,2,4,4,49260.0,10344.6,0.0,59604.6
1180,1000001402,20240727,261,1,749,-1,11760.0,2469.6,900.0,15129.6
1181,1000001403,20250802,18,1,616,-1,80880.0,16984.8,900.0,98764.8
1182,1000001404,20250712,1320,1,2590,-1,40500.0,8505.0,1200.0,50205.0
1183,1000001405,20240409,1010,1,1340,-1,14700.0,3087.0,900.0,18687.0
1184,1000001406,20240329,614,2,1,1,84780.0,17803.8,0.0,102583.8
1185,1000001407,20250425,1264,1,1974,-1,10800.0,2268.0,0.0,13068.0
1186,1000001408,20240825,1134,1,930,-1,25650.0,5386.5,900.0,31936.5
1187,1000001409,20250209,385,1,690,-1,42936.0,9016.56,900.0,52852.56
1188,1000001410,20240719,235,1,1712,-1,13500.0,2835.0,1500.0,17835.0
1189,1000001411,20241106,1388,1,69,-1,12348.0,2593.08,900.0,15841.08
1190,1000001412,20250621,398,1,2715,-1,35280.0,7408.8,1200.0,43888.8
1191,1000001413,20250713,774,1,2703,-1,13200.0,2772.0,1500.0,17472.0
1192,1000001414,20250604,833,1,2930,-1,14700.0,3087.0,1200.0,18987.0
1193,1000001415,20240118,195,2,2,2,28500.0,5985.0,0.0,34485.0
1194,1000001416,20241229,355,2,2,2,24000.0,5040.0,0.0,29040.0
1195,1000001419,20250127,1426,1,676,-1,30870.0,6482.7,900.0,38252.7
1196,1000001420,20240711,1226,1,304,-1,11400.0,2394.0,1500.0,15294.0
1197,1000001421,20241215,561,1,2514,-1,47025.0,9875.25,1200.0,58100.25
1198,1000001423,20240428,418,2,1,1,12000.0,2520.0,0.0,14520.0
1199,1000001424,20240511,1213,1,835,-1,40500.0,8505.0,1500.0,50505.0
1200,1000001425,20241119,600,2,3,3,25080.0,5266.8,0.0,30346.8
1201,1000001426,20240730,242,2,3,3,50400.0,10584.0,0.0,60984.0
1202,1000001427,20241002,341,2,1,1,36000.0,7560.0,0.0,43560.0
1203,1000001428,20250702,325,2,1,1,63510.0,13337.1,0.0,76847.1
1204,1000001429,20240208,104,1,336,-1,11760.0,2469.6,1200.0,15429.6
1205,1000001430,20241006,1125,2,1,1,40500.0,8505.0,0.0,49005.0
1206,1000001432,20250322,20,1,1081,-1,70425.0,14789.25,1200.0,86414.25
1207,1000001433,20250719,656,1,2400,-1,36000.0,7560.0,0.0,43560.0
1208,1000001434,20250928,319,2,3,3,50520.0,10609.2,0.0,61129.2
1209,1000001435,20240228,922,2,3,3,83925.0,17624.25,0.0,101549.25
1210,1000001436,20240403,868,2,1,1,22800.0,4788.0,0.0,27588.0
1211,1000001437,20240531,31,2,1,1,9720.0,2041.2,0.0,11761.2
1212,1000001438,20240108,890,2,4,4,45000.0,9450.0,0.0,54450.0
1213,1000001439,20250621,643,1,2090,-1,14700.0,3087.0,900.0,18687.0
1214,1000001440,20241112,1110,1,2188,-1,13500.0,2835.0,900.0,17235.0
1215,1000001441,20240917,1210,1,2023,-1,59850.0,12568.5,1200.0,73618.5
1216,1000001443,20240529,561,1,412,-1,59670.0,12530.7,0.0,72200.7
1217,1000001445,20241114,1219,2,3,3,37620.0,7900.2,0.0,45520.2
1218,1000001446,20240309,1246,2,3,3,36600.0,7686.0,0.0,44286.0
1219,1000001448,20241218,204,2,2,2,23520.0,4939.2,0.0,28459.2
1220,1000001449,20250429,116,2,3,3,12600.0,2646.0,0.0,15246.0
1221,1000001450,20240708,491,1,3151,-1,12600.0,2646.0,1500.0,16746.0
1222,1000001451,20250823,1281,1,1391,-1,81144.0,17040.24,1200.0,99384.24
1223,1000001452,20250428,384,2,2,2,83400.0,17514.0,0.0,100914.0
1224,1000001453,20250802,595,2,3,3,11400.0,2394.0,0.0,13794.0
1225,1000001454,20250224,185,1,32,-1,24420.0,5128.2,1200.0,30748.2
1226,1000001455,20250719,1329,1,2560,-1,40500.0,8505.0,1200.0,50205.0
1227,1000001456,20240120,458,2,4,4,53568.0,11249.28,0.0,64817.28
1228,1000001457,20240322,711,1,1015,-1,10800.0,2268.0,1500.0,14568.0
1229,1000001458,20240211,1169,1,667,-1,45000.0,9450.0,900.0,55350.0
1230,1000001459,20240612,1185,1,1428,-1,54900.0,11529.0,900.0,67329.0
1231,1000001461,20240217,941,2,1,1,24696.0,5186.16,0.0,29882.16
1232,1000001462,20240709,963,2,3,3,63210.0,13274.1,0.0,76484.1
1233,1000001463,20250207,642,1,1058,-1,48720.0,10231.2,900.0,59851.2
1234,1000001464,20240414,948,2,1,1,67596.0,14195.16,0.0,81791.16
1235,1000001465,20240510,1356,1,2266,-1,30780.0,6463.8,1500.0,38743.8
1236,1000001467,20240216,841,2,1,1,25650.0,5386.5,0.0,31036.5
1237,1000001468,20250814,1325,2,2,2,26700.0,5607.0,0.0,32307.0
1238,1000001469,20240104,703,1,946,-1,10800.0,2268.0,1200.0,14268.0
1239,1000001470,20240929,748,1,1489,-1,34020.0,7144.2,900.0,42064.2
1240,1000001471,20240503,1219,2,4,4,14700.0,3087.0,0.0,17787.0
1241,1000001472,20240323,1358,2,1,1,45225.0,9497.25,0.0,54722.25
1242,1000001473,20240716,395,1,3102,-1,34800.0,7308.0,1200.0,43308.0
1243,1000001474,20241128,536,1,1602,-1,55800.0,11718.0,1500.0,69018.0
1244,1000001475,20250614,31,2,1,1,90000.0,18900.0,0.0,108900.0
1245,1000001476,20240101,1414,1,3051,-1,40500.0,8505.0,1500.0,50505.0
1246,1000001477,20240322,963,1,267,-1,23520.0,4939.2,1200.0,29659.2
1247,1000001478,20250804,780,1,2735,-1,33048.0,6940.08,1200.0,41188.08
1248,1000001481,20240411,228,2,1,1,56100.0,11781.0,0.0,67881.0
1249,1000001482,20250213,670,1,2491,-1,24000.0,5040.0,0.0,29040.0
1250,1000001483,20240722,652,2,2,2,39690.0,8334.9,0.0,48024.9
1251,1000001484,20240914,308,2,1,1,65160.0,13683.6,0.0,78843.6
1252,1000001486,20240709,76,2,3,3,43200.0,9072.0,0.0,52272.0
1253,1000001488,20241003,703,1,1943,-1,12936.0,2716.56,1200.0,16852.56
1254,1000001489,20250730,792,2,1,1,13200.0,2772.0,0.0,15972.0
1255,1000001490,20240517,332,1,3103,-1,10260.0,2154.6,900.0,13314.6
1256,1000001491,20250130,69,1,2102,-1,75396.0,15833.16,1200.0,92429.16
1257,1000001492,20240701,311,2,4,4,14250.0,2992.5,0.0,17242.5
1258,1000001493,20250520,724,1,1774,-1,28350.0,5953.5,900.0,35203.5
1259,1000001494,20250717,1238,1,2746,-1,23940.0,5027.4,900.0,29867.4
1260,1000001495,20240323,488,2,3,3,46305.0,9724.05,0.0,56029.05
1261,1000001496,20241106,1435,2,3,3,34200.0,7182.0,0.0,41382.0
1262,1000001497,20250430,612,2,3,3,13500.0,2835.0,0.0,16335.0
1263,1000001498,20240222,1116,2,3,3,33000.0,6930.0,0.0,39930.0
1264,1000001499,20240822,1496,1,1740,-1,29700.0,6237.0,1200.0,37137.0
1265,1000001500,20240127,559,2,2,2,11970.0,2513.7,0.0,14483.7
1266,1000001501,20241231,745,2,3,3,83700.0,17577.0,0.0,101277.0
1267,1000001502,20241210,790,1,105,-1,54870.0,11522.7,0.0,66392.7
1268,1000001503,20240410,67,2,4,4,12000.0,2520.0,0.0,14520.0
1269,1000001504,20250224,1029,1,402,-1,32400.0,6804.0,0.0,39204.0
1270,1000001505,20250821,1360,2,1,1,40500.0,8505.0,0.0,49005.0
1271,1000001506,20250623,1366,1,135,-1,24000.0,5040.0,1200.0,30240.0
1272,1000001508,20241215,102,2,2,2,10800.0,2268.0,0.0,13068.0
1273,1000001509,20250930,1386,1,3034,-1,29700.0,6237.0,1200.0,37137.0
1274,1000001510,20240510,1026,1,2197,-1,75360.0,15825.6,1200.0,92385.6
1275,1000001512,20240327,875,1,465,-1,36000.0,7560.0,1200.0,44760.0
1276,1000001514,20250730,351,1,1451,-1,14250.0,2992.5,900.0,18142.5
1277,1000001515,20250831,1162,1,1432,-1,36000.0,7560.0,1200.0,44760.0
1278,1000001516,20241231,1237,1,969,-1,45000.0,9450.0,1200.0,55650.0
1279,1000001517,20250905,633,2,1,1,42525.0,8930.25,0.0,51455.25
1280,1000001518,20240906,405,1,481,-1,40500.0,8505.0,1200.0,50205.0
1281,1000001519,20241126,244,1,2600,-1,37200.0,7812.0,900.0,45912.0
1282,1000001521,20240606,324,2,1,1,46800.0,9828.0,0.0,56628.0
1283,1000001522,20241120,179,1,1164,-1,35910.0,7541.1,0.0,43451.1
1284,1000001523,20241222,518,2,4,4,37770.0,7931.7,0.0,45701.7
1285,1000001524,20250416,222,1,2935,-1,29400.0,6174.0,0.0,35574.0
1286,1000001525,20250311,1301,1,773,-1,14175.0,2976.75,900.0,18051.75
1287,1000001528,20240101,576,1,118,-1,65550.0,13765.5,1200.0,80515.5
1288,1000001529,20240901,642,2,1,1,11400.0,2394.0,0.0,13794.0
1289,1000001531,20250407,1392,1,1447,-1,41040.0,8618.4,900.0,50558.4
1290,1000001532,20240328,22,2,3,3,29925.0,6284.25,0.0,36209.25
1291,1000001533,20250519,1086,2,1,1,34200.0,7182.0,0.0,41382.0
1292,1000001534,20241110,995,1,2422,-1,38871.0,8162.91,1200.0,48233.91
1293,1000001536,20240410,1176,2,3,3,14700.0,3087.0,0.0,17787.0
1294,1000001537,20240826,991,2,3,3,10800.0,2268.0,0.0,13068.0
1295,1000001539,20250216,656,2,4,4,32340.0,6791.4,0.0,39131.4
1296,1000001540,20240407,1327,1,2590,-1,54900.0,11529.0,900.0,67329.0
1297,1000001541,20240530,974,2,3,3,36000.0,7560.0,0.0,43560.0
1298,1000001544,20250616,1078,1,1790,-1,54750.0,11497.5,1200.0,67447.5
1299,1000001545,20240611,1382,1,2375,-1,14250.0,2992.5,1200.0,18442.5
1300,1000001546,20240109,739,2,3,3,21600.0,4536.0,0.0,26136.0
1301,1000001547,20250615,878,1,1397,-1,37770.0,7931.7,1200.0,46901.7
1302,1000001548,20250409,863,1,2514,-1,40500.0,8505.0,1500.0,50505.0
1303,1000001549,20240322,504,2,3,3,14250.0,2992.5,0.0,17242.5
1304,1000001551,20250201,1339,1,88,-1,35280.0,7408.8,0.0,42688.8
1305,1000001552,20250121,769,1,1227,-1,36000.0,7560.0,900.0,44460.0
1306,1000001553,20240820,952,1,437,-1,15750.0,3307.5,1500.0,20557.5
1307,1000001555,20250821,1039,1,1461,-1,15750.0,3307.5,1200.0,20257.5
1308,1000001556,20240702,91,1,1545,-1,32400.0,6804.0,900.0,40104.0
1309,1000001557,20240621,1190,1,292,-1,35280.0,7408.8,1200.0,43888.8
1310,1000001558,20250727,762,2,1,1,47496.0,9974.16,0.0,57470.16
1311,1000001559,20240324,520,2,1,1,66600.0,13986.0,0.0,80586.0
1312,1000001560,20250416,604,2,2,2,54300.0,11403.0,0.0,65703.0
1313,1000001562,20241201,1401,1,65,-1,52668.0,11060.28,900.0,64628.28
1314,1000001563,20240515,298,2,1,1,24000.0,5040.0,0.0,29040.0
1315,1000001564,20250226,1104,1,1087,-1,13230.0,2778.3,1200.0,17208.3
1316,1000001565,20241103,1309,1,1913,-1,22800.0,4788.0,1200.0,28788.0
1317,1000001566,20250513,483,2,4,4,35280.0,7408.8,0.0,42688.8
1318,1000001567,20240620,208,1,2342,-1,10800.0,2268.0,0.0,13068.0
1319,1000001568,20250910,1493,2,4,4,35280.0,7408.8,0.0,42688.8
1320,1000001570,20250208,1263,1,2101,-1,27000.0,5670.0,1200.0,33870.0
1321,1000001571,20250414,878,1,2027,-1,37770.0,7931.7,1200.0,46901.7
1322,1000001572,20250804,625,2,4,4,14962.5,3142.12,0.0,18104.62
1323,1000001573,20250417,1236,1,789,-1,28425.0,5969.25,0.0,34394.25
1324,1000001575,20250409,777,1,677,-1,14962.5,3142.12,0.0,18104.62
1325,1000001576,20240212,1341,1,942,-1,24000.0,5040.0,1200.0,30240.0
1326,1000001577,20241021,1168,1,3050,-1,20520.0,4309.2,1200.0,26029.2
1327,1000001578,20240313,715,2,2,2,22800.0,4788.0,0.0,27588.0
1328,1000001579,20250325,26,2,4,4,34200.0,7182.0,0.0,41382.0
1329,1000001581,20241219,783,1,1574,-1,15000.0,3150.0,1200.0,19350.0
1330,1000001582,20240904,1323,2,1,1,13230.0,2778.3,0.0,16008.3
1331,1000001583,20250629,8,2,4,4,70200.0,14742.0,0.0,84942.0
1332,1000001584,20241228,336,2,2,2,75780.0,15913.8,0.0,91693.8
1333,1000001585,20240530,386,1,1240,-1,45000.0,9450.0,1200.0,55650.0
1334,1000001586,20250921,1375,2,4,4,32400.0,6804.0,0.0,39204.0
1335,1000001587,20250613,162,1,2625,-1,35280.0,7408.8,0.0,42688.8
1336,1000001588,20240304,1203,2,3,3,35280.0,7408.8,0.0,42688.8
1337,1000001589,20240911,835,1,1743,-1,35640.0,7484.4,1200.0,44324.4
1338,1000001590,20240315,566,2,1,1,49140.0,10319.4,0.0,59459.4
1339,1000001591,20250209,383,1,1389,-1,27000.0,5670.0,1200.0,33870.0
1340,1000001592,20240612,746,1,603,-1,31440.0,6602.4,1500.0,39542.4
1341,1000001594,20250924,1419,1,2989,-1,69600.0,14616.0,1200.0,85416.0
1342,1000001599,20250329,773,2,3,3,66000.0,13860.0,0.0,79860.0
1343,1000001600,20250709,413,1,1088,-1,32340.0,6791.4,900.0,40031.4
1344,1000001601,20250826,681,1,2009,-1,54750.0,11497.5,1200.0,67447.5
1345,1000001602,20250607,1425,2,4,4,12348.0,2593.08,0.0,14941.08
1346,1000001603,20250812,394,1,1803,-1,42750.0,8977.5,1200.0,52927.5
1347,1000001604,20250616,942,2,2,2,68145.0,14310.45,0.0,82455.45
1348,1000001605,20250604,1238,2,2,2,70500.0,14805.0,0.0,85305.0
1349,1000001606,20250314,1045,1,168,-1,32400.0,6804.0,900.0,40104.0
1350,1000001607,20250519,594,2,4,4,70560.0,14817.6,0.0,85377.6
1351,1000001608,20250518,58,1,1138,-1,14175.0,2976.75,1200.0,18351.75
1352,1000001609,20250126,1008,2,4,4,90720.0,19051.2,0.0,109771.2
1353,1000001610,20240515,1028,2,3,3,37632.0,7902.72,0.0,45534.72
1354,1000001611,20250503,1024,2,4,4,36000.0,7560.0,0.0,43560.0
1355,1000001613,20250601,90,1,1434,-1,30870.0,6482.7,1200.0,38552.7
1356,1000001614,20250912,728,1,23,-1,38475.0,8079.75,0.0,46554.75
1357,1000001615,20240403,294,1,1904,-1,42750.0,8977.5,900.0,52627.5
1358,1000001616,20250318,200,1,2590,-1,13230.0,2778.3,1200.0,17208.3
1359,1000001617,20240302,676,2,2,2,40500.0,8505.0,0.0,49005.0
1360,1000001618,20250227,694,1,2779,-1,49500.0,10395.0,1200.0,61095.0
1361,1000001620,20250511,1418,1,3079,-1,10800.0,2268.0,1200.0,14268.0
1362,1000001621,20240410,245,1,2574,-1,34020.0,7144.2,1200.0,42364.2
1363,1000001622,20250518,441,1,1272,-1,32400.0,6804.0,1200.0,40404.0
1364,1000001623,20250312,393,1,1021,-1,83250.0,17482.5,1200.0,101932.5
1365,1000001624,20250918,1428,1,3186,-1,42750.0,8977.5,1500.0,53227.5
1366,1000001626,20240207,379,1,2267,-1,22800.0,4788.0,1500.0,29088.0
1367,1000001627,20240918,653,1,3155,-1,23520.0,4939.2,1200.0,29659.2
1368,1000001628,20250712,230,1,1206,-1,37800.0,7938.0,900.0,46638.0
1369,1000001629,20250820,310,1,1714,-1,36000.0,7560.0,1200.0,44760.0
1370,1000001631,20240705,715,2,2,2,22800.0,4788.0,0.0,27588.0
1371,1000001632,20250814,520,1,1353,-1,41400.0,8694.0,1200.0,51294.0
1372,1000001633,20250728,896,1,89,-1,42750.0,8977.5,1500.0,53227.5
1373,1000001634,20250714,703,1,444,-1,45000.0,9450.0,900.0,55350.0
1374,1000001635,20241118,1365,2,3,3,12600.0,2646.0,0.0,15246.0
1375,1000001637,20250314,789,2,2,2,37620.0,7900.2,0.0,45520.2
1376,1000001638,20250702,77,1,61,-1,22800.0,4788.0,1200.0,28788.0
1377,1000001641,20240827,1066,1,272,-1,24000.0,5040.0,1200.0,30240.0
1378,1000001642,20240429,1081,1,627,-1,76260.0,16014.6,1500.0,93774.6
1379,1000001643,20241031,1232,1,3038,-1,35910.0,7541.1,900.0,44351.1
1380,1000001644,20240714,585,2,4,4,28500.0,5985.0,0.0,34485.0
1381,1000001645,20250326,624,2,1,1,33000.0,6930.0,0.0,39930.0
1382,1000001646,20240317,931,2,1,1,30000.0,6300.0,0.0,36300.0
1383,1000001647,20240722,932,1,48,-1,29700.0,6237.0,1500.0,37437.0
1384,1000001648,20240209,930,1,2954,-1,11400.0,2394.0,1200.0,14994.0
1385,1000001649,20250311,1114,2,3,3,11760.0,2469.6,0.0,14229.6
1386,1000001650,20240112,746,1,1384,-1,37620.0,7900.2,1200.0,46720.2
1387,1000001651,20250818,1306,1,283,-1,22800.0,4788.0,0.0,27588.0
1388,1000001652,20240109,741,1,228,-1,21600.0,4536.0,1500.0,27636.0
1389,1000001655,20241229,217,2,2,2,29700.0,6237.0,0.0,35937.0
1390,1000001656,20250527,944,2,3,3,58200.0,12222.0,0.0,70422.0
1391,1000001657,20241203,595,2,1,1,23400.0,4914.0,0.0,28314.0
1392,1000001658,20240109,156,2,2,2,21600.0,4536.0,0.0,26136.0
1393,1000001659,20250616,1323,2,2,2,63000.0,13230.0,0.0,76230.0
1394,1000001661,20240126,860,1,2180,-1,21600.0,4536.0,1500.0,27636.0
1395,1000001662,20240723,136,2,1,1,21600.0,4536.0,0.0,26136.0
1396,1000001664,20241115,23,1,2468,-1,10800.0,2268.0,900.0,13968.0
1397,1000001665,20240407,258,1,728,-1,11400.0,2394.0,1200.0,14994.0
1398,1000001666,20240216,1343,2,4,4,43980.0,9235.8,0.0,53215.8
1399,1000001667,20240412,311,1,1646,-1,60420.0,12688.2,900.0,74008.2
1400,1000001668,20241001,662,1,500,-1,10800.0,2268.0,1500.0,14568.0
1401,1000001669,20240514,538,2,1,1,10800.0,2268.0,0.0,13068.0
1402,1000001670,20241010,1212,1,2204,-1,12936.0,2716.56,0.0,15652.56
1403,1000001673,20241105,294,2,3,3,25080.0,5266.8,0.0,30346.8
1404,1000001674,20240326,1148,1,980,-1,45000.0,9450.0,900.0,55350.0
1405,1000001675,20250311,475,1,372,-1,42750.0,8977.5,1200.0,52927.5
1406,1000001676,20250830,1492,1,2033,-1,40800.0,8568.0,900.0,50268.0
1407,1000001677,20241114,1004,1,2863,-1,36348.0,7633.08,900.0,44881.08
1408,1000001678,20250521,427,1,682,-1,58350.0,12253.5,900.0,71503.5
1409,1000001679,20250129,1490,1,2382,-1,36450.0,7654.5,900.0,45004.5
1410,1000001680,20241124,1403,1,1818,-1,23940.0,5027.4,1200.0,30167.4
1411,1000001681,20240412,142,1,2176,-1,24000.0,5040.0,900.0,29940.0
1412,1000001682,20250717,890,2,3,3,35910.0,7541.1,0.0,43451.1
1413,1000001683,20241218,1265,1,2865,-1,26400.0,5544.0,1200.0,33144.0
1414,1000001684,20240303,612,1,2296,-1,46305.0,9724.05,1200.0,57229.05
1415,1000001686,20240601,330,2,2,2,63210.0,13274.1,0.0,76484.1
1416,1000001688,20250209,899,1,186,-1,56448.0,11854.08,1200.0,69502.08
1417,1000001689,20240914,728,1,1573,-1,23520.0,4939.2,1500.0,29959.2
1418,1000001690,20240526,1097,2,3,3,53940.0,11327.4,0.0,65267.4
1419,1000001691,20250226,1003,1,67,-1,14175.0,2976.75,1500.0,18651.75
1420,1000001692,20240715,1147,2,3,3,12600.0,2646.0,0.0,15246.0
1421,1000001693,20240905,747,2,4,4,102165.0,21454.65,0.0,123619.65
1422,1000001695,20240129,379,2,4,4,28350.0,5953.5,0.0,34303.5
1423,1000001696,20241214,115,1,2751,-1,30870.0,6482.7,1500.0,38852.7
1424,1000001697,20250313,293,1,2587,-1,30870.0,6482.7,1200.0,38552.7
1425,1000001698,20250401,1002,2,2,2,109860.0,23070.6,0.0,132930.6
1426,1000001699,20250811,1015,2,1,1,31350.0,6583.5,0.0,37933.5
1427,1000001700,20250124,126,1,2182,-1,54750.0,11497.5,900.0,67147.5
1428,1000001701,20240818,946,1,1853,-1,11400.0,2394.0,1500.0,15294.0
1429,1000001702,20250729,1005,1,1275,-1,13500.0,2835.0,0.0,16335.0
1430,1000001703,20241102,1018,1,3188,-1,21600.0,4536.0,900.0,27036.0
1431,1000001706,20250402,493,1,272,-1,46305.0,9724.05,0.0,56029.05
1432,1000001707,20240815,793,2,4,4,70545.0,14814.45,0.0,85359.45
1433,1000001708,20240820,864,2,3,3,11400.0,2394.0,0.0,13794.0
1434,1000001709,20240624,982,2,3,3,40500.0,8505.0,0.0,49005.0
1435,1000001710,20241006,146,1,1034,-1,36000.0,7560.0,900.0,44460.0
1436,1000001711,20240621,10,2,4,4,58200.0,12222.0,0.0,70422.0
1437,1000001712,20241007,174,1,2817,-1,25080.0,5266.8,1200.0,31546.8
1438,1000001713,20250904,210,1,3055,-1,29400.0,6174.0,1200.0,36774.0
1439,1000001715,20250111,1032,2,3,3,59160.0,12423.6,0.0,71583.6
1440,1000001716,20241207,708,1,2103,-1,32400.0,6804.0,900.0,40104.0
1441,1000001717,20240916,956,1,1478,-1,12000.0,2520.0,900.0,15420.0
1442,1000001718,20240305,1468,1,2103,-1,70200.0,14742.0,1500.0,86442.0
1443,1000001719,20241003,182,1,280,-1,35280.0,7408.8,0.0,42688.8
1444,1000001721,20250507,1388,2,4,4,55350.0,11623.5,0.0,66973.5
1445,1000001722,20250731,282,1,2129,-1,22680.0,4762.8,0.0,27442.8
1446,1000001723,20250812,1365,1,2419,-1,34200.0,7182.0,0.0,41382.0
1447,1000001724,20250722,505,2,2,2,25872.0,5433.12,0.0,31305.12
1448,1000001725,20250417,774,1,2413,-1,46200.0,9702.0,1500.0,57402.0
1449,1000001726,20250524,504,1,80,-1,23520.0,4939.2,900.0,29359.2
1450,1000001727,20240413,748,1,1555,-1,34200.0,7182.0,1200.0,42582.0
1451,1000001729,20250907,975,1,2769,-1,79980.0,16795.8,900.0,97675.8
1452,1000001730,20250701,156,1,96,-1,11760.0,2469.6,1200.0,15429.6
1453,1000001731,20250713,380,2,4,4,28500.0,5985.0,0.0,34485.0
1454,1000001732,20250724,823,1,2567,-1,11760.0,2469.6,1200.0,15429.6
1455,1000001733,20240718,561,2,1,1,69300.0,14553.0,0.0,83853.0
1456,1000001734,20240220,40,1,3031,-1,80808.0,16969.68,900.0,98677.68
1457,1000001735,20250513,270,2,1,1,11970.0,2513.7,0.0,14483.7
1458,1000001736,20240724,557,1,209,-1,12600.0,2646.0,1200.0,16446.0
1459,1000001737,20240614,303,2,1,1,41310.0,8675.1,0.0,49985.1
1460,1000001738,20240902,345,1,2640,-1,11760.0,2469.6,1200.0,15429.6
1461,1000001739,20240419,676,2,2,2,25200.0,5292.0,0.0,30492.0
1462,1000001740,20241209,1373,2,3,3,29400.0,6174.0,0.0,35574.0
1463,1000001741,20240426,564,2,3,3,42150.0,8851.5,0.0,51001.5
1464,1000001742,20240524,182,2,3,3,44100.0,9261.0,0.0,53361.0
1465,1000001743,20240507,216,2,4,4,45000.0,9450.0,0.0,54450.0
1466,1000001744,20250820,752,1,488,-1,35280.0,7408.8,1200.0,43888.8
1467,1000001745,20250103,413,1,2253,-1,22770.0,4781.7,0.0,27551.7
1468,1000001746,20241001,1384,1,490,-1,22800.0,4788.0,900.0,28488.0
1469,1000001747,20240113,478,2,4,4,11760.0,2469.6,0.0,14229.6
1470,1000001748,20240303,1049,1,1712,-1,60000.0,12600.0,1200.0,73800.0
1471,1000001749,20240502,1271,1,2938,-1,32400.0,6804.0,900.0,40104.0
1472,1000001751,20250218,650,2,4,4,21168.0,4445.28,0.0,25613.28
1473,1000001752,20240728,685,2,4,4,73500.0,15435.0,0.0,88935.0
1474,1000001753,20250529,936,1,195,-1,22800.0,4788.0,1200.0,28788.0
1475,1000001754,20250805,1189,1,555,-1,15000.0,3150.0,1200.0,19350.0
1476,1000001755,20241003,1130,1,2832,-1,73800.0,15498.0,0.0,89298.0
1477,1000001756,20250513,233,1,470,-1,19440.0,4082.4,1500.0,25022.4
1478,1000001757,20250226,626,1,835,-1,11340.0,2381.4,900.0,14621.4
1479,1000001758,20240105,545,2,4,4,62700.0,13167.0,0.0,75867.0
1480,1000001759,20240704,147,2,4,4,36000.0,7560.0,0.0,43560.0
1481,1000001760,20241219,946,1,3181,-1,23940.0,5027.4,900.0,29867.4
1482,1000001761,20250703,267,2,1,1,26400.0,5544.0,0.0,31944.0
1483,1000001763,20250925,106,2,2,2,70560.0,14817.6,0.0,85377.6
1484,1000001764,20250203,656,1,1567,-1,36000.0,7560.0,1200.0,44760.0
1485,1000001765,20250220,1324,2,4,4,11760.0,2469.6,0.0,14229.6
1486,1000001766,20240805,1133,2,2,2,28500.0,5985.0,0.0,34485.0
1487,1000001767,20240629,921,2,4,4,35910.0,7541.1,0.0,43451.1
1488,1000001768,20240525,16,1,2044,-1,35280.0,7408.8,1500.0,44188.8
1489,1000001769,20240818,1099,1,3119,-1,11400.0,2394.0,900.0,14694.0
1490,1000001770,20240226,920,2,3,3,40500.0,8505.0,0.0,49005.0
1491,1000001771,20240924,503,1,2634,-1,30000.0,6300.0,900.0,37200.0
1492,1000001772,20250614,1057,2,4,4,15000.0,3150.0,0.0,18150.0
1493,1000001773,20250620,1044,1,214,-1,29400.0,6174.0,1200.0,36774.0
1494,1000001774,20250106,1012,1,1589,-1,28500.0,5985.0,900.0,35385.0
1495,1000001775,20250525,163,2,1,1,24000.0,5040.0,0.0,29040.0
1496,1000001776,20240804,347,2,4,4,28500.0,5985.0,0.0,34485.0
1497,1000001777,20250928,634,1,1339,-1,26400.0,5544.0,0.0,31944.0
1498,1000001779,20241021,123,1,1055,-1,34800.0,7308.0,900.0,43008.0
1499,1000001780,20250925,638,1,830,-1,59400.0,12474.0,1200.0,73074.0
1500,1000001781,20250808,1230,1,1786,-1,12000.0,2520.0,1200.0,15720.0
1501,1000001782,20241103,689,2,1,1,12000.0,2520.0,0.0,14520.0
1502,1000001783,20240806,1069,1,1402,-1,60900.0,12789.0,1200.0,74889.0
1503,1000001784,20240427,1335,1,2824,-1,20520.0,4309.2,1200.0,26029.2
1504,1000001787,20241102,713,2,4,4,41160.0,8643.6,0.0,49803.6
1505,1000001788,20250717,1477,2,2,2,10800.0,2268.0,0.0,13068.0
1506,1000001789,20250429,1333,1,1686,-1,24000.0,5040.0,1200.0,30240.0
1507,1000001790,20250114,980,1,2506,-1,59250.0,12442.5,1200.0,72892.5
1508,1000001791,20250416,977,2,4,4,44100.0,9261.0,0.0,53361.0
1509,1000001792,20240711,1254,1,2620,-1,10260.0,2154.6,1500.0,13914.6
1510,1000001793,20240722,1126,1,1252,-1,63300.0,13293.0,1200.0,77793.0
1511,1000001794,20241101,436,1,2932,-1,12000.0,2520.0,0.0,14520.0
1512,1000001795,20240707,1117,1,907,-1,27000.0,5670.0,900.0,33570.0
1513,1000001796,20241014,276,2,1,1,28500.0,5985.0,0.0,34485.0
1514,1000001797,20250202,551,1,2831,-1,32400.0,6804.0,900.0,40104.0
1515,1000001799,20240113,274,2,2,2,13500.0,2835.0,0.0,16335.0
1516,1000001800,20240629,361,2,3,3,25200.0,5292.0,0.0,30492.0
1517,1000001801,20240911,17,1,1969,-1,32400.0,6804.0,900.0,40104.0
1518,1000001802,20240204,713,1,2164,-1,32340.0,6791.4,0.0,39131.4
1519,1000001804,20240918,1094,1,2589,-1,27000.0,5670.0,900.0,33570.0
1520,1000001805,20250828,637,1,2460,-1,13230.0,2778.3,900.0,16908.3
1521,1000001806,20241013,1416,1,48,-1,36000.0,7560.0,1200.0,44760.0
1522,1000001807,20240925,949,1,2716,-1,69480.0,14590.8,1500.0,85570.8
1523,1000001809,20240312,1482,1,279,-1,12600.0,2646.0,1500.0,16746.0
1524,1000001810,20240913,496,1,1441,-1,35280.0,7408.8,1500.0,44188.8
1525,1000001811,20250805,991,1,2385,-1,47496.0,9974.16,900.0,58370.16
1526,1000001813,20250329,970,2,3,3,21600.0,4536.0,0.0,26136.0
1527,1000001814,20241120,1166,2,3,3,14700.0,3087.0,0.0,17787.0
1528,1000001815,20241203,1038,2,3,3,37584.0,7892.64,0.0,45476.64
1529,1000001818,20250107,1066,2,4,4,29700.0,6237.0,0.0,35937.0
1530,1000001819,20240602,1067,1,2118,-1,34200.0,7182.0,1200.0,42582.0
1531,1000001821,20240928,1456,1,383,-1,27000.0,5670.0,1200.0,33870.0
1532,1000001822,20250522,101,2,4,4,15000.0,3150.0,0.0,18150.0
1533,1000001823,20240724,312,2,1,1,11400.0,2394.0,0.0,13794.0
1534,1000001825,20240507,650,2,3,3,29400.0,6174.0,0.0,35574.0
1535,1000001826,20240727,645,2,2,2,44100.0,9261.0,0.0,53361.0
1536,1000001827,20240110,852,2,3,3,22680.0,4762.8,0.0,27442.8
1537,1000001828,20241016,1291,1,878,-1,30870.0,6482.7,900.0,38252.7
1538,1000001829,20250308,916,1,1108,-1,10584.0,2222.64,900.0,13706.64
1539,1000001831,20240814,1001,2,3,3,32400.0,6804.0,0.0,39204.0
1540,1000001832,20250703,1301,2,3,3,36000.0,7560.0,0.0,43560.0
1541,1000001833,20250902,1065,1,3115,-1,48870.0,10262.7,0.0,59132.7
1542,1000001834,20240817,1045,1,2822,-1,56520.0,11869.2,1200.0,69589.2
1543,1000001835,20250131,849,2,2,2,34200.0,7182.0,0.0,41382.0
1544,1000001836,20240216,1307,2,1,1,35340.0,7421.4,0.0,42761.4
1545,1000001837,20250616,731,1,688,-1,10800.0,2268.0,900.0,13968.0
1546,1000001839,20240119,1115,2,1,1,30000.0,6300.0,0.0,36300.0
1547,1000001840,20250207,388,1,1491,-1,12936.0,2716.56,1200.0,16852.56
1548,1000001841,20240203,789,1,1386,-1,48000.0,10080.0,900.0,58980.0
1549,1000001843,20240315,93,2,1,1,96000.0,20160.0,0.0,116160.0
1550,1000001844,20240611,452,1,1041,-1,42750.0,8977.5,900.0,52627.5
1551,1000001845,20250113,103,1,1122,-1,41160.0,8643.6,1200.0,51003.6
1552,1000001846,20250321,204,1,934,-1,23940.0,5027.4,1200.0,30167.4
1553,1000001847,20250610,1126,1,724,-1,47250.0,9922.5,0.0,57172.5
1554,1000001848,20250202,1496,2,4,4,28500.0,5985.0,0.0,34485.0
1555,1000001849,20241218,1192,1,2135,-1,40500.0,8505.0,900.0,49905.0
1556,1000001853,20240727,434,2,3,3,49500.0,10395.0,0.0,59895.0
1557,1000001854,20250310,724,1,128,-1,11760.0,2469.6,900.0,15129.6
1558,1000001855,20250604,1157,1,1565,-1,57750.0,12127.5,0.0,69877.5
1559,1000001856,20240727,450,2,2,2,28500.0,5985.0,0.0,34485.0
1560,1000001857,20250609,655,1,1007,-1,30000.0,6300.0,1500.0,37800.0
1561,1000001858,20241008,688,1,1524,-1,32400.0,6804.0,1200.0,40404.0
1562,1000001860,20241227,815,1,933,-1,55500.0,11655.0,900.0,68055.0
1563,1000001861,20240926,1202,2,1,1,28500.0,5985.0,0.0,34485.0
1564,1000001862,20240506,208,1,924,-1,36000.0,7560.0,900.0,44460.0
1565,1000001863,20250314,1119,1,149,-1,38475.0,8079.75,900.0,47454.75
1566,1000001864,20241206,871,2,4,4,22800.0,4788.0,0.0,27588.0
1567,1000001865,20250204,1089,1,1987,-1,35100.0,7371.0,900.0,43371.0
1568,1000001866,20240831,1313,1,3145,-1,34020.0,7144.2,1200.0,42364.2
1569,1000001867,20240817,1169,2,1,1,35280.0,7408.8,0.0,42688.8
1570,1000001869,20240707,274,1,2332,-1,14962.5,3142.12,900.0,19004.62
1571,1000001871,20250316,682,1,886,-1,30000.0,6300.0,1200.0,37500.0
1572,1000001872,20250628,1063,2,2,2,29400.0,6174.0,0.0,35574.0
1573,1000001873,20240806,535,1,2920,-1,16170.0,3395.7,1200.0,20765.7
1574,1000001874,20250409,1140,2,3,3,62910.0,13211.1,0.0,76121.1
1575,1000001875,20240501,712,1,318,-1,10584.0,2222.64,1500.0,14306.64
1576,1000001876,20240406,771,2,3,3,35280.0,7408.8,0.0,42688.8
1577,1000001878,20250710,193,1,551,-1,14250.0,2992.5,900.0,18142.5
1578,1000001879,20240520,1481,2,3,3,27000.0,5670.0,0.0,32670.0
1579,1000001880,20240911,1420,1,261,-1,13230.0,2778.3,1200.0,17208.3
1580,1000001881,20241101,866,1,871,-1,45600.0,9576.0,0.0,55176.0
1581,1000001882,20240804,1360,1,1388,-1,24585.0,5162.85,1500.0,31247.85
1582,1000001883,20240403,26,2,2,2,30780.0,6463.8,0.0,37243.8
1583,1000001884,20241110,890,2,1,1,23520.0,4939.2,0.0,28459.2
1584,1000001885,20250307,1466,2,2,2,31752.0,6667.92,0.0,38419.92
1585,1000001886,20240122,1114,1,2424,-1,24300.0,5103.0,900.0,30303.0
1586,1000001887,20240305,952,2,2,2,25080.0,5266.8,0.0,30346.8
1587,1000001888,20241103,235,1,1733,-1,14250.0,2992.5,1500.0,18742.5
1588,1000001891,20241226,1220,1,1474,-1,47025.0,9875.25,1200.0,58100.25
1589,1000001892,20240916,868,1,1664,-1,9720.0,2041.2,900.0,12661.2
1590,1000001893,20250512,298,1,987,-1,12000.0,2520.0,1200.0,15720.0
1591,1000001894,20250202,447,1,248,-1,22800.0,4788.0,1200.0,28788.0
1592,1000001895,20241218,464,2,3,3,36000.0,7560.0,0.0,43560.0
1593,1000001896,20240410,49,1,2798,-1,31752.0,6667.92,1200.0,39619.92
1594,1000001897,20240727,454,1,94,-1,12000.0,2520.0,1500.0,16020.0
1595,1000001898,20250716,1185,2,4,4,32400.0,6804.0,0.0,39204.0
1596,1000001899,20250205,226,1,2109,-1,47025.0,9875.25,900.0,57800.25
1597,1000001900,20240422,147,2,2,2,29400.0,6174.0,0.0,35574.0
1598,1000001901,20240914,899,1,294,-1,29925.0,6284.25,0.0,36209.25
1599,1000001902,20250612,1306,2,3,3,19440.0,4082.4,0.0,23522.4
1600,1000001904,20250806,59,2,3,3,27000.0,5670.0,0.0,32670.0
1601,1000001905,20240728,772,2,4,4,31752.0,6667.92,0.0,38419.92
1602,1000001906,20250915,656,1,2568,-1,27000.0,5670.0,900.0,33570.0
1603,1000001907,20240115,903,2,4,4,42750.0,8977.5,0.0,51727.5
1604,1000001908,20250609,30,2,1,1,22680.0,4762.8,0.0,27442.8
1605,1000001909,20250908,301,2,1,1,23100.0,4851.0,0.0,27951.0
1606,1000001911,20250216,883,1,380,-1,28500.0,5985.0,1500.0,35985.0
1607,1000001912,20240120,737,1,2811,-1,10800.0,2268.0,1500.0,14568.0
1608,1000001913,20250921,1160,1,67,-1,22800.0,4788.0,1200.0,28788.0
1609,1000001915,20250507,218,1,1244,-1,40500.0,8505.0,900.0,49905.0
1610,1000001919,20240518,733,2,1,1,126000.0,26460.0,0.0,152460.0
1611,1000001921,20241111,370,2,1,1,14962.5,3142.12,0.0,18104.62
1612,1000001922,20240401,1293,2,2,2,23520.0,4939.2,0.0,28459.2
1613,1000001923,20250106,1458,1,2120,-1,50100.0,10521.0,1200.0,61821.0
1614,1000001924,20250117,233,2,2,2,39102.0,8211.42,0.0,47313.42
1615,1000001925,20241128,820,1,347,-1,11760.0,2469.6,0.0,14229.6
1616,1000001926,20240211,1300,1,1598,-1,14250.0,2992.5,1200.0,18442.5
1617,1000001927,20250313,1468,2,1,1,49800.0,10458.0,0.0,60258.0
1618,1000001928,20250310,503,1,3024,-1,23520.0,4939.2,1200.0,29659.2
1619,1000001929,20250529,734,1,445,-1,10584.0,2222.64,1200.0,14006.64
1620,1000001930,20240517,1479,1,553,-1,49530.0,10401.3,900.0,60831.3
1621,1000001931,20241006,494,2,4,4,23520.0,4939.2,0.0,28459.2
1622,1000001932,20241023,296,2,2,2,11400.0,2394.0,0.0,13794.0
1623,1000001933,20250523,957,2,4,4,27000.0,5670.0,0.0,32670.0
1624,1000001934,20250807,851,2,3,3,19440.0,4082.4,0.0,23522.4
1625,1000001935,20250809,1068,1,2697,-1,26460.0,5556.6,900.0,32916.6
1626,1000001936,20240928,387,2,3,3,64350.0,13513.5,0.0,77863.5
1627,1000001937,20241229,634,1,2444,-1,50544.0,10614.24,1200.0,62358.24
1628,1000001938,20240912,533,1,2040,-1,30780.0,6463.8,900.0,38143.8
1629,1000001939,20241101,851,2,2,2,51000.0,10710.0,0.0,61710.0
1630,1000001940,20250129,1393,1,1513,-1,13500.0,2835.0,1200.0,17535.0
1631,1000001941,20250417,27,2,1,1,62265.0,13075.65,0.0,75340.65
1632,1000001942,20240625,782,2,2,2,14962.5,3142.12,0.0,18104.62
1633,1000001943,20250120,195,1,1738,-1,36720.0,7711.2,1500.0,45931.2
1634,1000001944,20240308,278,2,1,1,34200.0,7182.0,0.0,41382.0
1635,1000001945,20250331,904,2,2,2,13200.0,2772.0,0.0,15972.0
1636,1000001946,20250406,555,1,1319,-1,36000.0,7560.0,1200.0,44760.0
1637,1000001949,20250811,1496,1,1173,-1,14700.0,3087.0,1200.0,18987.0
1638,1000001950,20241017,1260,1,2144,-1,21600.0,4536.0,900.0,27036.0
1639,1000001951,20240220,9,1,2675,-1,29400.0,6174.0,900.0,36474.0
1640,1000001952,20240903,129,1,1951,-1,11970.0,2513.7,0.0,14483.7
1641,1000001953,20240711,349,1,2734,-1,32400.0,6804.0,1500.0,40704.0
1642,1000001954,20250422,1399,2,2,2,23520.0,4939.2,0.0,28459.2
1643,1000001955,20250314,197,2,4,4,15750.0,3307.5,0.0,19057.5
1644,1000001957,20240731,414,1,1792,-1,32400.0,6804.0,900.0,40104.0
1645,1000001959,20250415,1380,1,126,-1,31752.0,6667.92,1200.0,39619.92
1646,1000001960,20250301,1087,2,4,4,57936.0,12166.56,0.0,70102.56
1647,1000001961,20250406,1218,1,2453,-1,75780.0,15913.8,900.0,92593.8
1648,1000001962,20240228,650,2,4,4,37800.0,7938.0,0.0,45738.0
1649,1000001963,20250416,114,1,2155,-1,23760.0,4989.6,1500.0,30249.6
1650,1000001964,20240901,1004,1,1799,-1,36450.0,7654.5,900.0,45004.5
1651,1000001965,20241029,567,1,608,-1,62685.0,13163.85,1500.0,77348.85
1652,1000001966,20240904,967,1,1217,-1,40500.0,8505.0,900.0,49905.0
1653,1000001967,20250507,944,1,2780,-1,24696.0,5186.16,1200.0,31082.16
1654,1000001968,20240923,1150,1,1793,-1,32400.0,6804.0,1200.0,40404.0
1655,1000001969,20241025,1301,1,2132,-1,64800.0,13608.0,0.0,78408.0
1656,1000001972,20250615,1280,2,3,3,67380.0,14149.8,0.0,81529.8
1657,1000001973,20240520,707,1,774,-1,63600.0,13356.0,0.0,76956.0
1658,1000001974,20240922,750,1,2875,-1,32400.0,6804.0,1200.0,40404.0
1659,1000001975,20240526,420,1,171,-1,12540.0,2633.4,900.0,16073.4
1660,1000001976,20240406,264,1,1776,-1,11760.0,2469.6,0.0,14229.6
1661,1000001977,20240706,451,2,3,3,47250.0,9922.5,0.0,57172.5
1662,1000001978,20240322,554,2,2,2,41550.0,8725.5,0.0,50275.5
1663,1000001979,20240611,863,2,2,2,62100.0,13041.0,0.0,75141.0
1664,1000001980,20240701,1469,1,2733,-1,11760.0,2469.6,1200.0,15429.6
1665,1000001981,20250727,530,2,4,4,36000.0,7560.0,0.0,43560.0
1666,1000001982,20250808,1191,2,2,2,44100.0,9261.0,0.0,53361.0
1667,1000001983,20240331,258,2,3,3,35100.0,7371.0,0.0,42471.0
1668,1000001984,20250304,82,1,2349,-1,26460.0,5556.6,900.0,32916.6
1669,1000001985,20241213,18,1,838,-1,10800.0,2268.0,900.0,13968.0
1670,1000001986,20240314,282,2,2,2,28500.0,5985.0,0.0,34485.0
1671,1000001987,20240505,1322,1,1050,-1,38808.0,8149.68,1200.0,48157.68
1672,1000001988,20241115,1459,2,4,4,12348.0,2593.08,0.0,14941.08
1673,1000001989,20250731,186,2,2,2,27000.0,5670.0,0.0,32670.0
1674,1000001990,20250103,405,1,284,-1,14175.0,2976.75,900.0,18051.75
1675,1000001991,20240514,1056,1,2906,-1,11760.0,2469.6,900.0,15129.6
1676,1000001992,20250627,1134,1,708,-1,12936.0,2716.56,1200.0,16852.56
1677,1000001993,20241228,407,1,97,-1,23520.0,4939.2,900.0,29359.2
1678,1000001994,20240327,280,1,1961,-1,10260.0,2154.6,900.0,13314.6
1679,1000001996,20241129,586,1,84,-1,30780.0,6463.8,1200.0,38443.8
1680,1000001997,20241112,359,1,2592,-1,24000.0,5040.0,900.0,29940.0
1681,1000001999,20250908,952,2,4,4,80505.0,16906.05,0.0,97411.05
1682,1000002000,20250501,763,1,241,-1,23520.0,4939.2,900.0,29359.2
1683,1000002001,20240809,1454,2,2,2,29400.0,6174.0,0.0,35574.0
1684,1000002002,20250422,388,1,1403,-1,34200.0,7182.0,1200.0,42582.0
1685,1000002003,20250704,1047,1,2595,-1,15000.0,3150.0,1200.0,19350.0
1686,1000002004,20240603,574,2,4,4,23520.0,4939.2,0.0,28459.2
1687,1000002005,20250723,1108,2,2,2,74385.0,15620.85,0.0,90005.85
1688,1000002006,20241101,791,2,2,2,21600.0,4536.0,0.0,26136.0
1689,1000002007,20240920,353,1,556,-1,35280.0,7408.8,1200.0,43888.8
1690,1000002008,20250624,1162,1,1437,-1,19440.0,4082.4,1500.0,25022.4
1691,1000002009,20240823,1062,1,2067,-1,37620.0,7900.2,1200.0,46720.2
1692,1000002010,20250126,895,2,2,2,20520.0,4309.2,0.0,24829.2
1693,1000002011,20250821,731,1,3117,-1,27750.0,5827.5,900.0,34477.5
1694,1000002012,20241110,16,1,1802,-1,43650.0,9166.5,900.0,53716.5
1695,1000002013,20241202,1390,2,2,2,12000.0,2520.0,0.0,14520.0
1696,1000002014,20250503,1166,1,2622,-1,21600.0,4536.0,1500.0,27636.0
1697,1000002015,20240909,884,2,4,4,67860.0,14250.6,0.0,82110.6
1698,1000002016,20240803,322,1,2091,-1,42750.0,8977.5,900.0,52627.5
1699,1000002017,20240116,177,1,2265,-1,12000.0,2520.0,1200.0,15720.0
1700,1000002018,20241003,283,2,1,1,30780.0,6463.8,0.0,37243.8
1701,1000002019,20250110,346,1,538,-1,15000.0,3150.0,1200.0,19350.0
1702,1000002020,20240616,1170,1,2112,-1,27000.0,5670.0,1200.0,33870.0
1703,1000002021,20240520,471,1,2960,-1,33000.0,6930.0,1200.0,41130.0
1704,1000002022,20240817,1493,1,1373,-1,11760.0,2469.6,900.0,15129.6
1705,1000002023,20241005,825,2,3,3,10800.0,2268.0,0.0,13068.0
1706,1000002024,20240501,324,1,2944,-1,31350.0,6583.5,900.0,38833.5
1707,1000002025,20240902,1393,1,2026,-1,23760.0,4989.6,1200.0,29949.6
1708,1000002026,20250822,645,2,1,1,15750.0,3307.5,0.0,19057.5
1709,1000002027,20250411,107,1,894,-1,54090.0,11358.9,1500.0,66948.9
1710,1000002028,20250308,1335,1,2784,-1,35280.0,7408.8,900.0,43588.8
1711,1000002029,20250519,549,1,233,-1,22800.0,4788.0,1500.0,29088.0
1712,1000002031,20240327,1281,1,2846,-1,45000.0,9450.0,1200.0,55650.0
1713,1000002032,20240423,307,1,519,-1,29925.0,6284.25,1500.0,37709.25
1714,1000002033,20240407,619,1,1383,-1,22800.0,4788.0,1200.0,28788.0
1715,1000002034,20240927,828,1,736,-1,21600.0,4536.0,1500.0,27636.0
1716,1000002035,20240626,477,2,1,1,12936.0,2716.56,0.0,15652.56
1717,1000002036,20241205,516,1,104,-1,77310.0,16235.1,1500.0,95045.1
1718,1000002039,20250328,902,2,4,4,30000.0,6300.0,0.0,36300.0
1719,1000002040,20250424,82,1,2217,-1,27000.0,5670.0,1500.0,34170.0
1720,1000002041,20250626,809,1,758,-1,22800.0,4788.0,1200.0,28788.0
1721,1000002042,20240417,246,1,1215,-1,45000.0,9450.0,1200.0,55650.0
1722,1000002043,20240302,1235,1,2263,-1,15750.0,3307.5,0.0,19057.5
1723,1000002044,20240710,196,1,3203,-1,11400.0,2394.0,0.0,13794.0
1724,1000002045,20240531,1163,1,339,-1,32400.0,6804.0,900.0,40104.0
1725,1000002046,20250518,709,2,1,1,30000.0,6300.0,0.0,36300.0
1726,1000002047,20241030,382,1,3137,-1,68827.5,14453.78,0.0,83281.28
1727,1000002048,20240707,202,1,1464,-1,73488.0,15432.48,1200.0,90120.48
1728,1000002049,20240123,304,1,2474,-1,32340.0,6791.4,1200.0,40331.4
1729,1000002050,20240111,560,1,1813,-1,12600.0,2646.0,1500.0,16746.0
1730,1000002051,20241216,571,2,1,1,11880.0,2494.8,0.0,14374.8
1731,1000002052,20241230,131,2,1,1,34200.0,7182.0,0.0,41382.0
1732,1000002053,20240215,1484,2,4,4,21600.0,4536.0,0.0,26136.0
1733,1000002054,20241210,241,1,582,-1,21600.0,4536.0,900.0,27036.0
1734,1000002055,20240827,1098,2,2,2,63270.0,13286.7,0.0,76556.7
1735,1000002056,20240330,835,2,1,1,29700.0,6237.0,0.0,35937.0
1736,1000002057,20240524,1246,2,4,4,21600.0,4536.0,0.0,26136.0
1737,1000002059,20250711,919,1,751,-1,11760.0,2469.6,900.0,15129.6
1738,1000002060,20240728,1120,2,2,2,49455.0,10385.55,0.0,59840.55
1739,1000002061,20240302,1364,1,2269,-1,35280.0,7408.8,1200.0,43888.8
1740,1000002062,20250326,85,1,2890,-1,28500.0,5985.0,1200.0,35685.0
1741,1000002063,20240522,971,2,1,1,55950.0,11749.5,0.0,67699.5
1742,1000002065,20240215,927,2,4,4,13500.0,2835.0,0.0,16335.0
1743,1000002067,20250917,120,1,1975,-1,23520.0,4939.2,1200.0,29659.2
1744,1000002068,20250328,917,1,16,-1,29400.0,6174.0,1200.0,36774.0
1745,1000002070,20240525,1139,1,1763,-1,35910.0,7541.1,1200.0,44651.1
1746,1000002071,20250419,588,1,2752,-1,41400.0,8694.0,900.0,50994.0
1747,1000002073,20240521,702,1,2239,-1,13500.0,2835.0,0.0,16335.0
1748,1000002074,20240930,779,2,2,2,36000.0,7560.0,0.0,43560.0
1749,1000002075,20241227,483,1,2158,-1,62808.0,13189.68,1200.0,77197.68
1750,1000002076,20250422,757,2,4,4,34200.0,7182.0,0.0,41382.0
1751,1000002079,20241101,832,1,2478,-1,64500.0,13545.0,900.0,78945.0
1752,1000002080,20240427,301,1,1776,-1,10260.0,2154.6,1500.0,13914.6
1753,1000002081,20240504,425,1,2564,-1,23940.0,5027.4,1200.0,30167.4
1754,1000002083,20250329,1135,1,31,-1,10260.0,2154.6,1200.0,13614.6
1755,1000002084,20250805,149,1,1032,-1,23940.0,5027.4,1500.0,30467.4
1756,1000002086,20250313,1328,1,2281,-1,15000.0,3150.0,0.0,18150.0
1757,1000002087,20240605,492,2,2,2,30000.0,6300.0,0.0,36300.0
1758,1000002088,20250519,343,1,2958,-1,44400.0,9324.0,900.0,54624.0
1759,1000002089,20240721,729,2,1,1,24000.0,5040.0,0.0,29040.0
1760,1000002090,20240108,1261,2,3,3,76500.0,16065.0,0.0,92565.0
1761,1000002091,20250615,829,2,4,4,12600.0,2646.0,0.0,15246.0
1762,1000002092,20240206,342,1,1167,-1,28500.0,5985.0,1500.0,35985.0
1763,1000002093,20240622,944,2,4,4,74115.0,15564.15,0.0,89679.15
1764,1000002095,20250716,852,2,4,4,71340.0,14981.4,0.0,86321.4
1765,1000002097,20240325,397,1,1285,-1,75900.0,15939.0,900.0,92739.0
1766,1000002098,20240213,1111,1,525,-1,39690.0,8334.9,900.0,48924.9
1767,1000002100,20240125,1359,1,811,-1,87930.0,18465.3,900.0,107295.3
1768,1000002101,20240514,332,1,2096,-1,12600.0,2646.0,900.0,16146.0
1769,1000002102,20240104,631,1,2677,-1,25650.0,5386.5,900.0,31936.5
1770,1000002103,20250402,1055,2,1,1,51660.0,10848.6,0.0,62508.6
1771,1000002104,20250515,1478,1,1718,-1,12000.0,2520.0,900.0,15420.0
1772,1000002105,20240114,831,2,2,2,44100.0,9261.0,0.0,53361.0
1773,1000002107,20250609,1227,2,3,3,59250.0,12442.5,0.0,71692.5
1774,1000002108,20250718,1049,2,4,4,68475.0,14379.75,0.0,82854.75
1775,1000002109,20240518,582,2,3,3,51750.0,10867.5,0.0,62617.5
1776,1000002110,20250425,119,1,106,-1,40500.0,8505.0,900.0,49905.0
1777,1000002113,20250222,611,2,2,2,29400.0,6174.0,0.0,35574.0
1778,1000002114,20240824,921,2,1,1,46800.0,9828.0,0.0,56628.0
1779,1000002116,20240318,795,1,1186,-1,12825.0,2693.25,1200.0,16718.25
1780,1000002117,20240703,5,1,2845,-1,11760.0,2469.6,1200.0,15429.6
1781,1000002119,20250307,708,1,2212,-1,35280.0,7408.8,900.0,43588.8
1782,1000002120,20240703,1062,1,3128,-1,10584.0,2222.64,1500.0,14306.64
1783,1000002121,20250215,463,1,597,-1,37620.0,7900.2,900.0,46420.2
1784,1000002122,20250603,819,2,1,1,34200.0,7182.0,0.0,41382.0
1785,1000002123,20250808,106,1,961,-1,68220.0,14326.2,900.0,83446.2
1786,1000002124,20240627,353,1,2896,-1,31350.0,6583.5,1200.0,39133.5
1787,1000002125,20250329,1270,1,962,-1,49500.0,10395.0,1200.0,61095.0
1788,1000002126,20250424,320,1,1940,-1,45000.0,9450.0,900.0,55350.0
1789,1000002128,20250620,474,1,225,-1,85200.0,17892.0,0.0,103092.0
1790,1000002129,20250412,991,2,3,3,10800.0,2268.0,0.0,13068.0
1791,1000002131,20250625,1395,1,1503,-1,93510.0,19637.1,0.0,113147.1
1792,1000002133,20240108,373,1,1378,-1,27000.0,5670.0,1200.0,33870.0
1793,1000002134,20250812,1001,2,2,2,20520.0,4309.2,0.0,24829.2
1794,1000002135,20240604,399,2,4,4,56700.0,11907.0,0.0,68607.0
1795,1000002136,20240703,663,1,2533,-1,35868.0,7532.28,900.0,44300.28
1796,1000002137,20240429,240,1,928,-1,32400.0,6804.0,1200.0,40404.0
1797,1000002138,20250109,255,1,1861,-1,39690.0,8334.9,900.0,48924.9
1798,1000002139,20240906,1061,2,1,1,112860.0,23700.6,0.0,136560.6
1799,1000002141,20250210,526,1,2110,-1,34200.0,7182.0,900.0,42282.0
1800,1000002143,20241122,802,1,694,-1,14250.0,2992.5,900.0,18142.5
1801,1000002144,20250310,1337,1,1204,-1,38946.0,8178.66,900.0,48024.66
1802,1000002145,20250814,690,1,1458,-1,65325.0,13718.25,1500.0,80543.25
1803,1000002146,20240814,1323,2,3,3,23520.0,4939.2,0.0,28459.2
1804,1000002147,20250514,204,1,543,-1,15000.0,3150.0,900.0,19050.0
1805,1000002149,20241210,559,2,2,2,32400.0,6804.0,0.0,39204.0
1806,1000002150,20241105,1137,1,2709,-1,23520.0,4939.2,0.0,28459.2
1807,1000002151,20240520,132,1,14,-1,23520.0,4939.2,1200.0,29659.2
1808,1000002152,20250826,674,2,3,3,19440.0,4082.4,0.0,23522.4
1809,1000002153,20240703,747,1,1822,-1,12936.0,2716.56,1500.0,17152.56
1810,1000002154,20241102,503,2,2,2,44100.0,9261.0,0.0,53361.0
1811,1000002155,20240404,55,1,3081,-1,71520.0,15019.2,900.0,87439.2
1812,1000002156,20250909,146,1,1682,-1,64200.0,13482.0,1200.0,78882.0
1813,1000002157,20250819,978,2,3,3,59220.0,12436.2,0.0,71656.2
1814,1000002158,20250411,1414,1,788,-1,80100.0,16821.0,1200.0,98121.0
1815,1000002160,20250225,1188,1,1088,-1,25200.0,5292.0,1200.0,31692.0
1816,1000002162,20240208,1075,2,1,1,33000.0,6930.0,0.0,39930.0
1817,1000002163,20250831,974,1,1117,-1,22800.0,4788.0,900.0,28488.0
1818,1000002164,20240620,1476,2,2,2,35910.0,7541.1,0.0,43451.1
1819,1000002165,20250126,1438,1,873,-1,14700.0,3087.0,0.0,17787.0
1820,1000002166,20240202,1012,2,4,4,14250.0,2992.5,0.0,17242.5
1821,1000002170,20250401,304,1,2420,-1,45000.0,9450.0,1200.0,55650.0
1822,1000002171,20240226,394,1,68,-1,36562.5,7678.12,900.0,45140.62
1823,1000002172,20250109,1485,2,2,2,13500.0,2835.0,0.0,16335.0
1824,1000002173,20240418,1210,1,505,-1,30000.0,6300.0,0.0,36300.0
1825,1000002174,20240107,381,1,2176,-1,11760.0,2469.6,900.0,15129.6
1826,1000002175,20240310,1108,2,3,3,12825.0,2693.25,0.0,15518.25
1827,1000002176,20250717,1171,2,2,2,11970.0,2513.7,0.0,14483.7
1828,1000002177,20240204,834,2,1,1,69000.0,14490.0,0.0,83490.0
1829,1000002178,20250331,746,1,1674,-1,13500.0,2835.0,900.0,17235.0
1830,1000002179,20240620,796,1,2232,-1,23520.0,4939.2,1200.0,29659.2
1831,1000002180,20250730,814,2,2,2,35910.0,7541.1,0.0,43451.1
1832,1000002181,20250820,843,1,227,-1,45000.0,9450.0,1200.0,55650.0
1833,1000002182,20250622,218,1,2392,-1,14175.0,2976.75,1200.0,18351.75
1834,1000002183,20240216,209,2,4,4,22800.0,4788.0,0.0,27588.0
1835,1000002185,20240424,902,1,2861,-1,14850.0,3118.5,1500.0,19468.5
1836,1000002186,20240528,1484,2,4,4,24960.0,5241.6,0.0,30201.6
1837,1000002187,20250123,1094,1,521,-1,38475.0,8079.75,1500.0,48054.75
1838,1000002188,20240119,1113,2,3,3,22680.0,4762.8,0.0,27442.8
1839,1000002189,20240503,930,1,2970,-1,58620.0,12310.2,0.0,70930.2
1840,1000002190,20250412,1135,2,1,1,11400.0,2394.0,0.0,13794.0
1841,1000002191,20250718,476,1,3124,-1,38250.0,8032.5,1200.0,47482.5
1842,1000002193,20240525,872,2,4,4,34020.0,7144.2,0.0,41164.2
1843,1000002194,20240925,1396,2,2,2,55860.0,11730.6,0.0,67590.6
1844,1000002195,20240710,998,2,2,2,47250.0,9922.5,0.0,57172.5
1845,1000002197,20250915,873,1,123,-1,40500.0,8505.0,900.0,49905.0
1846,1000002198,20241204,862,2,3,3,44175.0,9276.75,0.0,53451.75
1847,1000002199,20250401,1029,1,2977,-1,30870.0,6482.7,1200.0,38552.7
1848,1000002200,20250514,721,2,3,3,36000.0,7560.0,0.0,43560.0
1849,1000002201,20250320,150,2,4,4,47460.0,9966.6,0.0,57426.6
1850,1000002202,20250124,1004,1,1367,-1,28500.0,5985.0,0.0,34485.0
1851,1000002203,20250425,450,2,1,1,65568.0,13769.28,0.0,79337.28
1852,1000002204,20240328,172,2,1,1,29925.0,6284.25,0.0,36209.25
1853,1000002205,20250220,1376,2,3,3,28500.0,5985.0,0.0,34485.0
1854,1000002206,20250928,234,2,4,4,11340.0,2381.4,0.0,13721.4
1855,1000002207,20250525,234,1,1558,-1,11340.0,2381.4,0.0,13721.4
1856,1000002208,20250228,117,1,2908,-1,40650.0,8536.5,1200.0,50386.5
1857,1000002209,20240105,37,1,2866,-1,12000.0,2520.0,1200.0,15720.0
1858,1000002210,20240129,1116,2,4,4,15000.0,3150.0,0.0,18150.0
1859,1000002211,20250414,235,1,854,-1,30780.0,6463.8,1200.0,38443.8
1860,1000002212,20250514,285,1,2316,-1,12000.0,2520.0,1200.0,15720.0
1861,1000002213,20240301,1188,1,880,-1,10800.0,2268.0,1200.0,14268.0
1862,1000002214,20250929,230,2,1,1,89100.0,18711.0,0.0,107811.0
1863,1000002215,20250513,1399,2,4,4,16170.0,3395.7,0.0,19565.7
1864,1000002216,20250115,1363,1,2159,-1,15000.0,3150.0,1200.0,19350.0
1865,1000002217,20241102,855,2,3,3,62532.0,13131.72,0.0,75663.72
1866,1000002218,20241027,498,1,2309,-1,10800.0,2268.0,900.0,13968.0
1867,1000002219,20240606,140,1,3053,-1,11400.0,2394.0,1200.0,14994.0
1868,1000002221,20240917,235,2,1,1,12000.0,2520.0,0.0,14520.0
1869,1000002222,20250429,1268,1,2882,-1,11400.0,2394.0,1200.0,14994.0
1870,1000002223,20240412,1322,1,1719,-1,74196.0,15581.16,1500.0,91277.16
1871,1000002224,20250201,194,1,1195,-1,32400.0,6804.0,900.0,40104.0
1872,1000002225,20250105,1446,1,2905,-1,34020.0,7144.2,900.0,42064.2
1873,1000002226,20240704,502,2,1,1,12000.0,2520.0,0.0,14520.0
1874,1000002227,20250130,1410,2,3,3,36000.0,7560.0,0.0,43560.0
1875,1000002228,20250528,951,1,354,-1,24000.0,5040.0,900.0,29940.0
1876,1000002229,20250821,1124,1,1893,-1,56340.0,11831.4,1200.0,69371.4
1877,1000002230,20240516,1005,2,2,2,56925.0,11954.25,0.0,68879.25
1878,1000002231,20240407,578,2,4,4,11760.0,2469.6,0.0,14229.6
1879,1000002232,20250514,881,1,2549,-1,41700.0,8757.0,0.0,50457.0
1880,1000002233,20250107,865,2,3,3,23520.0,4939.2,0.0,28459.2
1881,1000002234,20240815,411,2,3,3,37620.0,7900.2,0.0,45520.2
1882,1000002235,20250214,1412,2,4,4,11340.0,2381.4,0.0,13721.4
1883,1000002236,20240114,167,1,2901,-1,11400.0,2394.0,1200.0,14994.0
1884,1000002237,20240220,623,1,1785,-1,98460.0,20676.6,900.0,120036.6
1885,1000002238,20250316,1245,1,1367,-1,48480.0,10180.8,1200.0,59860.8
1886,1000002239,20240612,1389,1,1046,-1,13500.0,2835.0,1500.0,17835.0
1887,1000002242,20240303,502,2,2,2,14700.0,3087.0,0.0,17787.0
1888,1000002244,20250126,590,1,987,-1,13200.0,2772.0,1200.0,17172.0
1889,1000002245,20241012,1358,1,948,-1,11880.0,2494.8,0.0,14374.8
1890,1000002248,20240911,1270,1,1000,-1,44887.5,9426.38,1500.0,55813.88
1891,1000002249,20250413,991,1,3177,-1,49680.0,10432.8,0.0,60112.8
1892,1000002250,20240406,748,1,1425,-1,29925.0,6284.25,0.0,36209.25
1893,1000002251,20241030,1315,1,504,-1,40500.0,8505.0,1500.0,50505.0
1894,1000002252,20250913,529,2,1,1,21600.0,4536.0,0.0,26136.0
1895,1000002254,20240803,826,1,830,-1,64800.0,13608.0,1200.0,79608.0
1896,1000002255,20240616,53,1,2450,-1,15000.0,3150.0,900.0,19050.0
1897,1000002256,20240816,810,2,3,3,44100.0,9261.0,0.0,53361.0
1898,1000002257,20250221,1442,2,1,1,40500.0,8505.0,0.0,49005.0
1899,1000002258,20240720,397,2,3,3,41400.0,8694.0,0.0,50094.0
1900,1000002259,20240619,292,1,549,-1,12000.0,2520.0,1200.0,15720.0
1901,1000002261,20250930,462,1,1795,-1,58500.0,12285.0,900.0,71685.0
1902,1000002262,20250729,1441,1,3144,-1,12000.0,2520.0,900.0,15420.0
1903,1000002263,20240311,696,1,1361,-1,47250.0,9922.5,900.0,58072.5
1904,1000002264,20250910,568,2,2,2,11760.0,2469.6,0.0,14229.6
1905,1000002265,20250611,888,1,2442,-1,36000.0,7560.0,1200.0,44760.0
1906,1000002266,20240413,1065,2,4,4,87300.0,18333.0,0.0,105633.0
1907,1000002267,20240520,667,1,2574,-1,80280.0,16858.8,900.0,98038.8
1908,1000002269,20240117,272,1,1222,-1,35280.0,7408.8,900.0,43588.8
1909,1000002270,20240927,515,1,949,-1,65325.0,13718.25,900.0,79943.25
1910,1000002272,20241101,4,2,1,1,27000.0,5670.0,0.0,32670.0
1911,1000002273,20250802,1406,2,3,3,12000.0,2520.0,0.0,14520.0
1912,1000002274,20250324,701,2,4,4,12825.0,2693.25,0.0,15518.25
1913,1000002275,20240920,438,2,1,1,30000.0,6300.0,0.0,36300.0
1914,1000002276,20240613,275,1,2148,-1,52200.0,10962.0,1200.0,64362.0
1915,1000002277,20240403,1054,1,443,-1,75852.0,15928.92,1200.0,92980.92
1916,1000002278,20240820,831,2,2,2,24000.0,5040.0,0.0,29040.0
1917,1000002281,20241005,1004,1,3085,-1,11880.0,2494.8,0.0,14374.8
1918,1000002282,20241016,7,1,2363,-1,25650.0,5386.5,1200.0,32236.5
1919,1000002283,20240517,728,1,1238,-1,70800.0,14868.0,1200.0,86868.0
1920,1000002284,20250202,832,1,922,-1,13500.0,2835.0,1200.0,17535.0
1921,1000002285,20250521,177,1,576,-1,22800.0,4788.0,900.0,28488.0
1922,1000002286,20250110,526,2,2,2,23400.0,4914.0,0.0,28314.0
1923,1000002288,20241015,297,1,542,-1,69750.0,14647.5,1200.0,85597.5
1924,1000002289,20240831,472,2,4,4,29925.0,6284.25,0.0,36209.25
1925,1000002290,20250521,133,1,2083,-1,59760.0,12549.6,900.0,73209.6
1926,1000002291,20240314,718,2,4,4,55440.0,11642.4,0.0,67082.4
1927,1000002294,20240330,1114,2,3,3,14250.0,2992.5,0.0,17242.5
1928,1000002295,20240713,102,2,3,3,21168.0,4445.28,0.0,25613.28
1929,1000002296,20250530,484,1,2405,-1,11760.0,2469.6,0.0,14229.6
1930,1000002297,20241222,1297,2,2,2,34200.0,7182.0,0.0,41382.0
1931,1000002298,20240519,716,1,1898,-1,23520.0,4939.2,900.0,29359.2
1932,1000002301,20240620,118,1,1586,-1,12825.0,2693.25,900.0,16418.25
1933,1000002302,20240809,891,1,1075,-1,32400.0,6804.0,0.0,39204.0
1934,1000002304,20250324,1373,1,1601,-1,27000.0,5670.0,1200.0,33870.0
1935,1000002305,20250206,557,2,4,4,29100.0,6111.0,0.0,35211.0
1936,1000002306,20241121,757,1,2948,-1,40500.0,8505.0,900.0,49905.0
1937,1000002309,20250301,498,1,65,-1,14850.0,3118.5,1200.0,19168.5
1938,1000002310,20240811,886,2,4,4,24000.0,5040.0,0.0,29040.0
1939,1000002311,20250502,1127,2,4,4,61335.0,12880.35,0.0,74215.35
1940,1000002312,20240414,1220,1,265,-1,12000.0,2520.0,1500.0,16020.0
1941,1000002313,20241115,16,1,270,-1,57825.0,12143.25,1200.0,71168.25
1942,1000002314,20240319,350,1,2814,-1,14700.0,3087.0,900.0,18687.0
1943,1000002315,20240423,37,1,3115,-1,21600.0,4536.0,900.0,27036.0
1944,1000002317,20240116,18,1,2215,-1,12600.0,2646.0,1200.0,16446.0
1945,1000002319,20250210,304,2,3,3,14700.0,3087.0,0.0,17787.0
1946,1000002320,20250107,1199,1,1954,-1,32400.0,6804.0,0.0,39204.0
1947,1000002321,20240422,437,2,2,2,11400.0,2394.0,0.0,13794.0
1948,1000002322,20240621,424,1,307,-1,37800.0,7938.0,900.0,46638.0
1949,1000002323,20240901,1364,1,2517,-1,30000.0,6300.0,1500.0,37800.0
1950,1000002324,20250327,979,1,498,-1,10800.0,2268.0,900.0,13968.0
1951,1000002325,20250702,110,1,1593,-1,58425.0,12269.25,0.0,70694.25
1952,1000002326,20241114,751,1,1981,-1,61752.0,12967.92,900.0,75619.92
1953,1000002327,20240628,1427,1,2942,-1,32400.0,6804.0,900.0,40104.0
1954,1000002328,20250316,252,1,862,-1,25650.0,5386.5,1200.0,32236.5
1955,1000002330,20250306,1183,1,2182,-1,12936.0,2716.56,1500.0,17152.56
1956,1000002331,20250623,874,1,1482,-1,60030.0,12606.3,900.0,73536.3
1957,1000002332,20250801,469,1,2212,-1,24000.0,5040.0,900.0,29940.0
1958,1000002333,20250510,637,1,2892,-1,30000.0,6300.0,1500.0,37800.0
1959,1000002334,20250610,1068,2,3,3,66270.0,13916.7,0.0,80186.7
1960,1000002335,20250809,1230,2,3,3,13230.0,2778.3,0.0,16008.3
1961,1000002336,20250330,249,1,2535,-1,50955.0,10700.55,1500.0,63155.55
1962,1000002337,20241201,390,1,1186,-1,14250.0,2992.5,1200.0,18442.5
1963,1000002338,20240209,162,2,2,2,29400.0,6174.0,0.0,35574.0
1964,1000002339,20250311,493,2,1,1,27000.0,5670.0,0.0,32670.0
1965,1000002340,20241008,1231,1,2489,-1,25080.0,5266.8,900.0,31246.8
1966,1000002342,20250314,887,1,2622,-1,22800.0,4788.0,900.0,28488.0
1967,1000002343,20250101,949,1,1012,-1,76500.0,16065.0,1200.0,93765.0
1968,1000002344,20241015,78,1,2221,-1,67620.0,14200.2,1200.0,83020.2
1969,1000002345,20240913,747,1,1686,-1,11400.0,2394.0,1200.0,14994.0
1970,1000002346,20240530,138,1,3032,-1,25080.0,5266.8,900.0,31246.8
1971,1000002347,20250824,1058,1,2925,-1,44100.0,9261.0,900.0,54261.0
1972,1000002348,20250615,189,2,2,2,35640.0,7484.4,0.0,43124.4
1973,1000002350,20240511,1374,2,4,4,10800.0,2268.0,0.0,13068.0
1974,1000002351,20241231,85,1,2637,-1,37800.0,7938.0,1500.0,47238.0
1975,1000002352,20240806,239,1,2480,-1,21600.0,4536.0,900.0,27036.0
1976,1000002353,20240630,17,1,334,-1,25872.0,5433.12,900.0,32205.12
1977,1000002354,20240329,351,1,2468,-1,32868.0,6902.28,1200.0,40970.28
1978,1000002355,20240608,1421,1,2575,-1,28500.0,5985.0,900.0,35385.0
1979,1000002356,20240529,719,2,2,2,23520.0,4939.2,0.0,28459.2
1980,1000002358,20240913,245,1,339,-1,37044.0,7779.24,900.0,45723.24
1981,1000002359,20250817,1320,2,2,2,39900.0,8379.0,0.0,48279.0
1982,1000002360,20241201,947,2,1,1,33000.0,6930.0,0.0,39930.0
1983,1000002361,20241005,29,1,2563,-1,35280.0,7408.8,1200.0,43888.8
1984,1000002362,20240716,375,1,2510,-1,14700.0,3087.0,1200.0,18987.0
1985,1000002363,20240210,314,1,1875,-1,13500.0,2835.0,900.0,17235.0
1986,1000002364,20250421,974,1,593,-1,26010.0,5462.1,1200.0,32672.1
1987,1000002366,20250405,1331,1,720,-1,12000.0,2520.0,1200.0,15720.0
1988,1000002367,20240824,1008,2,1,1,14700.0,3087.0,0.0,17787.0
1989,1000002368,20250722,588,2,4,4,12000.0,2520.0,0.0,14520.0
1990,1000002369,20250320,274,1,2328,-1,28500.0,5985.0,1200.0,35685.0
1991,1000002370,20240823,1488,2,2,2,14250.0,2992.5,0.0,17242.5
1992,1000002371,20240718,1089,1,3041,-1,37620.0,7900.2,1200.0,46720.2
1993,1000002372,20240714,1472,1,452,-1,21168.0,4445.28,1200.0,26813.28
1994,1000002373,20250130,1294,1,2398,-1,42750.0,8977.5,1200.0,52927.5
1995,1000002374,20250324,10,2,2,2,34320.0,7207.2,0.0,41527.2
1996,1000002376,20241125,392,1,1805,-1,58152.0,12211.92,1500.0,71863.92
1997,1000002377,20241018,872,1,2980,-1,23370.0,4907.7,1200.0,29477.7
1998,1000002378,20240420,825,1,1299,-1,34560.0,7257.6,0.0,41817.6
1999,1000002379,20240511,625,2,3,3,42750.0,8977.5,0.0,51727.5
2000,1000002380,20240226,1389,1,932,-1,32400.0,6804.0,1500.0,40704.0
2001,1000002381,20240519,5,1,452,-1,21600.0,4536.0,900.0,27036.0
2002,1000002382,20240602,74,2,1,1,12936.0,2716.56,0.0,15652.56
2003,1000002383,20250912,805,1,3076,-1,90000.0,18900.0,0.0,108900.0
2004,1000002384,20240920,893,1,2945,-1,21600.0,4536.0,1200.0,27336.0
2005,1000002385,20250420,347,1,258,-1,75600.0,15876.0,0.0,91476.0
2006,1000002386,20240410,705,2,4,4,57600.0,12096.0,0.0,69696.0
2007,1000002387,20240316,1342,1,285,-1,64152.0,13471.92,900.0,78523.92
2008,1000002388,20250602,97,1,1129,-1,42750.0,8977.5,1200.0,52927.5
2009,1000002389,20240515,1308,2,1,1,57000.0,11970.0,0.0,68970.0
2010,1000002390,20240618,714,2,1,1,57720.0,12121.2,0.0,69841.2
2011,1000002391,20250809,1357,1,532,-1,35280.0,7408.8,900.0,43588.8
2012,1000002392,20250831,1092,1,2350,-1,51300.0,10773.0,1200.0,63273.0
2013,1000002393,20250518,513,2,1,1,27000.0,5670.0,0.0,32670.0
2014,1000002394,20250505,263,2,2,2,10584.0,2222.64,0.0,12806.64
2015,1000002395,20250915,437,2,4,4,36000.0,7560.0,0.0,43560.0
2016,1000002396,20240108,1216,1,1111,-1,39600.0,8316.0,900.0,48816.0
2017,1000002397,20240615,1391,2,3,3,35280.0,7408.8,0.0,42688.8
2018,1000002398,20240412,348,1,246,-1,45000.0,9450.0,1200.0,55650.0
2019,1000002399,20241221,429,1,438,-1,28500.0,5985.0,1200.0,35685.0
2020,1000002400,20250827,388,2,3,3,25872.0,5433.12,0.0,31305.12
2021,1000002401,20240819,1062,1,3104,-1,21168.0,4445.28,1500.0,27113.28
2022,1000002402,20240109,536,1,2838,-1,32400.0,6804.0,900.0,40104.0
2023,1000002403,20241117,516,1,467,-1,59850.0,12568.5,0.0,72418.5
2024,1000002404,20250226,1025,2,3,3,15000.0,3150.0,0.0,18150.0
2025,1000002405,20240116,1405,2,1,1,45000.0,9450.0,0.0,54450.0
2026,1000002406,20250603,1317,1,1169,-1,45000.0,9450.0,0.0,54450.0
2027,1000002407,20240120,1200,2,4,4,32400.0,6804.0,0.0,39204.0
2028,1000002408,20250325,984,2,4,4,57600.0,12096.0,0.0,69696.0
2029,1000002409,20240218,1465,2,4,4,35640.0,7484.4,0.0,43124.4
2030,1000002410,20250913,831,1,2644,-1,53568.0,11249.28,1200.0,66017.28
2031,1000002411,20241210,1206,1,2473,-1,37800.0,7938.0,900.0,46638.0
2032,1000002412,20241003,1431,2,4,4,88770.0,18641.7,0.0,107411.7
2033,1000002413,20250906,1288,1,856,-1,27000.0,5670.0,1500.0,34170.0
2034,1000002414,20240524,812,1,2575,-1,29400.0,6174.0,900.0,36474.0
2035,1000002415,20250320,587,1,1717,-1,44925.0,9434.25,900.0,55259.25
2036,1000002416,20240825,709,2,2,2,11400.0,2394.0,0.0,13794.0
2037,1000002417,20240424,544,2,2,2,12825.0,2693.25,0.0,15518.25
2038,1000002419,20250308,249,1,659,-1,35520.0,7459.2,900.0,43879.2
2039,1000002420,20241219,709,1,331,-1,19440.0,4082.4,1500.0,25022.4
2040,1000002421,20241225,368,2,4,4,24300.0,5103.0,0.0,29403.0
2041,1000002423,20240829,217,2,1,1,31350.0,6583.5,0.0,37933.5
2042,1000002424,20250712,146,1,280,-1,42750.0,8977.5,1200.0,52927.5
2043,1000002425,20240307,1376,1,324,-1,22200.0,4662.0,900.0,27762.0
2044,1000002426,20240701,583,1,245,-1,65952.0,13849.92,0.0,79801.92
2045,1000002427,20240216,779,1,754,-1,55860.0,11730.6,1200.0,68790.6
2046,1000002428,20250107,216,1,719,-1,42675.0,8961.75,1200.0,52836.75
2047,1000002429,20250717,1266,2,4,4,38475.0,8079.75,0.0,46554.75
2048,1000002430,20250704,629,1,1505,-1,35190.0,7389.9,1200.0,43779.9
2049,1000002431,20250106,245,2,4,4,21600.0,4536.0,0.0,26136.0
2050,1000002432,20250829,1256,2,4,4,10800.0,2268.0,0.0,13068.0
2051,1000002433,20241008,1195,1,2641,-1,35280.0,7408.8,900.0,43588.8
2052,1000002434,20240127,191,2,3,3,13500.0,2835.0,0.0,16335.0
2053,1000002435,20250826,1477,1,82,-1,23760.0,4989.6,900.0,29649.6
2054,1000002436,20240402,464,2,4,4,24000.0,5040.0,0.0,29040.0
2055,1000002437,20240717,667,2,2,2,35280.0,7408.8,0.0,42688.8
2056,1000002438,20250424,622,1,2110,-1,24696.0,5186.16,0.0,29882.16
2057,1000002440,20240503,308,1,1618,-1,14250.0,2992.5,1200.0,18442.5
2058,1000002441,20240607,304,2,1,1,55200.0,11592.0,0.0,66792.0
2059,1000002442,20240322,1405,1,2030,-1,37044.0,7779.24,900.0,45723.24
2060,1000002443,20250124,1369,2,3,3,45000.0,9450.0,0.0,54450.0
2061,1000002445,20250622,658,1,1244,-1,11760.0,2469.6,1200.0,15429.6
2062,1000002446,20240505,1400,2,4,4,12600.0,2646.0,0.0,15246.0
2063,1000002447,20240404,345,1,1079,-1,45000.0,9450.0,900.0,55350.0
2064,1000002448,20240920,617,1,1946,-1,34200.0,7182.0,900.0,42282.0
2065,1000002449,20240926,219,2,4,4,11880.0,2494.8,0.0,14374.8
2066,1000002450,20241001,1253,1,3000,-1,51180.0,10747.8,1200.0,63127.8
2067,1000002451,20240109,377,2,4,4,56400.0,11844.0,0.0,68244.0
2068,1000002452,20241201,577,2,2,2,45000.0,9450.0,0.0,54450.0
2069,1000002453,20250327,769,1,3059,-1,29160.0,6123.6,0.0,35283.6
2070,1000002454,20250719,209,1,2267,-1,42750.0,8977.5,900.0,52627.5
2071,1000002455,20240102,449,1,3201,-1,88500.0,18585.0,1200.0,108285.0
2072,1000002456,20240616,859,2,1,1,10584.0,2222.64,0.0,12806.64
2073,1000002457,20250427,960,1,2615,-1,74100.0,15561.0,1500.0,91161.0
2074,1000002459,20250402,993,1,666,-1,23520.0,4939.2,1200.0,29659.2
2075,1000002460,20240727,375,2,3,3,36000.0,7560.0,0.0,43560.0
2076,1000002461,20241127,421,2,2,2,14700.0,3087.0,0.0,17787.0
2077,1000002462,20241018,1219,2,4,4,12000.0,2520.0,0.0,14520.0
2078,1000002463,20250206,1418,2,1,1,24825.0,5213.25,0.0,30038.25
2079,1000002464,20250130,1034,1,2094,-1,45000.0,9450.0,1200.0,55650.0
2080,1000002465,20241125,801,1,1716,-1,29400.0,6174.0,900.0,36474.0
2081,1000002466,20250122,89,2,3,3,60480.0,12700.8,0.0,73180.8
2082,1000002467,20250725,436,2,1,1,19440.0,4082.4,0.0,23522.4
2083,1000002468,20250927,281,1,94,-1,34200.0,7182.0,900.0,42282.0
2084,1000002469,20240729,593,1,774,-1,126031.5,26466.62,0.0,152498.12
2085,1000002470,20240628,996,2,2,2,40500.0,8505.0,0.0,49005.0
2086,1000002471,20250727,205,1,1815,-1,11970.0,2513.7,1200.0,15683.7
2087,1000002472,20240109,520,1,2323,-1,40500.0,8505.0,1200.0,50205.0
2088,1000002473,20250823,12,1,102,-1,11400.0,2394.0,1200.0,14994.0
2089,1000002474,20241014,126,1,1303,-1,46305.0,9724.05,1200.0,57229.05
2090,1000002475,20240623,826,2,1,1,44887.5,9426.38,0.0,54313.88
2091,1000002476,20250326,1062,1,2020,-1,11400.0,2394.0,1500.0,15294.0
2092,1000002479,20250116,1049,1,2540,-1,63450.0,13324.5,1200.0,77974.5
2093,1000002480,20240705,1479,1,2849,-1,12000.0,2520.0,1500.0,16020.0
2094,1000002481,20250924,586,2,1,1,12936.0,2716.56,0.0,15652.56
2095,1000002482,20250120,983,1,2027,-1,32400.0,6804.0,1200.0,40404.0
2096,1000002483,20240621,921,1,1,-1,24000.0,5040.0,1200.0,30240.0
2097,1000002484,20240928,837,1,579,-1,45000.0,9450.0,1200.0,55650.0
2098,1000002485,20250906,1404,2,4,4,41400.0,8694.0,0.0,50094.0
2099,1000002487,20240405,836,1,1525,-1,36000.0,7560.0,1200.0,44760.0
2100,1000002488,20250506,30,1,138,-1,30000.0,6300.0,0.0,36300.0
2101,1000002489,20240725,1358,1,1719,-1,9720.0,2041.2,1500.0,13261.2
2102,1000002490,20241019,569,1,2913,-1,13500.0,2835.0,900.0,17235.0
2103,1000002491,20240903,459,2,1,1,12348.0,2593.08,0.0,14941.08
2104,1000002492,20250816,870,1,848,-1,31752.0,6667.92,1500.0,39919.92
2105,1000002494,20250107,146,2,3,3,30780.0,6463.8,0.0,37243.8
2106,1000002495,20240306,826,2,1,1,54600.0,11466.0,0.0,66066.0
2107,1000002496,20240131,1228,1,13,-1,10260.0,2154.6,1200.0,13614.6
2108,1000002497,20240416,495,1,1596,-1,47250.0,9922.5,900.0,58072.5
2109,1000002498,20240506,1159,2,1,1,45000.0,9450.0,0.0,54450.0
2110,1000002499,20250612,1344,1,1759,-1,10800.0,2268.0,1200.0,14268.0
2111,1000002500,20240926,847,1,1824,-1,21600.0,4536.0,900.0,27036.0
2112,1000002501,20240926,690,1,289,-1,25872.0,5433.12,0.0,31305.12
2113,1000002502,20250613,985,1,2035,-1,14700.0,3087.0,1200.0,18987.0
2114,1000002503,20250315,1413,2,2,2,28350.0,5953.5,0.0,34303.5
2115,1000002504,20240406,1280,2,3,3,14175.0,2976.75,0.0,17151.75
2116,1000002505,20250319,1130,1,3196,-1,131850.0,27688.5,900.0,160438.5
2117,1000002506,20250702,247,1,3091,-1,29160.0,6123.6,1200.0,36483.6
2118,1000002507,20250831,666,2,1,1,11400.0,2394.0,0.0,13794.0
2119,1000002508,20240804,995,1,1395,-1,63630.0,13362.3,900.0,77892.3
2120,1000002510,20241015,723,1,1777,-1,11400.0,2394.0,900.0,14694.0
2121,1000002511,20240319,1284,2,1,1,11760.0,2469.6,0.0,14229.6
2122,1000002512,20241216,1372,2,4,4,42750.0,8977.5,0.0,51727.5
2123,1000002513,20241029,397,1,1948,-1,10800.0,2268.0,1500.0,14568.0
2124,1000002514,20240711,508,1,1168,-1,47250.0,9922.5,0.0,57172.5
2125,1000002515,20250526,1212,2,1,1,36000.0,7560.0,0.0,43560.0
2126,1000002516,20240228,765,1,2221,-1,21600.0,4536.0,1500.0,27636.0
2127,1000002517,20250215,444,1,2213,-1,25872.0,5433.12,0.0,31305.12
2128,1000002518,20240819,798,1,2138,-1,11760.0,2469.6,1200.0,15429.6
2129,1000002519,20240804,1380,2,2,2,12000.0,2520.0,0.0,14520.0
2130,1000002520,20240624,260,1,153,-1,39600.0,8316.0,1200.0,49116.0
2131,1000002521,20250716,25,1,2426,-1,45000.0,9450.0,900.0,55350.0
2132,1000002522,20250711,1301,2,2,2,13500.0,2835.0,0.0,16335.0
2133,1000002523,20240411,600,2,4,4,30870.0,6482.7,0.0,37352.7
2134,1000002524,20240229,678,1,2327,-1,70537.5,14812.88,900.0,86250.38
2135,1000002525,20250730,1500,1,2014,-1,79380.0,16669.8,1200.0,97249.8
2136,1000002526,20250403,1414,1,2734,-1,29700.0,6237.0,900.0,36837.0
2137,1000002527,20250615,490,1,1366,-1,26722.5,5611.72,900.0,33234.22
2138,1000002528,20250329,932,1,1437,-1,29160.0,6123.6,900.0,36183.6
2139,1000002529,20240216,812,2,1,1,67380.0,14149.8,0.0,81529.8
2140,1000002530,20240908,1160,1,982,-1,23940.0,5027.4,900.0,29867.4
2141,1000002531,20250107,290,1,2764,-1,21168.0,4445.28,1200.0,26813.28
2142,1000002532,20250613,891,1,1956,-1,14175.0,2976.75,1200.0,18351.75
2143,1000002533,20240609,870,1,2098,-1,34020.0,7144.2,900.0,42064.2
2144,1000002534,20240109,991,2,2,2,24360.0,5115.6,0.0,29475.6
2145,1000002535,20240430,793,1,2704,-1,42552.0,8935.92,1500.0,52987.92
2146,1000002536,20240617,741,1,419,-1,12825.0,2693.25,900.0,16418.25
2147,1000002537,20250502,229,1,2691,-1,23520.0,4939.2,900.0,29359.2
2148,1000002539,20240310,706,1,45,-1,14850.0,3118.5,1200.0,19168.5
2149,1000002540,20240305,665,1,2388,-1,39084.0,8207.64,900.0,48191.64
2150,1000002542,20240914,1172,1,927,-1,21600.0,4536.0,0.0,26136.0
2151,1000002543,20241121,392,2,2,2,45000.0,9450.0,0.0,54450.0
2152,1000002544,20250522,163,1,2639,-1,12000.0,2520.0,1200.0,15720.0
2153,1000002545,20250113,918,1,851,-1,24300.0,5103.0,0.0,29403.0
2154,1000002546,20240209,788,2,2,2,23550.0,4945.5,0.0,28495.5
2155,1000002547,20240719,1008,1,1553,-1,28500.0,5985.0,1200.0,35685.0
2156,1000002548,20250912,157,1,2495,-1,65430.0,13740.3,900.0,80070.3
2157,1000002549,20240505,1387,1,1038,-1,51030.0,10716.3,1200.0,62946.3
2158,1000002551,20240727,180,1,971,-1,12348.0,2593.08,1200.0,16141.08
2159,1000002552,20240918,988,1,2243,-1,14962.5,3142.12,900.0,19004.62
2160,1000002553,20250918,1133,1,1758,-1,35280.0,7408.8,1200.0,43888.8
2161,1000002554,20240706,441,1,1660,-1,40500.0,8505.0,1200.0,50205.0
2162,1000002555,20240803,44,1,104,-1,21600.0,4536.0,1200.0,27336.0
2163,1000002556,20250521,194,1,870,-1,9720.0,2041.2,0.0,11761.2
2164,1000002557,20240513,622,1,2814,-1,53475.0,11229.75,1200.0,65904.75
2165,1000002558,20250218,81,1,620,-1,34020.0,7144.2,900.0,42064.2
2166,1000002560,20250503,204,2,2,2,45000.0,9450.0,0.0,54450.0
2167,1000002561,20241201,1393,2,2,2,27000.0,5670.0,0.0,32670.0
2168,1000002562,20240621,1057,1,3025,-1,34020.0,7144.2,1500.0,42664.2
2169,1000002563,20241219,310,1,2903,-1,105735.0,22204.35,1200.0,129139.35
2170,1000002564,20240116,358,1,2650,-1,35640.0,7484.4,1500.0,44624.4
2171,1000002565,20240711,1271,1,2331,-1,47520.0,9979.2,900.0,58399.2
2172,1000002566,20250517,1158,1,1563,-1,24300.0,5103.0,900.0,30303.0
2173,1000002567,20250703,492,2,4,4,29400.0,6174.0,0.0,35574.0
2174,1000002568,20250122,1207,1,2890,-1,22800.0,4788.0,900.0,28488.0
2175,1000002569,20250509,1015,2,3,3,12600.0,2646.0,0.0,15246.0
2176,1000002570,20241218,698,2,2,2,47040.0,9878.4,0.0,56918.4
2177,1000002571,20250210,860,2,4,4,37272.0,7827.12,0.0,45099.12
2178,1000002572,20250103,1258,1,2191,-1,57915.0,12162.15,900.0,70977.15
2179,1000002573,20241118,1032,1,1100,-1,42750.0,8977.5,1200.0,52927.5
2180,1000002574,20250914,26,1,1110,-1,23520.0,4939.2,1200.0,29659.2
2181,1000002575,20240727,268,1,1514,-1,66600.0,13986.0,900.0,81486.0
2182,1000002576,20240503,1242,1,367,-1,34020.0,7144.2,1200.0,42364.2
2183,1000002577,20240406,393,1,256,-1,60000.0,12600.0,0.0,72600.0
2184,1000002579,20250921,518,1,2453,-1,24300.0,5103.0,0.0,29403.0
2185,1000002580,20240906,420,1,350,-1,57168.0,12005.28,1500.0,70673.28
2186,1000002581,20240303,323,2,3,3,37380.0,7849.8,0.0,45229.8
2187,1000002582,20240223,1359,1,2510,-1,50460.0,10596.6,900.0,61956.6
2188,1000002583,20250131,988,1,1544,-1,45600.0,9576.0,900.0,56076.0
2189,1000002584,20250207,687,2,3,3,13500.0,2835.0,0.0,16335.0
2190,1000002586,20241220,35,2,3,3,26400.0,5544.0,0.0,31944.0
2191,1000002587,20250304,264,2,2,2,73800.0,15498.0,0.0,89298.0
2192,1000002588,20241013,1085,1,3157,-1,21600.0,4536.0,900.0,27036.0
2193,1000002589,20241112,1023,1,261,-1,40500.0,8505.0,900.0,49905.0
2194,1000002591,20250720,524,2,2,2,68400.0,14364.0,0.0,82764.0
2195,1000002592,20240615,189,1,2593,-1,45540.0,9563.4,0.0,55103.4
2196,1000002594,20240924,1241,1,2779,-1,45000.0,9450.0,1500.0,55950.0
2197,1000002595,20240208,1210,1,436,-1,27000.0,5670.0,1200.0,33870.0
2198,1000002598,20240420,662,2,1,1,12000.0,2520.0,0.0,14520.0
2199,1000002599,20241007,726,2,3,3,30000.0,6300.0,0.0,36300.0
2200,1000002600,20250216,1306,1,347,-1,46305.0,9724.05,0.0,56029.05
2201,1000002603,20250705,1476,1,1072,-1,75150.0,15781.5,900.0,91831.5
2202,1000002604,20240524,90,2,3,3,22800.0,4788.0,0.0,27588.0
2203,1000002605,20240118,938,1,18,-1,30000.0,6300.0,1200.0,37500.0
2204,1000002606,20240115,1239,1,146,-1,13200.0,2772.0,900.0,16872.0
2205,1000002607,20240804,594,2,4,4,29400.0,6174.0,0.0,35574.0
2206,1000002608,20240617,1277,2,4,4,35640.0,7484.4,0.0,43124.4
2207,1000002609,20250821,1386,1,503,-1,34200.0,7182.0,1500.0,42882.0
2208,1000002610,20241105,88,1,1212,-1,21600.0,4536.0,1500.0,27636.0
2209,1000002611,20241029,1274,1,440,-1,109008.0,22891.68,1500.0,133399.68
2210,1000002612,20250718,1083,2,2,2,23520.0,4939.2,0.0,28459.2
2211,1000002613,20240816,405,1,105,-1,10800.0,2268.0,1200.0,14268.0
2212,1000002614,20250217,1206,2,1,1,36348.0,7633.08,0.0,43981.08
2213,1000002615,20240925,427,1,991,-1,34200.0,7182.0,0.0,41382.0
2214,1000002616,20250915,1230,1,2873,-1,54000.0,11340.0,900.0,66240.0
2215,1000002617,20250519,119,2,3,3,54900.0,11529.0,0.0,66429.0
2216,1000002618,20240619,1305,1,3100,-1,24000.0,5040.0,1500.0,30540.0
2217,1000002619,20250918,1274,2,3,3,10260.0,2154.6,0.0,12414.6
2218,1000002621,20250411,136,1,2293,-1,27048.0,5680.08,900.0,33628.08
2219,1000002622,20240315,782,2,2,2,38475.0,8079.75,0.0,46554.75
2220,1000002623,20240718,293,1,2170,-1,38808.0,8149.68,1500.0,48457.68
2221,1000002624,20241104,481,2,3,3,32400.0,6804.0,0.0,39204.0
2222,1000002625,20250202,593,1,903,-1,13200.0,2772.0,1200.0,17172.0
2223,1000002626,20240521,617,1,913,-1,69000.0,14490.0,900.0,84390.0
2224,1000002627,20241106,1021,2,1,1,30000.0,6300.0,0.0,36300.0
2225,1000002628,20240411,382,2,2,2,35640.0,7484.4,0.0,43124.4
2226,1000002629,20241101,1356,2,4,4,13200.0,2772.0,0.0,15972.0
2227,1000002630,20250512,464,1,55,-1,47100.0,9891.0,1200.0,58191.0
2228,1000002631,20240127,618,1,1397,-1,31350.0,6583.5,1500.0,39433.5
2229,1000002632,20241022,950,2,3,3,47340.0,9941.4,0.0,57281.4
2230,1000002633,20240607,1371,2,1,1,35280.0,7408.8,0.0,42688.8
2231,1000002634,20240222,1007,2,2,2,52260.0,10974.6,0.0,63234.6
2232,1000002635,20250424,48,1,845,-1,38808.0,8149.68,0.0,46957.68
2233,1000002636,20241209,1231,2,2,2,45000.0,9450.0,0.0,54450.0
2234,1000002638,20250227,1374,2,3,3,21600.0,4536.0,0.0,26136.0
2235,1000002639,20241109,1014,1,2787,-1,42525.0,8930.25,1200.0,52655.25
2236,1000002640,20241209,1161,1,2384,-1,11400.0,2394.0,1500.0,15294.0
2237,1000002641,20240603,423,1,310,-1,32400.0,6804.0,900.0,40104.0
2238,1000002642,20240110,52,1,1047,-1,31500.0,6615.0,1500.0,39615.0
2239,1000002643,20250727,1112,1,1065,-1,35868.0,7532.28,1200.0,44600.28
2240,1000002644,20240901,1046,1,450,-1,29400.0,6174.0,900.0,36474.0
2241,1000002645,20241226,555,2,3,3,79380.0,16669.8,0.0,96049.8
2242,1000002646,20250222,24,1,3173,-1,28500.0,5985.0,900.0,35385.0
2243,1000002647,20240511,506,2,2,2,22800.0,4788.0,0.0,27588.0
2244,1000002648,20241202,1211,1,74,-1,33384.0,7010.64,1500.0,41894.64
2245,1000002649,20240717,859,1,2355,-1,47100.0,9891.0,900.0,57891.0
2246,1000002650,20241110,1376,1,882,-1,12150.0,2551.5,1200.0,15901.5
2247,1000002651,20250604,83,2,1,1,63420.0,13318.2,0.0,76738.2
2248,1000002652,20250830,284,1,1706,-1,32400.0,6804.0,1500.0,40704.0
2249,1000002653,20250202,517,2,1,1,11400.0,2394.0,0.0,13794.0
2250,1000002654,20240406,521,2,1,1,42750.0,8977.5,0.0,51727.5
2251,1000002655,20240126,585,1,1233,-1,66900.0,14049.0,900.0,81849.0
2252,1000002656,20240812,282,2,3,3,44100.0,9261.0,0.0,53361.0
2253,1000002657,20250509,1234,2,1,1,25080.0,5266.8,0.0,30346.8
2254,1000002658,20240602,1350,2,4,4,84780.0,17803.8,0.0,102583.8
2255,1000002659,20250504,31,1,45,-1,79830.0,16764.3,1200.0,97794.3
2256,1000002661,20250314,1392,1,1999,-1,21168.0,4445.28,900.0,26513.28
2257,1000002662,20250419,702,2,4,4,26460.0,5556.6,0.0,32016.6
2258,1000002663,20240121,1414,1,1536,-1,12000.0,2520.0,1200.0,15720.0
2259,1000002664,20240722,216,1,1566,-1,28350.0,5953.5,900.0,35203.5
2260,1000002665,20250224,87,1,781,-1,14850.0,3118.5,0.0,17968.5
2261,1000002666,20240803,173,2,2,2,30000.0,6300.0,0.0,36300.0
2262,1000002667,20240202,767,2,2,2,13230.0,2778.3,0.0,16008.3
2263,1000002668,20250927,49,1,2812,-1,77250.0,16222.5,1200.0,94672.5
2264,1000002669,20250103,706,1,2407,-1,49500.0,10395.0,1200.0,61095.0
2265,1000002672,20250303,1066,2,3,3,30780.0,6463.8,0.0,37243.8
2266,1000002673,20240504,1398,2,3,3,10800.0,2268.0,0.0,13068.0
2267,1000002675,20240511,135,1,632,-1,28500.0,5985.0,900.0,35385.0
2268,1000002676,20250106,806,1,384,-1,29400.0,6174.0,1200.0,36774.0
2269,1000002677,20250504,1230,1,1660,-1,35400.0,7434.0,900.0,43734.0
2270,1000002678,20240305,995,1,318,-1,66060.0,13872.6,0.0,79932.6
2271,1000002679,20250427,629,2,1,1,35280.0,7408.8,0.0,42688.8
2272,1000002680,20240630,1312,1,1893,-1,14250.0,2992.5,900.0,18142.5
2273,1000002681,20250201,1339,1,2903,-1,39000.0,8190.0,900.0,48090.0
2274,1000002682,20241122,1172,2,3,3,14962.5,3142.12,0.0,18104.62
2275,1000002683,20240113,1064,2,3,3,10800.0,2268.0,0.0,13068.0
2276,1000002685,20250704,295,1,1179,-1,45000.0,9450.0,0.0,54450.0
2277,1000002688,20240403,971,1,2904,-1,62340.0,13091.4,1200.0,76631.4
2278,1000002690,20240303,415,1,113,-1,14250.0,2992.5,0.0,17242.5
2279,1000002691,20240305,292,2,3,3,14250.0,2992.5,0.0,17242.5
2280,1000002692,20250917,717,1,518,-1,47040.0,9878.4,900.0,57818.4
2281,1000002693,20250831,904,1,2542,-1,68520.0,14389.2,1200.0,84109.2
2282,1000002695,20250821,1396,2,3,3,25650.0,5386.5,0.0,31036.5
2283,1000002696,20250607,393,1,1081,-1,30000.0,6300.0,900.0,37200.0
2284,1000002698,20240704,394,2,3,3,10800.0,2268.0,0.0,13068.0
2285,1000002699,20241208,1413,2,2,2,58800.0,12348.0,0.0,71148.0
2286,1000002700,20240817,1157,2,1,1,46200.0,9702.0,0.0,55902.0
2287,1000002701,20250912,1308,1,1048,-1,63180.0,13267.8,1200.0,77647.8
2288,1000002702,20241008,628,1,560,-1,10260.0,2154.6,900.0,13314.6
2289,1000002703,20241207,317,1,1202,-1,44887.5,9426.38,1200.0,55513.88
2290,1000002704,20240708,55,2,1,1,48510.0,10187.1,0.0,58697.1
2291,1000002705,20250720,339,2,1,1,42660.0,8958.6,0.0,51618.6
2292,1000002706,20241220,1277,1,843,-1,40020.0,8404.2,1200.0,49624.2
2293,1000002707,20240404,823,1,2717,-1,35280.0,7408.8,900.0,43588.8
2294,1000002708,20240317,272,1,3103,-1,36000.0,7560.0,0.0,43560.0
2295,1000002710,20250109,594,2,1,1,21600.0,4536.0,0.0,26136.0
2296,1000002711,20241216,639,1,2786,-1,23760.0,4989.6,900.0,29649.6
2297,1000002712,20250906,172,1,2712,-1,15435.0,3241.35,0.0,18676.35
2298,1000002713,20250831,1182,1,263,-1,15750.0,3307.5,0.0,19057.5
2299,1000002714,20250203,35,1,1984,-1,16500.0,3465.0,1200.0,21165.0
2300,1000002715,20240216,572,2,1,1,35775.0,7512.75,0.0,43287.75
2301,1000002716,20250125,816,1,1934,-1,34920.0,7333.2,1500.0,43753.2
2302,1000002717,20240610,359,1,1859,-1,56100.0,11781.0,0.0,67881.0
2303,1000002718,20250522,272,1,2022,-1,43110.0,9053.1,0.0,52163.1
2304,1000002719,20250622,402,2,4,4,10584.0,2222.64,0.0,12806.64
2305,1000002722,20241116,603,1,358,-1,36000.0,7560.0,1200.0,44760.0
2306,1000002723,20240915,606,2,4,4,21600.0,4536.0,0.0,26136.0
2307,1000002725,20250816,1393,1,829,-1,12600.0,2646.0,0.0,15246.0
2308,1000002728,20241123,1352,1,2763,-1,22800.0,4788.0,900.0,28488.0
2309,1000002729,20240403,1357,2,1,1,34200.0,7182.0,0.0,41382.0
2310,1000002731,20250909,260,2,3,3,32340.0,6791.4,0.0,39131.4
2311,1000002732,20250202,378,2,3,3,63000.0,13230.0,0.0,76230.0
2312,1000002733,20250117,1425,1,2512,-1,82740.0,17375.4,1200.0,101315.4
2313,1000002734,20240706,85,1,1308,-1,80550.0,16915.5,0.0,97465.5
2314,1000002735,20250909,1313,2,3,3,44550.0,9355.5,0.0,53905.5
2315,1000002736,20250118,704,2,4,4,57600.0,12096.0,0.0,69696.0
2316,1000002737,20241014,1133,2,2,2,42120.0,8845.2,0.0,50965.2
2317,1000002738,20250223,176,1,252,-1,68625.0,14411.25,0.0,83036.25
2318,1000002739,20240710,264,1,2499,-1,33384.0,7010.64,1200.0,41594.64
2319,1000002740,20240521,882,2,1,1,45480.0,9550.8,0.0,55030.8
2320,1000002741,20250907,529,1,1653,-1,60825.0,12773.25,900.0,74498.25
2321,1000002742,20240702,511,2,1,1,36450.0,7654.5,0.0,44104.5
2322,1000002743,20241026,1192,2,4,4,40500.0,8505.0,0.0,49005.0
2323,1000002744,20250609,866,2,2,2,30870.0,6482.7,0.0,37352.7
2324,1000002745,20250326,147,1,2217,-1,34200.0,7182.0,1500.0,42882.0
2325,1000002746,20240114,846,2,2,2,37800.0,7938.0,0.0,45738.0
2326,1000002747,20250425,487,1,1511,-1,64980.0,13645.8,900.0,79525.8
2327,1000002748,20241108,1252,2,4,4,35760.0,7509.6,0.0,43269.6
2328,1000002750,20250801,760,1,3115,-1,30780.0,6463.8,1200.0,38443.8
2329,1000002751,20250808,414,2,1,1,37428.0,7859.88,0.0,45287.88
2330,1000002752,20240606,180,2,3,3,76500.0,16065.0,0.0,92565.0
2331,1000002754,20241210,1391,1,3062,-1,41622.0,8740.62,900.0,51262.62
2332,1000002755,20240623,1181,1,381,-1,12600.0,2646.0,900.0,16146.0
2333,1000002756,20240728,841,1,1336,-1,14250.0,2992.5,900.0,18142.5
2334,1000002757,20250328,282,1,2724,-1,32400.0,6804.0,1200.0,40404.0
2335,1000002758,20240623,1491,1,413,-1,45450.0,9544.5,900.0,55894.5
2336,1000002760,20250620,484,2,2,2,30000.0,6300.0,0.0,36300.0
2337,1000002761,20250728,559,1,491,-1,62910.0,13211.1,1200.0,77321.1
2338,1000002762,20250526,872,1,3021,-1,35280.0,7408.8,900.0,43588.8
2339,1000002763,20250411,568,1,1138,-1,15000.0,3150.0,1200.0,19350.0
2340,1000002764,20250901,578,2,1,1,24000.0,5040.0,0.0,29040.0
2341,1000002765,20240310,291,2,1,1,21600.0,4536.0,0.0,26136.0
2342,1000002766,20250219,549,1,311,-1,31752.0,6667.92,1200.0,39619.92
2343,1000002767,20240615,511,1,2059,-1,32400.0,6804.0,1500.0,40704.0
2344,1000002768,20250411,185,1,2384,-1,32400.0,6804.0,1200.0,40404.0
2345,1000002771,20241115,1108,1,471,-1,45000.0,9450.0,1200.0,55650.0
2346,1000002772,20240406,1145,2,3,3,65280.0,13708.8,0.0,78988.8
2347,1000002774,20250126,613,1,2529,-1,44362.5,9316.12,0.0,53678.62
2348,1000002775,20250410,67,2,1,1,44100.0,9261.0,0.0,53361.0
2349,1000002776,20250623,415,1,1526,-1,47025.0,9875.25,1200.0,58100.25
2350,1000002777,20240320,1101,2,2,2,21600.0,4536.0,0.0,26136.0
2351,1000002778,20250409,939,1,1678,-1,39690.0,8334.9,0.0,48024.9
2352,1000002780,20250225,258,1,2573,-1,21600.0,4536.0,900.0,27036.0
2353,1000002781,20250615,623,1,1446,-1,53040.0,11138.4,1200.0,65378.4
2354,1000002782,20250512,164,1,589,-1,43200.0,9072.0,0.0,52272.0
2355,1000002784,20250409,271,2,4,4,35910.0,7541.1,0.0,43451.1
2356,1000002785,20241018,816,2,4,4,11970.0,2513.7,0.0,14483.7
2357,1000002786,20240815,1449,2,3,3,14700.0,3087.0,0.0,17787.0
2358,1000002787,20250531,1293,1,1596,-1,14250.0,2992.5,1200.0,18442.5
2359,1000002788,20250711,1097,1,2485,-1,14700.0,3087.0,1200.0,18987.0
2360,1000002789,20240114,1184,2,1,1,11880.0,2494.8,0.0,14374.8
2361,1000002790,20240712,877,2,4,4,67800.0,14238.0,0.0,82038.0
2362,1000002791,20240531,475,2,3,3,15000.0,3150.0,0.0,18150.0
2363,1000002794,20250915,1048,1,899,-1,25080.0,5266.8,1500.0,31846.8
2364,1000002795,20250825,300,1,537,-1,30000.0,6300.0,900.0,37200.0
2365,1000002796,20250108,175,1,1526,-1,27000.0,5670.0,1200.0,33870.0
2366,1000002797,20250317,514,1,946,-1,34680.0,7282.8,900.0,42862.8
2367,1000002798,20240428,1448,1,1605,-1,23520.0,4939.2,900.0,29359.2
2368,1000002799,20250902,1361,2,1,1,16170.0,3395.7,0.0,19565.7
2369,1000002800,20240601,883,2,4,4,21600.0,4536.0,0.0,26136.0
2370,1000002801,20241208,302,2,1,1,22800.0,4788.0,0.0,27588.0
2371,1000002803,20250805,537,1,2040,-1,12000.0,2520.0,1500.0,16020.0
2372,1000002804,20241005,922,1,1374,-1,15675.0,3291.75,0.0,18966.75
2373,1000002805,20241208,740,2,3,3,11400.0,2394.0,0.0,13794.0
2374,1000002806,20240802,1474,1,1011,-1,36000.0,7560.0,0.0,43560.0
2375,1000002810,20250511,1326,2,1,1,10800.0,2268.0,0.0,13068.0
2376,1000002812,20250216,694,2,2,2,27000.0,5670.0,0.0,32670.0
2377,1000002813,20240325,373,2,3,3,37800.0,7938.0,0.0,45738.0
2378,1000002815,20240419,1209,1,2036,-1,45225.0,9497.25,1500.0,56222.25
2379,1000002816,20240807,1370,1,654,-1,21168.0,4445.28,900.0,26513.28
2380,1000002819,20240223,1110,1,1590,-1,23760.0,4989.6,0.0,28749.6
2381,1000002820,20250727,896,2,2,2,35280.0,7408.8,0.0,42688.8
2382,1000002822,20241215,463,1,516,-1,35280.0,7408.8,1500.0,44188.8
2383,1000002823,20240324,1090,1,2652,-1,59400.0,12474.0,900.0,72774.0
2384,1000002824,20241213,462,2,2,2,71400.0,14994.0,0.0,86394.0
2385,1000002825,20240715,918,2,3,3,14250.0,2992.5,0.0,17242.5
2386,1000002827,20241002,1418,2,4,4,45000.0,9450.0,0.0,54450.0
2387,1000002829,20250512,444,2,4,4,33000.0,6930.0,0.0,39930.0
2388,1000002830,20240917,411,1,445,-1,29160.0,6123.6,1500.0,36783.6
2389,1000002831,20240912,183,1,1499,-1,31500.0,6615.0,1200.0,39315.0
2390,1000002832,20241225,414,1,2807,-1,10800.0,2268.0,900.0,13968.0
2391,1000002833,20240407,19,1,731,-1,13500.0,2835.0,1200.0,17535.0
2392,1000002834,20240703,276,1,2334,-1,38700.0,8127.0,1500.0,48327.0
2393,1000002835,20250226,798,1,1510,-1,37620.0,7900.2,1500.0,47020.2
2394,1000002836,20250926,1384,1,2874,-1,106740.0,22415.4,900.0,130055.4
2395,1000002837,20250602,757,2,3,3,97605.0,20497.05,0.0,118102.05
2396,1000002840,20241102,624,1,748,-1,40500.0,8505.0,1200.0,50205.0
2397,1000002841,20250804,1300,1,964,-1,10800.0,2268.0,900.0,13968.0
2398,1000002842,20250508,183,2,2,2,28350.0,5953.5,0.0,34303.5
2399,1000002844,20250918,768,1,1115,-1,14175.0,2976.75,1200.0,18351.75
2400,1000002845,20240711,85,2,4,4,47250.0,9922.5,0.0,57172.5
2401,1000002846,20241008,1103,1,793,-1,30000.0,6300.0,1500.0,37800.0
2402,1000002847,20240502,472,1,2019,-1,15000.0,3150.0,1200.0,19350.0
2403,1000002848,20250824,2,1,581,-1,12000.0,2520.0,900.0,15420.0
2404,1000002849,20240224,1003,1,3184,-1,44100.0,9261.0,1200.0,54561.0
2405,1000002850,20250629,69,2,2,2,34200.0,7182.0,0.0,41382.0
2406,1000002851,20250121,310,1,1686,-1,36000.0,7560.0,900.0,44460.0
2407,1000002853,20250515,159,1,1780,-1,27000.0,5670.0,900.0,33570.0
2408,1000002854,20250509,388,1,2200,-1,12600.0,2646.0,1500.0,16746.0
2409,1000002855,20241218,870,1,1026,-1,29160.0,6123.6,900.0,36183.6
2410,1000002856,20250627,551,1,2011,-1,32400.0,6804.0,1200.0,40404.0
2411,1000002857,20241004,434,1,1286,-1,94800.0,19908.0,900.0,115608.0
2412,1000002858,20250920,810,1,1028,-1,45000.0,9450.0,900.0,55350.0
2413,1000002859,20250625,1320,2,1,1,48168.0,10115.28,0.0,58283.28
2414,1000002861,20240905,334,1,843,-1,54000.0,11340.0,1200.0,66540.0
2415,1000002862,20250720,495,1,1324,-1,55140.0,11579.4,1200.0,67919.4
2416,1000002863,20240528,1227,1,3199,-1,11760.0,2469.6,0.0,14229.6
2417,1000002864,20240106,637,2,4,4,36000.0,7560.0,0.0,43560.0
2418,1000002865,20241009,304,1,2564,-1,31752.0,6667.92,900.0,39319.92
2419,1000002866,20240821,695,1,45,-1,95190.0,19989.9,1500.0,116679.9
2420,1000002867,20240719,899,2,2,2,35280.0,7408.8,0.0,42688.8
2421,1000002869,20240422,94,2,1,1,68400.0,14364.0,0.0,82764.0
2422,1000002871,20240222,618,2,4,4,31500.0,6615.0,0.0,38115.0
2423,1000002872,20250203,1327,1,1538,-1,53100.0,11151.0,900.0,65151.0
2424,1000002873,20250216,4,1,2859,-1,15000.0,3150.0,1500.0,19650.0
2425,1000002874,20250906,1131,1,2142,-1,11400.0,2394.0,1500.0,15294.0
2426,1000002875,20240416,635,1,1237,-1,28350.0,5953.5,900.0,35203.5
2427,1000002876,20250708,1458,1,1805,-1,13500.0,2835.0,0.0,16335.0
2428,1000002878,20250912,802,1,2672,-1,49980.0,10495.8,0.0,60475.8
2429,1000002879,20240929,378,1,857,-1,69750.0,14647.5,900.0,85297.5
2430,1000002880,20250714,895,2,2,2,16170.0,3395.7,0.0,19565.7
2431,1000002881,20250715,1171,2,4,4,34200.0,7182.0,0.0,41382.0
2432,1000002882,20240901,812,2,2,2,28500.0,5985.0,0.0,34485.0
2433,1000002883,20250303,334,1,244,-1,55620.0,11680.2,1500.0,68800.2
2434,1000002884,20240825,204,1,1570,-1,48210.0,10124.1,0.0,58334.1
2435,1000002885,20250414,77,2,1,1,38475.0,8079.75,0.0,46554.75
2436,1000002886,20240823,1409,2,2,2,55050.0,11560.5,0.0,66610.5
2437,1000002887,20250720,700,1,898,-1,25872.0,5433.12,1500.0,32805.12
2438,1000002888,20250625,442,2,4,4,38475.0,8079.75,0.0,46554.75
2439,1000002889,20250611,562,1,2304,-1,34200.0,7182.0,900.0,42282.0
2440,1000002890,20240719,184,1,2170,-1,30780.0,6463.8,900.0,38143.8
2441,1000002891,20250211,1195,2,4,4,24900.0,5229.0,0.0,30129.0
2442,1000002892,20250806,1357,2,4,4,71910.0,15101.1,0.0,87011.1
2443,1000002893,20241007,808,1,585,-1,82935.0,17416.35,1200.0,101551.35
2444,1000002894,20240309,175,1,2092,-1,47250.0,9922.5,1200.0,58372.5
2445,1000002895,20250627,1042,1,2394,-1,36450.0,7654.5,900.0,45004.5
2446,1000002896,20250628,384,2,3,3,13500.0,2835.0,0.0,16335.0
2447,1000002897,20240213,46,2,2,2,53235.0,11179.35,0.0,64414.35
2448,1000002898,20250426,185,2,2,2,56250.0,11812.5,0.0,68062.5
2449,1000002899,20240531,275,1,1122,-1,27000.0,5670.0,1200.0,33870.0
2450,1000002900,20240504,749,1,1007,-1,44040.0,9248.4,1200.0,54488.4
2451,1000002901,20240702,54,1,862,-1,55188.0,11589.48,900.0,67677.48
2452,1000002902,20250327,192,1,11,-1,20520.0,4309.2,900.0,25729.2
2453,1000002903,20241006,707,2,2,2,25200.0,5292.0,0.0,30492.0
2454,1000002904,20250126,502,2,2,2,29400.0,6174.0,0.0,35574.0
2455,1000002905,20240412,67,2,1,1,23736.0,4984.56,0.0,28720.56
2456,1000002906,20240822,1198,1,1891,-1,53700.0,11277.0,900.0,65877.0
2457,1000002907,20240826,334,2,2,2,39435.0,8281.35,0.0,47716.35
2458,1000002908,20241010,686,2,2,2,30000.0,6300.0,0.0,36300.0
2459,1000002909,20250312,1406,2,1,1,15000.0,3150.0,0.0,18150.0
2460,1000002910,20240910,1168,1,778,-1,39600.0,8316.0,1500.0,49416.0
2461,1000002911,20240602,1458,2,1,1,36000.0,7560.0,0.0,43560.0
2462,1000002912,20241027,822,2,3,3,11400.0,2394.0,0.0,13794.0
2463,1000002914,20240314,129,2,4,4,10800.0,2268.0,0.0,13068.0
2464,1000002916,20240722,1153,2,4,4,42240.0,8870.4,0.0,51110.4
2465,1000002917,20250706,1441,1,19,-1,68100.0,14301.0,1200.0,83601.0
2466,1000002918,20240129,399,2,3,3,24000.0,5040.0,0.0,29040.0
2467,1000002919,20240215,884,2,2,2,14250.0,2992.5,0.0,17242.5
2468,1000002920,20250310,503,1,1906,-1,27000.0,5670.0,900.0,33570.0
2469,1000002921,20240805,53,2,4,4,11400.0,2394.0,0.0,13794.0
2470,1000002922,20250222,1206,1,551,-1,46650.0,9796.5,1200.0,57646.5
2471,1000002923,20250425,591,2,3,3,45000.0,9450.0,0.0,54450.0
2472,1000002924,20250611,40,1,1274,-1,24705.0,5188.05,0.0,29893.05
2473,1000002925,20240121,596,2,4,4,24300.0,5103.0,0.0,29403.0
2474,1000002926,20240130,832,1,3012,-1,32400.0,6804.0,1200.0,40404.0
2475,1000002927,20241008,542,1,2250,-1,90990.0,19107.9,900.0,110997.9
2476,1000002928,20240610,748,2,1,1,22344.0,4692.24,0.0,27036.24
2477,1000002929,20240312,760,2,1,1,40500.0,8505.0,0.0,49005.0
2478,1000002931,20250131,1330,2,2,2,13200.0,2772.0,0.0,15972.0
2479,1000002932,20250408,984,1,3148,-1,14700.0,3087.0,1200.0,18987.0
2480,1000002933,20250516,1208,1,2471,-1,36150.0,7591.5,1200.0,44941.5
2481,1000002934,20250402,623,2,1,1,74047.5,15549.97,0.0,89597.47
2482,1000002936,20240515,953,1,2923,-1,31500.0,6615.0,1200.0,39315.0
2483,1000002937,20250220,687,2,4,4,12348.0,2593.08,0.0,14941.08
2484,1000002938,20241116,722,2,1,1,39690.0,8334.9,0.0,48024.9
2485,1000002939,20240902,39,1,2245,-1,40500.0,8505.0,0.0,49005.0
2486,1000002940,20240926,1035,1,1956,-1,21168.0,4445.28,1200.0,26813.28
2487,1000002941,20250611,1245,1,1297,-1,11760.0,2469.6,0.0,14229.6
2488,1000002942,20240224,892,1,1545,-1,24696.0,5186.16,1200.0,31082.16
2489,1000002943,20241004,1246,1,428,-1,28665.0,6019.65,1200.0,35884.65
2490,1000002944,20240128,1271,2,4,4,13500.0,2835.0,0.0,16335.0
2491,1000002946,20240714,1256,1,1548,-1,37620.0,7900.2,1200.0,46720.2
2492,1000002947,20250629,1061,2,1,1,32340.0,6791.4,0.0,39131.4
2493,1000002948,20250121,743,2,4,4,13500.0,2835.0,0.0,16335.0
2494,1000002949,20250924,1050,1,1499,-1,70200.0,14742.0,0.0,84942.0
2495,1000002950,20250624,1028,1,701,-1,35910.0,7541.1,900.0,44351.1
2496,1000002951,20240807,920,1,98,-1,40500.0,8505.0,0.0,49005.0
2497,1000002952,20241030,1208,1,574,-1,66750.0,14017.5,0.0,80767.5
2498,1000002953,20250927,489,1,2558,-1,29700.0,6237.0,900.0,36837.0
2499,1000002954,20240901,1272,2,3,3,10800.0,2268.0,0.0,13068.0
2500,1000002955,20240825,1079,1,2841,-1,22800.0,4788.0,1200.0,28788.0
2501,1000002957,20240307,253,1,1580,-1,15000.0,3150.0,1500.0,19650.0
2502,1000002958,20240909,428,2,1,1,41160.0,8643.6,0.0,49803.6
2503,1000002959,20250613,312,2,1,1,11400.0,2394.0,0.0,13794.0
2504,1000002960,20250830,441,1,2711,-1,15000.0,3150.0,900.0,19050.0
2505,1000002961,20250914,658,2,3,3,34200.0,7182.0,0.0,41382.0
2506,1000002962,20240204,179,1,1159,-1,29400.0,6174.0,900.0,36474.0
2507,1000002963,20240208,944,1,741,-1,36960.0,7761.6,0.0,44721.6
2508,1000002964,20250422,739,1,1091,-1,11970.0,2513.7,1200.0,15683.7
2509,1000002965,20250429,1298,1,3167,-1,49875.0,10473.75,1500.0,61848.75
2510,1000002966,20240109,18,2,3,3,45000.0,9450.0,0.0,54450.0
2511,1000002967,20240201,615,2,1,1,14250.0,2992.5,0.0,17242.5
2512,1000002968,20250801,421,2,3,3,39690.0,8334.9,0.0,48024.9
2513,1000002970,20250922,173,1,1544,-1,47250.0,9922.5,900.0,58072.5
2514,1000002971,20250510,928,1,1070,-1,14250.0,2992.5,900.0,18142.5
2515,1000002972,20250525,1351,2,2,2,10800.0,2268.0,0.0,13068.0
2516,1000002973,20250612,555,1,259,-1,15675.0,3291.75,1200.0,20166.75
2517,1000002974,20250205,61,1,1184,-1,42750.0,8977.5,900.0,52627.5
2518,1000002975,20241114,840,1,2592,-1,42750.0,8977.5,1500.0,53227.5
2519,1000002976,20250628,928,1,2039,-1,14250.0,2992.5,900.0,18142.5
2520,1000002977,20250418,511,2,3,3,22800.0,4788.0,0.0,27588.0
2521,1000002979,20240903,409,1,1376,-1,23760.0,4989.6,1200.0,29949.6
2522,1000002980,20240104,487,1,308,-1,34200.0,7182.0,1200.0,42582.0
2523,1000002981,20250810,1188,2,1,1,24300.0,5103.0,0.0,29403.0
2524,1000002982,20240605,157,1,1128,-1,10584.0,2222.64,900.0,13706.64
2525,1000002983,20250916,747,2,1,1,44550.0,9355.5,0.0,53905.5
2526,1000002984,20240618,914,2,4,4,34200.0,7182.0,0.0,41382.0
2527,1000002988,20240214,639,1,1269,-1,27000.0,5670.0,1200.0,33870.0
2528,1000002990,20240706,559,1,1374,-1,35280.0,7408.8,0.0,42688.8
2529,1000002991,20241023,690,1,1245,-1,64125.0,13466.25,0.0,77591.25
2530,1000002992,20241221,469,1,2003,-1,47280.0,9928.8,1200.0,58408.8
2531,1000002993,20241006,214,1,1373,-1,30000.0,6300.0,0.0,36300.0
2532,1000002994,20240521,200,1,783,-1,32400.0,6804.0,1500.0,40704.0
2533,1000002996,20240508,224,2,2,2,37200.0,7812.0,0.0,45012.0
2534,1000002997,20240331,672,1,1913,-1,30000.0,6300.0,1200.0,37500.0
2535,1000002998,20240306,335,1,2869,-1,67500.0,14175.0,1200.0,82875.0
2536,1000002999,20240127,924,2,3,3,37035.0,7777.35,0.0,44812.35
2537,1000003000,20240914,152,1,84,-1,11400.0,2394.0,900.0,14694.0
2538,1000003001,20240216,1281,2,3,3,55800.0,11718.0,0.0,67518.0
2539,1000003002,20240514,611,2,3,3,54390.0,11421.9,0.0,65811.9
2540,1000003003,20240430,1324,1,1040,-1,32400.0,6804.0,1200.0,40404.0
2541,1000003004,20250807,771,1,3047,-1,33480.0,7030.8,1200.0,41710.8
2542,1000003005,20250416,900,1,2950,-1,57000.0,11970.0,1200.0,70170.0
2543,1000003006,20250629,270,1,121,-1,32568.0,6839.28,1200.0,40607.28
2544,1000003007,20250121,40,1,1540,-1,24300.0,5103.0,1200.0,30603.0
2545,1000003008,20240922,28,1,263,-1,61668.0,12950.28,900.0,75518.28
2546,1000003009,20250810,1342,1,1674,-1,10800.0,2268.0,1200.0,14268.0
2547,1000003010,20240313,1270,1,1338,-1,15435.0,3241.35,900.0,19576.35
2548,1000003011,20250206,346,1,860,-1,34200.0,7182.0,1200.0,42582.0
2549,1000003012,20240102,104,2,4,4,32400.0,6804.0,0.0,39204.0
2550,1000003013,20250226,607,1,1238,-1,15000.0,3150.0,900.0,19050.0
2551,1000003014,20240510,1375,2,4,4,11340.0,2381.4,0.0,13721.4
2552,1000003015,20250425,1056,2,2,2,43200.0,9072.0,0.0,52272.0
2553,1000003016,20241217,194,1,2609,-1,66630.0,13992.3,1200.0,81822.3
2554,1000003017,20250314,1197,1,2492,-1,43050.0,9040.5,900.0,52990.5
2555,1000003018,20240211,860,1,1118,-1,35910.0,7541.1,1200.0,44651.1
2556,1000003019,20240214,267,1,2710,-1,60690.0,12744.9,1200.0,74634.9
2557,1000003021,20250621,1025,1,2212,-1,38475.0,8079.75,1200.0,47754.75
2558,1000003024,20240101,785,1,695,-1,12348.0,2593.08,1200.0,16141.08
2559,1000003025,20250416,1054,1,2620,-1,22740.0,4775.4,1200.0,28715.4
2560,1000003026,20250126,800,2,2,2,14250.0,2992.5,0.0,17242.5
2561,1000003027,20240419,1266,1,283,-1,33000.0,6930.0,0.0,39930.0
2562,1000003029,20250425,1223,2,2,2,28500.0,5985.0,0.0,34485.0
2563,1000003030,20250531,663,1,1820,-1,61200.0,12852.0,900.0,74952.0
2564,1000003031,20241211,161,1,2464,-1,40500.0,8505.0,1200.0,50205.0
2565,1000003032,20241026,493,2,4,4,27000.0,5670.0,0.0,32670.0
2566,1000003033,20240509,1099,1,2838,-1,65700.0,13797.0,1200.0,80697.0
2567,1000003034,20240801,1196,1,2166,-1,36300.0,7623.0,900.0,44823.0
2568,1000003035,20241204,1497,2,4,4,35520.0,7459.2,0.0,42979.2
2569,1000003036,20250623,408,1,3190,-1,52500.0,11025.0,900.0,64425.0
2570,1000003037,20250519,61,2,1,1,24000.0,5040.0,0.0,29040.0
2571,1000003038,20250322,1447,1,864,-1,86962.5,18262.12,900.0,106124.62
2572,1000003039,20250523,514,2,2,2,29925.0,6284.25,0.0,36209.25
2573,1000003040,20250629,93,1,2202,-1,57705.0,12118.05,1500.0,71323.05
2574,1000003041,20240626,817,2,3,3,31752.0,6667.92,0.0,38419.92
2575,1000003042,20240227,1085,2,4,4,34200.0,7182.0,0.0,41382.0
2576,1000003043,20250624,176,2,2,2,53598.0,11255.58,0.0,64853.58
2577,1000003044,20241210,1177,1,527,-1,84720.0,17791.2,1200.0,103711.2
2578,1000003046,20240101,209,2,4,4,48510.0,10187.1,0.0,58697.1
2579,1000003047,20241024,817,2,3,3,26400.0,5544.0,0.0,31944.0
2580,1000003048,20241105,881,2,4,4,45000.0,9450.0,0.0,54450.0
2581,1000003049,20240822,177,2,1,1,49980.0,10495.8,0.0,60475.8
2582,1000003050,20250824,226,1,773,-1,24696.0,5186.16,1200.0,31082.16
2583,1000003051,20250828,265,2,1,1,57450.0,12064.5,0.0,69514.5
2584,1000003052,20250706,286,1,738,-1,14700.0,3087.0,0.0,17787.0
2585,1000003053,20250915,652,1,861,-1,12348.0,2593.08,1500.0,16441.08
2586,1000003054,20241209,558,2,4,4,30780.0,6463.8,0.0,37243.8
2587,1000003055,20240914,1009,1,2103,-1,76545.0,16074.45,1200.0,93819.45
2588,1000003056,20250408,639,1,1156,-1,45000.0,9450.0,1500.0,55950.0
2589,1000003057,20250216,209,1,1992,-1,28500.0,5985.0,0.0,34485.0
2590,1000003058,20240213,55,1,836,-1,12000.0,2520.0,900.0,15420.0
2591,1000003059,20240822,1428,2,3,3,35280.0,7408.8,0.0,42688.8
2592,1000003060,20250906,726,2,1,1,23940.0,5027.4,0.0,28967.4
2593,1000003061,20240212,586,2,3,3,41400.0,8694.0,0.0,50094.0
2594,1000003062,20250408,1447,1,1078,-1,21600.0,4536.0,1200.0,27336.0
2595,1000003063,20240124,447,1,1390,-1,28500.0,5985.0,1200.0,35685.0
2596,1000003064,20250904,940,1,2739,-1,13200.0,2772.0,1200.0,17172.0
2597,1000003065,20240214,26,2,2,2,44100.0,9261.0,0.0,53361.0
2598,1000003066,20240402,973,2,1,1,57000.0,11970.0,0.0,68970.0
2599,1000003067,20250328,975,1,1117,-1,42750.0,8977.5,1200.0,52927.5
2600,1000003068,20240415,203,2,1,1,60000.0,12600.0,0.0,72600.0
2601,1000003069,20250218,481,1,1411,-1,40500.0,8505.0,1200.0,50205.0
2602,1000003070,20240830,1372,2,1,1,42120.0,8845.2,0.0,50965.2
2603,1000003071,20240819,667,1,2970,-1,21600.0,4536.0,900.0,27036.0
2604,1000003072,20240212,1312,2,3,3,24696.0,5186.16,0.0,29882.16
2605,1000003073,20240803,1493,2,4,4,34800.0,7308.0,0.0,42108.0
2606,1000003075,20240605,582,1,2091,-1,70020.0,14704.2,0.0,84724.2
2607,1000003076,20240704,584,1,2138,-1,47520.0,9979.2,900.0,58399.2
2608,1000003077,20240915,904,1,1431,-1,12000.0,2520.0,0.0,14520.0
2609,1000003078,20250604,342,1,2619,-1,40500.0,8505.0,1200.0,50205.0
2610,1000003079,20240919,680,2,4,4,21600.0,4536.0,0.0,26136.0
2611,1000003080,20250222,709,1,149,-1,12000.0,2520.0,1500.0,16020.0
2612,1000003081,20250430,521,1,1780,-1,44887.5,9426.38,1500.0,55813.88
2613,1000003082,20241013,289,2,2,2,87630.0,18402.3,0.0,106032.3
2614,1000003083,20241028,293,1,2571,-1,12000.0,2520.0,0.0,14520.0
2615,1000003085,20250815,1449,2,1,1,10800.0,2268.0,0.0,13068.0
2616,1000003086,20250919,1177,1,1066,-1,36000.0,7560.0,900.0,44460.0
2617,1000003087,20250309,423,1,722,-1,15435.0,3241.35,1200.0,19876.35
2618,1000003088,20250901,1399,2,2,2,23520.0,4939.2,0.0,28459.2
2619,1000003090,20240315,1139,1,1781,-1,14700.0,3087.0,900.0,18687.0
2620,1000003091,20240715,1261,1,325,-1,10800.0,2268.0,1200.0,14268.0
2621,1000003092,20240803,739,1,3157,-1,28350.0,5953.5,1200.0,35503.5
2622,1000003093,20240315,98,1,2424,-1,35280.0,7408.8,900.0,43588.8
2623,1000003094,20240826,1228,1,252,-1,49980.0,10495.8,1500.0,61975.8
2624,1000003095,20250725,206,2,1,1,12600.0,2646.0,0.0,15246.0
2625,1000003096,20250419,1235,1,1642,-1,40500.0,8505.0,900.0,49905.0
2626,1000003097,20240905,1353,2,2,2,11760.0,2469.6,0.0,14229.6
2627,1000003098,20250301,154,1,2388,-1,47250.0,9922.5,900.0,58072.5
2628,1000003099,20250124,754,1,1609,-1,45000.0,9450.0,1200.0,55650.0
2629,1000003100,20250322,368,1,1696,-1,28500.0,5985.0,900.0,35385.0
2630,1000003101,20240410,1133,2,2,2,40500.0,8505.0,0.0,49005.0
2631,1000003102,20240609,1247,1,720,-1,24300.0,5103.0,900.0,30303.0
2632,1000003103,20250910,1358,2,3,3,71415.0,14997.15,0.0,86412.15
2633,1000003104,20240830,1321,1,1604,-1,10800.0,2268.0,1200.0,14268.0
2634,1000003105,20250116,201,2,4,4,15000.0,3150.0,0.0,18150.0
2635,1000003106,20240820,603,2,2,2,12540.0,2633.4,0.0,15173.4
2636,1000003107,20250720,813,2,4,4,74700.0,15687.0,0.0,90387.0
2637,1000003108,20240629,574,2,1,1,11760.0,2469.6,0.0,14229.6
2638,1000003109,20240812,1165,2,1,1,30000.0,6300.0,0.0,36300.0
2639,1000003110,20240716,413,1,820,-1,42750.0,8977.5,1500.0,53227.5
2640,1000003111,20240607,212,1,259,-1,21600.0,4536.0,900.0,27036.0
2641,1000003112,20250202,822,1,1264,-1,25080.0,5266.8,1500.0,31846.8
2642,1000003113,20250324,71,2,1,1,10800.0,2268.0,0.0,13068.0
2643,1000003114,20240415,647,1,794,-1,25650.0,5386.5,900.0,31936.5
2644,1000003115,20240810,233,1,1720,-1,33600.0,7056.0,1200.0,41856.0
2645,1000003116,20240512,199,1,2773,-1,45000.0,9450.0,0.0,54450.0
2646,1000003117,20240118,353,2,1,1,66510.0,13967.1,0.0,80477.1
2647,1000003118,20240830,1038,2,1,1,40500.0,8505.0,0.0,49005.0
2648,1000003119,20240212,1192,1,1810,-1,21600.0,4536.0,0.0,26136.0
2649,1000003121,20241108,713,2,2,2,12000.0,2520.0,0.0,14520.0
2650,1000003122,20240401,442,1,331,-1,24000.0,5040.0,1200.0,30240.0
2651,1000003123,20250419,152,1,2387,-1,54900.0,11529.0,900.0,67329.0
2652,1000003124,20240607,520,2,3,3,21168.0,4445.28,0.0,25613.28
2653,1000003125,20250319,858,1,1580,-1,9720.0,2041.2,900.0,12661.2
2654,1000003126,20241111,888,1,1769,-1,90030.0,18906.3,1200.0,110136.3
2655,1000003127,20250210,1367,2,4,4,26730.0,5613.3,0.0,32343.3
2656,1000003128,20250912,1109,2,4,4,57960.0,12171.6,0.0,70131.6
2657,1000003129,20250507,1068,1,2662,-1,21600.0,4536.0,900.0,27036.0
2658,1000003130,20240202,994,2,3,3,15750.0,3307.5,0.0,19057.5
2659,1000003131,20241203,347,1,2003,-1,37272.0,7827.12,900.0,45999.12
2660,1000003132,20240827,1388,2,2,2,9720.0,2041.2,0.0,11761.2
2661,1000003134,20240610,1124,1,638,-1,10800.0,2268.0,900.0,13968.0
2662,1000003135,20240204,950,2,2,2,50910.0,10691.1,0.0,61601.1
2663,1000003136,20240824,588,1,2121,-1,31752.0,6667.92,1200.0,39619.92
2664,1000003137,20250624,949,1,2336,-1,21600.0,4536.0,0.0,26136.0
2665,1000003138,20250531,722,1,683,-1,24696.0,5186.16,1200.0,31082.16
2666,1000003139,20240724,271,2,3,3,26400.0,5544.0,0.0,31944.0
2667,1000003140,20241218,738,1,569,-1,15000.0,3150.0,1200.0,19350.0
2668,1000003142,20240915,974,1,2138,-1,11970.0,2513.7,1200.0,15683.7
2669,1000003143,20250914,1473,2,3,3,10800.0,2268.0,0.0,13068.0
2670,1000003144,20240913,77,1,126,-1,44400.0,9324.0,1200.0,54924.0
2671,1000003145,20240213,469,1,346,-1,40500.0,8505.0,900.0,49905.0
2672,1000003146,20250602,508,1,1290,-1,60564.0,12718.44,0.0,73282.44
2673,1000003149,20240925,1233,1,3194,-1,40500.0,8505.0,1200.0,50205.0
2674,1000003150,20250731,954,2,1,1,16500.0,3465.0,0.0,19965.0
2675,1000003153,20250423,1281,1,2121,-1,22800.0,4788.0,1200.0,28788.0
2676,1000003154,20240807,1430,2,4,4,25200.0,5292.0,0.0,30492.0
2677,1000003155,20250603,238,2,1,1,12000.0,2520.0,0.0,14520.0
2678,1000003156,20250324,221,1,1881,-1,11760.0,2469.6,900.0,15129.6
2679,1000003157,20240915,685,2,3,3,24696.0,5186.16,0.0,29882.16
2680,1000003158,20240222,592,1,454,-1,35280.0,7408.8,1200.0,43888.8
2681,1000003160,20240717,970,1,3058,-1,22800.0,4788.0,1500.0,29088.0
2682,1000003161,20250616,995,2,3,3,25650.0,5386.5,0.0,31036.5
2683,1000003163,20240530,297,1,2453,-1,11760.0,2469.6,0.0,14229.6
2684,1000003164,20250304,947,1,1236,-1,69588.0,14613.48,900.0,85101.48
2685,1000003166,20250712,38,1,1427,-1,52500.0,11025.0,900.0,64425.0
2686,1000003167,20250413,376,2,3,3,44100.0,9261.0,0.0,53361.0
2687,1000003168,20240618,503,1,1269,-1,21600.0,4536.0,1200.0,27336.0
2688,1000003169,20250520,1095,1,935,-1,28500.0,5985.0,900.0,35385.0
2689,1000003170,20240515,1338,1,655,-1,22800.0,4788.0,0.0,27588.0
2690,1000003175,20240914,189,1,2064,-1,36450.0,7654.5,1200.0,45304.5
2691,1000003176,20250804,488,2,1,1,24000.0,5040.0,0.0,29040.0
2692,1000003177,20250822,946,2,3,3,21600.0,4536.0,0.0,26136.0
2693,1000003178,20241007,475,2,4,4,29160.0,6123.6,0.0,35283.6
2694,1000003179,20250213,692,1,1993,-1,34200.0,7182.0,1200.0,42582.0
2695,1000003180,20240803,506,2,1,1,30000.0,6300.0,0.0,36300.0
2696,1000003181,20250706,733,2,3,3,20520.0,4309.2,0.0,24829.2
2697,1000003182,20250622,151,1,3081,-1,62328.0,13088.88,1200.0,76616.88
2698,1000003183,20241109,1276,1,2200,-1,31350.0,6583.5,1200.0,39133.5
2699,1000003185,20250714,514,2,2,2,11400.0,2394.0,0.0,13794.0
2700,1000003186,20241016,1447,1,955,-1,35280.0,7408.8,1200.0,43888.8
2701,1000003189,20250613,521,2,2,2,56940.0,11957.4,0.0,68897.4
2702,1000003190,20250419,960,2,2,2,44550.0,9355.5,0.0,53905.5
2703,1000003191,20240814,1397,1,2116,-1,83250.0,17482.5,1200.0,101932.5
2704,1000003192,20250313,254,2,3,3,44100.0,9261.0,0.0,53361.0
2705,1000003193,20240819,1447,1,809,-1,56196.0,11801.16,900.0,68897.16
2706,1000003194,20240719,572,2,3,3,29400.0,6174.0,0.0,35574.0
2707,1000003195,20240131,926,1,2792,-1,21600.0,4536.0,1200.0,27336.0
2708,1000003196,20241029,818,2,1,1,67500.0,14175.0,0.0,81675.0
2709,1000003197,20241002,157,1,1952,-1,47940.0,10067.4,0.0,58007.4
2710,1000003198,20250616,1005,1,236,-1,12600.0,2646.0,900.0,16146.0
2711,1000003199,20240525,1166,2,3,3,23520.0,4939.2,0.0,28459.2
2712,1000003200,20240821,1306,1,1405,-1,54000.0,11340.0,900.0,66240.0
2713,1000003202,20250220,1206,1,3066,-1,25200.0,5292.0,1200.0,31692.0
2714,1000003203,20250613,1463,1,39,-1,35850.0,7528.5,900.0,44278.5
2715,1000003204,20240724,231,1,1686,-1,13500.0,2835.0,0.0,16335.0
2716,1000003205,20240813,122,2,1,1,32340.0,6791.4,0.0,39131.4
2717,1000003206,20250601,1077,1,1707,-1,39690.0,8334.9,900.0,48924.9
2718,1000003208,20240313,494,1,2408,-1,78750.0,16537.5,900.0,96187.5
2719,1000003209,20250902,228,1,2621,-1,30780.0,6463.8,1200.0,38443.8
2720,1000003210,20250817,209,2,1,1,40500.0,8505.0,0.0,49005.0
2721,1000003211,20250914,65,1,2034,-1,68400.0,14364.0,1500.0,84264.0
2722,1000003212,20240607,552,1,744,-1,32400.0,6804.0,1200.0,40404.0
2723,1000003213,20250213,342,1,1702,-1,27000.0,5670.0,1200.0,33870.0
2724,1000003214,20241212,266,1,2271,-1,11760.0,2469.6,1500.0,15729.6
2725,1000003215,20240204,1116,1,461,-1,40500.0,8505.0,0.0,49005.0
2726,1000003216,20250716,92,1,908,-1,11400.0,2394.0,1200.0,14994.0
2727,1000003217,20240102,1204,1,952,-1,36000.0,7560.0,1200.0,44760.0
2728,1000003219,20240711,1459,1,2944,-1,28500.0,5985.0,900.0,35385.0
2729,1000003220,20250815,1166,1,2253,-1,70980.0,14905.8,900.0,86785.8
2730,1000003223,20240520,948,1,1707,-1,21600.0,4536.0,1500.0,27636.0
2731,1000003224,20250626,754,2,2,2,11760.0,2469.6,0.0,14229.6
2732,1000003225,20250302,1427,2,3,3,21600.0,4536.0,0.0,26136.0
2733,1000003226,20240807,1351,2,3,3,36000.0,7560.0,0.0,43560.0
2734,1000003227,20250207,401,1,3115,-1,28500.0,5985.0,1200.0,35685.0
2735,1000003228,20250223,609,2,4,4,24000.0,5040.0,0.0,29040.0
2736,1000003229,20240411,720,1,930,-1,32400.0,6804.0,1200.0,40404.0
2737,1000003232,20240417,871,2,4,4,44550.0,9355.5,0.0,53905.5
2738,1000003233,20250901,1336,2,3,3,69000.0,14490.0,0.0,83490.0
2739,1000003234,20250302,357,2,2,2,22800.0,4788.0,0.0,27588.0
2740,1000003235,20250128,1352,2,4,4,10260.0,2154.6,0.0,12414.6
2741,1000003236,20240825,1312,2,2,2,14250.0,2992.5,0.0,17242.5
2742,1000003237,20240913,272,1,24,-1,12000.0,2520.0,0.0,14520.0
2743,1000003238,20240429,1284,2,1,1,24000.0,5040.0,0.0,29040.0
2744,1000003239,20240225,738,1,2196,-1,22680.0,4762.8,0.0,27442.8
2745,1000003240,20240706,69,2,1,1,34200.0,7182.0,0.0,41382.0
2746,1000003241,20240926,1237,1,323,-1,40500.0,8505.0,1500.0,50505.0
2747,1000003242,20240721,83,1,1471,-1,45000.0,9450.0,1200.0,55650.0
2748,1000003244,20250703,489,2,2,2,37800.0,7938.0,0.0,45738.0
2749,1000003245,20250318,451,1,2682,-1,11400.0,2394.0,900.0,14694.0
2750,1000003246,20240121,918,2,3,3,37620.0,7900.2,0.0,45520.2
2751,1000003247,20240606,491,1,91,-1,22800.0,4788.0,0.0,27588.0
2752,1000003248,20250420,1232,1,1911,-1,29400.0,6174.0,900.0,36474.0
2753,1000003249,20250522,477,1,2991,-1,29400.0,6174.0,1200.0,36774.0
2754,1000003250,20241125,1466,2,3,3,12000.0,2520.0,0.0,14520.0
2755,1000003252,20240506,254,1,1519,-1,12000.0,2520.0,900.0,15420.0
2756,1000003253,20240125,388,2,1,1,22800.0,4788.0,0.0,27588.0
2757,1000003254,20250828,1415,1,2207,-1,47250.0,9922.5,0.0,57172.5
2758,1000003256,20240504,204,2,1,1,59580.0,12511.8,0.0,72091.8
2759,1000003257,20250521,902,1,20,-1,38808.0,8149.68,1200.0,48157.68
2760,1000003259,20250218,427,1,1183,-1,19440.0,4082.4,900.0,24422.4
2761,1000003260,20240227,439,2,4,4,39960.0,8391.6,0.0,48351.6
2762,1000003261,20250913,816,1,2466,-1,60750.0,12757.5,1200.0,74707.5
2763,1000003262,20240404,19,1,1927,-1,15675.0,3291.75,1200.0,20166.75
2764,1000003263,20240608,1480,2,4,4,44550.0,9355.5,0.0,53905.5
2765,1000003264,20240418,619,1,1042,-1,12000.0,2520.0,1200.0,15720.0
2766,1000003265,20240514,907,1,1737,-1,21600.0,4536.0,900.0,27036.0
2767,1000003266,20250807,411,1,453,-1,27555.0,5786.55,900.0,34241.55
2768,1000003267,20250819,1472,2,1,1,59250.0,12442.5,0.0,71692.5
2769,1000003268,20240423,1414,1,427,-1,15675.0,3291.75,900.0,19866.75
2770,1000003269,20250824,1437,2,3,3,87780.0,18433.8,0.0,106213.8
2771,1000003270,20250709,993,2,1,1,23520.0,4939.2,0.0,28459.2
2772,1000003271,20241024,882,2,3,3,29400.0,6174.0,0.0,35574.0
2773,1000003272,20241231,1485,1,1993,-1,44887.5,9426.38,1500.0,55813.88
2774,1000003273,20240417,1422,2,1,1,35280.0,7408.8,0.0,42688.8
2775,1000003274,20250708,594,2,1,1,44100.0,9261.0,0.0,53361.0
2776,1000003275,20250704,791,1,832,-1,69187.5,14529.38,1200.0,84916.88
2777,1000003276,20250325,417,2,4,4,10800.0,2268.0,0.0,13068.0
2778,1000003277,20250423,760,1,3125,-1,34200.0,7182.0,900.0,42282.0
2779,1000003278,20250601,527,1,2733,-1,31752.0,6667.92,1500.0,39919.92
2780,1000003279,20250929,604,2,4,4,34680.0,7282.8,0.0,41962.8
2781,1000003280,20240429,1132,1,2823,-1,54150.0,11371.5,1200.0,66721.5
2782,1000003281,20250115,726,1,1983,-1,21600.0,4536.0,1500.0,27636.0
2783,1000003282,20241023,133,1,112,-1,27000.0,5670.0,900.0,33570.0
2784,1000003283,20241229,1292,1,2543,-1,41622.0,8740.62,0.0,50362.62
2785,1000003284,20241108,466,1,1675,-1,59598.0,12515.58,1500.0,73613.58
2786,1000003285,20240508,433,1,936,-1,27000.0,5670.0,1200.0,33870.0
2787,1000003286,20240619,358,1,2871,-1,22800.0,4788.0,1200.0,28788.0
2788,1000003287,20241221,130,2,3,3,57960.0,12171.6,0.0,70131.6
2789,1000003288,20250915,1153,2,3,3,45000.0,9450.0,0.0,54450.0
2790,1000003289,20250811,1275,2,1,1,10800.0,2268.0,0.0,13068.0
2791,1000003290,20240923,62,1,468,-1,34200.0,7182.0,1500.0,42882.0
2792,1000003291,20250623,682,1,1148,-1,26460.0,5556.6,1200.0,33216.6
2793,1000003292,20240318,1370,1,2365,-1,10800.0,2268.0,900.0,13968.0
2794,1000003293,20240605,858,1,1338,-1,83475.0,17529.75,1200.0,102204.75
2795,1000003294,20250317,222,1,2036,-1,15000.0,3150.0,1200.0,19350.0
2796,1000003295,20241126,671,1,434,-1,64020.0,13444.2,1200.0,78664.2
2797,1000003296,20240830,415,1,2496,-1,14250.0,2992.5,0.0,17242.5
2798,1000003297,20240101,1415,2,4,4,49162.5,10324.12,0.0,59486.62
2799,1000003298,20240719,533,2,4,4,60780.0,12763.8,0.0,73543.8
2800,1000003299,20250709,978,2,1,1,16500.0,3465.0,0.0,19965.0
2801,1000003300,20240331,1387,2,2,2,77100.0,16191.0,0.0,93291.0
2802,1000003301,20240318,907,1,1230,-1,10800.0,2268.0,1500.0,14568.0
2803,1000003302,20241001,820,1,3034,-1,35280.0,7408.8,1200.0,43888.8
2804,1000003303,20240109,1223,2,1,1,75090.0,15768.9,0.0,90858.9
2805,1000003304,20250706,641,1,939,-1,12000.0,2520.0,1200.0,15720.0
2806,1000003305,20250708,1319,1,539,-1,25284.0,5309.64,900.0,31493.64
2807,1000003306,20240405,1421,1,1136,-1,42750.0,8977.5,0.0,51727.5
2808,1000003307,20250919,63,2,2,2,25650.0,5386.5,0.0,31036.5
2809,1000003309,20250113,855,2,3,3,36000.0,7560.0,0.0,43560.0
2810,1000003310,20240701,1483,2,4,4,36450.0,7654.5,0.0,44104.5
2811,1000003311,20250403,858,1,1722,-1,11880.0,2494.8,900.0,15274.8
2812,1000003312,20250215,1390,2,3,3,30000.0,6300.0,0.0,36300.0
2813,1000003314,20240721,809,2,4,4,11760.0,2469.6,0.0,14229.6
2814,1000003316,20250724,816,1,535,-1,47025.0,9875.25,0.0,56900.25
2815,1000003317,20250730,143,1,2871,-1,32400.0,6804.0,0.0,39204.0
2816,1000003318,20241021,984,2,3,3,40500.0,8505.0,0.0,49005.0
2817,1000003319,20250121,529,2,2,2,24000.0,5040.0,0.0,29040.0
2818,1000003320,20241221,4,2,3,3,15675.0,3291.75,0.0,18966.75
2819,1000003322,20240325,942,2,2,2,24000.0,5040.0,0.0,29040.0
2820,1000003323,20250915,210,1,2110,-1,21600.0,4536.0,1200.0,27336.0
2821,1000003324,20250930,1324,2,1,1,64500.0,13545.0,0.0,78045.0
2822,1000003325,20240705,1102,1,984,-1,27000.0,5670.0,1200.0,33870.0
2823,1000003326,20241117,146,2,4,4,43800.0,9198.0,0.0,52998.0
2824,1000003327,20240906,1120,2,2,2,14250.0,2992.5,0.0,17242.5
2825,1000003328,20250614,1160,2,3,3,29700.0,6237.0,0.0,35937.0
2826,1000003329,20250225,863,2,2,2,24975.0,5244.75,0.0,30219.75
2827,1000003330,20240329,540,2,1,1,50715.0,10650.15,0.0,61365.15
2828,1000003333,20250702,449,2,3,3,32400.0,6804.0,0.0,39204.0
2829,1000003335,20250602,1402,2,3,3,36000.0,7560.0,0.0,43560.0
2830,1000003336,20250331,908,2,1,1,48168.0,10115.28,0.0,58283.28
2831,1000003337,20241216,624,1,124,-1,26400.0,5544.0,1500.0,33444.0
2832,1000003338,20240628,608,1,1254,-1,44100.0,9261.0,1200.0,54561.0
2833,1000003339,20240303,37,1,1942,-1,37620.0,7900.2,1200.0,46720.2
2834,1000003340,20241204,1482,1,540,-1,89775.0,18852.75,1500.0,110127.75
2835,1000003341,20240409,1058,2,4,4,14962.5,3142.12,0.0,18104.62
2836,1000003342,20250607,286,1,694,-1,24900.0,5229.0,900.0,31029.0
2837,1000003343,20250919,1008,1,2131,-1,40500.0,8505.0,900.0,49905.0
2838,1000003344,20240214,668,1,3169,-1,11760.0,2469.6,1500.0,15729.6
2839,1000003345,20240216,117,2,3,3,83250.0,17482.5,0.0,100732.5
2840,1000003347,20250804,51,2,1,1,70500.0,14805.0,0.0,85305.0
2841,1000003348,20241117,1117,1,2761,-1,12600.0,2646.0,1200.0,16446.0
2842,1000003349,20240216,1029,1,11,-1,12000.0,2520.0,1200.0,15720.0
2843,1000003350,20240801,1139,1,1567,-1,42750.0,8977.5,900.0,52627.5
2844,1000003351,20250821,1378,2,3,3,34200.0,7182.0,0.0,41382.0
2845,1000003352,20240226,1271,2,2,2,40800.0,8568.0,0.0,49368.0
2846,1000003353,20240821,1424,1,311,-1,13500.0,2835.0,1500.0,17835.0
2847,1000003354,20250718,489,2,4,4,30600.0,6426.0,0.0,37026.0
2848,1000003355,20250416,744,1,732,-1,44100.0,9261.0,900.0,54261.0
2849,1000003356,20240710,323,1,978,-1,22560.0,4737.6,900.0,28197.6
2850,1000003357,20250329,1471,1,480,-1,14700.0,3087.0,1200.0,18987.0
2851,1000003358,20240716,1469,1,2591,-1,37800.0,7938.0,1200.0,46938.0
2852,1000003359,20250411,1191,2,4,4,61320.0,12877.2,0.0,74197.2
2853,1000003360,20250509,335,1,2887,-1,14700.0,3087.0,1200.0,18987.0
2854,1000003361,20240317,717,1,1745,-1,26010.0,5462.1,1200.0,32672.1
2855,1000003362,20250915,911,1,1952,-1,41760.0,8769.6,0.0,50529.6
2856,1000003363,20250927,184,2,1,1,29400.0,6174.0,0.0,35574.0
2857,1000003364,20240318,957,1,2003,-1,22800.0,4788.0,900.0,28488.0
2858,1000003366,20250517,22,2,4,4,23520.0,4939.2,0.0,28459.2
2859,1000003367,20240822,260,1,552,-1,34200.0,7182.0,1500.0,42882.0
2860,1000003368,20250317,835,1,1474,-1,87750.0,18427.5,900.0,107077.5
2861,1000003369,20240602,1316,2,2,2,9720.0,2041.2,0.0,11761.2
2862,1000003371,20241024,790,2,3,3,45000.0,9450.0,0.0,54450.0
2863,1000003372,20250831,1380,1,114,-1,15750.0,3307.5,0.0,19057.5
2864,1000003373,20240109,936,2,4,4,33000.0,6930.0,0.0,39930.0
2865,1000003374,20250912,274,1,1485,-1,44100.0,9261.0,1500.0,54861.0
2866,1000003375,20240207,1177,2,2,2,38430.0,8070.3,0.0,46500.3
2867,1000003376,20250718,623,1,2524,-1,23340.0,4901.4,900.0,29141.4
2868,1000003379,20240529,508,1,1731,-1,65700.0,13797.0,1500.0,80997.0
2869,1000003380,20240116,1234,2,4,4,34200.0,7182.0,0.0,41382.0
2870,1000003381,20240827,992,1,1823,-1,15000.0,3150.0,1200.0,19350.0
2871,1000003382,20240522,143,2,2,2,44625.0,9371.25,0.0,53996.25
2872,1000003383,20250728,763,1,2457,-1,27000.0,5670.0,1200.0,33870.0
2873,1000003385,20241030,1473,2,3,3,45000.0,9450.0,0.0,54450.0
2874,1000003386,20250516,1344,2,4,4,44100.0,9261.0,0.0,53361.0
2875,1000003387,20240808,457,1,1757,-1,47280.0,9928.8,1500.0,58708.8
2876,1000003388,20250829,228,1,2678,-1,46080.0,9676.8,1200.0,56956.8
2877,1000003389,20240308,1500,1,397,-1,13500.0,2835.0,1200.0,17535.0
2878,1000003390,20240223,84,1,518,-1,23940.0,5027.4,900.0,29867.4
2879,1000003391,20241205,692,1,2869,-1,69300.0,14553.0,1200.0,85053.0
2880,1000003393,20240609,297,1,1904,-1,23760.0,4989.6,900.0,29649.6
2881,1000003394,20250407,159,2,3,3,26400.0,5544.0,0.0,31944.0
2882,1000003395,20250514,1248,1,617,-1,52680.0,11062.8,1200.0,64942.8
2883,1000003396,20250828,319,1,2002,-1,35910.0,7541.1,900.0,44351.1
2884,1000003397,20250524,1126,1,2659,-1,28350.0,5953.5,900.0,35203.5
2885,1000003399,20250414,553,1,2427,-1,61800.0,12978.0,900.0,75678.0
2886,1000003401,20250411,1358,1,1054,-1,59400.0,12474.0,1200.0,73074.0
2887,1000003402,20250620,1243,2,1,1,23520.0,4939.2,0.0,28459.2
2888,1000003403,20240325,1397,1,594,-1,59085.0,12407.85,900.0,72392.85
2889,1000003404,20250416,437,2,4,4,83250.0,17482.5,0.0,100732.5
2890,1000003405,20240106,241,2,4,4,10800.0,2268.0,0.0,13068.0
2891,1000003406,20250726,1246,1,1040,-1,55272.0,11607.12,1200.0,68079.12
2892,1000003407,20250125,1076,1,2832,-1,23520.0,4939.2,900.0,29359.2
2893,1000003408,20241130,1217,2,4,4,31350.0,6583.5,0.0,37933.5
2894,1000003409,20240131,884,1,2859,-1,30780.0,6463.8,1500.0,38743.8
2895,1000003410,20240707,1370,2,2,2,40500.0,8505.0,0.0,49005.0
2896,1000003411,20240407,1376,1,2181,-1,33000.0,6930.0,900.0,40830.0
2897,1000003412,20240204,249,1,380,-1,14700.0,3087.0,1500.0,19287.0
2898,1000003413,20240531,917,1,492,-1,11760.0,2469.6,1200.0,15429.6
2899,1000003415,20240922,566,1,863,-1,26400.0,5544.0,900.0,32844.0
2900,1000003418,20240313,323,1,719,-1,10800.0,2268.0,1200.0,14268.0
2901,1000003419,20241222,26,1,1196,-1,35880.0,7534.8,0.0,43414.8
2902,1000003420,20240107,396,2,2,2,34200.0,7182.0,0.0,41382.0
2903,1000003421,20250819,487,2,3,3,48510.0,10187.1,0.0,58697.1
2904,1000003422,20240226,551,2,4,4,62760.0,13179.6,0.0,75939.6
2905,1000003424,20250412,790,2,2,2,11760.0,2469.6,0.0,14229.6
2906,1000003426,20240401,1399,2,3,3,14700.0,3087.0,0.0,17787.0
2907,1000003427,20250213,1389,1,1196,-1,10800.0,2268.0,1200.0,14268.0
2908,1000003428,20240828,1290,2,4,4,25830.0,5424.3,0.0,31254.3
2909,1000003430,20240419,1161,2,1,1,46305.0,9724.05,0.0,56029.05
2910,1000003431,20241107,570,1,2930,-1,28500.0,5985.0,1200.0,35685.0
2911,1000003432,20250213,847,1,2892,-1,53925.0,11324.25,900.0,66149.25
2912,1000003434,20240524,390,1,2560,-1,25872.0,5433.12,900.0,32205.12
2913,1000003435,20240115,434,2,2,2,65850.0,13828.5,0.0,79678.5
2914,1000003436,20240519,1342,1,2804,-1,11400.0,2394.0,900.0,14694.0
2915,1000003437,20250925,71,1,260,-1,45000.0,9450.0,1200.0,55650.0
2916,1000003438,20250417,868,2,4,4,24696.0,5186.16,0.0,29882.16
2917,1000003439,20240826,1176,1,1798,-1,66960.0,14061.6,1200.0,82221.6
2918,1000003440,20250710,1423,1,714,-1,65268.0,13706.28,1500.0,80474.28
2919,1000003441,20241005,668,2,2,2,49500.0,10395.0,0.0,59895.0
2920,1000003442,20250717,655,1,476,-1,11400.0,2394.0,900.0,14694.0
2921,1000003443,20250514,292,1,2105,-1,37800.0,7938.0,1500.0,47238.0
2922,1000003444,20250507,712,2,4,4,12000.0,2520.0,0.0,14520.0
2923,1000003445,20240320,1421,1,2294,-1,59100.0,12411.0,1200.0,72711.0
2924,1000003447,20240113,576,2,4,4,23520.0,4939.2,0.0,28459.2
2925,1000003448,20250312,612,2,1,1,27585.0,5792.85,0.0,33377.85
2926,1000003449,20250314,227,2,4,4,12000.0,2520.0,0.0,14520.0
2927,1000003451,20240223,1498,1,2244,-1,30000.0,6300.0,900.0,37200.0
2928,1000003452,20250809,184,1,2888,-1,11760.0,2469.6,0.0,14229.6
2929,1000003453,20240810,88,1,2140,-1,22800.0,4788.0,0.0,27588.0
2930,1000003454,20250315,1321,1,890,-1,63180.0,13267.8,1500.0,77947.8
2931,1000003455,20250607,528,1,128,-1,31350.0,6583.5,1500.0,39433.5
2932,1000003456,20250809,1259,1,222,-1,10584.0,2222.64,900.0,13706.64
2933,1000003457,20250507,817,2,2,2,73122.0,15355.62,0.0,88477.62
2934,1000003458,20250924,85,2,4,4,89070.0,18704.7,0.0,107774.7
2935,1000003460,20240713,1386,1,3172,-1,24696.0,5186.16,1200.0,31082.16
2936,1000003461,20240601,514,1,118,-1,19440.0,4082.4,0.0,23522.4
2937,1000003462,20241202,1252,2,3,3,26235.0,5509.35,0.0,31744.35
2938,1000003463,20241122,1427,1,2518,-1,63600.0,13356.0,1500.0,78456.0
2939,1000003464,20250828,965,1,657,-1,21600.0,4536.0,900.0,27036.0
2940,1000003465,20250902,1139,1,570,-1,27000.0,5670.0,1200.0,33870.0
2941,1000003466,20240711,1197,2,3,3,34800.0,7308.0,0.0,42108.0
2942,1000003467,20250114,1252,1,1358,-1,43500.0,9135.0,900.0,53535.0
2943,1000003468,20240710,976,2,4,4,48510.0,10187.1,0.0,58697.1
2944,1000003470,20240918,1301,1,3019,-1,21168.0,4445.28,0.0,25613.28
2945,1000003471,20240801,331,1,1237,-1,21600.0,4536.0,1200.0,27336.0
2946,1000003472,20240425,219,1,509,-1,47250.0,9922.5,1200.0,58372.5
2947,1000003473,20240428,422,2,1,1,44550.0,9355.5,0.0,53905.5
2948,1000003474,20240926,181,1,989,-1,27930.0,5865.3,0.0,33795.3
2949,1000003475,20241021,1073,1,1380,-1,14850.0,3118.5,1200.0,19168.5
2950,1000003476,20241019,1362,1,2029,-1,28350.0,5953.5,1500.0,35803.5
2951,1000003477,20240831,1436,2,3,3,26400.0,5544.0,0.0,31944.0
2952,1000003478,20240405,364,1,162,-1,25650.0,5386.5,1200.0,32236.5
2953,1000003479,20240122,343,1,184,-1,32400.0,6804.0,1200.0,40404.0
2954,1000003480,20240308,1044,1,141,-1,12150.0,2551.5,0.0,14701.5
2955,1000003481,20240514,805,2,4,4,59310.0,12455.1,0.0,71765.1
2956,1000003484,20241012,728,1,3022,-1,31500.0,6615.0,1500.0,39615.0
2957,1000003485,20250601,688,2,1,1,21600.0,4536.0,0.0,26136.0
2958,1000003486,20240617,831,1,1252,-1,42750.0,8977.5,900.0,52627.5
2959,1000003487,20250813,744,1,436,-1,29925.0,6284.25,1500.0,37709.25
2960,1000003488,20240930,1371,2,2,2,60603.0,12726.63,0.0,73329.63
2961,1000003489,20240304,167,1,3085,-1,12348.0,2593.08,900.0,15841.08
2962,1000003491,20241129,580,1,2016,-1,12000.0,2520.0,900.0,15420.0
2963,1000003492,20240105,117,2,1,1,9720.0,2041.2,0.0,11761.2
2964,1000003493,20250928,1264,1,2120,-1,40500.0,8505.0,900.0,49905.0
2965,1000003495,20240508,671,1,1942,-1,22020.0,4624.2,900.0,27544.2
2966,1000003496,20240403,94,1,648,-1,47400.0,9954.0,0.0,57354.0
2967,1000003497,20240620,390,2,4,4,27000.0,5670.0,0.0,32670.0
2968,1000003498,20250102,305,1,63,-1,26250.0,5512.5,1200.0,32962.5
2969,1000003499,20241124,400,1,968,-1,35760.0,7509.6,1200.0,44469.6
2970,1000003500,20240312,396,1,996,-1,42750.0,8977.5,1200.0,52927.5
2971,1000003501,20241225,1168,1,1629,-1,29250.0,6142.5,900.0,36292.5
2972,1000003502,20250211,655,2,3,3,68400.0,14364.0,0.0,82764.0
2973,1000003503,20250702,343,1,2693,-1,26970.0,5663.7,900.0,33533.7
2974,1000003506,20240217,1028,2,3,3,26460.0,5556.6,0.0,32016.6
2975,1000003507,20240508,585,2,1,1,21600.0,4536.0,0.0,26136.0
2976,1000003508,20250524,1294,1,1558,-1,15000.0,3150.0,900.0,19050.0
2977,1000003509,20241011,455,2,4,4,14175.0,2976.75,0.0,17151.75
2978,1000003510,20250919,1141,2,1,1,38475.0,8079.75,0.0,46554.75
2979,1000003511,20250810,376,2,2,2,13500.0,2835.0,0.0,16335.0
2980,1000003512,20240518,1154,1,3000,-1,34104.0,7161.84,1200.0,42465.84
2981,1000003515,20240301,1002,2,3,3,80887.5,16986.38,0.0,97873.88
2982,1000003516,20240830,924,1,2238,-1,22800.0,4788.0,0.0,27588.0
2983,1000003517,20250619,1309,2,1,1,14250.0,2992.5,0.0,17242.5
2984,1000003518,20250602,1212,2,4,4,13500.0,2835.0,0.0,16335.0
2985,1000003519,20250706,974,2,2,2,35280.0,7408.8,0.0,42688.8
2986,1000003520,20240507,1154,2,1,1,45540.0,9563.4,0.0,55103.4
2987,1000003524,20250726,77,1,2091,-1,49162.5,10324.12,1200.0,60686.62
2988,1000003525,20240224,1399,2,1,1,15000.0,3150.0,0.0,18150.0
2989,1000003527,20250819,160,2,2,2,20520.0,4309.2,0.0,24829.2
2990,1000003528,20240818,555,1,936,-1,53190.0,11169.9,900.0,65259.9
2991,1000003530,20240306,1187,2,4,4,16170.0,3395.7,0.0,19565.7
2992,1000003531,20250903,1329,1,2518,-1,12000.0,2520.0,900.0,15420.0
2993,1000003532,20250813,1231,1,2385,-1,100560.0,21117.6,0.0,121677.6
2994,1000003534,20250222,1336,2,1,1,49500.0,10395.0,0.0,59895.0
2995,1000003535,20240227,243,2,1,1,31860.0,6690.6,0.0,38550.6
2996,1000003537,20240218,791,1,496,-1,57712.5,12119.62,900.0,70732.12
2997,1000003538,20250506,580,1,3056,-1,14700.0,3087.0,1200.0,18987.0
2998,1000003539,20241208,121,2,3,3,42525.0,8930.25,0.0,51455.25
2999,1000003540,20250715,1130,2,4,4,30000.0,6300.0,0.0,36300.0
3000,1000003541,20240525,1275,2,4,4,66900.0,14049.0,0.0,80949.0
3001,1000003543,20241013,171,2,3,3,21168.0,4445.28,0.0,25613.28
3002,1000003544,20250525,132,2,1,1,44550.0,9355.5,0.0,53905.5
3003,1000003545,20250117,889,2,3,3,36690.0,7704.9,0.0,44394.9
3004,1000003546,20240216,640,1,1814,-1,30780.0,6463.8,900.0,38143.8
3005,1000003547,20250524,841,1,22,-1,40500.0,8505.0,1200.0,50205.0
3006,1000003549,20241103,1319,1,2845,-1,21600.0,4536.0,1200.0,27336.0
3007,1000003550,20250107,580,1,2315,-1,14700.0,3087.0,900.0,18687.0
3008,1000003551,20241015,589,1,3068,-1,12600.0,2646.0,1200.0,16446.0
3009,1000003553,20240409,867,1,528,-1,38475.0,8079.75,900.0,47454.75
3010,1000003554,20240923,250,1,3162,-1,12825.0,2693.25,1500.0,17018.25
3011,1000003555,20250501,1215,1,1711,-1,14700.0,3087.0,0.0,17787.0
3012,1000003556,20240417,1363,2,4,4,11880.0,2494.8,0.0,14374.8
3013,1000003557,20250629,589,1,1928,-1,55620.0,11680.2,900.0,68200.2
3014,1000003558,20240519,1462,1,2377,-1,29160.0,6123.6,900.0,36183.6
3015,1000003559,20250622,837,2,4,4,40500.0,8505.0,0.0,49005.0
3016,1000003560,20241208,1210,2,1,1,34200.0,7182.0,0.0,41382.0
3017,1000003561,20241126,370,2,3,3,19440.0,4082.4,0.0,23522.4
3018,1000003562,20250803,1474,2,4,4,62952.0,13219.92,0.0,76171.92
3019,1000003563,20241122,294,2,1,1,28350.0,5953.5,0.0,34303.5
3020,1000003564,20250515,1427,1,2099,-1,28500.0,5985.0,900.0,35385.0
3021,1000003565,20240611,119,1,2492,-1,54675.0,11481.75,1500.0,67656.75
3022,1000003566,20240103,485,1,2874,-1,40500.0,8505.0,0.0,49005.0
3023,1000003567,20240130,583,2,4,4,54096.0,11360.16,0.0,65456.16
3024,1000003568,20250421,1463,1,1622,-1,11400.0,2394.0,900.0,14694.0
3025,1000003569,20250402,160,1,908,-1,28500.0,5985.0,0.0,34485.0
3026,1000003571,20240806,727,2,1,1,31752.0,6667.92,0.0,38419.92
3027,1000003572,20240503,590,1,3158,-1,45000.0,9450.0,1200.0,55650.0
3028,1000003573,20241021,443,1,2024,-1,29400.0,6174.0,900.0,36474.0
3029,1000003574,20240317,705,1,1878,-1,15435.0,3241.35,900.0,19576.35
3030,1000003575,20250511,188,1,2062,-1,14250.0,2992.5,1200.0,18442.5
3031,1000003576,20240413,1097,2,4,4,34200.0,7182.0,0.0,41382.0
3032,1000003577,20250219,1328,2,4,4,14700.0,3087.0,0.0,17787.0
3033,1000003578,20240103,304,2,3,3,25200.0,5292.0,0.0,30492.0
3034,1000003580,20240502,1116,1,1869,-1,11760.0,2469.6,1200.0,15429.6
3035,1000003581,20250315,1219,1,867,-1,48510.0,10187.1,1500.0,60197.1
3036,1000003582,20250120,1134,1,907,-1,14700.0,3087.0,1500.0,19287.0
3037,1000003583,20240301,1074,2,4,4,49200.0,10332.0,0.0,59532.0
3038,1000003584,20250522,350,1,2061,-1,25872.0,5433.12,900.0,32205.12
3039,1000003586,20250217,1176,2,4,4,54630.0,11472.3,0.0,66102.3
3040,1000003587,20240227,1367,1,407,-1,45000.0,9450.0,900.0,55350.0
3041,1000003589,20250625,844,1,1097,-1,44100.0,9261.0,900.0,54261.0
3042,1000003590,20250607,671,1,2775,-1,35280.0,7408.8,900.0,43588.8
3043,1000003591,20240813,407,1,2310,-1,19440.0,4082.4,900.0,24422.4
3044,1000003593,20241018,327,2,2,2,15435.0,3241.35,0.0,18676.35
3045,1000003594,20240628,199,1,2756,-1,55272.0,11607.12,900.0,67779.12
3046,1000003595,20241224,1409,1,1076,-1,60270.0,12656.7,900.0,73826.7
3047,1000003596,20240229,949,2,2,2,49980.0,10495.8,0.0,60475.8
3048,1000003597,20241106,900,1,1115,-1,42750.0,8977.5,900.0,52627.5
3049,1000003598,20240307,932,2,1,1,30000.0,6300.0,0.0,36300.0
3050,1000003599,20240115,683,2,1,1,47025.0,9875.25,0.0,56900.25
3051,1000003601,20240907,505,1,156,-1,42750.0,8977.5,900.0,52627.5
3052,1000003603,20240106,535,1,1935,-1,14250.0,2992.5,900.0,18142.5
3053,1000003604,20241019,446,1,550,-1,57600.0,12096.0,1200.0,70896.0
3054,1000003607,20241107,1469,2,2,2,22800.0,4788.0,0.0,27588.0
3055,1000003608,20250228,86,1,942,-1,39600.0,8316.0,900.0,48816.0
3056,1000003610,20240813,199,1,900,-1,65205.0,13693.05,900.0,79798.05
3057,1000003612,20240215,105,2,1,1,41250.0,8662.5,0.0,49912.5
3058,1000003613,20240426,698,1,2474,-1,23520.0,4939.2,0.0,28459.2
3059,1000003614,20240228,1236,1,2872,-1,23520.0,4939.2,1200.0,29659.2
3060,1000003615,20241228,1305,1,1106,-1,23940.0,5027.4,900.0,29867.4
3061,1000003616,20250605,1262,1,254,-1,52500.0,11025.0,900.0,64425.0
3062,1000003617,20241228,1325,2,4,4,44887.5,9426.38,0.0,54313.88
3063,1000003619,20250922,1322,1,84,-1,28350.0,5953.5,1200.0,35503.5
3064,1000003621,20240719,1092,2,2,2,27000.0,5670.0,0.0,32670.0
3065,1000003622,20240329,279,1,3068,-1,29700.0,6237.0,1200.0,37137.0
3066,1000003623,20240107,1277,2,1,1,21600.0,4536.0,0.0,26136.0
3067,1000003624,20250706,983,2,3,3,11760.0,2469.6,0.0,14229.6
3068,1000003625,20240319,1300,1,2080,-1,29925.0,6284.25,0.0,36209.25
3069,1000003627,20240624,496,1,1963,-1,22800.0,4788.0,1500.0,29088.0
3070,1000003628,20240808,657,1,525,-1,35910.0,7541.1,0.0,43451.1
3071,1000003629,20250114,277,1,1483,-1,10800.0,2268.0,0.0,13068.0
3072,1000003630,20240925,523,1,744,-1,36000.0,7560.0,1200.0,44760.0
3073,1000003631,20241111,126,1,283,-1,29400.0,6174.0,900.0,36474.0
3074,1000003633,20250111,358,2,4,4,12000.0,2520.0,0.0,14520.0
3075,1000003634,20240327,637,1,1692,-1,32400.0,6804.0,1200.0,40404.0
3076,1000003635,20240831,691,2,2,2,34020.0,7144.2,0.0,41164.2
3077,1000003636,20241110,380,2,4,4,78030.0,16386.3,0.0,94416.3
3078,1000003637,20240827,1253,1,368,-1,22560.0,4737.6,900.0,28197.6
3079,1000003639,20250225,1188,1,234,-1,42750.0,8977.5,1500.0,53227.5
3080,1000003640,20250815,1354,1,1323,-1,15000.0,3150.0,900.0,19050.0
3081,1000003641,20240928,1109,2,2,2,38808.0,8149.68,0.0,46957.68
3082,1000003642,20240911,1399,2,1,1,36750.0,7717.5,0.0,44467.5
3083,1000003643,20240512,672,2,1,1,41460.0,8706.6,0.0,50166.6
3084,1000003644,20240419,1351,2,1,1,76350.0,16033.5,0.0,92383.5
3085,1000003646,20240618,1288,2,3,3,28350.0,5953.5,0.0,34303.5
3086,1000003647,20240711,542,1,2243,-1,46305.0,9724.05,1200.0,57229.05
3087,1000003648,20250919,205,1,2420,-1,49020.0,10294.2,1200.0,60514.2
3088,1000003649,20240423,421,1,1182,-1,12600.0,2646.0,1200.0,16446.0
3089,1000003650,20240825,433,1,2925,-1,66870.0,14042.7,1200.0,82112.7
3090,1000003652,20240208,556,2,4,4,34200.0,7182.0,0.0,41382.0
3091,1000003653,20250412,1225,1,709,-1,24000.0,5040.0,1500.0,30540.0
3092,1000003654,20240812,1326,1,2759,-1,56400.0,11844.0,1200.0,69444.0
3093,1000003658,20240608,400,2,2,2,24000.0,5040.0,0.0,29040.0
3094,1000003660,20240311,833,1,1804,-1,61500.0,12915.0,1500.0,75915.0
3095,1000003662,20240917,291,2,4,4,36000.0,7560.0,0.0,43560.0
3096,1000003663,20250701,727,1,2206,-1,14250.0,2992.5,900.0,18142.5
3097,1000003664,20241226,587,2,3,3,42750.0,8977.5,0.0,51727.5
3098,1000003665,20241202,448,2,2,2,13500.0,2835.0,0.0,16335.0
3099,1000003666,20240604,1144,2,1,1,48300.0,10143.0,0.0,58443.0
3100,1000003669,20240522,1203,1,2602,-1,32400.0,6804.0,1200.0,40404.0
3101,1000003670,20240319,377,2,1,1,41400.0,8694.0,0.0,50094.0
3102,1000003671,20240331,991,1,2865,-1,37800.0,7938.0,900.0,46638.0
3103,1000003673,20250328,1155,2,4,4,11760.0,2469.6,0.0,14229.6
3104,1000003674,20240325,46,2,3,3,37044.0,7779.24,0.0,44823.24
3105,1000003675,20241011,1102,1,1612,-1,11340.0,2381.4,1200.0,14921.4
3106,1000003677,20241224,429,1,830,-1,55200.0,11592.0,1200.0,67992.0
3107,1000003678,20240724,1106,2,2,2,32400.0,6804.0,0.0,39204.0
3108,1000003679,20240909,1067,1,2637,-1,10260.0,2154.6,1200.0,13614.6
3109,1000003680,20240119,125,1,382,-1,14700.0,3087.0,900.0,18687.0
3110,1000003681,20250830,352,1,2832,-1,13230.0,2778.3,1200.0,17208.3
3111,1000003682,20240305,592,2,2,2,12540.0,2633.4,0.0,15173.4
3112,1000003683,20240216,231,2,1,1,35910.0,7541.1,0.0,43451.1
3113,1000003685,20250205,622,1,282,-1,23520.0,4939.2,1200.0,29659.2
3114,1000003686,20250201,971,2,2,2,78750.0,16537.5,0.0,95287.5
3115,1000003687,20241017,724,2,4,4,31752.0,6667.92,0.0,38419.92
3116,1000003688,20250221,150,1,2642,-1,21168.0,4445.28,1200.0,26813.28
3117,1000003689,20240602,683,1,2740,-1,25200.0,5292.0,900.0,31392.0
3118,1000003690,20240930,1219,1,493,-1,63390.0,13311.9,1200.0,77901.9
3119,1000003691,20240125,71,1,495,-1,15675.0,3291.75,1200.0,20166.75
3120,1000003693,20250104,937,2,3,3,29700.0,6237.0,0.0,35937.0
3121,1000003694,20240617,1122,1,226,-1,26460.0,5556.6,900.0,32916.6
3122,1000003695,20250707,1380,1,921,-1,108000.0,22680.0,1200.0,131880.0
3123,1000003696,20241127,910,2,3,3,34020.0,7144.2,0.0,41164.2
3124,1000003697,20250103,787,1,22,-1,37044.0,7779.24,1200.0,46023.24
3125,1000003699,20250529,86,1,1476,-1,26400.0,5544.0,900.0,32844.0
3126,1000003700,20250126,938,2,4,4,14250.0,2992.5,0.0,17242.5
3127,1000003701,20240419,1058,2,4,4,12000.0,2520.0,0.0,14520.0
3128,1000003702,20240310,414,2,2,2,41700.0,8757.0,0.0,50457.0
3129,1000003703,20240909,166,1,403,-1,22800.0,4788.0,900.0,28488.0
3130,1000003704,20241230,1427,2,3,3,37620.0,7900.2,0.0,45520.2
3131,1000003705,20240509,362,2,4,4,14250.0,2992.5,0.0,17242.5
3132,1000003706,20240801,1491,1,2349,-1,72637.5,15253.88,1200.0,89091.38
3133,1000003707,20250202,465,1,1390,-1,21600.0,4536.0,900.0,27036.0
3134,1000003708,20250131,724,2,3,3,33000.0,6930.0,0.0,39930.0
3135,1000003709,20240911,1342,1,51,-1,28500.0,5985.0,1500.0,35985.0
3136,1000003710,20250830,244,2,2,2,35280.0,7408.8,0.0,42688.8
3137,1000003711,20240430,747,1,2066,-1,84600.0,17766.0,1200.0,103566.0
3138,1000003712,20250113,1225,1,326,-1,31860.0,6690.6,900.0,39450.6
3139,1000003714,20250216,831,1,111,-1,65700.0,13797.0,1200.0,80697.0
3140,1000003716,20250220,666,1,1340,-1,13200.0,2772.0,1500.0,17472.0
3141,1000003718,20250817,841,1,2456,-1,24000.0,5040.0,1200.0,30240.0
3142,1000003719,20250224,1412,1,768,-1,11760.0,2469.6,1500.0,15729.6
3143,1000003721,20241114,362,1,1359,-1,47100.0,9891.0,0.0,56991.0
3144,1000003722,20241128,1009,1,2432,-1,44880.0,9424.8,900.0,55204.8
3145,1000003723,20250402,830,1,1650,-1,34020.0,7144.2,0.0,41164.2
3146,1000003725,20250430,504,1,2713,-1,21168.0,4445.28,1500.0,27113.28
3147,1000003726,20250629,1093,2,4,4,35640.0,7484.4,0.0,43124.4
3148,1000003728,20241108,657,1,881,-1,11760.0,2469.6,0.0,14229.6
3149,1000003729,20250330,965,1,3182,-1,61230.0,12858.3,1200.0,75288.3
3150,1000003731,20240513,457,1,403,-1,53520.0,11239.2,900.0,65659.2
3151,1000003732,20241029,958,1,568,-1,52380.0,10999.8,900.0,64279.8
3152,1000003733,20240526,725,1,1731,-1,66120.0,13885.2,1200.0,81205.2
3153,1000003734,20240131,256,2,2,2,42750.0,8977.5,0.0,51727.5
3154,1000003735,20240426,919,2,2,2,13230.0,2778.3,0.0,16008.3
3155,1000003736,20240922,292,2,3,3,21600.0,4536.0,0.0,26136.0
3156,1000003737,20241204,1377,1,785,-1,13230.0,2778.3,900.0,16908.3
3157,1000003738,20250202,290,1,689,-1,12000.0,2520.0,1200.0,15720.0
3158,1000003739,20250622,1273,1,2258,-1,45000.0,9450.0,1200.0,55650.0
3159,1000003740,20250703,1056,2,2,2,14250.0,2992.5,0.0,17242.5
3160,1000003741,20241028,601,1,238,-1,56160.0,11793.6,900.0,68853.6
3161,1000003742,20240806,1500,1,2499,-1,40500.0,8505.0,1500.0,50505.0
3162,1000003743,20240516,1241,1,893,-1,39690.0,8334.9,1200.0,49224.9
3163,1000003744,20241204,874,2,3,3,21168.0,4445.28,0.0,25613.28
3164,1000003745,20241124,911,1,1811,-1,44100.0,9261.0,1200.0,54561.0
3165,1000003746,20250223,910,1,1304,-1,21168.0,4445.28,900.0,26513.28
3166,1000003747,20250326,1089,2,2,2,61800.0,12978.0,0.0,74778.0
3167,1000003748,20240323,855,1,266,-1,42525.0,8930.25,1200.0,52655.25
3168,1000003750,20241009,738,2,1,1,27000.0,5670.0,0.0,32670.0
3169,1000003751,20241203,1043,1,972,-1,27000.0,5670.0,900.0,33570.0
3170,1000003753,20240625,77,1,1258,-1,78000.0,16380.0,900.0,95280.0
3171,1000003754,20250531,1067,1,286,-1,29400.0,6174.0,0.0,35574.0
3172,1000003755,20240107,387,1,221,-1,32670.0,6860.7,900.0,40430.7
3173,1000003756,20241222,942,2,1,1,14175.0,2976.75,0.0,17151.75
3174,1000003757,20250313,863,2,1,1,40500.0,8505.0,0.0,49005.0
3175,1000003758,20250716,1368,2,2,2,80280.0,16858.8,0.0,97138.8
3176,1000003759,20250328,722,1,1785,-1,40500.0,8505.0,1500.0,50505.0
3177,1000003760,20250504,168,1,2409,-1,22800.0,4788.0,1200.0,28788.0
3178,1000003761,20240830,625,1,1413,-1,12540.0,2633.4,0.0,15173.4
3179,1000003762,20240425,1021,1,2618,-1,42750.0,8977.5,0.0,51727.5
3180,1000003763,20240626,739,1,1829,-1,55950.0,11749.5,1500.0,69199.5
3181,1000003764,20250504,1362,1,2572,-1,40500.0,8505.0,900.0,49905.0
3182,1000003765,20250206,921,1,1269,-1,30780.0,6463.8,1200.0,38443.8
3183,1000003766,20250406,1071,2,2,2,36000.0,7560.0,0.0,43560.0
3184,1000003767,20240501,759,1,980,-1,56400.0,11844.0,900.0,69144.0
3185,1000003768,20250513,285,1,1647,-1,26460.0,5556.6,900.0,32916.6
3186,1000003770,20250617,1377,1,2173,-1,44400.0,9324.0,1500.0,55224.0
3187,1000003771,20240504,278,2,2,2,11400.0,2394.0,0.0,13794.0
3188,1000003772,20250817,519,2,2,2,13500.0,2835.0,0.0,16335.0
3189,1000003773,20240904,1476,1,2918,-1,14700.0,3087.0,1200.0,18987.0
3190,1000003775,20240119,820,1,1072,-1,14250.0,2992.5,900.0,18142.5
3191,1000003776,20240819,1140,1,1546,-1,11760.0,2469.6,1200.0,15429.6
3192,1000003777,20240907,382,2,1,1,27000.0,5670.0,0.0,32670.0
3193,1000003778,20240402,246,1,818,-1,34200.0,7182.0,1500.0,42882.0
3194,1000003779,20250623,798,1,1755,-1,34200.0,7182.0,1200.0,42582.0
3195,1000003781,20250220,1454,1,2615,-1,37800.0,7938.0,900.0,46638.0
3196,1000003782,20240822,488,2,3,3,11400.0,2394.0,0.0,13794.0
3197,1000003783,20250121,1116,1,827,-1,56925.0,11954.25,1500.0,70379.25
3198,1000003784,20241016,15,1,512,-1,40080.0,8416.8,900.0,49396.8
3199,1000003785,20250817,332,2,1,1,43800.0,9198.0,0.0,52998.0
3200,1000003787,20250716,238,1,2785,-1,73500.0,15435.0,1200.0,90135.0
3201,1000003788,20240328,66,2,2,2,35280.0,7408.8,0.0,42688.8
3202,1000003789,20250712,407,1,1386,-1,40500.0,8505.0,1200.0,50205.0
3203,1000003791,20240828,553,2,1,1,45000.0,9450.0,0.0,54450.0
3204,1000003792,20240421,533,1,390,-1,41400.0,8694.0,900.0,50994.0
3205,1000003793,20241211,332,1,907,-1,14700.0,3087.0,1200.0,18987.0
3206,1000003794,20250410,730,1,708,-1,57510.0,12077.1,1200.0,70787.1
3207,1000003795,20240821,615,2,3,3,44100.0,9261.0,0.0,53361.0
3208,1000003796,20240430,1274,1,1883,-1,28500.0,5985.0,900.0,35385.0
3209,1000003797,20250226,1275,2,2,2,15750.0,3307.5,0.0,19057.5
3210,1000003798,20240426,595,2,3,3,42750.0,8977.5,0.0,51727.5
3211,1000003799,20250925,1086,1,2673,-1,14700.0,3087.0,900.0,18687.0
3212,1000003800,20250527,945,1,2442,-1,31968.0,6713.28,900.0,39581.28
3213,1000003801,20240507,1296,2,4,4,36840.0,7736.4,0.0,44576.4
3214,1000003802,20250928,1467,1,2758,-1,12936.0,2716.56,1200.0,16852.56
3215,1000003803,20250523,468,1,1726,-1,77175.0,16206.75,900.0,94281.75
3216,1000003804,20240217,23,2,1,1,14250.0,2992.5,0.0,17242.5
3217,1000003805,20241219,175,2,1,1,44700.0,9387.0,0.0,54087.0
3218,1000003806,20241128,1157,1,3068,-1,78300.0,16443.0,900.0,95643.0
3219,1000003807,20250524,481,1,1562,-1,37620.0,7900.2,900.0,46420.2
3220,1000003808,20241223,975,1,648,-1,100560.0,21117.6,900.0,122577.6
3221,1000003810,20241003,586,1,361,-1,35280.0,7408.8,1200.0,43888.8
3222,1000003811,20250422,1407,1,1302,-1,35280.0,7408.8,0.0,42688.8
3223,1000003813,20241018,1446,1,2452,-1,55800.0,11718.0,900.0,68418.0
3224,1000003814,20250504,1298,1,1173,-1,30000.0,6300.0,1200.0,37500.0
3225,1000003816,20250910,668,1,308,-1,45000.0,9450.0,1200.0,55650.0
3226,1000003817,20240709,1294,1,441,-1,35280.0,7408.8,1500.0,44188.8
3227,1000003818,20250125,266,1,1266,-1,36000.0,7560.0,1500.0,45060.0
3228,1000003819,20240102,1323,2,2,2,40500.0,8505.0,0.0,49005.0
3229,1000003821,20240215,306,1,223,-1,37620.0,7900.2,1500.0,47020.2
3230,1000003822,20240822,850,1,257,-1,36750.0,7717.5,1200.0,45667.5
3231,1000003823,20240511,732,2,3,3,10800.0,2268.0,0.0,13068.0
3232,1000003824,20240921,961,1,1365,-1,26460.0,5556.6,900.0,32916.6
3233,1000003825,20240413,193,2,3,3,111150.0,23341.5,0.0,134491.5
3234,1000003826,20240731,345,1,577,-1,32400.0,6804.0,900.0,40104.0
3235,1000003827,20240821,92,1,1275,-1,36000.0,7560.0,0.0,43560.0
3236,1000003828,20240427,313,2,4,4,15000.0,3150.0,0.0,18150.0
3237,1000003829,20240725,99,2,3,3,73800.0,15498.0,0.0,89298.0
3238,1000003830,20240705,1270,1,1545,-1,34200.0,7182.0,900.0,42282.0
3239,1000003831,20250713,919,2,4,4,15000.0,3150.0,0.0,18150.0
3240,1000003832,20250915,1343,1,1613,-1,23760.0,4989.6,900.0,29649.6
3241,1000003833,20250331,424,1,1509,-1,66450.0,13954.5,0.0,80404.5
3242,1000003834,20240302,884,1,639,-1,34200.0,7182.0,1500.0,42882.0
3243,1000003835,20241130,1398,1,711,-1,34020.0,7144.2,1500.0,42664.2
3244,1000003837,20250106,1285,1,3127,-1,34200.0,7182.0,1200.0,42582.0
3245,1000003838,20240507,120,1,1669,-1,11880.0,2494.8,1200.0,15574.8
3246,1000003839,20250830,1449,2,1,1,21600.0,4536.0,0.0,26136.0
3247,1000003840,20240330,814,1,494,-1,24900.0,5229.0,900.0,31029.0
3248,1000003841,20240313,462,2,2,2,56880.0,11944.8,0.0,68824.8
3249,1000003842,20241217,127,1,1982,-1,23940.0,5027.4,900.0,29867.4
3250,1000003843,20240323,509,2,2,2,47400.0,9954.0,0.0,57354.0
3251,1000003845,20241117,199,1,2465,-1,80550.0,16915.5,1500.0,98965.5
3252,1000003846,20250212,320,1,1687,-1,64020.0,13444.2,900.0,78364.2
3253,1000003847,20241123,471,2,2,2,48510.0,10187.1,0.0,58697.1
3254,1000003848,20250914,927,1,2123,-1,12000.0,2520.0,1200.0,15720.0
3255,1000003849,20241228,1353,2,4,4,49635.0,10423.35,0.0,60058.35
3256,1000003850,20240421,1307,1,26,-1,52920.0,11113.2,900.0,64933.2
3257,1000003851,20240923,506,2,2,2,39510.0,8297.1,0.0,47807.1
3258,1000003852,20240330,575,2,1,1,32400.0,6804.0,0.0,39204.0
3259,1000003853,20250410,79,2,1,1,31752.0,6667.92,0.0,38419.92
3260,1000003854,20250131,1118,1,218,-1,22800.0,4788.0,1200.0,28788.0
3261,1000003855,20240118,735,1,2419,-1,34200.0,7182.0,0.0,41382.0
3262,1000003857,20250427,1078,1,863,-1,11400.0,2394.0,0.0,13794.0
3263,1000003858,20240518,1142,1,1331,-1,15000.0,3150.0,900.0,19050.0
3264,1000003859,20240505,474,2,1,1,15000.0,3150.0,0.0,18150.0
3265,1000003861,20241020,970,2,1,1,36000.0,7560.0,0.0,43560.0
3266,1000003862,20240317,962,2,1,1,39690.0,8334.9,0.0,48024.9
3267,1000003863,20241201,1224,2,1,1,10800.0,2268.0,0.0,13068.0
3268,1000003864,20250121,1330,1,1351,-1,45600.0,9576.0,1200.0,56376.0
3269,1000003865,20250811,1121,2,2,2,30000.0,6300.0,0.0,36300.0
3270,1000003867,20240827,530,1,1933,-1,22800.0,4788.0,1200.0,28788.0
3271,1000003868,20241222,793,2,2,2,37044.0,7779.24,0.0,44823.24
3272,1000003869,20240409,348,2,2,2,26460.0,5556.6,0.0,32016.6
3273,1000003870,20241007,621,1,1094,-1,56850.0,11938.5,1500.0,70288.5
3274,1000003874,20240620,613,1,393,-1,28500.0,5985.0,1200.0,35685.0
3275,1000003875,20250331,1101,2,1,1,14700.0,3087.0,0.0,17787.0
3276,1000003876,20240605,154,1,1244,-1,39396.0,8273.16,1200.0,48869.16
3277,1000003877,20240616,558,1,694,-1,12150.0,2551.5,900.0,15601.5
3278,1000003878,20241009,373,1,2256,-1,56400.0,11844.0,900.0,69144.0
3279,1000003879,20250124,1385,1,2185,-1,13500.0,2835.0,1200.0,17535.0
3280,1000003880,20240826,1235,2,2,2,46650.0,9796.5,0.0,56446.5
3281,1000003881,20240822,346,1,842,-1,34200.0,7182.0,1200.0,42582.0
3282,1000003883,20240324,1072,2,1,1,45000.0,9450.0,0.0,54450.0
3283,1000003884,20240426,59,1,1700,-1,44100.0,9261.0,1200.0,54561.0
3284,1000003885,20250415,748,1,1470,-1,36000.0,7560.0,1200.0,44760.0
3285,1000003886,20240111,1433,2,2,2,44100.0,9261.0,0.0,53361.0
3286,1000003887,20240422,172,2,2,2,77220.0,16216.2,0.0,93436.2
3287,1000003888,20241113,380,1,85,-1,47880.0,10054.8,900.0,58834.8
3288,1000003889,20250515,1245,1,896,-1,29400.0,6174.0,900.0,36474.0
3289,1000003890,20241206,345,1,468,-1,34200.0,7182.0,0.0,41382.0
3290,1000003891,20250607,1237,1,362,-1,14250.0,2992.5,1200.0,18442.5
3291,1000003892,20250207,190,2,4,4,15000.0,3150.0,0.0,18150.0
3292,1000003894,20250719,1423,1,2914,-1,28500.0,5985.0,900.0,35385.0
3293,1000003896,20250902,615,1,2565,-1,46800.0,9828.0,1200.0,57828.0
3294,1000003897,20240316,1481,2,3,3,21600.0,4536.0,0.0,26136.0
3295,1000003898,20240914,657,2,4,4,21168.0,4445.28,0.0,25613.28
3296,1000003899,20250313,1304,2,4,4,42750.0,8977.5,0.0,51727.5
3297,1000003900,20250906,1438,2,2,2,66168.0,13895.28,0.0,80063.28
3298,1000003901,20240705,1275,2,1,1,31350.0,6583.5,0.0,37933.5
3299,1000003902,20250201,1251,2,4,4,29400.0,6174.0,0.0,35574.0
3300,1000003903,20250724,439,1,2053,-1,39660.0,8328.6,900.0,48888.6
3301,1000003905,20241206,385,2,1,1,14250.0,2992.5,0.0,17242.5
3302,1000003906,20250104,1163,2,1,1,20520.0,4309.2,0.0,24829.2
3303,1000003907,20240915,91,1,2738,-1,75180.0,15787.8,1200.0,92167.8
3304,1000003908,20250120,79,1,2342,-1,10800.0,2268.0,900.0,13968.0
3305,1000003909,20240206,724,1,3093,-1,45000.0,9450.0,900.0,55350.0
3306,1000003910,20250512,602,1,429,-1,25650.0,5386.5,1200.0,32236.5
3307,1000003911,20250417,299,2,3,3,29400.0,6174.0,0.0,35574.0
3308,1000003912,20250710,879,1,1538,-1,12000.0,2520.0,1200.0,15720.0
3309,1000003915,20240912,620,1,2492,-1,12825.0,2693.25,900.0,16418.25
3310,1000003916,20250816,521,1,2813,-1,40500.0,8505.0,900.0,49905.0
3311,1000003917,20241028,257,2,4,4,40500.0,8505.0,0.0,49005.0
3312,1000003918,20250505,309,2,4,4,31752.0,6667.92,0.0,38419.92
3313,1000003919,20250405,974,2,4,4,43575.0,9150.75,0.0,52725.75
3314,1000003920,20250605,308,2,1,1,21600.0,4536.0,0.0,26136.0
3315,1000003921,20241030,1418,1,311,-1,42750.0,8977.5,1500.0,53227.5
3316,1000003923,20241120,858,1,489,-1,23520.0,4939.2,900.0,29359.2
3317,1000003924,20240622,41,2,2,2,30780.0,6463.8,0.0,37243.8
3318,1000003925,20240302,115,2,1,1,45000.0,9450.0,0.0,54450.0
3319,1000003926,20250610,546,1,466,-1,54096.0,11360.16,1200.0,66656.16
3320,1000003933,20240110,1221,2,3,3,47250.0,9922.5,0.0,57172.5
3321,1000003934,20240103,868,2,1,1,22800.0,4788.0,0.0,27588.0
3322,1000003935,20241030,817,1,505,-1,30000.0,6300.0,1200.0,37500.0
3323,1000003936,20250609,640,1,2477,-1,28500.0,5985.0,0.0,34485.0
3324,1000003937,20250526,991,1,2487,-1,29400.0,6174.0,900.0,36474.0
3325,1000003939,20240812,228,1,311,-1,26175.0,5496.75,900.0,32571.75
3326,1000003940,20250708,1021,2,2,2,20520.0,4309.2,0.0,24829.2
3327,1000003941,20240814,50,1,410,-1,36000.0,7560.0,1200.0,44760.0
3328,1000003942,20240203,949,2,2,2,45120.0,9475.2,0.0,54595.2
3329,1000003943,20241212,671,2,4,4,55050.0,11560.5,0.0,66610.5
3330,1000003944,20250426,449,1,2024,-1,25200.0,5292.0,900.0,31392.0
3331,1000003945,20241122,202,1,2871,-1,63750.0,13387.5,1200.0,78337.5
3332,1000003946,20241225,479,2,3,3,28500.0,5985.0,0.0,34485.0
3333,1000003947,20250418,204,1,3015,-1,11340.0,2381.4,1200.0,14921.4
3334,1000003948,20250621,539,2,2,2,32400.0,6804.0,0.0,39204.0
3335,1000003949,20240406,500,2,2,2,38475.0,8079.75,0.0,46554.75
3336,1000003950,20241223,1202,1,1218,-1,37620.0,7900.2,0.0,45520.2
3337,1000003951,20250607,1259,2,3,3,46080.0,9676.8,0.0,55756.8
3338,1000003952,20250419,397,2,4,4,44887.5,9426.38,0.0,54313.88
3339,1000003953,20241013,787,1,3006,-1,13500.0,2835.0,1200.0,17535.0
3340,1000003954,20240915,463,2,4,4,15000.0,3150.0,0.0,18150.0
3341,1000003955,20240607,1044,2,3,3,101484.0,21311.64,0.0,122795.64
3342,1000003957,20241211,485,1,2501,-1,51300.0,10773.0,1200.0,63273.0
3343,1000003958,20240920,1070,1,1332,-1,74235.0,15589.35,1200.0,91024.35
3344,1000003959,20241021,415,2,4,4,44550.0,9355.5,0.0,53905.5
3345,1000003961,20250226,1422,2,3,3,57960.0,12171.6,0.0,70131.6
3346,1000003963,20250928,742,1,2441,-1,25650.0,5386.5,1500.0,32536.5
3347,1000003965,20250403,15,1,2357,-1,29400.0,6174.0,1200.0,36774.0
3348,1000003966,20240113,76,1,2462,-1,32400.0,6804.0,1200.0,40404.0
3349,1000003967,20241217,935,1,784,-1,24000.0,5040.0,1200.0,30240.0
3350,1000003968,20250310,897,1,2318,-1,44100.0,9261.0,1200.0,54561.0
3351,1000003969,20240903,1265,2,2,2,25650.0,5386.5,0.0,31036.5
3352,1000003971,20240702,1149,1,3062,-1,15000.0,3150.0,900.0,19050.0
3353,1000003972,20240509,1285,1,2120,-1,34200.0,7182.0,1500.0,42882.0
3354,1000003973,20240111,1120,2,4,4,30870.0,6482.7,0.0,37352.7
3355,1000003974,20240908,42,1,2945,-1,44250.0,9292.5,900.0,54442.5
3356,1000003975,20240917,1127,1,3156,-1,42525.0,8930.25,900.0,52355.25
3357,1000003976,20250309,578,2,4,4,22800.0,4788.0,0.0,27588.0
3358,1000003977,20240816,28,1,821,-1,49500.0,10395.0,900.0,60795.0
3359,1000003978,20250112,1201,2,2,2,35640.0,7484.4,0.0,43124.4
3360,1000003979,20250923,1041,2,3,3,11760.0,2469.6,0.0,14229.6
3361,1000003980,20240225,210,1,2381,-1,54900.0,11529.0,1200.0,67629.0
3362,1000003981,20240203,649,2,4,4,94350.0,19813.5,0.0,114163.5
3363,1000003982,20250802,59,2,3,3,34200.0,7182.0,0.0,41382.0
3364,1000003983,20241007,167,2,4,4,31500.0,6615.0,0.0,38115.0
3365,1000003986,20241028,1382,2,4,4,23520.0,4939.2,0.0,28459.2
3366,1000003987,20250817,352,1,540,-1,25872.0,5433.12,0.0,31305.12
3367,1000003988,20240202,606,1,2422,-1,29400.0,6174.0,1200.0,36774.0
3368,1000003989,20240319,756,2,1,1,33720.0,7081.2,0.0,40801.2
3369,1000003990,20241012,1295,1,618,-1,62520.0,13129.2,900.0,76549.2
3370,1000003991,20240721,47,1,1717,-1,28500.0,5985.0,0.0,34485.0
3371,1000003992,20240824,901,2,4,4,37800.0,7938.0,0.0,45738.0
3372,1000003994,20250411,914,1,2680,-1,27000.0,5670.0,900.0,33570.0
3373,1000003995,20250101,1462,2,2,2,26460.0,5556.6,0.0,32016.6
3374,1000003996,20241005,164,2,2,2,48510.0,10187.1,0.0,58697.1
3375,1000003997,20241013,960,1,1513,-1,11760.0,2469.6,900.0,15129.6
3376,1000003998,20250219,1001,1,2051,-1,10260.0,2154.6,1500.0,13914.6
3377,1000003999,20250703,390,2,2,2,11400.0,2394.0,0.0,13794.0
3378,1000004000,20250812,1011,1,735,-1,40800.0,8568.0,900.0,50268.0
3379,1000004001,20240722,1369,1,2741,-1,35910.0,7541.1,900.0,44351.1
3380,1000004002,20250328,235,1,1504,-1,36000.0,7560.0,1500.0,45060.0
3381,1000004003,20250617,458,2,4,4,69000.0,14490.0,0.0,83490.0
3382,1000004004,20250515,1475,2,1,1,31752.0,6667.92,0.0,38419.92
3383,1000004005,20240104,609,1,2730,-1,11400.0,2394.0,900.0,14694.0
3384,1000004006,20250725,668,1,226,-1,36450.0,7654.5,0.0,44104.5
3385,1000004007,20240430,789,2,1,1,24000.0,5040.0,0.0,29040.0
3386,1000004008,20250727,279,2,1,1,11340.0,2381.4,0.0,13721.4
3387,1000004010,20250418,1388,1,2780,-1,50220.0,10546.2,1200.0,61966.2
3388,1000004011,20250218,752,1,1023,-1,49500.0,10395.0,0.0,59895.0
3389,1000004013,20250611,1064,1,717,-1,41100.0,8631.0,900.0,50631.0
3390,1000004014,20250521,735,1,1048,-1,40500.0,8505.0,1500.0,50505.0
3391,1000004015,20250227,133,2,4,4,55440.0,11642.4,0.0,67082.4
3392,1000004017,20250412,1440,1,346,-1,40260.0,8454.6,0.0,48714.6
3393,1000004018,20250927,1067,1,750,-1,71850.0,15088.5,1200.0,88138.5
3394,1000004020,20240821,434,1,503,-1,35280.0,7408.8,900.0,43588.8
3395,1000004021,20241124,64,1,2804,-1,10260.0,2154.6,1200.0,13614.6
3396,1000004022,20250429,485,1,3057,-1,14250.0,2992.5,1200.0,18442.5
3397,1000004023,20250716,1014,2,3,3,49500.0,10395.0,0.0,59895.0
3398,1000004024,20250426,204,1,906,-1,27000.0,5670.0,1200.0,33870.0
3399,1000004025,20240206,1491,1,1674,-1,14962.5,3142.12,0.0,18104.62
3400,1000004026,20250804,1356,1,195,-1,23520.0,4939.2,1200.0,29659.2
3401,1000004028,20240211,214,1,194,-1,38475.0,8079.75,0.0,46554.75
3402,1000004029,20250529,340,2,4,4,26400.0,5544.0,0.0,31944.0
3403,1000004030,20250417,775,2,1,1,68625.0,14411.25,0.0,83036.25
3404,1000004031,20240818,1073,1,2885,-1,30000.0,6300.0,900.0,37200.0
3405,1000004032,20250920,343,2,3,3,73800.0,15498.0,0.0,89298.0
3406,1000004034,20250928,1449,2,2,2,24000.0,5040.0,0.0,29040.0
3407,1000004035,20250521,51,1,685,-1,27000.0,5670.0,900.0,33570.0
3408,1000004036,20250518,1292,1,361,-1,33360.0,7005.6,1200.0,41565.6
3409,1000004037,20240527,419,1,2421,-1,27000.0,5670.0,900.0,33570.0
3410,1000004038,20241221,985,2,3,3,57936.0,12166.56,0.0,70102.56
3411,1000004040,20240905,904,1,3152,-1,35520.0,7459.2,900.0,43879.2
3412,1000004041,20240517,232,2,4,4,37620.0,7900.2,0.0,45520.2
3413,1000004042,20240911,759,1,381,-1,10260.0,2154.6,1500.0,13914.6
3414,1000004043,20240103,1340,1,1832,-1,45000.0,9450.0,1500.0,55950.0
3415,1000004044,20241203,554,1,1057,-1,32400.0,6804.0,1200.0,40404.0
3416,1000004046,20240310,1163,2,2,2,34200.0,7182.0,0.0,41382.0
3417,1000004047,20240523,1379,1,474,-1,12348.0,2593.08,900.0,15841.08
3418,1000004049,20241021,236,1,268,-1,66150.0,13891.5,1500.0,81541.5
3419,1000004050,20250909,1394,1,2090,-1,90000.0,18900.0,1500.0,110400.0
3420,1000004051,20241015,269,2,3,3,44100.0,9261.0,0.0,53361.0
3421,1000004053,20250609,1074,1,262,-1,34020.0,7144.2,1500.0,42664.2
3422,1000004054,20240509,1313,1,2163,-1,32400.0,6804.0,1500.0,40704.0
3423,1000004055,20250110,363,1,2344,-1,40500.0,8505.0,1200.0,50205.0
3424,1000004056,20250915,801,1,2152,-1,44550.0,9355.5,1500.0,55405.5
3425,1000004057,20241226,1068,1,1957,-1,56400.0,11844.0,900.0,69144.0
3426,1000004058,20250210,333,1,27,-1,23940.0,5027.4,1500.0,30467.4
3427,1000004059,20240924,276,1,81,-1,56820.0,11932.2,900.0,69652.2
3428,1000004060,20250215,481,1,3195,-1,26400.0,5544.0,900.0,32844.0
3429,1000004061,20240811,784,1,151,-1,53550.0,11245.5,1500.0,66295.5
3430,1000004062,20250705,1451,2,4,4,28098.0,5900.58,0.0,33998.58
3431,1000004063,20250310,849,2,2,2,63120.0,13255.2,0.0,76375.2
3432,1000004064,20240228,94,1,430,-1,30000.0,6300.0,0.0,36300.0
3433,1000004066,20241205,624,2,1,1,80595.0,16924.95,0.0,97519.95
3434,1000004068,20240728,505,2,2,2,14250.0,2992.5,0.0,17242.5
3435,1000004069,20240502,127,2,2,2,30000.0,6300.0,0.0,36300.0
3436,1000004070,20240418,1111,1,1122,-1,36000.0,7560.0,900.0,44460.0
3437,1000004071,20250513,652,2,1,1,25200.0,5292.0,0.0,30492.0
3438,1000004072,20250327,246,1,2528,-1,54150.0,11371.5,1500.0,67021.5
3439,1000004074,20250608,689,2,1,1,29250.0,6142.5,0.0,35392.5
3440,1000004075,20240324,758,1,1905,-1,34200.0,7182.0,1200.0,42582.0
3441,1000004076,20250401,500,2,3,3,23520.0,4939.2,0.0,28459.2
3442,1000004077,20240523,1262,1,2851,-1,21600.0,4536.0,1200.0,27336.0
3443,1000004078,20241121,415,2,4,4,21600.0,4536.0,0.0,26136.0
3444,1000004079,20240114,51,1,3177,-1,13500.0,2835.0,900.0,17235.0
3445,1000004080,20250114,352,2,1,1,21600.0,4536.0,0.0,26136.0
3446,1000004081,20240303,653,2,1,1,47970.0,10073.7,0.0,58043.7
3447,1000004082,20240524,223,1,2817,-1,34200.0,7182.0,900.0,42282.0
3448,1000004083,20250710,1275,2,1,1,23520.0,4939.2,0.0,28459.2
3449,1000004084,20240924,522,2,1,1,38400.0,8064.0,0.0,46464.0
3450,1000004085,20250510,1496,1,1160,-1,40500.0,8505.0,1500.0,50505.0
3451,1000004086,20240709,879,2,1,1,36000.0,7560.0,0.0,43560.0
3452,1000004087,20250127,1230,2,1,1,72300.0,15183.0,0.0,87483.0
3453,1000004089,20250717,822,1,2874,-1,40650.0,8536.5,0.0,49186.5
3454,1000004090,20240901,1431,1,2552,-1,13500.0,2835.0,1200.0,17535.0
3455,1000004092,20240318,1278,1,942,-1,10800.0,2268.0,900.0,13968.0
3456,1000004094,20250403,460,2,3,3,42525.0,8930.25,0.0,51455.25
3457,1000004095,20250516,1347,2,1,1,31845.0,6687.45,0.0,38532.45
3458,1000004096,20240902,534,2,4,4,52650.0,11056.5,0.0,63706.5
3459,1000004097,20240804,1166,1,1441,-1,23520.0,4939.2,900.0,29359.2
3460,1000004098,20240506,1246,2,4,4,19440.0,4082.4,0.0,23522.4
3461,1000004100,20250803,1026,1,2551,-1,59700.0,12537.0,1200.0,73437.0
3462,1000004101,20240627,1249,2,2,2,32400.0,6804.0,0.0,39204.0
3463,1000004102,20250106,47,2,1,1,104137.5,21868.88,0.0,126006.38
3464,1000004103,20240715,488,1,2371,-1,22800.0,4788.0,0.0,27588.0
3465,1000004104,20241101,771,2,1,1,32400.0,6804.0,0.0,39204.0
3466,1000004105,20250929,872,1,2742,-1,25200.0,5292.0,0.0,30492.0
3467,1000004106,20240723,339,1,1502,-1,58200.0,12222.0,1200.0,71622.0
3468,1000004107,20240112,344,2,1,1,34200.0,7182.0,0.0,41382.0
3469,1000004108,20250327,533,2,4,4,41310.0,8675.1,0.0,49985.1
3470,1000004109,20250825,893,2,1,1,21168.0,4445.28,0.0,25613.28
3471,1000004110,20240714,489,2,4,4,59994.0,12598.74,0.0,72592.74
3472,1000004111,20250815,1410,2,4,4,45000.0,9450.0,0.0,54450.0
3473,1000004112,20240410,106,2,2,2,34425.0,7229.25,0.0,41654.25
3474,1000004113,20250202,243,2,3,3,44250.0,9292.5,0.0,53542.5
3475,1000004114,20240421,1114,2,4,4,26460.0,5556.6,0.0,32016.6
3476,1000004115,20240422,1406,2,3,3,89887.5,18876.38,0.0,108763.88
3477,1000004118,20250708,1031,2,1,1,22800.0,4788.0,0.0,27588.0
3478,1000004119,20240613,1385,1,1945,-1,67620.0,14200.2,1200.0,83020.2
3479,1000004120,20240308,1190,1,3116,-1,11400.0,2394.0,1500.0,15294.0
3480,1000004121,20240220,1470,2,2,2,29400.0,6174.0,0.0,35574.0
3481,1000004122,20241218,387,1,458,-1,31752.0,6667.92,900.0,39319.92
3482,1000004123,20241018,162,2,2,2,40500.0,8505.0,0.0,49005.0
3483,1000004124,20241008,294,1,22,-1,76650.0,16096.5,900.0,93646.5
3484,1000004125,20240422,947,2,1,1,28500.0,5985.0,0.0,34485.0
3485,1000004126,20240802,930,1,2822,-1,44100.0,9261.0,0.0,53361.0
3486,1000004127,20250610,1016,2,4,4,45000.0,9450.0,0.0,54450.0
3487,1000004128,20250223,627,2,1,1,24000.0,5040.0,0.0,29040.0
3488,1000004129,20240314,691,1,2549,-1,29400.0,6174.0,900.0,36474.0
3489,1000004130,20250314,1185,1,3031,-1,61200.0,12852.0,1200.0,75252.0
3490,1000004131,20241224,409,1,1790,-1,34200.0,7182.0,1200.0,42582.0
3491,1000004132,20240818,611,1,2781,-1,20520.0,4309.2,900.0,25729.2
3492,1000004133,20250906,876,1,2380,-1,40500.0,8505.0,1500.0,50505.0
3493,1000004134,20240723,11,1,1395,-1,28500.0,5985.0,1200.0,35685.0
3494,1000004135,20250509,1103,1,238,-1,44550.0,9355.5,1500.0,55405.5
3495,1000004136,20240409,931,1,1034,-1,12000.0,2520.0,900.0,15420.0
3496,1000004137,20250408,1132,1,1721,-1,32400.0,6804.0,1200.0,40404.0
3497,1000004138,20240705,1487,1,1453,-1,23409.0,4915.89,0.0,28324.89
3498,1000004139,20241104,171,1,2421,-1,11340.0,2381.4,1500.0,15221.4
3499,1000004140,20250530,529,1,2564,-1,11400.0,2394.0,1200.0,14994.0
3500,1000004141,20250819,433,1,635,-1,13500.0,2835.0,1200.0,17535.0
3501,1000004142,20240129,461,1,3147,-1,22800.0,4788.0,900.0,28488.0
3502,1000004143,20250914,1172,2,2,2,29700.0,6237.0,0.0,35937.0
3503,1000004144,20250907,816,1,643,-1,41400.0,8694.0,0.0,50094.0
3504,1000004146,20250515,1261,1,1023,-1,78435.0,16471.35,0.0,94906.35
3505,1000004147,20240328,348,1,3154,-1,38808.0,8149.68,900.0,47857.68
3506,1000004148,20241127,436,2,4,4,13500.0,2835.0,0.0,16335.0
3507,1000004149,20250629,604,1,1682,-1,44887.5,9426.38,900.0,55213.88
3508,1000004150,20240910,615,1,47,-1,40500.0,8505.0,0.0,49005.0
3509,1000004151,20240224,361,1,269,-1,37044.0,7779.24,900.0,45723.24
3510,1000004152,20240216,855,1,738,-1,71460.0,15006.6,0.0,86466.6
3511,1000004153,20250804,1018,1,872,-1,13230.0,2778.3,1500.0,17508.3
3512,1000004154,20250405,212,2,2,2,58920.0,12373.2,0.0,71293.2
3513,1000004155,20240801,359,1,3111,-1,11760.0,2469.6,0.0,14229.6
3514,1000004156,20240411,1322,1,639,-1,71025.0,14915.25,0.0,85940.25
3515,1000004157,20250420,271,1,650,-1,70230.0,14748.3,1200.0,86178.3
3516,1000004159,20250902,670,1,2520,-1,36600.0,7686.0,900.0,45186.0
3517,1000004161,20250328,274,2,4,4,12000.0,2520.0,0.0,14520.0
3518,1000004162,20250512,1490,2,2,2,44100.0,9261.0,0.0,53361.0
3519,1000004163,20240115,469,2,1,1,14250.0,2992.5,0.0,17242.5
3520,1000004164,20240424,1012,1,2256,-1,87600.0,18396.0,900.0,106896.0
3521,1000004165,20240128,1318,1,984,-1,35280.0,7408.8,1500.0,44188.8
3522,1000004166,20240520,1081,1,2817,-1,13500.0,2835.0,900.0,17235.0
3523,1000004167,20241008,495,2,1,1,11760.0,2469.6,0.0,14229.6
3524,1000004168,20240214,480,2,4,4,57510.0,12077.1,0.0,69587.1
3525,1000004170,20241120,1237,1,1914,-1,47100.0,9891.0,1500.0,58491.0
3526,1000004171,20240409,147,2,1,1,36300.0,7623.0,0.0,43923.0
3527,1000004172,20240922,1126,2,4,4,15000.0,3150.0,0.0,18150.0
3528,1000004173,20250810,201,2,2,2,32400.0,6804.0,0.0,39204.0
3529,1000004174,20250529,569,1,977,-1,42750.0,8977.5,1200.0,52927.5
3530,1000004175,20240115,1255,1,435,-1,11400.0,2394.0,1200.0,14994.0
3531,1000004176,20240922,392,1,1298,-1,37800.0,7938.0,1200.0,46938.0
3532,1000004178,20250708,1270,1,2022,-1,39690.0,8334.9,0.0,48024.9
3533,1000004179,20241117,1230,1,1104,-1,29400.0,6174.0,1200.0,36774.0
3534,1000004180,20241230,433,1,2165,-1,21600.0,4536.0,900.0,27036.0
3535,1000004182,20240116,967,1,2294,-1,22800.0,4788.0,900.0,28488.0
3536,1000004183,20250607,1048,2,1,1,30000.0,6300.0,0.0,36300.0
3537,1000004184,20250716,651,2,1,1,45336.0,9520.56,0.0,54856.56
3538,1000004185,20250508,552,2,1,1,50208.0,10543.68,0.0,60751.68
3539,1000004186,20250212,724,1,2169,-1,42750.0,8977.5,0.0,51727.5
3540,1000004187,20241107,308,1,2990,-1,40500.0,8505.0,1500.0,50505.0
3541,1000004188,20250418,298,2,4,4,21168.0,4445.28,0.0,25613.28
3542,1000004189,20240606,324,1,1676,-1,35280.0,7408.8,1200.0,43888.8
3543,1000004190,20240720,1340,2,3,3,70110.0,14723.1,0.0,84833.1
3544,1000004191,20240416,981,1,2886,-1,28500.0,5985.0,1200.0,35685.0
3545,1000004192,20240816,1432,2,4,4,11400.0,2394.0,0.0,13794.0
3546,1000004193,20241215,950,1,170,-1,45000.0,9450.0,900.0,55350.0
3547,1000004194,20250917,487,1,1096,-1,40500.0,8505.0,900.0,49905.0
3548,1000004195,20240102,1311,1,2963,-1,12600.0,2646.0,1500.0,16746.0
3549,1000004196,20250505,768,1,2380,-1,40800.0,8568.0,0.0,49368.0
3550,1000004198,20240107,1111,1,849,-1,30870.0,6482.7,1500.0,38852.7
3551,1000004199,20250711,1272,1,1546,-1,92820.0,19492.2,1200.0,113512.2
3552,1000004201,20241024,996,2,4,4,62100.0,13041.0,0.0,75141.0
3553,1000004202,20250529,1368,2,3,3,36000.0,7560.0,0.0,43560.0
3554,1000004203,20250501,285,1,779,-1,20520.0,4309.2,900.0,25729.2
3555,1000004204,20241101,1000,2,3,3,27000.0,5670.0,0.0,32670.0
3556,1000004206,20240418,1255,2,3,3,34200.0,7182.0,0.0,41382.0
3557,1000004207,20250729,155,1,894,-1,51450.0,10804.5,1200.0,63454.5
3558,1000004208,20250430,64,1,877,-1,24300.0,5103.0,900.0,30303.0
3559,1000004210,20240915,257,1,2938,-1,36000.0,7560.0,1200.0,44760.0
3560,1000004211,20250803,850,1,2662,-1,22800.0,4788.0,900.0,28488.0
3561,1000004212,20240428,1287,2,2,2,29160.0,6123.6,0.0,35283.6
3562,1000004213,20250305,14,1,2900,-1,57000.0,11970.0,900.0,69870.0
3563,1000004214,20241222,142,1,1991,-1,72618.0,15249.78,900.0,88767.78
3564,1000004215,20241114,190,1,1129,-1,32400.0,6804.0,1500.0,40704.0
3565,1000004216,20240205,747,1,1094,-1,10584.0,2222.64,1200.0,14006.64
3566,1000004217,20250204,401,1,524,-1,15000.0,3150.0,1500.0,19650.0
3567,1000004218,20250523,1306,2,2,2,66960.0,14061.6,0.0,81021.6
3568,1000004219,20240108,677,1,157,-1,11760.0,2469.6,0.0,14229.6
3569,1000004221,20240927,1420,1,41,-1,47025.0,9875.25,1200.0,58100.25
3570,1000004223,20241105,428,1,2008,-1,31350.0,6583.5,0.0,37933.5
3571,1000004224,20250128,1304,2,2,2,45000.0,9450.0,0.0,54450.0
3572,1000004225,20240822,1398,2,2,2,57000.0,11970.0,0.0,68970.0
3573,1000004227,20241104,996,1,950,-1,29400.0,6174.0,900.0,36474.0
3574,1000004228,20240212,988,1,655,-1,14700.0,3087.0,1200.0,18987.0
3575,1000004229,20240901,824,1,460,-1,42750.0,8977.5,900.0,52627.5
3576,1000004230,20240726,900,1,1257,-1,44100.0,9261.0,1200.0,54561.0
3577,1000004231,20250409,800,2,1,1,10800.0,2268.0,0.0,13068.0
3578,1000004232,20240816,869,2,3,3,28500.0,5985.0,0.0,34485.0
3579,1000004233,20241203,1262,2,2,2,111487.5,23412.38,0.0,134899.88
3580,1000004234,20240823,915,2,2,2,37050.0,7780.5,0.0,44830.5
3581,1000004235,20250824,255,1,1661,-1,47025.0,9875.25,900.0,57800.25
3582,1000004236,20250122,254,1,174,-1,54684.0,11483.64,900.0,67067.64
3583,1000004237,20240722,563,2,2,2,29925.0,6284.25,0.0,36209.25
3584,1000004238,20250817,1151,2,2,2,42525.0,8930.25,0.0,51455.25
3585,1000004239,20250510,542,1,1021,-1,45600.0,9576.0,900.0,56076.0
3586,1000004240,20240730,80,2,3,3,63675.0,13371.75,0.0,77046.75
3587,1000004241,20250615,429,1,2448,-1,24000.0,5040.0,1200.0,30240.0
3588,1000004242,20250329,1455,2,3,3,21600.0,4536.0,0.0,26136.0
3589,1000004243,20240424,805,1,960,-1,58248.0,12232.08,0.0,70480.08
3590,1000004244,20240206,711,1,1133,-1,42435.0,8911.35,0.0,51346.35
3591,1000004245,20250114,123,1,3098,-1,11340.0,2381.4,900.0,14621.4
3592,1000004246,20250329,969,2,1,1,23520.0,4939.2,0.0,28459.2
3593,1000004248,20240224,850,1,98,-1,10800.0,2268.0,900.0,13968.0
3594,1000004250,20250910,440,1,1997,-1,45000.0,9450.0,1200.0,55650.0
3595,1000004251,20241229,477,1,997,-1,14250.0,2992.5,1500.0,18742.5
3596,1000004252,20240917,328,1,2129,-1,24000.0,5040.0,1200.0,30240.0
3597,1000004254,20240829,9,1,1770,-1,28500.0,5985.0,1200.0,35685.0
3598,1000004255,20240224,1018,1,1692,-1,19440.0,4082.4,1200.0,24722.4
3599,1000004256,20250209,887,1,2598,-1,16170.0,3395.7,900.0,20465.7
3600,1000004257,20250718,809,1,3029,-1,22680.0,4762.8,1200.0,28642.8
3601,1000004259,20240304,594,2,3,3,36450.0,7654.5,0.0,44104.5
3602,1000004260,20250725,1416,1,754,-1,51000.0,10710.0,900.0,62610.0
3603,1000004261,20250303,698,2,2,2,28500.0,5985.0,0.0,34485.0
3604,1000004262,20240126,869,1,167,-1,11760.0,2469.6,1500.0,15729.6
3605,1000004263,20250517,823,1,2918,-1,30780.0,6463.8,1200.0,38443.8
3606,1000004264,20250105,170,1,587,-1,48696.0,10226.16,0.0,58922.16
3607,1000004265,20250630,1022,2,2,2,14700.0,3087.0,0.0,17787.0
3608,1000004266,20240616,946,1,2600,-1,56670.0,11900.7,1500.0,70070.7
3609,1000004267,20241201,1273,2,1,1,24000.0,5040.0,0.0,29040.0
3610,1000004269,20250715,338,1,683,-1,44100.0,9261.0,1500.0,54861.0
3611,1000004270,20240620,1223,1,2554,-1,12348.0,2593.08,900.0,15841.08
3612,1000004271,20241017,1014,2,4,4,57000.0,11970.0,0.0,68970.0
3613,1000004272,20240710,1204,2,1,1,42750.0,8977.5,0.0,51727.5
3614,1000004274,20250520,54,1,1230,-1,36000.0,7560.0,900.0,44460.0
3615,1000004275,20240428,1095,2,2,2,14250.0,2992.5,0.0,17242.5
3616,1000004276,20240512,955,1,1896,-1,22800.0,4788.0,900.0,28488.0
3617,1000004279,20250803,628,2,3,3,36450.0,7654.5,0.0,44104.5
3618,1000004280,20250302,29,1,2181,-1,12600.0,2646.0,1200.0,16446.0
3619,1000004281,20250215,892,2,3,3,52044.0,10929.24,0.0,62973.24
3620,1000004282,20240501,1280,2,4,4,14962.5,3142.12,0.0,18104.62
3621,1000004283,20240222,1129,1,1623,-1,44550.0,9355.5,1500.0,55405.5
3622,1000004284,20250719,782,1,1669,-1,103305.0,21694.05,900.0,125899.05
3623,1000004285,20241206,1038,1,1216,-1,27435.0,5761.35,1500.0,34696.35
3624,1000004286,20250117,790,2,1,1,73755.0,15488.55,0.0,89243.55
3625,1000004287,20240211,1430,2,4,4,46305.0,9724.05,0.0,56029.05
3626,1000004288,20240406,85,1,1871,-1,23160.0,4863.6,900.0,28923.6
3627,1000004289,20241205,15,1,3185,-1,57487.5,12072.38,1500.0,71059.88
3628,1000004290,20241123,72,1,2580,-1,47250.0,9922.5,1200.0,58372.5
3629,1000004291,20240209,636,2,4,4,37800.0,7938.0,0.0,45738.0
3630,1000004292,20250601,1089,1,575,-1,64500.0,13545.0,1200.0,79245.0
3631,1000004294,20241224,144,2,1,1,33000.0,6930.0,0.0,39930.0
3632,1000004295,20240426,1195,1,327,-1,24300.0,5103.0,1200.0,30603.0
3633,1000004296,20250201,901,1,2994,-1,21168.0,4445.28,1200.0,26813.28
3634,1000004298,20240919,306,1,1383,-1,11970.0,2513.7,1200.0,15683.7
3635,1000004302,20240906,1286,2,1,1,16170.0,3395.7,0.0,19565.7
3636,1000004303,20241212,156,2,1,1,36180.0,7597.8,0.0,43777.8
3637,1000004304,20240819,1119,1,2130,-1,32400.0,6804.0,1200.0,40404.0
3638,1000004305,20240706,1395,2,2,2,25650.0,5386.5,0.0,31036.5
3639,1000004306,20250721,402,1,2224,-1,11970.0,2513.7,1200.0,15683.7
3640,1000004307,20241203,981,1,1492,-1,12936.0,2716.56,1500.0,17152.56
3641,1000004308,20240213,1247,1,1604,-1,49044.0,10299.24,1500.0,60843.24
3642,1000004309,20250120,770,1,1933,-1,42750.0,8977.5,1200.0,52927.5
3643,1000004310,20250227,1304,2,1,1,21600.0,4536.0,0.0,26136.0
3644,1000004311,20241120,1486,1,1611,-1,16500.0,3465.0,1500.0,21465.0
3645,1000004312,20250107,475,2,2,2,10260.0,2154.6,0.0,12414.6
3646,1000004313,20250612,305,2,2,2,27300.0,5733.0,0.0,33033.0
3647,1000004314,20241019,1484,2,1,1,24300.0,5103.0,0.0,29403.0
3648,1000004315,20240619,829,1,142,-1,31350.0,6583.5,1200.0,39133.5
3649,1000004316,20250305,1373,1,761,-1,29400.0,6174.0,900.0,36474.0
3650,1000004317,20250921,539,1,740,-1,10800.0,2268.0,1200.0,14268.0
3651,1000004318,20240430,1388,1,1710,-1,14700.0,3087.0,900.0,18687.0
3652,1000004319,20240905,475,1,2955,-1,25200.0,5292.0,0.0,30492.0
3653,1000004320,20240710,1441,1,271,-1,11400.0,2394.0,1500.0,15294.0
3654,1000004321,20240407,1252,2,2,2,36936.0,7756.56,0.0,44692.56
3655,1000004322,20240814,384,1,569,-1,34200.0,7182.0,900.0,42282.0
3656,1000004323,20250113,329,2,3,3,24000.0,5040.0,0.0,29040.0
3657,1000004324,20240218,542,1,1598,-1,31350.0,6583.5,1500.0,39433.5
3658,1000004325,20240905,139,1,1472,-1,60000.0,12600.0,1200.0,73800.0
3659,1000004326,20240927,936,2,4,4,50280.0,10558.8,0.0,60838.8
3660,1000004328,20250805,378,1,2165,-1,16170.0,3395.7,1200.0,20765.7
3661,1000004329,20240131,37,1,2459,-1,15000.0,3150.0,900.0,19050.0
3662,1000004331,20241105,1113,2,2,2,76128.0,15986.88,0.0,92114.88
3663,1000004332,20240111,450,1,2005,-1,13500.0,2835.0,1200.0,17535.0
3664,1000004333,20241004,822,1,1108,-1,24000.0,5040.0,900.0,29940.0
3665,1000004334,20240322,155,1,3100,-1,48450.0,10174.5,1500.0,60124.5
3666,1000004336,20250712,112,1,690,-1,24000.0,5040.0,1200.0,30240.0
3667,1000004337,20240419,1089,1,2037,-1,27000.0,5670.0,900.0,33570.0
3668,1000004338,20240318,1321,2,4,4,16170.0,3395.7,0.0,19565.7
3669,1000004339,20240618,611,1,2716,-1,74700.0,15687.0,900.0,91287.0
3670,1000004340,20240215,168,1,1243,-1,13500.0,2835.0,1200.0,17535.0
3671,1000004341,20250524,851,1,1999,-1,43968.0,9233.28,1200.0,54401.28
3672,1000004342,20240903,626,1,1535,-1,73920.0,15523.2,900.0,90343.2
3673,1000004344,20241109,1290,1,1505,-1,30000.0,6300.0,0.0,36300.0
3674,1000004345,20241014,1340,2,1,1,34200.0,7182.0,0.0,41382.0
3675,1000004347,20250903,99,1,139,-1,35280.0,7408.8,900.0,43588.8
3676,1000004348,20250201,704,1,988,-1,9720.0,2041.2,900.0,12661.2
3677,1000004349,20250511,1248,1,2446,-1,24696.0,5186.16,1200.0,31082.16
3678,1000004350,20250411,507,2,2,2,14700.0,3087.0,0.0,17787.0
3679,1000004352,20250420,1090,2,1,1,62010.0,13022.1,0.0,75032.1
3680,1000004353,20241215,23,1,2508,-1,48195.0,10120.95,900.0,59215.95
3681,1000004356,20250718,927,2,1,1,65400.0,13734.0,0.0,79134.0
3682,1000004357,20240515,860,2,3,3,30000.0,6300.0,0.0,36300.0
3683,1000004358,20250422,1189,2,1,1,26598.0,5585.58,0.0,32183.58
3684,1000004359,20240527,916,1,2485,-1,14700.0,3087.0,900.0,18687.0
3685,1000004361,20250215,488,2,1,1,29700.0,6237.0,0.0,35937.0
3686,1000004362,20241229,536,1,2213,-1,15675.0,3291.75,1500.0,20466.75
3687,1000004363,20241004,1237,1,2448,-1,38475.0,8079.75,1200.0,47754.75
3688,1000004364,20250120,1023,2,3,3,69900.0,14679.0,0.0,84579.0
3689,1000004365,20240713,1234,1,1337,-1,35280.0,7408.8,1200.0,43888.8
3690,1000004366,20250719,245,1,2846,-1,30780.0,6463.8,0.0,37243.8
3691,1000004367,20240910,298,2,1,1,24000.0,5040.0,0.0,29040.0
3692,1000004368,20240227,36,1,2946,-1,24696.0,5186.16,1200.0,31082.16
3693,1000004370,20240918,518,1,959,-1,24000.0,5040.0,900.0,29940.0
3694,1000004371,20250715,882,2,1,1,12150.0,2551.5,0.0,14701.5
3695,1000004373,20250614,1159,2,2,2,29400.0,6174.0,0.0,35574.0
3696,1000004376,20250212,1126,1,1256,-1,22800.0,4788.0,0.0,27588.0
3697,1000004377,20240322,449,1,1175,-1,32400.0,6804.0,900.0,40104.0
3698,1000004378,20250706,1424,1,670,-1,28350.0,5953.5,1200.0,35503.5
3699,1000004379,20240502,68,2,3,3,36000.0,7560.0,0.0,43560.0
3700,1000004380,20250401,303,1,1869,-1,29925.0,6284.25,1200.0,37409.25
3701,1000004381,20240714,1338,2,2,2,29700.0,6237.0,0.0,35937.0
3702,1000004382,20250103,1256,2,3,3,9720.0,2041.2,0.0,11761.2
3703,1000004383,20240911,1111,1,367,-1,44250.0,9292.5,900.0,54442.5
3704,1000004384,20250803,1487,1,2895,-1,44100.0,9261.0,1200.0,54561.0
3705,1000004385,20250406,715,1,1761,-1,29400.0,6174.0,1200.0,36774.0
3706,1000004389,20250507,1215,1,2260,-1,30780.0,6463.8,900.0,38143.8
3707,1000004390,20250717,522,1,1393,-1,15750.0,3307.5,900.0,19957.5
3708,1000004391,20240524,943,1,998,-1,58620.0,12310.2,900.0,71830.2
3709,1000004392,20250914,358,1,134,-1,15000.0,3150.0,900.0,19050.0
3710,1000004393,20240218,253,2,1,1,31500.0,6615.0,0.0,38115.0
3711,1000004394,20241102,96,1,893,-1,33000.0,6930.0,1500.0,41430.0
3712,1000004395,20240701,335,2,3,3,27000.0,5670.0,0.0,32670.0
3713,1000004396,20240923,166,2,1,1,12000.0,2520.0,0.0,14520.0
3714,1000004397,20250104,606,1,2674,-1,12348.0,2593.08,900.0,15841.08
3715,1000004398,20250805,1198,1,136,-1,32400.0,6804.0,0.0,39204.0
3716,1000004399,20250718,981,2,1,1,45120.0,9475.2,0.0,54595.2
3717,1000004400,20250401,85,1,1502,-1,12600.0,2646.0,1500.0,16746.0
3718,1000004402,20250409,227,1,2426,-1,23520.0,4939.2,1200.0,29659.2
3719,1000004403,20241130,491,1,2071,-1,39690.0,8334.9,1200.0,49224.9
3720,1000004404,20240127,96,1,1137,-1,74400.0,15624.0,1200.0,91224.0
3721,1000004405,20250412,1233,2,1,1,10584.0,2222.64,0.0,12806.64
3722,1000004406,20250811,581,1,2448,-1,29160.0,6123.6,900.0,36183.6
3723,1000004407,20250302,1044,1,2035,-1,11340.0,2381.4,0.0,13721.4
3724,1000004408,20240611,501,1,203,-1,13500.0,2835.0,900.0,17235.0
3725,1000004409,20250516,733,1,2438,-1,27000.0,5670.0,0.0,32670.0
3726,1000004410,20240128,298,1,1012,-1,24510.0,5147.1,1200.0,30857.1
3727,1000004412,20240315,689,2,2,2,46305.0,9724.05,0.0,56029.05
3728,1000004414,20250728,1134,1,895,-1,40500.0,8505.0,1500.0,50505.0
3729,1000004415,20240217,638,1,387,-1,42630.0,8952.3,1200.0,52782.3
3730,1000004416,20250404,499,2,1,1,45000.0,9450.0,0.0,54450.0
3731,1000004417,20240924,588,1,2441,-1,36000.0,7560.0,900.0,44460.0
3732,1000004418,20250511,716,2,1,1,67620.0,14200.2,0.0,81820.2
3733,1000004419,20240910,495,2,4,4,79800.0,16758.0,0.0,96558.0
3734,1000004420,20250430,1370,1,2657,-1,45000.0,9450.0,1200.0,55650.0
3735,1000004421,20250424,617,1,3011,-1,68400.0,14364.0,900.0,83664.0
3736,1000004422,20250317,246,1,1189,-1,12825.0,2693.25,900.0,16418.25
3737,1000004423,20250614,208,1,1190,-1,44100.0,9261.0,1500.0,54861.0
3738,1000004424,20240506,732,1,2600,-1,35640.0,7484.4,1200.0,44324.4
3739,1000004425,20250809,61,1,1035,-1,85200.0,17892.0,900.0,103992.0
3740,1000004426,20250215,546,1,2496,-1,10260.0,2154.6,1500.0,13914.6
3741,1000004427,20250912,973,1,555,-1,42750.0,8977.5,1200.0,52927.5
3742,1000004428,20240203,1058,2,2,2,56430.0,11850.3,0.0,68280.3
3743,1000004429,20250225,665,1,123,-1,15435.0,3241.35,900.0,19576.35
3744,1000004430,20250328,1168,1,3005,-1,34200.0,7182.0,1200.0,42582.0
3745,1000004431,20240628,41,2,4,4,15435.0,3241.35,0.0,18676.35
3746,1000004432,20240420,677,1,2008,-1,11340.0,2381.4,900.0,14621.4
3747,1000004433,20250402,404,1,169,-1,29160.0,6123.6,900.0,36183.6
3748,1000004434,20240812,642,2,4,4,24000.0,5040.0,0.0,29040.0
3749,1000004435,20240318,896,1,793,-1,42348.0,8893.08,900.0,52141.08
3750,1000004436,20250529,555,2,2,2,58350.0,12253.5,0.0,70603.5
3751,1000004437,20240705,423,1,901,-1,26400.0,5544.0,1500.0,33444.0
3752,1000004438,20240908,694,1,2491,-1,48444.0,10173.24,1200.0,59817.24
3753,1000004439,20250613,1299,2,3,3,14250.0,2992.5,0.0,17242.5
3754,1000004440,20240404,1373,2,3,3,24300.0,5103.0,0.0,29403.0
3755,1000004442,20250907,302,1,1948,-1,30000.0,6300.0,900.0,37200.0
3756,1000004443,20240722,940,1,1992,-1,58500.0,12285.0,900.0,71685.0
3757,1000004446,20241226,259,2,3,3,21600.0,4536.0,0.0,26136.0
3758,1000004447,20240607,430,2,1,1,23520.0,4939.2,0.0,28459.2
3759,1000004448,20240717,1017,2,4,4,14250.0,2992.5,0.0,17242.5
3760,1000004449,20250110,26,1,2220,-1,14850.0,3118.5,1500.0,19468.5
3761,1000004450,20240228,736,2,4,4,87750.0,18427.5,0.0,106177.5
3762,1000004451,20250209,1481,1,1410,-1,24696.0,5186.16,1200.0,31082.16
3763,1000004452,20250428,1483,1,1857,-1,78300.0,16443.0,900.0,95643.0
3764,1000004453,20240810,522,2,3,3,82305.0,17284.05,0.0,99589.05
3765,1000004454,20240625,1450,2,4,4,12000.0,2520.0,0.0,14520.0
3766,1000004455,20240221,1033,1,2182,-1,26460.0,5556.6,1500.0,33516.6
3767,1000004456,20240720,957,1,3157,-1,22800.0,4788.0,1200.0,28788.0
3768,1000004457,20250210,1363,1,124,-1,13200.0,2772.0,900.0,16872.0
3769,1000004458,20250315,1300,1,1877,-1,34020.0,7144.2,1200.0,42364.2
3770,1000004460,20240703,1024,2,4,4,14250.0,2992.5,0.0,17242.5
3771,1000004461,20250316,995,1,117,-1,12348.0,2593.08,1200.0,16141.08
3772,1000004462,20250414,119,1,1204,-1,42750.0,8977.5,900.0,52627.5
3773,1000004463,20250507,124,2,4,4,15000.0,3150.0,0.0,18150.0
3774,1000004464,20250417,603,1,1306,-1,34200.0,7182.0,1200.0,42582.0
3775,1000004465,20250623,500,2,2,2,13500.0,2835.0,0.0,16335.0
3776,1000004467,20250815,515,1,913,-1,54750.0,11497.5,1500.0,67747.5
3777,1000004468,20240822,359,1,2289,-1,42750.0,8977.5,900.0,52627.5
3778,1000004470,20240523,362,1,2857,-1,14962.5,3142.12,1500.0,19604.62
3779,1000004471,20241004,254,1,651,-1,42750.0,8977.5,1200.0,52927.5
3780,1000004476,20240501,1074,2,4,4,22800.0,4788.0,0.0,27588.0
3781,1000004477,20240328,29,2,4,4,29160.0,6123.6,0.0,35283.6
3782,1000004478,20250924,338,1,2061,-1,45000.0,9450.0,1200.0,55650.0
3783,1000004479,20240117,751,1,3,-1,54600.0,11466.0,900.0,66966.0
3784,1000004480,20250125,1461,1,429,-1,15000.0,3150.0,900.0,19050.0
3785,1000004481,20240508,772,1,43,-1,27000.0,5670.0,1200.0,33870.0
3786,1000004482,20250703,878,1,973,-1,34200.0,7182.0,900.0,42282.0
3787,1000004483,20240730,332,1,1156,-1,102045.0,21429.45,1500.0,124974.45
3788,1000004484,20240204,464,2,2,2,40200.0,8442.0,0.0,48642.0
3789,1000004485,20240928,1146,1,1154,-1,10800.0,2268.0,1200.0,14268.0
3790,1000004486,20250621,1212,2,4,4,12000.0,2520.0,0.0,14520.0
3791,1000004487,20240509,1050,2,4,4,11400.0,2394.0,0.0,13794.0
3792,1000004488,20250912,938,1,2859,-1,38722.5,8131.72,1200.0,48054.22
3793,1000004489,20250308,300,1,3188,-1,13500.0,2835.0,0.0,16335.0
3794,1000004490,20241224,992,1,3025,-1,34200.0,7182.0,1200.0,42582.0
3795,1000004491,20241003,447,2,1,1,28500.0,5985.0,0.0,34485.0
3796,1000004492,20250803,957,2,1,1,116010.0,24362.1,0.0,140372.1
3797,1000004493,20241018,472,2,4,4,12600.0,2646.0,0.0,15246.0
3798,1000004494,20250711,1304,2,4,4,13500.0,2835.0,0.0,16335.0
3799,1000004495,20250901,254,1,2383,-1,71280.0,14968.8,1500.0,87748.8
3800,1000004496,20250130,1125,2,1,1,31752.0,6667.92,0.0,38419.92
3801,1000004497,20250921,107,1,1563,-1,44100.0,9261.0,900.0,54261.0
3802,1000004498,20250517,1237,1,2198,-1,56400.0,11844.0,900.0,69144.0
3803,1000004499,20241226,293,2,4,4,35910.0,7541.1,0.0,43451.1
3804,1000004500,20240824,879,2,1,1,12600.0,2646.0,0.0,15246.0
3805,1000004501,20240723,246,1,1949,-1,11400.0,2394.0,1200.0,14994.0
3806,1000004502,20250514,1032,2,1,1,31350.0,6583.5,0.0,37933.5
3807,1000004504,20240407,1024,1,270,-1,63300.0,13293.0,1500.0,78093.0
3808,1000004505,20250406,525,2,2,2,32400.0,6804.0,0.0,39204.0
3809,1000004506,20240909,1080,1,3008,-1,81000.0,17010.0,0.0,98010.0
3810,1000004507,20240605,610,2,4,4,52272.0,10977.12,0.0,63249.12
3811,1000004508,20240918,485,1,1818,-1,45000.0,9450.0,1200.0,55650.0
3812,1000004509,20240401,1034,1,826,-1,14250.0,2992.5,900.0,18142.5
3813,1000004510,20240615,61,2,1,1,49530.0,10401.3,0.0,59931.3
3814,1000004511,20241008,801,2,1,1,43968.0,9233.28,0.0,53201.28
3815,1000004512,20240606,382,1,3155,-1,65280.0,13708.8,900.0,79888.8
3816,1000004513,20250827,774,1,132,-1,24000.0,5040.0,1200.0,30240.0
3817,1000004517,20240308,690,2,2,2,30780.0,6463.8,0.0,37243.8
3818,1000004518,20240524,178,1,2500,-1,25650.0,5386.5,1200.0,32236.5
3819,1000004520,20241218,251,1,2617,-1,93555.0,19646.55,900.0,114101.55
3820,1000004521,20240914,70,1,637,-1,12600.0,2646.0,0.0,15246.0
3821,1000004522,20250627,1281,2,1,1,40500.0,8505.0,0.0,49005.0
3822,1000004523,20241217,435,1,2779,-1,29160.0,6123.6,900.0,36183.6
3823,1000004524,20250523,383,1,1830,-1,37620.0,7900.2,900.0,46420.2
3824,1000004525,20250123,34,1,2776,-1,34800.0,7308.0,1200.0,43308.0
3825,1000004527,20240511,851,2,1,1,23760.0,4989.6,0.0,28749.6
3826,1000004528,20240904,1428,2,3,3,11760.0,2469.6,0.0,14229.6
3827,1000004529,20241029,1448,1,858,-1,22734.0,4774.14,900.0,28408.14
3828,1000004530,20240409,1383,2,1,1,74808.0,15709.68,0.0,90517.68
3829,1000004531,20241020,1497,2,1,1,11760.0,2469.6,0.0,14229.6
3830,1000004532,20250209,661,2,2,2,26400.0,5544.0,0.0,31944.0
3831,1000004533,20240501,1165,1,2022,-1,15000.0,3150.0,1200.0,19350.0
3832,1000004535,20240222,961,1,1924,-1,32340.0,6791.4,900.0,40031.4
3833,1000004536,20250221,960,1,1863,-1,29160.0,6123.6,1500.0,36783.6
3834,1000004537,20250305,1270,2,4,4,73755.0,15488.55,0.0,89243.55
3835,1000004538,20250627,508,1,2864,-1,57780.0,12133.8,1500.0,71413.8
3836,1000004539,20250219,1232,2,4,4,43200.0,9072.0,0.0,52272.0
3837,1000004540,20240405,1494,2,3,3,37800.0,7938.0,0.0,45738.0
3838,1000004541,20250107,422,2,1,1,30000.0,6300.0,0.0,36300.0
3839,1000004545,20250215,394,2,1,1,61200.0,12852.0,0.0,74052.0
3840,1000004548,20250912,461,2,4,4,34200.0,7182.0,0.0,41382.0
3841,1000004549,20241119,900,2,4,4,10260.0,2154.6,0.0,12414.6
3842,1000004550,20250518,852,1,341,-1,12000.0,2520.0,900.0,15420.0
3843,1000004551,20240701,1015,2,2,2,63300.0,13293.0,0.0,76593.0
3844,1000004552,20250825,1385,2,2,2,58590.0,12303.9,0.0,70893.9
3845,1000004553,20240319,1311,1,2650,-1,76500.0,16065.0,1200.0,93765.0
3846,1000004554,20241231,1034,1,3116,-1,27000.0,5670.0,900.0,33570.0
3847,1000004555,20250317,384,1,1190,-1,57720.0,12121.2,0.0,69841.2
3848,1000004556,20250724,744,1,130,-1,55200.0,11592.0,900.0,67692.0
3849,1000004557,20241010,932,2,4,4,48720.0,10231.2,0.0,58951.2
3850,1000004558,20241204,640,1,2977,-1,12000.0,2520.0,1200.0,15720.0
3851,1000004559,20250727,930,2,2,2,21600.0,4536.0,0.0,26136.0
3852,1000004561,20240523,700,1,1470,-1,73950.0,15529.5,900.0,90379.5
3853,1000004562,20240326,608,1,2541,-1,32400.0,6804.0,0.0,39204.0
3854,1000004563,20250220,1076,1,706,-1,14700.0,3087.0,1500.0,19287.0
3855,1000004564,20250715,113,2,1,1,30000.0,6300.0,0.0,36300.0
3856,1000004565,20240917,883,1,43,-1,44100.0,9261.0,0.0,53361.0
3857,1000004566,20250219,177,1,1130,-1,50085.0,10517.85,900.0,61502.85
3858,1000004567,20240909,609,1,2745,-1,25650.0,5386.5,1200.0,32236.5
3859,1000004568,20240814,688,2,2,2,74550.0,15655.5,0.0,90205.5
3860,1000004570,20240624,315,1,1335,-1,32400.0,6804.0,0.0,39204.0
3861,1000004572,20250608,868,2,1,1,68400.0,14364.0,0.0,82764.0
3862,1000004573,20241221,110,1,1776,-1,36600.0,7686.0,900.0,45186.0
3863,1000004574,20250407,482,2,3,3,32400.0,6804.0,0.0,39204.0
3864,1000004575,20240511,684,2,1,1,12150.0,2551.5,0.0,14701.5
3865,1000004576,20240927,1116,1,3106,-1,69480.0,14590.8,1200.0,85270.8
3866,1000004577,20250919,371,1,499,-1,45120.0,9475.2,900.0,55495.2
3867,1000004578,20250713,20,1,8,-1,47250.0,9922.5,900.0,58072.5
3868,1000004579,20240821,488,1,2018,-1,46500.0,9765.0,1200.0,57465.0
3869,1000004580,20240117,539,1,2738,-1,42600.0,8946.0,1500.0,53046.0
3870,1000004581,20240731,1183,2,3,3,47496.0,9974.16,0.0,57470.16
3871,1000004583,20240928,1296,1,2549,-1,40500.0,8505.0,0.0,49005.0
3872,1000004584,20240426,713,1,2602,-1,12000.0,2520.0,900.0,15420.0
3873,1000004585,20241213,541,1,3044,-1,12936.0,2716.56,1200.0,16852.56
3874,1000004586,20250328,157,2,1,1,65700.0,13797.0,0.0,79497.0
3875,1000004587,20240930,1370,1,2110,-1,14250.0,2992.5,1200.0,18442.5
3876,1000004588,20250712,1455,2,3,3,11970.0,2513.7,0.0,14483.7
3877,1000004589,20250220,657,2,1,1,30000.0,6300.0,0.0,36300.0
3878,1000004590,20250806,955,2,4,4,76650.0,16096.5,0.0,92746.5
3879,1000004591,20240419,84,2,4,4,34200.0,7182.0,0.0,41382.0
3880,1000004592,20240903,900,2,1,1,10800.0,2268.0,0.0,13068.0
3881,1000004593,20250702,479,1,2749,-1,47700.0,10017.0,900.0,58617.0
3882,1000004594,20250104,164,1,602,-1,35640.0,7484.4,900.0,44024.4
3883,1000004595,20250517,255,2,2,2,24000.0,5040.0,0.0,29040.0
3884,1000004596,20250916,733,1,747,-1,28350.0,5953.5,1200.0,35503.5
3885,1000004597,20250813,192,2,1,1,31752.0,6667.92,0.0,38419.92
3886,1000004598,20250114,1083,2,2,2,24510.0,5147.1,0.0,29657.1
3887,1000004599,20250330,780,2,4,4,27000.0,5670.0,0.0,32670.0
3888,1000004600,20240826,242,1,2089,-1,20520.0,4309.2,1200.0,26029.2
3889,1000004601,20240702,555,1,166,-1,42750.0,8977.5,900.0,52627.5
3890,1000004602,20250203,256,1,792,-1,16500.0,3465.0,1200.0,21165.0
3891,1000004603,20240301,635,1,2279,-1,39690.0,8334.9,1200.0,49224.9
3892,1000004604,20240715,349,2,3,3,44784.0,9404.64,0.0,54188.64
3893,1000004605,20250221,306,1,1528,-1,14700.0,3087.0,1200.0,18987.0
3894,1000004606,20240113,969,2,3,3,61200.0,12852.0,0.0,74052.0
3895,1000004608,20240407,37,1,391,-1,98505.0,20686.05,1500.0,120691.05
3896,1000004609,20250825,846,1,369,-1,11760.0,2469.6,1200.0,15429.6
3897,1000004610,20240720,329,1,2778,-1,37044.0,7779.24,1200.0,46023.24
3898,1000004611,20240801,140,2,3,3,25872.0,5433.12,0.0,31305.12
3899,1000004612,20250509,163,2,2,2,24000.0,5040.0,0.0,29040.0
3900,1000004613,20250206,86,1,792,-1,24000.0,5040.0,1500.0,30540.0
3901,1000004614,20240915,521,2,2,2,13500.0,2835.0,0.0,16335.0
3902,1000004616,20250902,639,2,2,2,42750.0,8977.5,0.0,51727.5
3903,1000004617,20240729,1191,1,2066,-1,15000.0,3150.0,900.0,19050.0
3904,1000004618,20250113,1377,2,4,4,12000.0,2520.0,0.0,14520.0
3905,1000004619,20240411,286,2,4,4,14700.0,3087.0,0.0,17787.0
3906,1000004621,20240906,702,2,1,1,31500.0,6615.0,0.0,38115.0
3907,1000004622,20240118,694,1,1293,-1,24300.0,5103.0,900.0,30303.0
3908,1000004623,20250919,665,2,1,1,38475.0,8079.75,0.0,46554.75
3909,1000004624,20240216,244,2,1,1,66000.0,13860.0,0.0,79860.0
3910,1000004625,20250425,585,1,723,-1,24000.0,5040.0,900.0,29940.0
3911,1000004626,20250717,651,1,561,-1,13230.0,2778.3,1200.0,17208.3
3912,1000004627,20250202,1408,1,2999,-1,22680.0,4762.8,900.0,28342.8
3913,1000004628,20250517,339,2,2,2,35280.0,7408.8,0.0,42688.8
3914,1000004629,20240127,1110,2,3,3,15000.0,3150.0,0.0,18150.0
3915,1000004630,20250422,1311,2,4,4,32400.0,6804.0,0.0,39204.0
3916,1000004632,20250901,1382,1,398,-1,86512.5,18167.62,900.0,105580.12
3917,1000004633,20241220,554,1,2425,-1,61560.0,12927.6,0.0,74487.6
3918,1000004634,20240531,710,1,1835,-1,21600.0,4536.0,1200.0,27336.0
3919,1000004635,20250120,1085,1,1382,-1,14250.0,2992.5,1200.0,18442.5
3920,1000004636,20240601,449,1,1317,-1,21600.0,4536.0,1200.0,27336.0
3921,1000004637,20240108,1359,1,1840,-1,39600.0,8316.0,0.0,47916.0
3922,1000004638,20250224,956,1,3117,-1,14175.0,2976.75,0.0,17151.75
3923,1000004639,20240903,143,2,4,4,25872.0,5433.12,0.0,31305.12
3924,1000004640,20240319,12,1,2615,-1,21600.0,4536.0,900.0,27036.0
3925,1000004641,20240115,29,1,1353,-1,23760.0,4989.6,1500.0,30249.6
3926,1000004642,20250927,688,1,2353,-1,11400.0,2394.0,1200.0,14994.0
3927,1000004643,20240409,991,2,4,4,25080.0,5266.8,0.0,30346.8
3928,1000004645,20240724,650,1,2143,-1,36000.0,7560.0,0.0,43560.0
3929,1000004646,20240713,1002,1,1399,-1,22800.0,4788.0,900.0,28488.0
3930,1000004647,20241126,539,1,3087,-1,31500.0,6615.0,1500.0,39615.0
3931,1000004648,20240201,397,2,3,3,38475.0,8079.75,0.0,46554.75
3932,1000004650,20240526,363,1,1396,-1,12000.0,2520.0,900.0,15420.0
3933,1000004651,20240821,806,2,4,4,29160.0,6123.6,0.0,35283.6
3934,1000004652,20240509,949,2,4,4,72000.0,15120.0,0.0,87120.0
3935,1000004653,20240621,837,1,780,-1,37044.0,7779.24,900.0,45723.24
3936,1000004655,20241207,485,1,894,-1,11760.0,2469.6,1200.0,15429.6
3937,1000004656,20250410,778,1,1295,-1,39690.0,8334.9,1500.0,49524.9
3938,1000004657,20240725,1076,1,2926,-1,34200.0,7182.0,900.0,42282.0
3939,1000004658,20240927,658,1,903,-1,26362.5,5536.12,1200.0,33098.62
3940,1000004662,20250503,1388,2,3,3,61320.0,12877.2,0.0,74197.2
3941,1000004663,20241017,1286,2,2,2,32400.0,6804.0,0.0,39204.0
3942,1000004664,20240709,703,2,3,3,12348.0,2593.08,0.0,14941.08
3943,1000004665,20250913,250,2,4,4,22800.0,4788.0,0.0,27588.0
3944,1000004666,20240130,781,1,93,-1,36036.0,7567.56,0.0,43603.56
3945,1000004667,20250209,1033,2,1,1,24696.0,5186.16,0.0,29882.16
3946,1000004668,20240518,1255,1,1103,-1,14700.0,3087.0,900.0,18687.0
3947,1000004669,20250923,703,1,80,-1,20520.0,4309.2,1200.0,26029.2
3948,1000004670,20240714,824,1,626,-1,34020.0,7144.2,1500.0,42664.2
3949,1000004671,20241130,863,1,2153,-1,42750.0,8977.5,1200.0,52927.5
3950,1000004672,20250630,348,1,2435,-1,40500.0,8505.0,1500.0,50505.0
3951,1000004673,20240827,1186,2,4,4,32400.0,6804.0,0.0,39204.0
3952,1000004674,20250805,618,2,4,4,12825.0,2693.25,0.0,15518.25
3953,1000004675,20240312,244,2,4,4,15000.0,3150.0,0.0,18150.0
3954,1000004676,20250920,1082,1,1444,-1,37800.0,7938.0,1500.0,47238.0
3955,1000004678,20250308,502,2,1,1,14250.0,2992.5,0.0,17242.5
3956,1000004680,20250111,1112,1,9,-1,42750.0,8977.5,1500.0,53227.5
3957,1000004681,20250924,864,2,3,3,24000.0,5040.0,0.0,29040.0
3958,1000004682,20250801,1288,2,1,1,56160.0,11793.6,0.0,67953.6
3959,1000004683,20240225,1169,1,937,-1,11400.0,2394.0,900.0,14694.0
3960,1000004684,20240514,1271,1,2033,-1,29400.0,6174.0,900.0,36474.0
3961,1000004685,20240923,996,2,1,1,46305.0,9724.05,0.0,56029.05
3962,1000004686,20240609,737,2,1,1,25872.0,5433.12,0.0,31305.12
3963,1000004687,20250224,467,1,2476,-1,35775.0,7512.75,900.0,44187.75
3964,1000004688,20250421,232,1,2853,-1,38760.0,8139.6,1200.0,48099.6
3965,1000004689,20240920,808,1,1220,-1,76575.0,16080.75,900.0,93555.75
3966,1000004690,20240413,1141,1,680,-1,12000.0,2520.0,900.0,15420.0
3967,1000004691,20240604,363,2,3,3,14700.0,3087.0,0.0,17787.0
3968,1000004692,20250518,720,1,1403,-1,72600.0,15246.0,0.0,87846.0
3969,1000004693,20250502,507,1,2903,-1,52500.0,11025.0,1200.0,64725.0
3970,1000004694,20240620,1040,1,2138,-1,63858.0,13410.18,900.0,78168.18
3971,1000004696,20240323,1385,2,3,3,10800.0,2268.0,0.0,13068.0
3972,1000004697,20250815,185,2,4,4,11400.0,2394.0,0.0,13794.0
3973,1000004699,20240313,536,1,3189,-1,34200.0,7182.0,1200.0,42582.0
3974,1000004700,20250920,1229,1,606,-1,35910.0,7541.1,900.0,44351.1
3975,1000004701,20250611,814,1,1963,-1,24696.0,5186.16,1500.0,31382.16
3976,1000004702,20250512,1055,1,1166,-1,42525.0,8930.25,900.0,52355.25
3977,1000004704,20241125,1068,2,3,3,49365.0,10366.65,0.0,59731.65
3978,1000004705,20241026,865,2,2,2,29400.0,6174.0,0.0,35574.0
3979,1000004706,20250516,1331,1,2665,-1,50100.0,10521.0,1200.0,61821.0
3980,1000004707,20240127,299,1,910,-1,23520.0,4939.2,1200.0,29659.2
3981,1000004708,20240719,1394,2,4,4,29250.0,6142.5,0.0,35392.5
3982,1000004709,20250401,912,2,1,1,36000.0,7560.0,0.0,43560.0
3983,1000004710,20250206,858,1,560,-1,34200.0,7182.0,1500.0,42882.0
3984,1000004712,20250209,229,2,2,2,27000.0,5670.0,0.0,32670.0
3985,1000004714,20240722,657,1,2064,-1,92844.0,19497.24,900.0,113241.24
3986,1000004715,20250303,210,1,416,-1,39984.0,8396.64,0.0,48380.64
3987,1000004716,20240924,1400,1,945,-1,11340.0,2381.4,1200.0,14921.4
3988,1000004717,20240628,23,2,1,1,91152.0,19141.92,0.0,110293.92
3989,1000004718,20250804,339,2,1,1,25200.0,5292.0,0.0,30492.0
3990,1000004719,20240716,1043,2,2,2,12150.0,2551.5,0.0,14701.5
3991,1000004720,20240809,829,1,1136,-1,45000.0,9450.0,1200.0,55650.0
3992,1000004722,20240415,433,2,1,1,12540.0,2633.4,0.0,15173.4
3993,1000004724,20240608,1463,2,1,1,30870.0,6482.7,0.0,37352.7
3994,1000004725,20240611,1314,2,2,2,13500.0,2835.0,0.0,16335.0
3995,1000004726,20240503,812,1,2153,-1,44100.0,9261.0,900.0,54261.0
3996,1000004727,20250805,1159,2,4,4,14700.0,3087.0,0.0,17787.0
3997,1000004728,20250123,1424,1,2118,-1,29400.0,6174.0,1200.0,36774.0
3998,1000004730,20250402,132,2,2,2,40500.0,8505.0,0.0,49005.0
3999,1000004732,20250311,779,2,1,1,38700.0,8127.0,0.0,46827.0
4000,1000004733,20240511,1015,2,4,4,44550.0,9355.5,0.0,53905.5
4001,1000004734,20250203,314,2,3,3,10260.0,2154.6,0.0,12414.6
4002,1000004735,20240514,1489,1,1989,-1,33000.0,6930.0,0.0,39930.0
4003,1000004736,20240716,425,1,1134,-1,37044.0,7779.24,1500.0,46323.24
4004,1000004738,20250814,1421,2,2,2,73305.0,15394.05,0.0,88699.05
4005,1000004739,20250105,384,1,1693,-1,21600.0,4536.0,0.0,26136.0
4006,1000004740,20240227,1336,2,2,2,35280.0,7408.8,0.0,42688.8
4007,1000004741,20240719,1330,1,2801,-1,60900.0,12789.0,0.0,73689.0
4008,1000004742,20241103,943,1,2161,-1,76500.0,16065.0,0.0,92565.0
4009,1000004743,20250308,225,1,3136,-1,35280.0,7408.8,900.0,43588.8
4010,1000004745,20250704,1209,2,4,4,32400.0,6804.0,0.0,39204.0
4011,1000004746,20250922,339,1,1550,-1,37620.0,7900.2,900.0,46420.2
4012,1000004748,20250203,627,1,2814,-1,27000.0,5670.0,900.0,33570.0
4013,1000004749,20240609,261,2,2,2,59025.0,12395.25,0.0,71420.25
4014,1000004750,20240609,672,1,1573,-1,70200.0,14742.0,0.0,84942.0
4015,1000004752,20250428,259,2,3,3,44370.0,9317.7,0.0,53687.7
4016,1000004753,20241127,1354,2,4,4,35400.0,7434.0,0.0,42834.0
4017,1000004754,20250518,1310,1,1381,-1,78300.0,16443.0,1200.0,95943.0
4018,1000004755,20250603,1224,2,2,2,21600.0,4536.0,0.0,26136.0
4019,1000004756,20240701,850,1,981,-1,22800.0,4788.0,1200.0,28788.0
4020,1000004757,20240420,1284,2,1,1,12825.0,2693.25,0.0,15518.25
4021,1000004758,20250426,1127,2,1,1,15675.0,3291.75,0.0,18966.75
4022,1000004759,20250105,133,2,2,2,32400.0,6804.0,0.0,39204.0
4023,1000004762,20240904,1222,1,3150,-1,15750.0,3307.5,1500.0,20557.5
4024,1000004763,20240203,119,1,1316,-1,12000.0,2520.0,1200.0,15720.0
4025,1000004764,20250621,1190,2,2,2,23940.0,5027.4,0.0,28967.4
4026,1000004765,20240414,1500,1,1736,-1,28500.0,5985.0,1200.0,35685.0
4027,1000004766,20240325,148,2,3,3,37800.0,7938.0,0.0,45738.0
4028,1000004767,20240826,233,1,2569,-1,25080.0,5266.8,1200.0,31546.8
4029,1000004768,20240112,685,1,525,-1,12000.0,2520.0,1200.0,15720.0
4030,1000004769,20250831,1183,2,1,1,25080.0,5266.8,0.0,30346.8
4031,1000004770,20240111,427,2,1,1,25200.0,5292.0,0.0,30492.0
4032,1000004771,20240328,996,1,1664,-1,42750.0,8977.5,0.0,51727.5
4033,1000004772,20240216,74,2,1,1,44100.0,9261.0,0.0,53361.0
4034,1000004774,20240709,1121,1,2440,-1,28500.0,5985.0,900.0,35385.0
4035,1000004775,20250222,1209,1,563,-1,21600.0,4536.0,900.0,27036.0
4036,1000004776,20240501,494,1,3053,-1,91608.0,19237.68,0.0,110845.68
4037,1000004777,20241111,1026,1,979,-1,37044.0,7779.24,0.0,44823.24
4038,1000004778,20250806,773,1,3093,-1,11400.0,2394.0,0.0,13794.0
4039,1000004779,20250411,91,1,925,-1,9720.0,2041.2,900.0,12661.2
4040,1000004780,20240803,301,1,1564,-1,22800.0,4788.0,1500.0,29088.0
4041,1000004781,20241012,33,2,1,1,53040.0,11138.4,0.0,64178.4
4042,1000004782,20250611,1480,1,3147,-1,37500.0,7875.0,900.0,46275.0
4043,1000004783,20240627,635,2,1,1,44100.0,9261.0,0.0,53361.0
4044,1000004784,20240716,823,1,1418,-1,11760.0,2469.6,900.0,15129.6
4045,1000004785,20240723,49,2,1,1,45000.0,9450.0,0.0,54450.0
4046,1000004786,20240829,422,1,385,-1,32400.0,6804.0,1200.0,40404.0
4047,1000004787,20250423,649,2,2,2,32400.0,6804.0,0.0,39204.0
4048,1000004788,20241114,351,2,4,4,31500.0,6615.0,0.0,38115.0
4049,1000004790,20250510,382,2,2,2,19440.0,4082.4,0.0,23522.4
4050,1000004791,20250411,1466,1,472,-1,47250.0,9922.5,0.0,57172.5
4051,1000004792,20250613,546,1,1898,-1,23760.0,4989.6,0.0,28749.6
4052,1000004794,20240327,1075,2,4,4,35940.0,7547.4,0.0,43487.4
4053,1000004795,20241130,455,2,1,1,30000.0,6300.0,0.0,36300.0
4054,1000004796,20250101,241,1,103,-1,65790.0,13815.9,0.0,79605.9
4055,1000004798,20250315,645,1,2681,-1,70200.0,14742.0,1200.0,86142.0
4056,1000004799,20240612,367,2,2,2,43650.0,9166.5,0.0,52816.5
4057,1000004800,20241115,890,2,4,4,72600.0,15246.0,0.0,87846.0
4058,1000004802,20250503,133,1,2804,-1,34200.0,7182.0,0.0,41382.0
4059,1000004804,20241104,635,1,2561,-1,23520.0,4939.2,900.0,29359.2
4060,1000004805,20240626,1206,1,1129,-1,26400.0,5544.0,1200.0,33144.0
4061,1000004806,20240224,1461,1,1366,-1,37800.0,7938.0,0.0,45738.0
4062,1000004807,20250403,601,1,222,-1,32400.0,6804.0,900.0,40104.0
4063,1000004808,20241220,1057,1,1710,-1,34020.0,7144.2,1200.0,42364.2
4064,1000004809,20240807,357,2,4,4,10800.0,2268.0,0.0,13068.0
4065,1000004810,20240319,1261,1,592,-1,32400.0,6804.0,900.0,40104.0
4066,1000004811,20250206,26,1,301,-1,24696.0,5186.16,900.0,30782.16
4067,1000004813,20240209,17,1,1091,-1,22800.0,4788.0,900.0,28488.0
4068,1000004814,20240507,730,1,863,-1,30750.0,6457.5,1500.0,38707.5
4069,1000004817,20240216,1127,1,2091,-1,42750.0,8977.5,1500.0,53227.5
4070,1000004818,20250215,1324,1,3004,-1,42750.0,8977.5,1500.0,53227.5
4071,1000004820,20240426,906,2,3,3,24000.0,5040.0,0.0,29040.0
4072,1000004821,20250415,807,1,1111,-1,35640.0,7484.4,900.0,44024.4
4073,1000004822,20240814,1111,2,3,3,51900.0,10899.0,0.0,62799.0
4074,1000004823,20240802,1279,1,2943,-1,40500.0,8505.0,900.0,49905.0
4075,1000004824,20240609,728,1,25,-1,58080.0,12196.8,1200.0,71476.8
4076,1000004825,20250225,337,1,2512,-1,19440.0,4082.4,900.0,24422.4
4077,1000004827,20241009,832,2,4,4,21600.0,4536.0,0.0,26136.0
4078,1000004828,20250827,226,2,4,4,14175.0,2976.75,0.0,17151.75
4079,1000004829,20240520,810,2,2,2,102300.0,21483.0,0.0,123783.0
4080,1000004830,20250205,923,2,1,1,15675.0,3291.75,0.0,18966.75
4081,1000004831,20250530,816,1,2971,-1,64440.0,13532.4,900.0,78872.4
4082,1000004832,20240318,1205,1,2275,-1,91920.0,19303.2,1200.0,112423.2
4083,1000004833,20250116,240,1,845,-1,28500.0,5985.0,0.0,34485.0
4084,1000004834,20240825,867,1,1250,-1,32928.0,6914.88,1200.0,41042.88
4085,1000004835,20250723,60,2,3,3,44100.0,9261.0,0.0,53361.0
4086,1000004836,20241009,676,1,1835,-1,56448.0,11854.08,1200.0,69502.08
4087,1000004837,20250702,1029,2,1,1,32400.0,6804.0,0.0,39204.0
4088,1000004838,20240130,453,2,3,3,30780.0,6463.8,0.0,37243.8
4089,1000004840,20241205,865,1,2193,-1,57540.0,12083.4,1200.0,70823.4
4090,1000004841,20240120,922,1,519,-1,43170.0,9065.7,900.0,53135.7
4091,1000004842,20240331,883,2,4,4,58800.0,12348.0,0.0,71148.0
4092,1000004843,20250330,204,1,2162,-1,44550.0,9355.5,0.0,53905.5
4093,1000004845,20240725,34,2,2,2,23520.0,4939.2,0.0,28459.2
4094,1000004846,20240914,517,2,2,2,94500.0,19845.0,0.0,114345.0
4095,1000004847,20240527,181,2,1,1,28500.0,5985.0,0.0,34485.0
4096,1000004848,20250919,477,2,2,2,27000.0,5670.0,0.0,32670.0
4097,1000004849,20250812,344,1,317,-1,21600.0,4536.0,1200.0,27336.0
4098,1000004850,20240229,206,2,2,2,13500.0,2835.0,0.0,16335.0
4099,1000004851,20250221,861,1,303,-1,25080.0,5266.8,0.0,30346.8
4100,1000004852,20241014,301,1,162,-1,16500.0,3465.0,1500.0,21465.0
4101,1000004853,20250307,1130,2,3,3,66000.0,13860.0,0.0,79860.0
4102,1000004854,20240528,1116,2,4,4,27000.0,5670.0,0.0,32670.0
4103,1000004855,20250212,81,1,141,-1,33000.0,6930.0,1200.0,41130.0
4104,1000004856,20241216,954,2,4,4,80280.0,16858.8,0.0,97138.8
4105,1000004857,20250215,77,2,2,2,15000.0,3150.0,0.0,18150.0
4106,1000004858,20241111,549,2,3,3,40500.0,8505.0,0.0,49005.0
4107,1000004859,20240814,547,2,3,3,21600.0,4536.0,0.0,26136.0
4108,1000004861,20240827,605,1,2392,-1,46200.0,9702.0,900.0,56802.0
4109,1000004862,20240322,249,2,3,3,26400.0,5544.0,0.0,31944.0
4110,1000004863,20240418,547,2,3,3,35280.0,7408.8,0.0,42688.8
4111,1000004864,20250828,1343,2,3,3,78525.0,16490.25,0.0,95015.25
4112,1000004865,20241229,1498,1,860,-1,67500.0,14175.0,0.0,81675.0
4113,1000004866,20241216,1337,2,4,4,38475.0,8079.75,0.0,46554.75
4114,1000004868,20240507,1390,2,4,4,23760.0,4989.6,0.0,28749.6
4115,1000004870,20250605,1299,2,4,4,24000.0,5040.0,0.0,29040.0
4116,1000004872,20250907,638,1,2363,-1,62490.0,13122.9,1200.0,76812.9
4117,1000004873,20250611,50,2,2,2,27750.0,5827.5,0.0,33577.5
4118,1000004874,20241231,314,1,1102,-1,39658.5,8328.28,1200.0,49186.78
4119,1000004875,20240129,1398,2,4,4,11340.0,2381.4,0.0,13721.4
4120,1000004876,20240920,340,1,3019,-1,47250.0,9922.5,1200.0,58372.5
4121,1000004877,20240510,1162,2,3,3,11400.0,2394.0,0.0,13794.0
4122,1000004878,20240120,1500,2,4,4,15750.0,3307.5,0.0,19057.5
4123,1000004879,20240821,1240,2,2,2,38475.0,8079.75,0.0,46554.75
4124,1000004880,20250908,1251,2,3,3,40500.0,8505.0,0.0,49005.0
4125,1000004881,20240421,1484,1,1847,-1,61608.0,12937.68,1200.0,75745.68
4126,1000004882,20250831,395,1,1973,-1,27300.0,5733.0,900.0,33933.0
4127,1000004884,20250812,643,1,2306,-1,58860.0,12360.6,1200.0,72420.6
4128,1000004885,20240716,231,1,3026,-1,20520.0,4309.2,1200.0,26029.2
4129,1000004887,20241029,348,1,1661,-1,34200.0,7182.0,1200.0,42582.0
4130,1000004888,20241005,621,1,2589,-1,35280.0,7408.8,1200.0,43888.8
4131,1000004889,20240726,1138,2,1,1,42750.0,8977.5,0.0,51727.5
4132,1000004890,20240802,1104,1,1369,-1,23520.0,4939.2,1500.0,29959.2
4133,1000004891,20240806,302,1,2801,-1,22800.0,4788.0,1200.0,28788.0
4134,1000004892,20250406,334,1,2221,-1,28500.0,5985.0,1200.0,35685.0
4135,1000004893,20241204,660,2,2,2,49500.0,10395.0,0.0,59895.0
4136,1000004894,20250507,704,2,3,3,27300.0,5733.0,0.0,33033.0
4137,1000004895,20250123,201,1,1649,-1,29400.0,6174.0,1500.0,37074.0
4138,1000004896,20241206,256,2,2,2,12600.0,2646.0,0.0,15246.0
4139,1000004897,20240125,1136,1,168,-1,14250.0,2992.5,1500.0,18742.5
4140,1000004898,20250827,1059,1,102,-1,28500.0,5985.0,0.0,34485.0
4141,1000004899,20250818,152,1,2744,-1,10800.0,2268.0,900.0,13968.0
4142,1000004900,20250413,582,1,2892,-1,29160.0,6123.6,900.0,36183.6
4143,1000004901,20250130,1138,1,716,-1,10800.0,2268.0,0.0,13068.0
4144,1000004902,20241022,1154,1,62,-1,44100.0,9261.0,1500.0,54861.0
4145,1000004903,20240811,898,1,2144,-1,25200.0,5292.0,0.0,30492.0
4146,1000004904,20240818,819,2,2,2,11880.0,2494.8,0.0,14374.8
4147,1000004905,20240121,497,1,1504,-1,26400.0,5544.0,1200.0,33144.0
4148,1000004907,20250428,423,2,3,3,44887.5,9426.38,0.0,54313.88
4149,1000004910,20241004,63,1,1141,-1,34560.0,7257.6,900.0,42717.6
4150,1000004912,20250512,33,2,2,2,24696.0,5186.16,0.0,29882.16
4151,1000004913,20240508,475,1,1784,-1,35880.0,7534.8,1200.0,44614.8
4152,1000004914,20250914,1359,2,2,2,24696.0,5186.16,0.0,29882.16
4153,1000004916,20250713,1189,1,1042,-1,32400.0,6804.0,900.0,40104.0
4154,1000004917,20250502,824,2,4,4,12000.0,2520.0,0.0,14520.0
4155,1000004919,20250722,894,2,4,4,24000.0,5040.0,0.0,29040.0
4156,1000004920,20240902,1227,1,829,-1,32400.0,6804.0,1200.0,40404.0
4157,1000004921,20241013,817,2,2,2,71887.5,15096.38,0.0,86983.88
4158,1000004924,20240213,994,1,2287,-1,55500.0,11655.0,1200.0,68355.0
4159,1000004925,20240823,1304,2,3,3,15750.0,3307.5,0.0,19057.5
4160,1000004926,20240227,329,2,4,4,14250.0,2992.5,0.0,17242.5
4161,1000004927,20240126,548,1,393,-1,12150.0,2551.5,1200.0,15901.5
4162,1000004928,20240408,942,1,1830,-1,35280.0,7408.8,1200.0,43888.8
4163,1000004929,20250504,1276,2,2,2,23520.0,4939.2,0.0,28459.2
4164,1000004930,20250905,112,2,3,3,14700.0,3087.0,0.0,17787.0
4165,1000004932,20240309,1132,1,1819,-1,36000.0,7560.0,900.0,44460.0
4166,1000004933,20250509,256,2,4,4,34020.0,7144.2,0.0,41164.2
4167,1000004934,20240827,424,1,2976,-1,32400.0,6804.0,1200.0,40404.0
4168,1000004935,20240501,554,2,1,1,54750.0,11497.5,0.0,66247.5
4169,1000004936,20240116,724,2,2,2,21600.0,4536.0,0.0,26136.0
4170,1000004937,20241009,821,1,2597,-1,32400.0,6804.0,900.0,40104.0
4171,1000004939,20250315,200,1,1750,-1,78750.0,16537.5,1200.0,96487.5
4172,1000004942,20240912,656,2,1,1,38475.0,8079.75,0.0,46554.75
4173,1000004943,20240620,400,1,2373,-1,13500.0,2835.0,1200.0,17535.0
4174,1000004944,20250219,578,1,1531,-1,25500.0,5355.0,1500.0,32355.0
4175,1000004945,20240310,812,2,3,3,63420.0,13318.2,0.0,76738.2
4176,1000004946,20250317,296,1,1141,-1,23940.0,5027.4,0.0,28967.4
4177,1000004948,20250623,712,2,4,4,10800.0,2268.0,0.0,13068.0
4178,1000004949,20240506,80,2,1,1,80475.0,16899.75,0.0,97374.75
4179,1000004950,20240621,362,2,2,2,11400.0,2394.0,0.0,13794.0
4180,1000004951,20250705,194,2,4,4,40500.0,8505.0,0.0,49005.0
4181,1000004952,20250413,1028,1,446,-1,27000.0,5670.0,900.0,33570.0
4182,1000004953,20240625,20,1,310,-1,69750.0,14647.5,900.0,85297.5
4183,1000004955,20250517,1453,1,2022,-1,27000.0,5670.0,1200.0,33870.0
4184,1000004957,20240216,147,1,505,-1,28500.0,5985.0,900.0,35385.0
4185,1000004958,20250323,144,2,2,2,67446.0,14163.66,0.0,81609.66
4186,1000004960,20240823,665,2,4,4,22800.0,4788.0,0.0,27588.0
4187,1000004961,20240114,130,1,1897,-1,37044.0,7779.24,1200.0,46023.24
4188,1000004962,20240908,371,1,3185,-1,12348.0,2593.08,900.0,15841.08
4189,1000004963,20250514,343,2,2,2,27000.0,5670.0,0.0,32670.0
4190,1000004964,20250509,1281,2,4,4,10800.0,2268.0,0.0,13068.0
4191,1000004966,20250124,766,1,2103,-1,40200.0,8442.0,900.0,49542.0
4192,1000004967,20241107,845,1,1253,-1,60435.0,12691.35,900.0,74026.35
4193,1000004969,20250330,47,2,3,3,10260.0,2154.6,0.0,12414.6
4194,1000004971,20241022,28,1,3141,-1,13500.0,2835.0,1200.0,17535.0
4195,1000004972,20250507,695,2,1,1,47400.0,9954.0,0.0,57354.0
4196,1000004973,20250228,1013,1,828,-1,61320.0,12877.2,1500.0,75697.2
4197,1000004974,20250728,159,2,2,2,80280.0,16858.8,0.0,97138.8
4198,1000004975,20250403,589,1,2995,-1,26970.0,5663.7,1200.0,33833.7
4199,1000004976,20250922,833,1,196,-1,68400.0,14364.0,1500.0,84264.0
4200,1000004977,20240919,211,1,332,-1,29250.0,6142.5,1500.0,36892.5
4201,1000004978,20241021,208,2,3,3,31500.0,6615.0,0.0,38115.0
4202,1000004979,20250523,1025,2,4,4,12150.0,2551.5,0.0,14701.5
4203,1000004980,20240214,928,1,3020,-1,30000.0,6300.0,1200.0,37500.0
4204,1000004981,20250322,852,1,2052,-1,39150.0,8221.5,1200.0,48571.5
4205,1000004982,20240215,687,2,1,1,97980.0,20575.8,0.0,118555.8
4206,1000004984,20241201,1094,1,2803,-1,21600.0,4536.0,0.0,26136.0
4207,1000004985,20240526,68,1,1406,-1,90780.0,19063.8,1200.0,111043.8
4208,1000004986,20240716,1269,1,801,-1,79740.0,16745.4,0.0,96485.4
4209,1000004987,20240214,142,1,896,-1,26460.0,5556.6,900.0,32916.6
4210,1000004988,20241107,1205,1,2434,-1,38520.0,8089.2,0.0,46609.2
4211,1000004990,20250418,859,2,3,3,10800.0,2268.0,0.0,13068.0
4212,1000004991,20240601,1144,2,2,2,21168.0,4445.28,0.0,25613.28
4213,1000004993,20240423,1204,2,4,4,14250.0,2992.5,0.0,17242.5
4214,1000004994,20250517,896,1,618,-1,49230.0,10338.3,0.0,59568.3
4215,1000004995,20241017,1144,1,193,-1,10800.0,2268.0,1200.0,14268.0
4216,1000004996,20250704,1007,2,4,4,34200.0,7182.0,0.0,41382.0
4217,1000004997,20250609,964,1,574,-1,24000.0,5040.0,1200.0,30240.0
4218,1000004998,20240511,496,1,27,-1,29400.0,6174.0,0.0,35574.0
4219,1000004999,20241023,483,2,4,4,44700.0,9387.0,0.0,54087.0
4220,1000005000,20240727,418,1,2347,-1,45000.0,9450.0,900.0,55350.0
4221,1000005001,20250717,18,1,2621,-1,42000.0,8820.0,900.0,51720.0
4222,1000005003,20250204,706,1,1452,-1,10584.0,2222.64,1500.0,14306.64
4223,1000005004,20250721,460,1,692,-1,91860.0,19290.6,900.0,112050.6
4224,1000005005,20240111,1424,1,2509,-1,14700.0,3087.0,1200.0,18987.0
4225,1000005006,20240313,519,1,313,-1,23400.0,4914.0,1500.0,29814.0
4226,1000005007,20250117,57,2,3,3,77400.0,16254.0,0.0,93654.0
4227,1000005008,20240724,1013,1,1957,-1,31752.0,6667.92,900.0,39319.92
4228,1000005009,20250207,497,1,341,-1,44100.0,9261.0,900.0,54261.0
4229,1000005010,20241229,724,1,754,-1,15000.0,3150.0,1500.0,19650.0
4230,1000005011,20240505,1211,2,4,4,27000.0,5670.0,0.0,32670.0
4231,1000005012,20240925,978,1,3171,-1,36000.0,7560.0,1200.0,44760.0
4232,1000005013,20240916,67,2,4,4,30000.0,6300.0,0.0,36300.0
4233,1000005015,20241221,4,1,2115,-1,34200.0,7182.0,900.0,42282.0
4234,1000005016,20250210,434,1,2109,-1,24000.0,5040.0,900.0,29940.0
4235,1000005017,20250204,385,1,2009,-1,11760.0,2469.6,0.0,14229.6
4236,1000005018,20240926,539,2,1,1,19440.0,4082.4,0.0,23522.4
4237,1000005020,20241221,441,1,2238,-1,31920.0,6703.2,900.0,39523.2
4238,1000005021,20241224,1090,1,806,-1,68190.0,14319.9,1200.0,83709.9
4239,1000005023,20240201,712,1,397,-1,28140.0,5909.4,1200.0,35249.4
4240,1000005025,20241019,788,2,2,2,24000.0,5040.0,0.0,29040.0
4241,1000005028,20250314,902,1,240,-1,11760.0,2469.6,1500.0,15729.6
4242,1000005029,20240725,1123,2,2,2,10260.0,2154.6,0.0,12414.6
4243,1000005031,20240623,811,1,1324,-1,23400.0,4914.0,900.0,29214.0
4244,1000005032,20250830,1342,1,2602,-1,37800.0,7938.0,900.0,46638.0
4245,1000005033,20240812,544,1,468,-1,31350.0,6583.5,1200.0,39133.5
4246,1000005034,20250611,277,1,965,-1,10800.0,2268.0,1200.0,14268.0
4247,1000005035,20241123,922,2,3,3,21600.0,4536.0,0.0,26136.0
4248,1000005036,20250123,1327,1,3097,-1,21600.0,4536.0,1500.0,27636.0
4249,1000005037,20240109,147,2,4,4,11760.0,2469.6,0.0,14229.6
4250,1000005038,20241018,761,2,2,2,31752.0,6667.92,0.0,38419.92
4251,1000005039,20250416,1368,1,2882,-1,44625.0,9371.25,1200.0,55196.25
4252,1000005040,20240819,661,1,1672,-1,32400.0,6804.0,0.0,39204.0
4253,1000005041,20250808,1348,2,3,3,70875.0,14883.75,0.0,85758.75
4254,1000005042,20240422,241,1,1893,-1,15000.0,3150.0,900.0,19050.0
4255,1000005043,20240305,273,1,1362,-1,45225.0,9497.25,0.0,54722.25
4256,1000005044,20240906,156,2,2,2,11760.0,2469.6,0.0,14229.6
4257,1000005045,20240612,1492,1,1609,-1,61500.0,12915.0,1200.0,75615.0
4258,1000005046,20240716,1123,2,1,1,15000.0,3150.0,0.0,18150.0
4259,1000005047,20241223,773,2,3,3,44100.0,9261.0,0.0,53361.0
4260,1000005049,20240628,262,1,1945,-1,22800.0,4788.0,1200.0,28788.0
4261,1000005051,20250920,1250,2,3,3,27000.0,5670.0,0.0,32670.0
4262,1000005052,20250616,717,1,3157,-1,50490.0,10602.9,1200.0,62292.9
4263,1000005053,20240921,173,1,2965,-1,23520.0,4939.2,900.0,29359.2
4264,1000005054,20250125,1011,1,1774,-1,34800.0,7308.0,900.0,43008.0
4265,1000005056,20240305,803,1,1438,-1,67500.0,14175.0,1200.0,82875.0
4266,1000005057,20241011,177,2,4,4,10800.0,2268.0,0.0,13068.0
4267,1000005058,20240427,1042,1,2264,-1,32400.0,6804.0,0.0,39204.0
4268,1000005059,20250801,809,1,1667,-1,12150.0,2551.5,1200.0,15901.5
4269,1000005061,20240218,649,2,2,2,11760.0,2469.6,0.0,14229.6
4270,1000005062,20250410,964,2,3,3,30870.0,6482.7,0.0,37352.7
4271,1000005063,20240616,1349,2,2,2,44100.0,9261.0,0.0,53361.0
4272,1000005064,20250430,1418,1,309,-1,12540.0,2633.4,1200.0,16373.4
4273,1000005066,20250703,152,2,3,3,12540.0,2633.4,0.0,15173.4
4274,1000005068,20250308,112,1,1934,-1,30000.0,6300.0,1200.0,37500.0
4275,1000005069,20250606,1216,1,243,-1,34200.0,7182.0,900.0,42282.0
4276,1000005071,20250510,343,1,2027,-1,85050.0,17860.5,900.0,103810.5
4277,1000005072,20250818,821,1,2262,-1,12936.0,2716.56,1200.0,16852.56
4278,1000005073,20240609,108,1,1692,-1,26250.0,5512.5,1500.0,33262.5
4279,1000005075,20250826,520,1,122,-1,11760.0,2469.6,1500.0,15729.6
4280,1000005076,20241126,1426,2,2,2,11760.0,2469.6,0.0,14229.6
4281,1000005077,20240317,1008,1,862,-1,39540.0,8303.4,1200.0,49043.4
4282,1000005078,20240615,1449,2,1,1,35400.0,7434.0,0.0,42834.0
4283,1000005079,20250420,109,1,915,-1,25080.0,5266.8,900.0,31246.8
4284,1000005081,20240721,820,1,2864,-1,48846.0,10257.66,900.0,60003.66
4285,1000005082,20240828,824,1,2165,-1,40500.0,8505.0,900.0,49905.0
4286,1000005083,20240527,641,2,1,1,27435.0,5761.35,0.0,33196.35
4287,1000005084,20250520,1206,1,1357,-1,21600.0,4536.0,1200.0,27336.0
4288,1000005085,20240206,446,2,2,2,23520.0,4939.2,0.0,28459.2
4289,1000005086,20240512,497,2,2,2,44100.0,9261.0,0.0,53361.0
4290,1000005087,20240125,882,2,3,3,78240.0,16430.4,0.0,94670.4
4291,1000005088,20240213,1477,1,1890,-1,30000.0,6300.0,1500.0,37800.0
4292,1000005089,20250217,1129,2,1,1,34200.0,7182.0,0.0,41382.0
4293,1000005090,20240218,144,2,1,1,28500.0,5985.0,0.0,34485.0
4294,1000005091,20250220,6,2,2,2,33000.0,6930.0,0.0,39930.0
4295,1000005092,20250203,107,2,1,1,22800.0,4788.0,0.0,27588.0
4296,1000005093,20250922,1033,1,44,-1,35280.0,7408.8,900.0,43588.8
4297,1000005095,20250629,529,1,337,-1,26460.0,5556.6,900.0,32916.6
4298,1000005096,20241127,1371,2,3,3,11400.0,2394.0,0.0,13794.0
4299,1000005097,20240207,219,2,2,2,12000.0,2520.0,0.0,14520.0
4300,1000005098,20250710,405,1,2248,-1,11760.0,2469.6,1500.0,15729.6
4301,1000005099,20250119,954,1,1117,-1,31752.0,6667.92,1200.0,39619.92
4302,1000005100,20241107,963,1,2851,-1,76170.0,15995.7,900.0,93065.7
4303,1000005102,20240501,413,2,3,3,15000.0,3150.0,0.0,18150.0
4304,1000005103,20250111,1137,2,1,1,10800.0,2268.0,0.0,13068.0
4305,1000005104,20250825,884,2,4,4,24000.0,5040.0,0.0,29040.0
4306,1000005105,20240928,1285,2,1,1,85500.0,17955.0,0.0,103455.0
4307,1000005106,20250704,983,2,2,2,21600.0,4536.0,0.0,26136.0
4308,1000005107,20240109,247,2,4,4,32400.0,6804.0,0.0,39204.0
4309,1000005108,20250420,1081,2,4,4,23520.0,4939.2,0.0,28459.2
4310,1000005109,20241015,253,1,1920,-1,32400.0,6804.0,900.0,40104.0
4311,1000005110,20241106,1473,1,1962,-1,77430.0,16260.3,900.0,94590.3
4312,1000005111,20240420,329,1,2750,-1,12540.0,2633.4,1200.0,16373.4
4313,1000005112,20250216,671,1,2549,-1,61740.0,12965.4,900.0,75605.4
4314,1000005113,20240904,282,1,1362,-1,40500.0,8505.0,1200.0,50205.0
4315,1000005114,20241003,583,2,3,3,35280.0,7408.8,0.0,42688.8
4316,1000005117,20241217,503,2,4,4,40500.0,8505.0,0.0,49005.0
4317,1000005118,20250105,46,2,4,4,38946.0,8178.66,0.0,47124.66
4318,1000005119,20240102,594,1,793,-1,57900.0,12159.0,900.0,70959.0
4319,1000005120,20240104,719,1,2383,-1,32340.0,6791.4,1200.0,40331.4
4320,1000005122,20250203,12,2,4,4,37275.0,7827.75,0.0,45102.75
4321,1000005123,20250622,1479,2,4,4,34200.0,7182.0,0.0,41382.0
4322,1000005124,20250512,122,1,3126,-1,25650.0,5386.5,900.0,31936.5
4323,1000005125,20250808,598,1,564,-1,21600.0,4536.0,1500.0,27636.0
4324,1000005126,20250213,1156,1,806,-1,70200.0,14742.0,1200.0,86142.0
4325,1000005127,20240320,1035,2,2,2,44100.0,9261.0,0.0,53361.0
4326,1000005128,20241011,811,2,3,3,14250.0,2992.5,0.0,17242.5
4327,1000005129,20241206,69,1,2031,-1,69060.0,14502.6,900.0,84462.6
4328,1000005131,20240210,605,1,2952,-1,28350.0,5953.5,1200.0,35503.5
4329,1000005132,20241026,1378,2,4,4,23520.0,4939.2,0.0,28459.2
4330,1000005133,20250212,606,1,2708,-1,39690.0,8334.9,900.0,48924.9
4331,1000005134,20240301,59,1,726,-1,15000.0,3150.0,1200.0,19350.0
4332,1000005135,20250616,421,1,3189,-1,42750.0,8977.5,1200.0,52927.5
4333,1000005136,20240815,1334,2,1,1,10800.0,2268.0,0.0,13068.0
4334,1000005137,20241112,983,1,2906,-1,35280.0,7408.8,1200.0,43888.8
4335,1000005139,20250328,1394,2,3,3,34200.0,7182.0,0.0,41382.0
4336,1000005141,20250101,401,2,2,2,45000.0,9450.0,0.0,54450.0
4337,1000005142,20240109,1367,1,605,-1,36000.0,7560.0,900.0,44460.0
4338,1000005143,20250127,662,1,333,-1,70110.0,14723.1,900.0,85733.1
4339,1000005144,20241009,684,2,3,3,38010.0,7982.1,0.0,45992.1
4340,1000005146,20250301,235,2,3,3,12600.0,2646.0,0.0,15246.0
4341,1000005148,20250529,38,1,386,-1,24300.0,5103.0,0.0,29403.0
4342,1000005149,20240411,482,1,10,-1,21168.0,4445.28,900.0,26513.28
4343,1000005150,20250609,1352,1,3152,-1,43752.0,9187.92,1200.0,54139.92
4344,1000005151,20240209,385,2,1,1,25080.0,5266.8,0.0,30346.8
4345,1000005152,20240317,126,1,1582,-1,13500.0,2835.0,0.0,16335.0
4346,1000005154,20240318,709,1,1730,-1,40500.0,8505.0,1200.0,50205.0
4347,1000005155,20240328,1469,2,4,4,22800.0,4788.0,0.0,27588.0
4348,1000005156,20250312,752,1,2598,-1,10800.0,2268.0,900.0,13968.0
4349,1000005157,20250426,1366,2,2,2,54558.0,11457.18,0.0,66015.18
4350,1000005158,20241202,474,2,1,1,11400.0,2394.0,0.0,13794.0
4351,1000005159,20250801,136,1,2539,-1,38475.0,8079.75,900.0,47454.75
4352,1000005160,20240726,930,1,2377,-1,48540.0,10193.4,1200.0,59933.4
4353,1000005161,20241014,150,1,2773,-1,21600.0,4536.0,900.0,27036.0
4354,1000005162,20250502,836,1,1046,-1,57900.0,12159.0,900.0,70959.0
4355,1000005163,20250709,779,1,931,-1,42750.0,8977.5,900.0,52627.5
4356,1000005164,20240615,127,1,2995,-1,49500.0,10395.0,900.0,60795.0
4357,1000005165,20241201,1409,1,810,-1,14700.0,3087.0,1500.0,19287.0
4358,1000005166,20240825,1475,2,1,1,90000.0,18900.0,0.0,108900.0
4359,1000005167,20241217,222,2,3,3,35280.0,7408.8,0.0,42688.8
4360,1000005168,20250103,1396,1,581,-1,11760.0,2469.6,0.0,14229.6
4361,1000005169,20241109,1132,2,3,3,44688.0,9384.48,0.0,54072.48
4362,1000005170,20250627,1301,2,2,2,37770.0,7931.7,0.0,45701.7
4363,1000005171,20241031,42,2,4,4,32400.0,6804.0,0.0,39204.0
4364,1000005172,20250505,900,1,318,-1,42750.0,8977.5,0.0,51727.5
4365,1000005173,20240212,890,1,655,-1,23520.0,4939.2,1500.0,29959.2
4366,1000005174,20240312,303,2,4,4,12000.0,2520.0,0.0,14520.0
4367,1000005175,20240524,754,2,2,2,44100.0,9261.0,0.0,53361.0
4368,1000005176,20250413,1023,2,4,4,25650.0,5386.5,0.0,31036.5
4369,1000005177,20250406,163,2,2,2,38808.0,8149.68,0.0,46957.68
4370,1000005178,20240206,682,2,3,3,39690.0,8334.9,0.0,48024.9
4371,1000005179,20250422,680,1,192,-1,21600.0,4536.0,1500.0,27636.0
4372,1000005180,20240403,1340,1,2882,-1,47250.0,9922.5,0.0,57172.5
4373,1000005181,20240722,412,1,1453,-1,44100.0,9261.0,900.0,54261.0
4374,1000005182,20240723,384,1,652,-1,49500.0,10395.0,900.0,60795.0
4375,1000005184,20240417,630,2,3,3,37800.0,7938.0,0.0,45738.0
4376,1000005185,20240815,1480,2,3,3,40500.0,8505.0,0.0,49005.0
4377,1000005186,20240216,493,1,432,-1,9720.0,2041.2,900.0,12661.2
4378,1000005187,20241028,337,2,1,1,28500.0,5985.0,0.0,34485.0
4379,1000005189,20250119,357,1,2931,-1,32400.0,6804.0,900.0,40104.0
4380,1000005190,20250525,532,2,2,2,12348.0,2593.08,0.0,14941.08
4381,1000005191,20250830,781,2,3,3,38220.0,8026.2,0.0,46246.2
4382,1000005192,20250109,659,1,381,-1,23520.0,4939.2,1200.0,29659.2
4383,1000005193,20240306,382,2,2,2,45000.0,9450.0,0.0,54450.0
4384,1000005194,20240828,1048,2,4,4,27000.0,5670.0,0.0,32670.0
4385,1000005195,20241030,855,1,5,-1,45000.0,9450.0,1500.0,55950.0
4386,1000005196,20250703,1413,2,1,1,12000.0,2520.0,0.0,14520.0
4387,1000005197,20250310,1304,2,3,3,42750.0,8977.5,0.0,51727.5
4388,1000005198,20250616,1015,2,4,4,21600.0,4536.0,0.0,26136.0
4389,1000005199,20250128,796,2,1,1,21600.0,4536.0,0.0,26136.0
4390,1000005202,20240826,451,2,2,2,39300.0,8253.0,0.0,47553.0
4391,1000005203,20250927,1007,1,1983,-1,37800.0,7938.0,1200.0,46938.0
4392,1000005204,20240314,1071,2,2,2,25200.0,5292.0,0.0,30492.0
4393,1000005205,20240920,326,2,3,3,35280.0,7408.8,0.0,42688.8
4394,1000005206,20250811,1329,1,2018,-1,11760.0,2469.6,1200.0,15429.6
4395,1000005207,20240927,403,1,1570,-1,13200.0,2772.0,1200.0,17172.0
4396,1000005208,20241021,138,2,1,1,26400.0,5544.0,0.0,31944.0
4397,1000005209,20240519,821,1,3078,-1,13500.0,2835.0,900.0,17235.0
4398,1000005210,20250614,607,1,382,-1,44100.0,9261.0,900.0,54261.0
4399,1000005211,20250523,1210,2,2,2,32400.0,6804.0,0.0,39204.0
4400,1000005212,20240915,211,2,4,4,34020.0,7144.2,0.0,41164.2
4401,1000005213,20240603,1217,2,1,1,35280.0,7408.8,0.0,42688.8
4402,1000005214,20240831,630,2,1,1,23520.0,4939.2,0.0,28459.2
4403,1000005215,20240228,1127,1,3146,-1,52380.0,10999.8,1200.0,64579.8
4404,1000005216,20240624,1339,1,2205,-1,15000.0,3150.0,900.0,19050.0
4405,1000005217,20250802,1296,1,1825,-1,28500.0,5985.0,0.0,34485.0
4406,1000005218,20240706,408,2,3,3,39690.0,8334.9,0.0,48024.9
4407,1000005219,20250821,1056,1,1965,-1,15435.0,3241.35,0.0,18676.35
4408,1000005220,20240321,349,1,1405,-1,29700.0,6237.0,0.0,35937.0
4409,1000005221,20240618,151,2,2,2,12000.0,2520.0,0.0,14520.0
4410,1000005222,20241008,1261,1,3081,-1,21168.0,4445.28,900.0,26513.28
4411,1000005223,20240914,676,1,2811,-1,29400.0,6174.0,900.0,36474.0
4412,1000005224,20240703,77,1,1288,-1,32400.0,6804.0,1500.0,40704.0
4413,1000005226,20250815,1339,1,2448,-1,29400.0,6174.0,1200.0,36774.0
4414,1000005228,20250617,1140,2,2,2,29400.0,6174.0,0.0,35574.0
4415,1000005229,20240502,1176,1,1407,-1,29400.0,6174.0,900.0,36474.0
4416,1000005230,20250907,265,1,1103,-1,32400.0,6804.0,1200.0,40404.0
4417,1000005231,20250224,711,2,3,3,25872.0,5433.12,0.0,31305.12
4418,1000005232,20250407,490,1,2162,-1,23220.0,4876.2,900.0,28996.2
4419,1000005233,20250510,837,1,2149,-1,35640.0,7484.4,1500.0,44624.4
4420,1000005234,20250822,180,1,1919,-1,44835.0,9415.35,1200.0,55450.35
4421,1000005235,20250916,452,2,2,2,21600.0,4536.0,0.0,26136.0
4422,1000005236,20250418,644,1,1995,-1,27000.0,5670.0,0.0,32670.0
4423,1000005237,20250520,1276,2,4,4,35280.0,7408.8,0.0,42688.8
4424,1000005238,20250526,370,1,572,-1,11760.0,2469.6,1200.0,15429.6
4425,1000005239,20241031,455,1,3185,-1,40500.0,8505.0,0.0,49005.0
4426,1000005240,20240217,275,1,992,-1,11970.0,2513.7,1500.0,15983.7
4427,1000005241,20250815,1420,2,1,1,59910.0,12581.1,0.0,72491.1
4428,1000005243,20250117,535,1,2985,-1,51000.0,10710.0,1500.0,63210.0
4429,1000005245,20250825,267,2,2,2,32400.0,6804.0,0.0,39204.0
4430,1000005246,20240302,1382,1,1541,-1,89437.5,18781.88,1200.0,109419.38
4431,1000005247,20250809,934,2,4,4,49608.0,10417.68,0.0,60025.68
4432,1000005248,20250507,1217,1,2419,-1,29400.0,6174.0,1200.0,36774.0
4433,1000005250,20250613,1317,2,3,3,14700.0,3087.0,0.0,17787.0
4434,1000005252,20250819,133,2,4,4,28500.0,5985.0,0.0,34485.0
4435,1000005253,20241112,220,2,3,3,25200.0,5292.0,0.0,30492.0
4436,1000005254,20240929,848,1,891,-1,11760.0,2469.6,1200.0,15429.6
4437,1000005255,20250331,1090,1,1152,-1,23520.0,4939.2,900.0,29359.2
4438,1000005256,20250323,494,1,2378,-1,23520.0,4939.2,0.0,28459.2
4439,1000005257,20240824,991,2,3,3,12600.0,2646.0,0.0,15246.0
4440,1000005258,20250806,32,2,2,2,40500.0,8505.0,0.0,49005.0
4441,1000005259,20240425,840,2,3,3,23520.0,4939.2,0.0,28459.2
4442,1000005260,20240509,829,2,3,3,28500.0,5985.0,0.0,34485.0
4443,1000005264,20250929,131,2,2,2,12936.0,2716.56,0.0,15652.56
4444,1000005265,20250806,680,1,2488,-1,31752.0,6667.92,1200.0,39619.92
4445,1000005266,20240511,165,1,2843,-1,30870.0,6482.7,1200.0,38552.7
4446,1000005267,20240705,1409,2,2,2,45000.0,9450.0,0.0,54450.0
4447,1000005268,20250305,548,2,2,2,15000.0,3150.0,0.0,18150.0
4448,1000005269,20240715,941,1,1068,-1,70425.0,14789.25,900.0,86114.25
4449,1000005270,20240123,456,2,3,3,10800.0,2268.0,0.0,13068.0
4450,1000005272,20250208,303,1,2006,-1,42750.0,8977.5,900.0,52627.5
4451,1000005273,20241207,1371,2,4,4,34200.0,7182.0,0.0,41382.0
4452,1000005274,20241004,225,2,3,3,29925.0,6284.25,0.0,36209.25
4453,1000005275,20240627,741,1,1079,-1,14700.0,3087.0,1200.0,18987.0
4454,1000005278,20250114,166,2,4,4,35850.0,7528.5,0.0,43378.5
4455,1000005279,20240704,1440,2,3,3,29400.0,6174.0,0.0,35574.0
4456,1000005281,20250815,627,1,2871,-1,44100.0,9261.0,900.0,54261.0
4457,1000005282,20240428,638,1,2723,-1,36000.0,7560.0,900.0,44460.0
4458,1000005283,20240121,703,2,1,1,13200.0,2772.0,0.0,15972.0
4459,1000005285,20250410,540,1,611,-1,34800.0,7308.0,900.0,43008.0
4460,1000005286,20250428,352,1,1275,-1,30000.0,6300.0,1200.0,37500.0
4461,1000005287,20240915,565,1,540,-1,45000.0,9450.0,1200.0,55650.0
4462,1000005288,20241221,549,1,2008,-1,14175.0,2976.75,0.0,17151.75
4463,1000005289,20240716,1273,1,1790,-1,79080.0,16606.8,1200.0,96886.8
4464,1000005290,20240628,713,1,42,-1,21600.0,4536.0,1500.0,27636.0
4465,1000005291,20250812,1439,1,873,-1,53325.0,11198.25,1200.0,65723.25
4466,1000005292,20240825,1070,1,2775,-1,22800.0,4788.0,900.0,28488.0
4467,1000005293,20240515,281,2,1,1,65700.0,13797.0,0.0,79497.0
4468,1000005294,20240510,250,1,1897,-1,35280.0,7408.8,1500.0,44188.8
4469,1000005296,20240418,758,1,1193,-1,12000.0,2520.0,900.0,15420.0
4470,1000005297,20240605,486,1,16,-1,23940.0,5027.4,1200.0,30167.4
4471,1000005298,20240207,284,2,2,2,61800.0,12978.0,0.0,74778.0
4472,1000005299,20250503,391,1,346,-1,21600.0,4536.0,1200.0,27336.0
4473,1000005300,20250925,326,1,1189,-1,24300.0,5103.0,1200.0,30603.0
4474,1000005301,20240319,511,1,438,-1,19440.0,4082.4,900.0,24422.4
4475,1000005302,20250320,866,1,2599,-1,22800.0,4788.0,1500.0,29088.0
4476,1000005303,20240401,494,2,1,1,59100.0,12411.0,0.0,71511.0
4477,1000005304,20250405,761,1,3156,-1,10584.0,2222.64,1200.0,14006.64
4478,1000005305,20240711,1105,1,1468,-1,90672.0,19041.12,1500.0,111213.12
4479,1000005307,20240709,1259,2,1,1,41700.0,8757.0,0.0,50457.0
4480,1000005309,20250613,962,1,18,-1,73950.0,15529.5,1200.0,90679.5
4481,1000005310,20241117,365,1,1852,-1,11760.0,2469.6,900.0,15129.6
4482,1000005311,20241209,1440,1,2243,-1,64440.0,13532.4,1200.0,79172.4
4483,1000005312,20240726,535,2,1,1,31752.0,6667.92,0.0,38419.92
4484,1000005313,20250202,638,2,1,1,36000.0,7560.0,0.0,43560.0
4485,1000005314,20240325,1322,1,2174,-1,14700.0,3087.0,900.0,18687.0
4486,1000005316,20240702,212,1,3184,-1,46800.0,9828.0,900.0,57528.0
4487,1000005317,20250822,155,2,3,3,12150.0,2551.5,0.0,14701.5
4488,1000005318,20240928,1463,2,4,4,28500.0,5985.0,0.0,34485.0
4489,1000005319,20240720,328,2,1,1,47250.0,9922.5,0.0,57172.5
4490,1000005320,20240803,618,1,2392,-1,32400.0,6804.0,0.0,39204.0
4491,1000005322,20240808,670,2,4,4,46620.0,9790.2,0.0,56410.2
4492,1000005323,20250801,578,1,1432,-1,14250.0,2992.5,1200.0,18442.5
4493,1000005324,20241201,246,2,3,3,12000.0,2520.0,0.0,14520.0
4494,1000005325,20240612,1308,1,1633,-1,78030.0,16386.3,900.0,95316.3
4495,1000005326,20240323,614,2,3,3,31752.0,6667.92,0.0,38419.92
4496,1000005327,20240730,260,1,1739,-1,11400.0,2394.0,1200.0,14994.0
4497,1000005328,20250824,828,1,841,-1,42750.0,8977.5,0.0,51727.5
4498,1000005329,20250202,853,1,1673,-1,40500.0,8505.0,900.0,49905.0
4499,1000005330,20240501,891,1,2491,-1,83700.0,17577.0,1200.0,102477.0
4500,1000005331,20250930,951,2,2,2,45000.0,9450.0,0.0,54450.0
4501,1000005332,20250819,1005,2,3,3,30000.0,6300.0,0.0,36300.0
4502,1000005333,20240414,201,2,4,4,25200.0,5292.0,0.0,30492.0
4503,1000005334,20250107,100,2,1,1,29400.0,6174.0,0.0,35574.0
4504,1000005336,20241202,1194,2,3,3,22800.0,4788.0,0.0,27588.0
4505,1000005337,20250801,290,1,305,-1,62280.0,13078.8,1200.0,76558.8
4506,1000005338,20240706,101,1,870,-1,29400.0,6174.0,900.0,36474.0
4507,1000005339,20250221,1082,1,2306,-1,13500.0,2835.0,1200.0,17535.0
4508,1000005340,20240622,1076,2,1,1,29400.0,6174.0,0.0,35574.0
4509,1000005343,20250921,504,1,254,-1,44520.0,9349.2,1200.0,55069.2
4510,1000005344,20250204,637,1,633,-1,61650.0,12946.5,1200.0,75796.5
4511,1000005345,20241206,485,1,1977,-1,11400.0,2394.0,1200.0,14994.0
4512,1000005346,20250207,1322,1,627,-1,42750.0,8977.5,0.0,51727.5
4513,1000005348,20250913,724,2,1,1,36000.0,7560.0,0.0,43560.0
4514,1000005349,20240411,1086,2,1,1,58200.0,12222.0,0.0,70422.0
4515,1000005350,20250315,514,2,1,1,42750.0,8977.5,0.0,51727.5
4516,1000005353,20240511,330,2,3,3,30000.0,6300.0,0.0,36300.0
4517,1000005354,20250905,435,2,2,2,43200.0,9072.0,0.0,52272.0
4518,1000005355,20240504,1292,1,2170,-1,27000.0,5670.0,1200.0,33870.0
4519,1000005357,20240612,1235,1,547,-1,42000.0,8820.0,900.0,51720.0
4520,1000005358,20240925,788,2,4,4,37620.0,7900.2,0.0,45520.2
4521,1000005359,20240427,786,2,4,4,14700.0,3087.0,0.0,17787.0
4522,1000005361,20250526,902,2,3,3,24720.0,5191.2,0.0,29911.2
4523,1000005362,20240117,1220,2,3,3,35640.0,7484.4,0.0,43124.4
4524,1000005364,20240303,774,1,1474,-1,19440.0,4082.4,900.0,24422.4
4525,1000005365,20250708,454,1,2055,-1,40500.0,8505.0,1500.0,50505.0
4526,1000005366,20240827,1309,1,3165,-1,12348.0,2593.08,0.0,14941.08
4527,1000005367,20250128,1108,1,890,-1,78750.0,16537.5,0.0,95287.5
4528,1000005369,20250520,283,2,4,4,52479.0,11020.59,0.0,63499.59
4529,1000005371,20240221,382,1,1802,-1,45000.0,9450.0,900.0,55350.0
4530,1000005372,20240615,651,2,4,4,10800.0,2268.0,0.0,13068.0
4531,1000005373,20240706,1160,1,2177,-1,10800.0,2268.0,0.0,13068.0
4532,1000005374,20250708,414,2,2,2,14250.0,2992.5,0.0,17242.5
4533,1000005375,20250524,323,2,3,3,12348.0,2593.08,0.0,14941.08
4534,1000005376,20241024,824,1,2543,-1,13500.0,2835.0,900.0,17235.0
4535,1000005377,20241118,1340,1,2938,-1,64140.0,13469.4,900.0,78509.4
4536,1000005380,20250130,680,1,1552,-1,14250.0,2992.5,1200.0,18442.5
4537,1000005381,20240730,995,1,1306,-1,34200.0,7182.0,0.0,41382.0
4538,1000005382,20240106,27,2,4,4,27000.0,5670.0,0.0,32670.0
4539,1000005383,20241121,54,1,491,-1,13500.0,2835.0,1200.0,17535.0
4540,1000005385,20250209,758,2,1,1,21600.0,4536.0,0.0,26136.0
4541,1000005387,20250114,1433,1,1767,-1,41400.0,8694.0,0.0,50094.0
4542,1000005388,20250830,61,1,460,-1,40608.0,8527.68,1200.0,50335.68
4543,1000005389,20241124,1092,1,651,-1,42525.0,8930.25,1500.0,52955.25
4544,1000005390,20241202,250,1,1842,-1,30000.0,6300.0,0.0,36300.0
4545,1000005391,20250801,1043,2,1,1,9720.0,2041.2,0.0,11761.2
4546,1000005392,20240513,101,1,3023,-1,29160.0,6123.6,1200.0,36483.6
4547,1000005393,20240205,719,1,1555,-1,14700.0,3087.0,900.0,18687.0
4548,1000005394,20240822,544,1,2488,-1,12825.0,2693.25,900.0,16418.25
4549,1000005395,20240421,1082,1,1336,-1,67200.0,14112.0,1500.0,82812.0
4550,1000005396,20250228,415,1,1647,-1,32400.0,6804.0,1200.0,40404.0
4551,1000005397,20240820,1428,1,286,-1,44040.0,9248.4,1200.0,54488.4
4552,1000005398,20250505,322,2,2,2,35280.0,7408.8,0.0,42688.8
4553,1000005399,20250617,124,2,3,3,44100.0,9261.0,0.0,53361.0
4554,1000005400,20250301,272,1,35,-1,75510.0,15857.1,1500.0,92867.1
4555,1000005402,20240130,505,2,2,2,75150.0,15781.5,0.0,90931.5
4556,1000005403,20250404,1124,1,2266,-1,22800.0,4788.0,1200.0,28788.0
4557,1000005404,20250528,965,1,899,-1,65205.0,13693.05,0.0,78898.05
4558,1000005405,20240411,320,1,2896,-1,23520.0,4939.2,900.0,29359.2
4559,1000005406,20250705,897,1,2669,-1,15000.0,3150.0,900.0,19050.0
4560,1000005408,20250716,1483,2,1,1,14250.0,2992.5,0.0,17242.5
4561,1000005410,20250530,728,2,4,4,55098.0,11570.58,0.0,66668.58
4562,1000005411,20241128,327,2,1,1,12000.0,2520.0,0.0,14520.0
4563,1000005412,20240303,43,1,1739,-1,29700.0,6237.0,900.0,36837.0
4564,1000005413,20240320,962,2,4,4,16170.0,3395.7,0.0,19565.7
4565,1000005414,20240530,1417,2,3,3,29400.0,6174.0,0.0,35574.0
4566,1000005415,20250505,634,1,1062,-1,12348.0,2593.08,1500.0,16441.08
4567,1000005416,20241116,1123,2,2,2,14700.0,3087.0,0.0,17787.0
4568,1000005418,20240127,1158,1,1434,-1,32400.0,6804.0,0.0,39204.0
4569,1000005419,20250802,616,1,5,-1,28500.0,5985.0,1200.0,35685.0
4570,1000005420,20250927,838,2,3,3,53550.0,11245.5,0.0,64795.5
4571,1000005421,20240314,1094,2,1,1,37800.0,7938.0,0.0,45738.0
4572,1000005422,20240205,594,1,1811,-1,45000.0,9450.0,900.0,55350.0
4573,1000005423,20250907,756,1,329,-1,44100.0,9261.0,1200.0,54561.0
4574,1000005424,20250816,1019,2,4,4,40872.0,8583.12,0.0,49455.12
4575,1000005425,20250114,618,2,1,1,64500.0,13545.0,0.0,78045.0
4576,1000005426,20240623,75,2,3,3,42750.0,8977.5,0.0,51727.5
4577,1000005427,20241202,217,2,4,4,29700.0,6237.0,0.0,35937.0
4578,1000005428,20240506,1365,2,3,3,16170.0,3395.7,0.0,19565.7
4579,1000005430,20240823,319,1,2157,-1,11970.0,2513.7,1500.0,15983.7
4580,1000005431,20240201,569,1,2133,-1,26040.0,5468.4,1500.0,33008.4
4581,1000005432,20250224,1469,2,4,4,34200.0,7182.0,0.0,41382.0
4582,1000005433,20240510,1265,2,3,3,44887.5,9426.38,0.0,54313.88
4583,1000005434,20240805,128,2,3,3,28500.0,5985.0,0.0,34485.0
4584,1000005435,20240928,377,2,3,3,57222.0,12016.62,0.0,69238.62
4585,1000005436,20250918,1452,1,2878,-1,21600.0,4536.0,900.0,27036.0
4586,1000005437,20240522,150,1,1707,-1,15435.0,3241.35,1500.0,20176.35
4587,1000005438,20240706,236,1,1267,-1,46305.0,9724.05,900.0,56929.05
4588,1000005439,20240127,317,1,1114,-1,22800.0,4788.0,1500.0,29088.0
4589,1000005441,20241215,445,2,4,4,25200.0,5292.0,0.0,30492.0
4590,1000005442,20240813,924,2,3,3,46305.0,9724.05,0.0,56029.05
4591,1000005443,20250501,859,1,1892,-1,32400.0,6804.0,1200.0,40404.0
4592,1000005444,20240413,218,2,3,3,10800.0,2268.0,0.0,13068.0
4593,1000005445,20240211,1191,2,3,3,21168.0,4445.28,0.0,25613.28
4594,1000005446,20240321,522,2,2,2,44962.5,9442.12,0.0,54404.62
4595,1000005447,20240611,600,1,2094,-1,40500.0,8505.0,0.0,49005.0
4596,1000005448,20241021,577,2,3,3,45600.0,9576.0,0.0,55176.0
4597,1000005449,20240407,41,2,2,2,28500.0,5985.0,0.0,34485.0
4598,1000005450,20250814,1251,1,1383,-1,22800.0,4788.0,1200.0,28788.0
4599,1000005451,20250311,887,2,3,3,36132.0,7587.72,0.0,43719.72
4600,1000005452,20250503,922,1,688,-1,25080.0,5266.8,1200.0,31546.8
4601,1000005453,20241024,645,2,4,4,36000.0,7560.0,0.0,43560.0
4602,1000005454,20240630,1090,1,1596,-1,66750.0,14017.5,0.0,80767.5
4603,1000005455,20240419,1323,2,1,1,9720.0,2041.2,0.0,11761.2
4604,1000005456,20240326,591,1,95,-1,52500.0,11025.0,1500.0,65025.0
4605,1000005457,20250927,67,1,2975,-1,12000.0,2520.0,1500.0,16020.0
4606,1000005458,20240511,305,1,2450,-1,34800.0,7308.0,1500.0,43608.0
4607,1000005459,20250901,67,2,1,1,35910.0,7541.1,0.0,43451.1
4608,1000005461,20250101,264,2,3,3,23520.0,4939.2,0.0,28459.2
4609,1000005462,20241031,731,1,2064,-1,61200.0,12852.0,900.0,74952.0
4610,1000005463,20250619,1236,1,806,-1,10260.0,2154.6,900.0,13314.6
4611,1000005464,20240219,104,1,1084,-1,15000.0,3150.0,1200.0,19350.0
4612,1000005465,20240822,1164,2,1,1,36750.0,7717.5,0.0,44467.5
4613,1000005466,20250929,436,1,1467,-1,39690.0,8334.9,0.0,48024.9
4614,1000005467,20250920,399,1,2965,-1,28500.0,5985.0,0.0,34485.0
4615,1000005470,20240717,1235,1,763,-1,32400.0,6804.0,900.0,40104.0
4616,1000005471,20250220,642,1,3045,-1,37860.0,7950.6,900.0,46710.6
4617,1000005472,20250217,38,1,29,-1,49530.0,10401.3,900.0,60831.3
4618,1000005473,20240501,858,1,2936,-1,65952.0,13849.92,0.0,79801.92
4619,1000005474,20250524,766,1,1007,-1,13500.0,2835.0,0.0,16335.0
4620,1000005475,20240410,88,2,4,4,10260.0,2154.6,0.0,12414.6
4621,1000005476,20250512,358,1,1941,-1,40500.0,8505.0,1200.0,50205.0
4622,1000005477,20250825,879,1,345,-1,11400.0,2394.0,900.0,14694.0
4623,1000005479,20241027,22,1,2794,-1,13500.0,2835.0,1200.0,17535.0
4624,1000005480,20240309,376,2,1,1,25872.0,5433.12,0.0,31305.12
4625,1000005481,20250810,591,2,4,4,32340.0,6791.4,0.0,39131.4
4626,1000005482,20250428,549,1,2051,-1,10800.0,2268.0,1200.0,14268.0
4627,1000005483,20240416,783,1,130,-1,73044.0,15339.24,1200.0,89583.24
4628,1000005484,20241209,1155,1,453,-1,13500.0,2835.0,1500.0,17835.0
4629,1000005485,20250206,1472,1,1746,-1,30000.0,6300.0,900.0,37200.0
4630,1000005486,20240401,637,1,1725,-1,11760.0,2469.6,900.0,15129.6
4631,1000005487,20240717,372,2,2,2,24000.0,5040.0,0.0,29040.0
4632,1000005488,20250606,664,1,1891,-1,63180.0,13267.8,1200.0,77647.8
4633,1000005489,20240816,164,1,2656,-1,12000.0,2520.0,1200.0,15720.0
4634,1000005490,20250621,1062,2,1,1,52050.0,10930.5,0.0,62980.5
4635,1000005491,20240625,990,1,926,-1,40500.0,8505.0,1200.0,50205.0
4636,1000005492,20250206,708,2,2,2,40500.0,8505.0,0.0,49005.0
4637,1000005493,20250428,1117,1,2608,-1,36000.0,7560.0,900.0,44460.0
4638,1000005494,20241102,1484,1,845,-1,21600.0,4536.0,900.0,27036.0
4639,1000005496,20250602,393,1,1467,-1,32400.0,6804.0,1200.0,40404.0
4640,1000005497,20241216,1403,1,2124,-1,12000.0,2520.0,1200.0,15720.0
4641,1000005500,20240828,1132,2,1,1,23520.0,4939.2,0.0,28459.2
4642,1000005501,20241215,985,2,1,1,14250.0,2992.5,0.0,17242.5
4643,1000005503,20250913,1123,1,2413,-1,12000.0,2520.0,0.0,14520.0
4644,1000005504,20240603,784,1,3077,-1,30000.0,6300.0,1200.0,37500.0
4645,1000005505,20250516,602,2,4,4,13500.0,2835.0,0.0,16335.0
4646,1000005506,20240408,1059,2,4,4,91350.0,19183.5,0.0,110533.5
4647,1000005507,20240819,1215,1,3186,-1,35910.0,7541.1,900.0,44351.1
4648,1000005508,20240421,429,2,2,2,27000.0,5670.0,0.0,32670.0
4649,1000005509,20241210,631,2,2,2,44887.5,9426.38,0.0,54313.88
4650,1000005510,20250625,372,1,2579,-1,24000.0,5040.0,1200.0,30240.0
4651,1000005511,20250320,32,2,4,4,14250.0,2992.5,0.0,17242.5
4652,1000005512,20240820,277,1,1941,-1,10800.0,2268.0,1200.0,14268.0
4653,1000005513,20250924,243,2,3,3,14250.0,2992.5,0.0,17242.5
4654,1000005514,20240707,693,2,2,2,40500.0,8505.0,0.0,49005.0
4655,1000005515,20241123,1241,2,1,1,98775.0,20742.75,0.0,119517.75
4656,1000005516,20250930,536,1,2841,-1,14700.0,3087.0,1500.0,19287.0
4657,1000005517,20240722,1302,1,3116,-1,65085.0,13667.85,0.0,78752.85
4658,1000005519,20250410,444,2,2,2,23520.0,4939.2,0.0,28459.2
4659,1000005520,20240420,993,1,1858,-1,71280.0,14968.8,1500.0,87748.8
4660,1000005521,20250920,939,1,1903,-1,38475.0,8079.75,1200.0,47754.75
4661,1000005522,20240519,502,1,819,-1,64620.0,13570.2,1200.0,79390.2
4662,1000005523,20240729,22,1,2300,-1,12825.0,2693.25,0.0,15518.25
4663,1000005524,20250826,856,1,2925,-1,16500.0,3465.0,900.0,20865.0
4664,1000005525,20250514,1436,2,2,2,24348.0,5113.08,0.0,29461.08
4665,1000005526,20240102,1335,1,2321,-1,10800.0,2268.0,1200.0,14268.0
4666,1000005527,20250315,856,2,1,1,44100.0,9261.0,0.0,53361.0
4667,1000005528,20240127,325,1,1954,-1,11970.0,2513.7,1200.0,15683.7
4668,1000005530,20250108,357,2,2,2,28500.0,5985.0,0.0,34485.0
4669,1000005531,20240129,29,2,4,4,37800.0,7938.0,0.0,45738.0
4670,1000005532,20250228,306,2,1,1,45000.0,9450.0,0.0,54450.0
4671,1000005533,20250225,710,1,2120,-1,27000.0,5670.0,0.0,32670.0
4672,1000005534,20250828,11,2,3,3,37044.0,7779.24,0.0,44823.24
4673,1000005535,20250521,785,1,518,-1,68685.0,14423.85,0.0,83108.85
4674,1000005536,20250819,691,1,1440,-1,57450.0,12064.5,900.0,70414.5
4675,1000005537,20241120,640,2,1,1,37080.0,7786.8,0.0,44866.8
4676,1000005538,20240920,937,1,1745,-1,44100.0,9261.0,1500.0,54861.0
4677,1000005540,20240702,365,1,1475,-1,15750.0,3307.5,1200.0,20257.5
4678,1000005541,20241123,719,1,2670,-1,62100.0,13041.0,1500.0,76641.0
4679,1000005542,20250506,455,1,752,-1,46455.0,9755.55,1200.0,57410.55
4680,1000005543,20250412,1347,2,3,3,22800.0,4788.0,0.0,27588.0
4681,1000005544,20250424,244,1,2474,-1,10800.0,2268.0,900.0,13968.0
4682,1000005546,20240430,44,1,664,-1,19440.0,4082.4,1500.0,25022.4
4683,1000005547,20241130,993,1,1225,-1,30870.0,6482.7,1500.0,38852.7
4684,1000005548,20250418,1358,2,1,1,28500.0,5985.0,0.0,34485.0
4685,1000005549,20240901,1103,2,4,4,12825.0,2693.25,0.0,15518.25
4686,1000005551,20250913,882,1,24,-1,64500.0,13545.0,1200.0,79245.0
4687,1000005552,20240702,1324,2,4,4,44625.0,9371.25,0.0,53996.25
4688,1000005553,20250806,1102,1,781,-1,24000.0,5040.0,0.0,29040.0
4689,1000005554,20250224,547,2,3,3,23520.0,4939.2,0.0,28459.2
4690,1000005555,20240314,833,2,1,1,23520.0,4939.2,0.0,28459.2
4691,1000005557,20240401,51,1,1815,-1,29400.0,6174.0,900.0,36474.0
4692,1000005558,20240712,1234,1,864,-1,12348.0,2593.08,900.0,15841.08
4693,1000005561,20240612,861,1,1337,-1,10800.0,2268.0,900.0,13968.0
4694,1000005562,20250503,861,1,1450,-1,13230.0,2778.3,1500.0,17508.3
4695,1000005564,20240218,882,2,2,2,21600.0,4536.0,0.0,26136.0
4696,1000005566,20240528,1333,1,631,-1,10800.0,2268.0,900.0,13968.0
4697,1000005567,20250806,537,2,2,2,15000.0,3150.0,0.0,18150.0
4698,1000005568,20240106,825,1,1856,-1,11400.0,2394.0,0.0,13794.0
4699,1000005569,20241114,243,2,3,3,11760.0,2469.6,0.0,14229.6
4700,1000005570,20240715,233,2,4,4,89100.0,18711.0,0.0,107811.0
4701,1000005571,20250419,384,1,1900,-1,42750.0,8977.5,0.0,51727.5
4702,1000005572,20250927,204,2,4,4,34020.0,7144.2,0.0,41164.2
4703,1000005573,20250331,1272,1,1953,-1,45000.0,9450.0,1200.0,55650.0
4704,1000005574,20240418,1468,2,1,1,32400.0,6804.0,0.0,39204.0
4705,1000005575,20240312,1326,2,3,3,23520.0,4939.2,0.0,28459.2
4706,1000005576,20250329,141,1,1125,-1,24696.0,5186.16,0.0,29882.16
4707,1000005577,20240731,746,1,3113,-1,44887.5,9426.38,900.0,55213.88
4708,1000005578,20240707,1479,2,2,2,39690.0,8334.9,0.0,48024.9
4709,1000005580,20250428,276,1,1787,-1,27000.0,5670.0,1200.0,33870.0
4710,1000005581,20241222,974,2,4,4,51450.0,10804.5,0.0,62254.5
4711,1000005582,20241220,653,2,2,2,10800.0,2268.0,0.0,13068.0
4712,1000005583,20240211,993,1,2623,-1,47520.0,9979.2,900.0,58399.2
4713,1000005585,20240217,1451,1,960,-1,23160.0,4863.6,900.0,28923.6
4714,1000005586,20241225,866,2,4,4,14700.0,3087.0,0.0,17787.0
4715,1000005587,20240723,88,1,2722,-1,25200.0,5292.0,0.0,30492.0
4716,1000005588,20240818,994,2,3,3,15435.0,3241.35,0.0,18676.35
4717,1000005589,20241003,1015,1,732,-1,49056.0,10301.76,900.0,60257.76
4718,1000005591,20240513,304,1,537,-1,35910.0,7541.1,1200.0,44651.1
4719,1000005592,20240406,925,2,3,3,29700.0,6237.0,0.0,35937.0
4720,1000005593,20250610,283,2,4,4,47670.0,10010.7,0.0,57680.7
4721,1000005594,20240402,1061,1,2600,-1,46305.0,9724.05,900.0,56929.05
4722,1000005595,20250217,429,1,318,-1,14700.0,3087.0,900.0,18687.0
4723,1000005596,20250303,705,1,115,-1,10800.0,2268.0,900.0,13968.0
4724,1000005597,20241019,516,1,2969,-1,14700.0,3087.0,0.0,17787.0
4725,1000005598,20241205,978,1,916,-1,46305.0,9724.05,0.0,56029.05
4726,1000005599,20241121,332,1,431,-1,15675.0,3291.75,900.0,19866.75
4727,1000005600,20241203,43,2,3,3,61200.0,12852.0,0.0,74052.0
4728,1000005601,20250422,853,1,1389,-1,10260.0,2154.6,1500.0,13914.6
4729,1000005602,20250422,209,2,4,4,15435.0,3241.35,0.0,18676.35
4730,1000005603,20240415,1476,1,2000,-1,15000.0,3150.0,1200.0,19350.0
4731,1000005604,20240304,1331,1,1530,-1,42840.0,8996.4,1500.0,53336.4
4732,1000005605,20250304,1400,2,3,3,35280.0,7408.8,0.0,42688.8
4733,1000005606,20240410,248,1,963,-1,11400.0,2394.0,0.0,13794.0
4734,1000005608,20240414,543,2,1,1,12000.0,2520.0,0.0,14520.0
4735,1000005609,20250126,1452,2,2,2,70575.0,14820.75,0.0,85395.75
4736,1000005611,20241029,135,2,2,2,78300.0,16443.0,0.0,94743.0
4737,1000005612,20250708,1462,1,209,-1,28350.0,5953.5,1500.0,35803.5
4738,1000005613,20250526,1149,1,1237,-1,25500.0,5355.0,900.0,31755.0
4739,1000005614,20240824,1485,2,2,2,11970.0,2513.7,0.0,14483.7
4740,1000005615,20240705,905,1,601,-1,65700.0,13797.0,1200.0,80697.0
4741,1000005616,20250416,1236,2,1,1,45135.0,9478.35,0.0,54613.35
4742,1000005617,20250712,176,1,2010,-1,11400.0,2394.0,1200.0,14994.0
4743,1000005619,20240727,1386,1,43,-1,49020.0,10294.2,1500.0,60814.2
4744,1000005620,20240309,121,1,2170,-1,41040.0,8618.4,1500.0,51158.4
4745,1000005621,20250819,954,1,2224,-1,32400.0,6804.0,1500.0,40704.0
4746,1000005622,20250813,90,1,71,-1,75435.0,15841.35,1500.0,92776.35
4747,1000005623,20250904,347,1,2839,-1,19440.0,4082.4,900.0,24422.4
4748,1000005624,20241005,1486,1,1203,-1,20520.0,4309.2,900.0,25729.2
4749,1000005625,20240422,223,1,1744,-1,15000.0,3150.0,900.0,19050.0
4750,1000005627,20240403,1199,2,2,2,70200.0,14742.0,0.0,84942.0
4751,1000005628,20250919,58,1,1295,-1,49500.0,10395.0,1500.0,61395.0
4752,1000005629,20241231,78,2,2,2,61044.0,12819.24,0.0,73863.24
4753,1000005630,20250307,888,1,2108,-1,12540.0,2633.4,1200.0,16373.4
4754,1000005631,20241229,1472,2,4,4,36450.0,7654.5,0.0,44104.5
4755,1000005632,20250826,1477,1,3144,-1,66270.0,13916.7,1200.0,81386.7
4756,1000005633,20241016,1104,1,1225,-1,26100.0,5481.0,1200.0,32781.0
4757,1000005635,20250609,715,1,3131,-1,46800.0,9828.0,900.0,57528.0
4758,1000005636,20241206,1295,1,2031,-1,36000.0,7560.0,900.0,44460.0
4759,1000005637,20250629,1237,2,3,3,97740.0,20525.4,0.0,118265.4
4760,1000005638,20250521,1202,1,528,-1,44280.0,9298.8,1200.0,54778.8
4761,1000005639,20241122,1014,2,1,1,30000.0,6300.0,0.0,36300.0
4762,1000005640,20240128,701,2,3,3,69510.0,14597.1,0.0,84107.1
4763,1000005641,20240719,232,1,1781,-1,10800.0,2268.0,0.0,13068.0
4764,1000005642,20240911,812,2,1,1,12540.0,2633.4,0.0,15173.4
4765,1000005643,20250814,1322,1,104,-1,35280.0,7408.8,1200.0,43888.8
4766,1000005644,20240310,1443,1,2487,-1,31350.0,6583.5,900.0,38833.5
4767,1000005645,20240516,1047,1,1766,-1,49260.0,10344.6,900.0,60504.6
4768,1000005646,20240325,669,1,2785,-1,27510.0,5777.1,1200.0,34487.1
4769,1000005647,20250502,23,1,307,-1,21600.0,4536.0,900.0,27036.0
4770,1000005648,20240725,1163,1,451,-1,42750.0,8977.5,900.0,52627.5
4771,1000005649,20240420,97,2,3,3,11400.0,2394.0,0.0,13794.0
4772,1000005650,20250805,366,1,2883,-1,68100.0,14301.0,1200.0,83601.0
4773,1000005651,20250810,429,1,1019,-1,11400.0,2394.0,900.0,14694.0
4774,1000005653,20250605,1313,2,2,2,24300.0,5103.0,0.0,29403.0
4775,1000005655,20240330,291,1,2027,-1,23400.0,4914.0,900.0,29214.0
4776,1000005656,20241115,1359,1,1882,-1,10800.0,2268.0,1200.0,14268.0
4777,1000005657,20241008,685,2,2,2,28500.0,5985.0,0.0,34485.0
4778,1000005658,20250315,1370,2,4,4,72900.0,15309.0,0.0,88209.0
4779,1000005659,20241024,350,2,2,2,26460.0,5556.6,0.0,32016.6
4780,1000005660,20240223,1135,1,3181,-1,64350.0,13513.5,900.0,78763.5
4781,1000005662,20250304,208,2,3,3,28500.0,5985.0,0.0,34485.0
4782,1000005663,20250521,511,2,4,4,71460.0,15006.6,0.0,86466.6
4783,1000005664,20240405,951,1,1376,-1,12150.0,2551.5,0.0,14701.5
4784,1000005666,20240720,1435,1,2193,-1,29700.0,6237.0,1500.0,37437.0
4785,1000005667,20250405,748,2,2,2,24300.0,5103.0,0.0,29403.0
4786,1000005668,20250905,542,1,2195,-1,30000.0,6300.0,0.0,36300.0
4787,1000005669,20250322,430,1,801,-1,71250.0,14962.5,1500.0,87712.5
4788,1000005672,20250322,426,2,2,2,21600.0,4536.0,0.0,26136.0
4789,1000005673,20240322,1248,2,3,3,23520.0,4939.2,0.0,28459.2
4790,1000005675,20240331,665,1,398,-1,11400.0,2394.0,900.0,14694.0
4791,1000005676,20250617,337,2,1,1,40500.0,8505.0,0.0,49005.0
4792,1000005677,20240603,602,1,1854,-1,66870.0,14042.7,0.0,80912.7
4793,1000005678,20250606,118,1,680,-1,56100.0,11781.0,0.0,67881.0
4794,1000005679,20250524,119,2,3,3,57750.0,12127.5,0.0,69877.5
4795,1000005680,20250319,996,1,2847,-1,22680.0,4762.8,1500.0,28942.8
4796,1000005681,20250816,143,2,4,4,34200.0,7182.0,0.0,41382.0
4797,1000005682,20241123,191,1,1450,-1,45000.0,9450.0,0.0,54450.0
4798,1000005683,20241102,616,1,2738,-1,10800.0,2268.0,1500.0,14568.0
4799,1000005684,20240531,758,2,1,1,39900.0,8379.0,0.0,48279.0
4800,1000005685,20241126,605,1,600,-1,45000.0,9450.0,900.0,55350.0
4801,1000005686,20240108,1038,1,1331,-1,32400.0,6804.0,0.0,39204.0
4802,1000005687,20240731,754,1,2605,-1,23520.0,4939.2,900.0,29359.2
4803,1000005688,20240515,273,1,2824,-1,10800.0,2268.0,900.0,13968.0
4804,1000005689,20240731,466,2,1,1,39660.0,8328.6,0.0,47988.6
4805,1000005691,20250111,706,2,4,4,14175.0,2976.75,0.0,17151.75
4806,1000005693,20240721,1375,1,1539,-1,21600.0,4536.0,900.0,27036.0
4807,1000005694,20240512,6,2,3,3,60270.0,12656.7,0.0,72926.7
4808,1000005695,20240219,729,2,4,4,10800.0,2268.0,0.0,13068.0
4809,1000005697,20241108,1493,1,2130,-1,11400.0,2394.0,1200.0,14994.0
4810,1000005698,20250211,166,1,3100,-1,12348.0,2593.08,900.0,15841.08
4811,1000005699,20250525,1056,1,1291,-1,26400.0,5544.0,1200.0,33144.0
4812,1000005702,20240101,1042,2,2,2,15000.0,3150.0,0.0,18150.0
4813,1000005703,20240609,1013,1,2393,-1,10260.0,2154.6,900.0,13314.6
4814,1000005704,20241011,1392,2,2,2,10260.0,2154.6,0.0,12414.6
4815,1000005705,20241115,175,2,2,2,64680.0,13582.8,0.0,78262.8
4816,1000005706,20240817,1434,1,2989,-1,43200.0,9072.0,900.0,53172.0
4817,1000005708,20250318,919,1,2101,-1,34200.0,7182.0,900.0,42282.0
4818,1000005710,20250627,530,1,1207,-1,19440.0,4082.4,1200.0,24722.4
4819,1000005711,20241206,608,2,2,2,42750.0,8977.5,0.0,51727.5
4820,1000005712,20240711,574,1,3185,-1,24000.0,5040.0,1200.0,30240.0
4821,1000005713,20250206,781,1,2154,-1,41160.0,8643.6,1200.0,51003.6
4822,1000005714,20250502,1019,1,3084,-1,31752.0,6667.92,900.0,39319.92
4823,1000005716,20240110,1306,2,3,3,69222.0,14536.62,0.0,83758.62
4824,1000005717,20250826,1382,2,4,4,47250.0,9922.5,0.0,57172.5
4825,1000005720,20241206,743,2,2,2,46740.0,9815.4,0.0,56555.4
4826,1000005721,20250909,319,2,1,1,23520.0,4939.2,0.0,28459.2
4827,1000005722,20241113,782,1,2574,-1,32520.0,6829.2,0.0,39349.2
4828,1000005723,20240916,799,2,2,2,25080.0,5266.8,0.0,30346.8
4829,1000005724,20240716,870,2,4,4,35280.0,7408.8,0.0,42688.8
4830,1000005727,20240106,75,1,1061,-1,34440.0,7232.4,1500.0,43172.4
4831,1000005728,20240310,576,1,1093,-1,40500.0,8505.0,1200.0,50205.0
4832,1000005729,20240831,1326,1,2891,-1,21600.0,4536.0,900.0,27036.0
4833,1000005730,20241206,731,1,333,-1,30780.0,6463.8,900.0,38143.8
4834,1000005731,20240510,1387,2,3,3,32400.0,6804.0,0.0,39204.0
4835,1000005734,20240803,297,1,958,-1,38550.0,8095.5,1200.0,47845.5
4836,1000005735,20240223,974,2,3,3,32400.0,6804.0,0.0,39204.0
4837,1000005736,20240815,1387,2,2,2,25872.0,5433.12,0.0,31305.12
4838,1000005737,20250406,39,1,1528,-1,62700.0,13167.0,1500.0,77367.0
4839,1000005738,20240816,192,1,1864,-1,28950.0,6079.5,900.0,35929.5
4840,1000005740,20250831,1297,1,724,-1,36000.0,7560.0,900.0,44460.0
4841,1000005741,20250105,1389,1,788,-1,38100.0,8001.0,1500.0,47601.0
4842,1000005742,20250806,1462,1,3061,-1,15435.0,3241.35,1500.0,20176.35
4843,1000005744,20241205,1060,2,1,1,26550.0,5575.5,0.0,32125.5
4844,1000005745,20240901,973,2,3,3,42750.0,8977.5,0.0,51727.5
4845,1000005747,20240710,1079,2,2,2,60408.0,12685.68,0.0,73093.68
4846,1000005748,20250525,451,1,2704,-1,89445.0,18783.45,900.0,109128.45
4847,1000005749,20240322,210,1,2124,-1,26460.0,5556.6,1500.0,33516.6
4848,1000005750,20241111,273,1,532,-1,21600.0,4536.0,1200.0,27336.0
4849,1000005752,20240912,825,1,1192,-1,23940.0,5027.4,900.0,29867.4
4850,1000005753,20250405,1358,2,1,1,11760.0,2469.6,0.0,14229.6
4851,1000005754,20250307,967,1,735,-1,35640.0,7484.4,1200.0,44324.4
4852,1000005755,20240808,1377,1,1195,-1,72000.0,15120.0,0.0,87120.0
4853,1000005756,20240405,573,2,4,4,32400.0,6804.0,0.0,39204.0
4854,1000005757,20240525,1148,2,1,1,36300.0,7623.0,0.0,43923.0
4855,1000005758,20250626,1274,2,4,4,34200.0,7182.0,0.0,41382.0
4856,1000005759,20240701,147,2,4,4,11970.0,2513.7,0.0,14483.7
4857,1000005760,20240224,1119,2,1,1,11760.0,2469.6,0.0,14229.6
4858,1000005761,20241211,958,1,979,-1,10800.0,2268.0,1500.0,14568.0
4859,1000005762,20250105,1006,2,4,4,34200.0,7182.0,0.0,41382.0
4860,1000005763,20250405,752,1,2177,-1,34668.0,7280.28,1200.0,43148.28
4861,1000005764,20250724,689,1,2115,-1,32400.0,6804.0,0.0,39204.0
4862,1000005765,20241124,931,2,1,1,42240.0,8870.4,0.0,51110.4
4863,1000005766,20240607,853,1,2296,-1,36000.0,7560.0,1200.0,44760.0
4864,1000005767,20250902,1451,1,1145,-1,10800.0,2268.0,0.0,13068.0
4865,1000005768,20250326,1045,1,531,-1,44550.0,9355.5,1200.0,55105.5
4866,1000005770,20241026,855,1,1325,-1,30000.0,6300.0,900.0,37200.0
4867,1000005771,20240116,381,1,1933,-1,45000.0,9450.0,900.0,55350.0
4868,1000005772,20250905,1336,1,1628,-1,24000.0,5040.0,900.0,29940.0
4869,1000005773,20250209,209,1,1177,-1,32400.0,6804.0,1500.0,40704.0
4870,1000005774,20241122,233,1,2188,-1,11400.0,2394.0,1200.0,14994.0
4871,1000005775,20250718,398,2,1,1,23760.0,4989.6,0.0,28749.6
4872,1000005777,20250403,136,1,162,-1,40200.0,8442.0,0.0,48642.0
4873,1000005778,20250810,149,2,4,4,12000.0,2520.0,0.0,14520.0
4874,1000005779,20240427,649,2,3,3,12600.0,2646.0,0.0,15246.0
4875,1000005780,20250918,680,1,331,-1,21600.0,4536.0,900.0,27036.0
4876,1000005781,20240701,98,1,3024,-1,15750.0,3307.5,1500.0,20557.5
4877,1000005782,20241019,142,2,4,4,27570.0,5789.7,0.0,33359.7
4878,1000005784,20250116,953,1,1524,-1,12000.0,2520.0,1200.0,15720.0
4879,1000005785,20240928,1355,1,1471,-1,22800.0,4788.0,900.0,28488.0
4880,1000005786,20240505,610,1,23,-1,11760.0,2469.6,1200.0,15429.6
4881,1000005787,20250121,536,2,3,3,11400.0,2394.0,0.0,13794.0
4882,1000005788,20250407,361,1,1878,-1,24000.0,5040.0,1200.0,30240.0
4883,1000005789,20240117,1339,1,2200,-1,62400.0,13104.0,900.0,76404.0
4884,1000005790,20250607,765,1,380,-1,11760.0,2469.6,1200.0,15429.6
4885,1000005792,20250912,1078,1,259,-1,12000.0,2520.0,900.0,15420.0
4886,1000005793,20250401,1469,1,2167,-1,74025.0,15545.25,1200.0,90770.25
4887,1000005794,20250602,849,2,2,2,32400.0,6804.0,0.0,39204.0
4888,1000005795,20250807,222,1,1878,-1,44100.0,9261.0,1200.0,54561.0
4889,1000005796,20240910,972,1,2875,-1,27000.0,5670.0,1200.0,33870.0
4890,1000005797,20240125,332,1,1595,-1,36096.0,7580.16,900.0,44576.16
4891,1000005798,20240714,1333,1,2713,-1,38475.0,8079.75,1200.0,47754.75
4892,1000005799,20240809,1209,1,877,-1,32400.0,6804.0,1500.0,40704.0
4893,1000005800,20240201,254,1,2174,-1,37044.0,7779.24,1200.0,46023.24
4894,1000005801,20250706,783,2,3,3,21600.0,4536.0,0.0,26136.0
4895,1000005802,20250820,203,2,1,1,29400.0,6174.0,0.0,35574.0
4896,1000005803,20240329,570,1,2316,-1,90000.0,18900.0,900.0,109800.0
4897,1000005804,20240527,1317,1,3025,-1,14700.0,3087.0,900.0,18687.0
4898,1000005805,20240903,664,2,1,1,34200.0,7182.0,0.0,41382.0
4899,1000005807,20250520,1032,1,2784,-1,23940.0,5027.4,900.0,29867.4
4900,1000005808,20241105,532,1,437,-1,28500.0,5985.0,1200.0,35685.0
4901,1000005809,20240812,569,1,2813,-1,22800.0,4788.0,900.0,28488.0
4902,1000005810,20240328,685,1,2656,-1,31920.0,6703.2,900.0,39523.2
4903,1000005812,20240607,206,1,2750,-1,21600.0,4536.0,1500.0,27636.0
4904,1000005814,20250613,1485,1,291,-1,58500.0,12285.0,1200.0,71985.0
4905,1000005815,20250315,1360,1,1047,-1,21600.0,4536.0,900.0,27036.0
4906,1000005816,20250612,649,2,2,2,34200.0,7182.0,0.0,41382.0
4907,1000005817,20250329,182,2,1,1,25200.0,5292.0,0.0,30492.0
4908,1000005818,20241202,1282,1,1104,-1,19440.0,4082.4,900.0,24422.4
4909,1000005819,20241127,1280,1,1565,-1,36000.0,7560.0,1200.0,44760.0
4910,1000005820,20250716,444,1,1229,-1,26250.0,5512.5,1200.0,32962.5
4911,1000005821,20240321,467,1,2112,-1,24000.0,5040.0,1200.0,30240.0
4912,1000005822,20241025,1033,1,2381,-1,23148.0,4861.08,900.0,28909.08
4913,1000005823,20240324,502,1,1993,-1,24000.0,5040.0,1200.0,30240.0
4914,1000005824,20250730,1167,1,2243,-1,32400.0,6804.0,1200.0,40404.0
4915,1000005825,20241117,818,2,2,2,29400.0,6174.0,0.0,35574.0
4916,1000005826,20250210,468,1,764,-1,14250.0,2992.5,1200.0,18442.5
4917,1000005827,20250415,1151,1,195,-1,44100.0,9261.0,1200.0,54561.0
4918,1000005828,20250414,418,1,908,-1,36000.0,7560.0,900.0,44460.0
4919,1000005830,20240717,477,2,2,2,49980.0,10495.8,0.0,60475.8
4920,1000005831,20240409,1236,1,1811,-1,24696.0,5186.16,900.0,30782.16
4921,1000005832,20240312,1257,1,712,-1,42552.0,8935.92,1200.0,52687.92
4922,1000005833,20240911,436,1,909,-1,25080.0,5266.8,1200.0,31546.8
4923,1000005834,20240723,1206,1,292,-1,13200.0,2772.0,0.0,15972.0
4924,1000005835,20240325,249,1,2464,-1,41925.0,8804.25,1200.0,51929.25
4925,1000005836,20250915,954,1,2885,-1,10800.0,2268.0,1200.0,14268.0
4926,1000005837,20241114,391,2,3,3,32400.0,6804.0,0.0,39204.0
4927,1000005838,20250416,462,2,4,4,32400.0,6804.0,0.0,39204.0
4928,1000005839,20250223,279,2,3,3,14250.0,2992.5,0.0,17242.5
4929,1000005840,20250830,1269,1,289,-1,36000.0,7560.0,0.0,43560.0
4930,1000005841,20250824,1240,2,4,4,25650.0,5386.5,0.0,31036.5
4931,1000005842,20240725,362,2,4,4,35280.0,7408.8,0.0,42688.8
4932,1000005843,20250522,1120,2,4,4,14250.0,2992.5,0.0,17242.5
4933,1000005844,20250202,347,1,1627,-1,44100.0,9261.0,900.0,54261.0
4934,1000005845,20240717,1222,1,869,-1,56880.0,11944.8,1200.0,70024.8
4935,1000005846,20240506,379,1,327,-1,10800.0,2268.0,0.0,13068.0
4936,1000005847,20241030,1002,2,3,3,66780.0,14023.8,0.0,80803.8
4937,1000005849,20240416,302,2,3,3,51435.0,10801.35,0.0,62236.35
4938,1000005850,20250831,418,2,4,4,62280.0,13078.8,0.0,75358.8
4939,1000005851,20240819,322,1,717,-1,33000.0,6930.0,900.0,40830.0
4940,1000005852,20240425,590,2,2,2,44100.0,9261.0,0.0,53361.0
4941,1000005853,20250507,1444,1,454,-1,23520.0,4939.2,900.0,29359.2
4942,1000005854,20250919,1135,1,1416,-1,72018.0,15123.78,1200.0,88341.78
4943,1000005855,20250826,1163,1,1163,-1,35280.0,7408.8,900.0,43588.8
4944,1000005856,20250115,591,1,1595,-1,49920.0,10483.2,900.0,61303.2
4945,1000005857,20250111,338,1,1118,-1,44100.0,9261.0,0.0,53361.0
4946,1000005858,20240222,911,1,2526,-1,24300.0,5103.0,1500.0,30903.0
4947,1000005859,20250217,46,2,1,1,35280.0,7408.8,0.0,42688.8
4948,1000005860,20241020,1344,2,2,2,61800.0,12978.0,0.0,74778.0
4949,1000005861,20250626,314,2,3,3,14700.0,3087.0,0.0,17787.0
4950,1000005863,20240929,1358,1,2659,-1,10800.0,2268.0,900.0,13968.0
4951,1000005864,20240418,1162,2,2,2,44100.0,9261.0,0.0,53361.0
4952,1000005865,20250107,1053,2,2,2,80505.0,16906.05,0.0,97411.05
4953,1000005868,20240907,1101,2,1,1,11400.0,2394.0,0.0,13794.0
4954,1000005869,20241007,1406,2,2,2,31752.0,6667.92,0.0,38419.92
4955,1000005870,20250106,688,2,4,4,11400.0,2394.0,0.0,13794.0
4956,1000005872,20240719,279,1,990,-1,11760.0,2469.6,900.0,15129.6
4957,1000005873,20240606,185,1,2485,-1,11400.0,2394.0,1200.0,14994.0
4958,1000005874,20250605,1492,1,661,-1,76380.0,16039.8,1200.0,93619.8
4959,1000005875,20250212,277,1,3157,-1,43950.0,9229.5,1200.0,54379.5
4960,1000005876,20250701,1234,2,1,1,36000.0,7560.0,0.0,43560.0
4961,1000005877,20240317,858,1,2492,-1,27000.0,5670.0,1200.0,33870.0
4962,1000005878,20240915,315,2,3,3,32940.0,6917.4,0.0,39857.4
4963,1000005879,20250706,1151,2,1,1,23520.0,4939.2,0.0,28459.2
4964,1000005880,20241118,994,1,694,-1,48420.0,10168.2,900.0,59488.2
4965,1000005881,20240625,9,2,3,3,71400.0,14994.0,0.0,86394.0
4966,1000005882,20240924,1247,2,2,2,29925.0,6284.25,0.0,36209.25
4967,1000005883,20240921,879,1,754,-1,58500.0,12285.0,1200.0,71985.0
4968,1000005884,20240409,113,1,2324,-1,36000.0,7560.0,900.0,44460.0
4969,1000005886,20240621,941,2,1,1,22200.0,4662.0,0.0,26862.0
4970,1000005887,20240712,1467,1,301,-1,21600.0,4536.0,1200.0,27336.0
4971,1000005888,20250706,1188,1,2620,-1,15000.0,3150.0,1200.0,19350.0
4972,1000005889,20250803,1115,1,3072,-1,58500.0,12285.0,1200.0,71985.0
4973,1000005890,20240521,1336,2,4,4,23520.0,4939.2,0.0,28459.2
4974,1000005891,20240118,1363,1,313,-1,15675.0,3291.75,0.0,18966.75
4975,1000005895,20240808,519,1,1503,-1,25650.0,5386.5,0.0,31036.5
4976,1000005896,20240317,1319,1,923,-1,21600.0,4536.0,900.0,27036.0
4977,1000005897,20240716,182,2,1,1,87525.0,18380.25,0.0,105905.25
4978,1000005899,20250228,990,1,294,-1,40500.0,8505.0,1200.0,50205.0
4979,1000005900,20241029,500,1,2393,-1,40500.0,8505.0,900.0,49905.0
4980,1000005901,20241021,353,1,1944,-1,34950.0,7339.5,1500.0,43789.5
4981,1000005902,20240918,980,1,3112,-1,55440.0,11642.4,900.0,67982.4
4982,1000005903,20250607,1137,1,332,-1,28500.0,5985.0,900.0,35385.0
4983,1000005904,20240410,1122,1,1994,-1,49440.0,10382.4,900.0,60722.4
4984,1000005905,20240517,588,1,1225,-1,11400.0,2394.0,1500.0,15294.0
4985,1000005906,20250108,1144,2,3,3,34200.0,7182.0,0.0,41382.0
4986,1000005907,20240610,1413,1,211,-1,61110.0,12833.1,1500.0,75443.1
4987,1000005909,20250511,142,1,387,-1,15750.0,3307.5,900.0,19957.5
4988,1000005911,20250615,1042,2,2,2,45864.0,9631.44,0.0,55495.44
4989,1000005912,20241223,728,2,4,4,25800.0,5418.0,0.0,31218.0
4990,1000005914,20241214,484,1,1865,-1,30870.0,6482.7,900.0,38252.7
4991,1000005915,20250427,1339,1,2916,-1,14962.5,3142.12,900.0,19004.62
4992,1000005916,20250529,1474,1,1787,-1,39900.0,8379.0,0.0,48279.0
4993,1000005917,20241023,1161,1,459,-1,57000.0,11970.0,900.0,69870.0
4994,1000005918,20240223,1149,2,4,4,44100.0,9261.0,0.0,53361.0
4995,1000005919,20240723,477,1,1212,-1,29400.0,6174.0,1500.0,37074.0
4996,1000005921,20250529,508,1,1426,-1,62820.0,13192.2,1200.0,77212.2
4997,1000005922,20250903,689,1,2393,-1,41100.0,8631.0,1500.0,51231.0
4998,1000005923,20241001,289,2,4,4,38475.0,8079.75,0.0,46554.75
4999,1000005925,20250115,1061,1,872,-1,12600.0,2646.0,900.0,16146.0
5000,1000005926,20240905,1051,2,1,1,9720.0,2041.2,0.0,11761.2
5001,1000005927,20250805,35,2,3,3,29400.0,6174.0,0.0,35574.0
5002,1000005928,20241212,3,2,4,4,43050.0,9040.5,0.0,52090.5
5003,1000005930,20250413,1232,2,1,1,53520.0,11239.2,0.0,64759.2
5004,1000005931,20240501,1076,1,43,-1,14700.0,3087.0,1500.0,19287.0
5005,1000005932,20250519,111,2,2,2,36300.0,7623.0,0.0,43923.0
5006,1000005933,20250125,1149,2,1,1,66420.0,13948.2,0.0,80368.2
5007,1000005934,20250527,1392,2,2,2,21168.0,4445.28,0.0,25613.28
5008,1000005935,20250826,611,2,3,3,21600.0,4536.0,0.0,26136.0
5009,1000005936,20241014,1313,1,2042,-1,48300.0,10143.0,1200.0,59643.0
5010,1000005938,20250329,1362,1,6,-1,12000.0,2520.0,900.0,15420.0
5011,1000005939,20250216,1225,2,1,1,72000.0,15120.0,0.0,87120.0
5012,1000005940,20241013,1406,1,628,-1,32400.0,6804.0,900.0,40104.0
5013,1000005941,20241123,220,1,155,-1,30000.0,6300.0,1500.0,37800.0
5014,1000005942,20250923,1160,1,871,-1,28500.0,5985.0,0.0,34485.0
5015,1000005943,20240918,745,2,3,3,43350.0,9103.5,0.0,52453.5
5016,1000005944,20240224,928,1,1430,-1,25200.0,5292.0,1200.0,31692.0
5017,1000005945,20240202,1377,1,3059,-1,55350.0,11623.5,0.0,66973.5
5018,1000005946,20240218,1475,1,2275,-1,25650.0,5386.5,0.0,31036.5
5019,1000005947,20250413,138,2,3,3,24696.0,5186.16,0.0,29882.16
5020,1000005948,20241006,697,1,2245,-1,14700.0,3087.0,1200.0,18987.0
5021,1000005949,20250827,1393,1,2281,-1,27000.0,5670.0,1500.0,34170.0
5022,1000005950,20241215,1000,1,2066,-1,25173.0,5286.33,1500.0,31959.33
5023,1000005952,20250709,722,1,1333,-1,22800.0,4788.0,900.0,28488.0
5024,1000005953,20250126,1447,1,1578,-1,13500.0,2835.0,1500.0,17835.0
5025,1000005954,20250403,1466,2,4,4,23520.0,4939.2,0.0,28459.2
5026,1000005955,20240125,189,1,941,-1,10584.0,2222.64,1200.0,14006.64
5027,1000005956,20240807,148,1,230,-1,36450.0,7654.5,900.0,45004.5
5028,1000005958,20240805,596,1,173,-1,21168.0,4445.28,0.0,25613.28
5029,1000005960,20250125,100,2,2,2,29400.0,6174.0,0.0,35574.0
5030,1000005961,20250906,1473,1,1247,-1,36000.0,7560.0,1500.0,45060.0
5031,1000005962,20240129,913,2,1,1,67410.0,14156.1,0.0,81566.1
5032,1000005963,20240914,43,1,1564,-1,50610.0,10628.1,1200.0,62438.1
5033,1000005964,20240118,882,2,4,4,20520.0,4309.2,0.0,24829.2
5034,1000005965,20241204,979,1,995,-1,57150.0,12001.5,1200.0,70351.5
5035,1000005966,20250527,281,1,2112,-1,24000.0,5040.0,1200.0,30240.0
5036,1000005967,20250812,32,1,2037,-1,57240.0,12020.4,0.0,69260.4
5037,1000005968,20250318,1427,2,1,1,24000.0,5040.0,0.0,29040.0
5038,1000005969,20250920,112,2,3,3,12000.0,2520.0,0.0,14520.0
5039,1000005970,20250805,187,1,687,-1,32400.0,6804.0,1500.0,40704.0
5040,1000005971,20250604,757,1,3102,-1,32400.0,6804.0,900.0,40104.0
5041,1000005972,20240715,849,1,2983,-1,21600.0,4536.0,900.0,27036.0
5042,1000005973,20241204,902,1,1715,-1,15000.0,3150.0,900.0,19050.0
5043,1000005974,20240823,38,2,1,1,9720.0,2041.2,0.0,11761.2
5044,1000005975,20241023,1129,1,1954,-1,23520.0,4939.2,900.0,29359.2
5045,1000005976,20250605,561,1,2924,-1,47250.0,9922.5,0.0,57172.5
5046,1000005977,20241219,141,1,2712,-1,35280.0,7408.8,1500.0,44188.8
5047,1000005978,20250422,1236,1,922,-1,48720.0,10231.2,0.0,58951.2
5048,1000005979,20240506,276,1,3041,-1,27000.0,5670.0,1200.0,33870.0
5049,1000005980,20241024,375,2,2,2,29160.0,6123.6,0.0,35283.6
5050,1000005981,20250601,370,2,3,3,20520.0,4309.2,0.0,24829.2
5051,1000005982,20240206,1304,2,1,1,14700.0,3087.0,0.0,17787.0
5052,1000005983,20241212,926,1,3170,-1,34200.0,7182.0,1500.0,42882.0
5053,1000005984,20250512,468,2,2,2,39690.0,8334.9,0.0,48024.9
5054,1000005986,20240218,986,1,1234,-1,49530.0,10401.3,1200.0,61131.3
5055,1000005987,20250614,1343,2,2,2,92790.0,19485.9,0.0,112275.9
5056,1000005989,20250302,1133,2,2,2,11340.0,2381.4,0.0,13721.4
5057,1000005990,20240811,716,2,3,3,14250.0,2992.5,0.0,17242.5
5058,1000005991,20250207,333,1,2377,-1,30870.0,6482.7,1500.0,38852.7
5059,1000005992,20250131,1297,1,765,-1,16170.0,3395.7,0.0,19565.7
5060,1000005994,20240921,1099,2,3,3,10800.0,2268.0,0.0,13068.0
5061,1000005995,20250925,49,1,1358,-1,28500.0,5985.0,1500.0,35985.0
5062,1000005996,20240212,444,2,3,3,70500.0,14805.0,0.0,85305.0
5063,1000005998,20240509,610,2,2,2,101700.0,21357.0,0.0,123057.0
5064,1000005999,20241229,93,1,1344,-1,44887.5,9426.38,900.0,55213.88
5065,1000006000,20240126,1318,2,3,3,86730.0,18213.3,0.0,104943.3
5066,1000006002,20240719,789,1,778,-1,36000.0,7560.0,1200.0,44760.0
5067,1000006003,20240930,1290,1,1671,-1,19440.0,4082.4,900.0,24422.4
5068,1000006004,20240726,1340,2,4,4,10260.0,2154.6,0.0,12414.6
5069,1000006005,20240204,327,1,1783,-1,23520.0,4939.2,0.0,28459.2
5070,1000006006,20240302,1131,1,645,-1,63420.0,13318.2,1200.0,77938.2
5071,1000006007,20250304,295,1,2770,-1,45168.0,9485.28,900.0,55553.28
5072,1000006008,20241210,580,1,2758,-1,25260.0,5304.6,900.0,31464.6
5073,1000006009,20250322,364,1,2716,-1,28350.0,5953.5,900.0,35203.5
5074,1000006010,20241227,353,1,2371,-1,36000.0,7560.0,0.0,43560.0
5075,1000006011,20240609,966,2,1,1,25500.0,5355.0,0.0,30855.0
5076,1000006013,20241113,534,1,838,-1,75480.0,15850.8,1200.0,92530.8
5077,1000006014,20241026,1488,2,4,4,22800.0,4788.0,0.0,27588.0
5078,1000006015,20240727,10,1,1835,-1,50220.0,10546.2,0.0,60766.2
5079,1000006016,20250601,269,1,1374,-1,21600.0,4536.0,1200.0,27336.0
5080,1000006017,20241211,724,1,1955,-1,45000.0,9450.0,900.0,55350.0
5081,1000006018,20250407,37,1,957,-1,47820.0,10042.2,900.0,58762.2
5082,1000006019,20240306,459,2,3,3,21168.0,4445.28,0.0,25613.28
5083,1000006021,20250826,382,2,4,4,29700.0,6237.0,0.0,35937.0
5084,1000006022,20240813,1096,1,1071,-1,9720.0,2041.2,900.0,12661.2
5085,1000006023,20250131,894,1,2015,-1,34200.0,7182.0,0.0,41382.0
5086,1000006024,20250319,1403,2,2,2,34020.0,7144.2,0.0,41164.2
5087,1000006025,20250609,647,1,1355,-1,28500.0,5985.0,1200.0,35685.0
5088,1000006026,20240816,65,2,4,4,13230.0,2778.3,0.0,16008.3
5089,1000006028,20250301,210,1,2850,-1,67680.0,14212.8,1200.0,83092.8
5090,1000006029,20240611,584,1,2662,-1,10800.0,2268.0,1200.0,14268.0
5091,1000006030,20241122,876,1,2123,-1,16500.0,3465.0,900.0,20865.0
5092,1000006031,20250106,221,1,1823,-1,48435.0,10171.35,1200.0,59806.35
5093,1000006033,20241106,858,1,2450,-1,20520.0,4309.2,900.0,25729.2
5094,1000006034,20250308,1179,1,2912,-1,24000.0,5040.0,900.0,29940.0
5095,1000006035,20240525,970,1,2733,-1,29925.0,6284.25,1200.0,37409.25
5096,1000006037,20250903,1090,2,2,2,30000.0,6300.0,0.0,36300.0
5097,1000006038,20250210,939,1,1530,-1,35280.0,7408.8,1200.0,43888.8
5098,1000006039,20240127,1276,1,2283,-1,21600.0,4536.0,1200.0,27336.0
5099,1000006040,20240406,533,1,7,-1,40500.0,8505.0,1200.0,50205.0
5100,1000006042,20250726,987,2,4,4,64020.0,13444.2,0.0,77464.2
5101,1000006043,20241028,1073,2,3,3,11340.0,2381.4,0.0,13721.4
5102,1000006044,20240115,125,1,2242,-1,52470.0,11018.7,1500.0,64988.7
5103,1000006045,20250515,86,2,1,1,67905.0,14260.05,0.0,82165.05
5104,1000006046,20240812,574,2,3,3,36000.0,7560.0,0.0,43560.0
5105,1000006047,20240331,31,1,1976,-1,44100.0,9261.0,900.0,54261.0
5106,1000006048,20241209,109,2,1,1,62100.0,13041.0,0.0,75141.0
5107,1000006049,20240808,1171,2,3,3,11760.0,2469.6,0.0,14229.6
5108,1000006050,20240402,942,1,1992,-1,10800.0,2268.0,1200.0,14268.0
5109,1000006051,20240218,1318,1,2212,-1,53160.0,11163.6,1200.0,65523.6
5110,1000006053,20250827,27,2,2,2,21600.0,4536.0,0.0,26136.0
5111,1000006054,20250818,347,1,547,-1,29925.0,6284.25,900.0,37109.25
5112,1000006055,20250919,1161,1,2849,-1,40200.0,8442.0,900.0,49542.0
5113,1000006056,20250911,1134,2,4,4,30000.0,6300.0,0.0,36300.0
5114,1000006057,20250721,495,1,1733,-1,61200.0,12852.0,1500.0,75552.0
5115,1000006058,20240911,75,2,3,3,11760.0,2469.6,0.0,14229.6
5116,1000006059,20241222,598,2,1,1,28500.0,5985.0,0.0,34485.0
5117,1000006060,20250303,105,2,1,1,39690.0,8334.9,0.0,48024.9
5118,1000006061,20240318,459,2,4,4,94020.0,19744.2,0.0,113764.2
5119,1000006062,20240102,1263,1,3101,-1,9720.0,2041.2,900.0,12661.2
5120,1000006063,20240131,1483,1,2498,-1,42240.0,8870.4,1200.0,52310.4
5121,1000006064,20250918,1072,2,4,4,21600.0,4536.0,0.0,26136.0
5122,1000006065,20240711,1230,1,2150,-1,56400.0,11844.0,1500.0,69744.0
5123,1000006067,20241012,1167,2,3,3,61650.0,12946.5,0.0,74596.5
5124,1000006068,20240624,55,2,1,1,32400.0,6804.0,0.0,39204.0
5125,1000006069,20250406,1188,1,376,-1,12150.0,2551.5,1500.0,16201.5
5126,1000006070,20250508,1409,1,2376,-1,36000.0,7560.0,0.0,43560.0
5127,1000006071,20241014,1463,2,4,4,48780.0,10243.8,0.0,59023.8
5128,1000006072,20250811,1130,1,400,-1,25872.0,5433.12,1200.0,32505.12
5129,1000006073,20250601,499,1,2040,-1,69660.0,14628.6,900.0,85188.6
5130,1000006074,20241230,1005,2,4,4,40260.0,8454.6,0.0,48714.6
5131,1000006075,20241220,727,1,1133,-1,47025.0,9875.25,900.0,57800.25
5132,1000006078,20250117,376,2,4,4,58560.0,12297.6,0.0,70857.6
5133,1000006080,20250619,724,2,4,4,38940.0,8177.4,0.0,47117.4
5134,1000006081,20241221,1406,1,1598,-1,14175.0,2976.75,1200.0,18351.75
5135,1000006082,20240126,979,2,4,4,48510.0,10187.1,0.0,58697.1
5136,1000006083,20240617,1307,2,4,4,32400.0,6804.0,0.0,39204.0
5137,1000006084,20240305,743,1,2426,-1,22800.0,4788.0,0.0,27588.0
5138,1000006085,20241221,947,1,2070,-1,25200.0,5292.0,1200.0,31692.0
5139,1000006086,20250328,443,1,1151,-1,20520.0,4309.2,1500.0,26329.2
5140,1000006087,20240502,921,2,2,2,69690.0,14634.9,0.0,84324.9
5141,1000006089,20250928,1132,2,4,4,22680.0,4762.8,0.0,27442.8
5142,1000006090,20250116,52,2,2,2,56400.0,11844.0,0.0,68244.0
5143,1000006091,20241128,1111,1,1669,-1,62916.0,13212.36,1200.0,77328.36
5144,1000006092,20240421,505,2,2,2,32400.0,6804.0,0.0,39204.0
5145,1000006093,20250519,1286,2,4,4,35280.0,7408.8,0.0,42688.8
5146,1000006094,20250630,220,1,90,-1,44887.5,9426.38,1200.0,55513.88
5147,1000006095,20250406,673,2,2,2,11760.0,2469.6,0.0,14229.6
5148,1000006096,20250714,557,1,45,-1,13500.0,2835.0,1200.0,17535.0
5149,1000006097,20250812,797,2,4,4,37800.0,7938.0,0.0,45738.0
5150,1000006098,20240801,596,1,2679,-1,12000.0,2520.0,1200.0,15720.0
5151,1000006099,20250324,1167,1,1982,-1,44100.0,9261.0,900.0,54261.0
5152,1000006100,20240702,658,1,259,-1,35280.0,7408.8,1500.0,44188.8
5153,1000006101,20240416,518,1,1260,-1,64680.0,13582.8,1200.0,79462.8
5154,1000006102,20240403,1318,1,1314,-1,42750.0,8977.5,1200.0,52927.5
5155,1000006103,20240619,721,2,3,3,24300.0,5103.0,0.0,29403.0
5156,1000006104,20250915,275,1,2796,-1,70875.0,14883.75,1200.0,86958.75
5157,1000006105,20250819,1310,2,4,4,11400.0,2394.0,0.0,13794.0
5158,1000006106,20250924,555,2,1,1,15750.0,3307.5,0.0,19057.5
5159,1000006107,20240926,1020,1,387,-1,46305.0,9724.05,900.0,56929.05
5160,1000006108,20240607,1013,1,3137,-1,22800.0,4788.0,1500.0,29088.0
5161,1000006109,20250521,415,2,2,2,35280.0,7408.8,0.0,42688.8
5162,1000006111,20240118,1426,1,2318,-1,35280.0,7408.8,900.0,43588.8
5163,1000006112,20250529,1269,2,1,1,34260.0,7194.6,0.0,41454.6
5164,1000006113,20240903,1230,1,3099,-1,27000.0,5670.0,900.0,33570.0
5165,1000006114,20241119,972,2,3,3,29400.0,6174.0,0.0,35574.0
5166,1000006115,20250916,1107,1,2762,-1,14962.5,3142.12,900.0,19004.62
5167,1000006116,20240902,788,1,1655,-1,13500.0,2835.0,0.0,16335.0
5168,1000006117,20240703,1120,1,1597,-1,41880.0,8794.8,0.0,50674.8
5169,1000006120,20250316,127,1,2637,-1,28350.0,5953.5,1200.0,35503.5
5170,1000006121,20240313,447,1,680,-1,47250.0,9922.5,900.0,58072.5
5171,1000006122,20240725,815,1,2895,-1,24000.0,5040.0,900.0,29940.0
5172,1000006123,20241213,882,1,461,-1,64800.0,13608.0,1200.0,79608.0
5173,1000006124,20250207,1213,1,2662,-1,15000.0,3150.0,1200.0,19350.0
5174,1000006125,20241129,1266,1,1280,-1,31185.0,6548.85,1500.0,39233.85
5175,1000006126,20241118,195,1,2595,-1,14700.0,3087.0,1200.0,18987.0
5176,1000006127,20241024,1128,2,3,3,40500.0,8505.0,0.0,49005.0
5177,1000006129,20241022,1054,1,2520,-1,55800.0,11718.0,1200.0,68718.0
5178,1000006130,20240924,887,1,2387,-1,12600.0,2646.0,1200.0,16446.0
5179,1000006132,20250323,1303,1,977,-1,29700.0,6237.0,1200.0,37137.0
5180,1000006133,20240519,545,1,2602,-1,24000.0,5040.0,1200.0,30240.0
5181,1000006137,20240805,740,1,2541,-1,28500.0,5985.0,1200.0,35685.0
5182,1000006138,20250418,1281,2,1,1,11760.0,2469.6,0.0,14229.6
5183,1000006139,20240628,347,2,3,3,43950.0,9229.5,0.0,53179.5
5184,1000006140,20240305,1385,1,1768,-1,47400.0,9954.0,1200.0,58554.0
5185,1000006141,20250417,547,2,4,4,23520.0,4939.2,0.0,28459.2
5186,1000006142,20240703,726,1,2699,-1,44100.0,9261.0,900.0,54261.0
5187,1000006144,20250206,914,1,680,-1,34200.0,7182.0,900.0,42282.0
5188,1000006145,20250804,896,1,2464,-1,90450.0,18994.5,900.0,110344.5
5189,1000006147,20240509,597,2,4,4,54900.0,11529.0,0.0,66429.0
5190,1000006148,20250411,195,1,1874,-1,64200.0,13482.0,1500.0,79182.0
5191,1000006149,20250823,1129,2,4,4,34200.0,7182.0,0.0,41382.0
5192,1000006150,20240114,713,1,1395,-1,42750.0,8977.5,900.0,52627.5
5193,1000006153,20240814,425,1,774,-1,40500.0,8505.0,900.0,49905.0
5194,1000006154,20240225,461,1,2650,-1,12000.0,2520.0,0.0,14520.0
5195,1000006155,20240927,804,2,1,1,39084.0,8207.64,0.0,47291.64
5196,1000006156,20250407,83,1,704,-1,79200.0,16632.0,1200.0,97032.0
5197,1000006157,20240408,376,2,3,3,44400.0,9324.0,0.0,53724.0
5198,1000006158,20240504,1429,1,896,-1,24348.0,5113.08,0.0,29461.08
5199,1000006159,20240818,1360,1,1553,-1,63000.0,13230.0,1200.0,77430.0
5200,1000006160,20250530,900,1,545,-1,26400.0,5544.0,1500.0,33444.0
5201,1000006161,20240208,1039,1,58,-1,22800.0,4788.0,1500.0,29088.0
5202,1000006162,20240922,1066,1,2864,-1,32400.0,6804.0,0.0,39204.0
5203,1000006163,20250616,165,2,4,4,35280.0,7408.8,0.0,42688.8
5204,1000006164,20250410,957,1,881,-1,11970.0,2513.7,900.0,15383.7
5205,1000006165,20250930,1335,1,2897,-1,101310.0,21275.1,1200.0,123785.1
5206,1000006166,20240818,442,2,1,1,47250.0,9922.5,0.0,57172.5
5207,1000006167,20240412,1443,2,1,1,21600.0,4536.0,0.0,26136.0
5208,1000006168,20240317,492,1,1923,-1,39600.0,8316.0,1200.0,49116.0
5209,1000006169,20240925,944,1,2643,-1,27000.0,5670.0,900.0,33570.0
5210,1000006170,20250516,370,1,1299,-1,25650.0,5386.5,1200.0,32236.5
5211,1000006171,20240703,516,1,351,-1,14250.0,2992.5,1500.0,18742.5
5212,1000006172,20240302,1392,1,262,-1,29700.0,6237.0,1200.0,37137.0
5213,1000006174,20240513,337,1,100,-1,36000.0,7560.0,900.0,44460.0
5214,1000006175,20250317,387,1,521,-1,13230.0,2778.3,1500.0,17508.3
5215,1000006176,20240701,281,1,2619,-1,21600.0,4536.0,1200.0,27336.0
5216,1000006177,20250421,628,1,1308,-1,12600.0,2646.0,900.0,16146.0
5217,1000006178,20250610,952,1,2681,-1,45000.0,9450.0,1500.0,55950.0
5218,1000006179,20240904,1340,1,1101,-1,42750.0,8977.5,900.0,52627.5
5219,1000006180,20240909,1076,1,3174,-1,64152.0,13471.92,0.0,77623.92
5220,1000006181,20240303,185,1,41,-1,46650.0,9796.5,1200.0,57646.5
5221,1000006182,20250921,475,1,308,-1,39600.0,8316.0,900.0,48816.0
5222,1000006183,20250618,154,1,3080,-1,45600.0,9576.0,1200.0,56376.0
5223,1000006184,20240308,1168,2,4,4,79050.0,16600.5,0.0,95650.5
5224,1000006185,20250924,309,1,1377,-1,55272.0,11607.12,1200.0,68079.12
5225,1000006187,20240323,1200,1,992,-1,64350.0,13513.5,1200.0,79063.5
5226,1000006188,20240825,1286,1,1628,-1,42780.0,8983.8,900.0,52663.8
5227,1000006189,20240202,659,2,1,1,56070.0,11774.7,0.0,67844.7
5228,1000006190,20250627,430,1,2797,-1,22800.0,4788.0,900.0,28488.0
5229,1000006191,20250315,704,1,3011,-1,22800.0,4788.0,1200.0,28788.0
5230,1000006192,20240620,1087,2,3,3,29700.0,6237.0,0.0,35937.0
5231,1000006193,20241228,63,1,218,-1,36000.0,7560.0,1200.0,44760.0
5232,1000006195,20240111,987,2,1,1,31752.0,6667.92,0.0,38419.92
5233,1000006196,20240103,311,1,1971,-1,33000.0,6930.0,1200.0,41130.0
5234,1000006197,20241017,379,2,4,4,32400.0,6804.0,0.0,39204.0
5235,1000006201,20241122,173,1,1857,-1,32400.0,6804.0,900.0,40104.0
5236,1000006202,20250828,659,1,86,-1,31752.0,6667.92,900.0,39319.92
5237,1000006203,20250301,4,1,1911,-1,27000.0,5670.0,1500.0,34170.0
5238,1000006204,20240226,849,2,1,1,34200.0,7182.0,0.0,41382.0
5239,1000006205,20250208,271,2,4,4,23520.0,4939.2,0.0,28459.2
5240,1000006206,20250702,1388,1,157,-1,35640.0,7484.4,0.0,43124.4
5241,1000006208,20240913,1388,1,620,-1,31170.0,6545.7,900.0,38615.7
5242,1000006210,20240213,1139,2,4,4,30870.0,6482.7,0.0,37352.7
5243,1000006211,20250824,463,1,432,-1,12348.0,2593.08,900.0,15841.08
5244,1000006212,20240503,1430,1,997,-1,21600.0,4536.0,0.0,26136.0
5245,1000006213,20240507,499,1,1431,-1,58305.0,12244.05,900.0,71449.05
5246,1000006214,20240416,67,1,2854,-1,41760.0,8769.6,900.0,51429.6
5247,1000006216,20241203,764,1,1440,-1,22800.0,4788.0,1500.0,29088.0
5248,1000006217,20250924,911,2,3,3,42675.0,8961.75,0.0,51636.75
5249,1000006219,20250403,130,1,1165,-1,78000.0,16380.0,900.0,95280.0
5250,1000006221,20240315,1441,1,2607,-1,106530.0,22371.3,1500.0,130401.3
5251,1000006222,20250328,364,1,230,-1,11970.0,2513.7,900.0,15383.7
5252,1000006223,20240405,35,1,3121,-1,11400.0,2394.0,1200.0,14994.0
5253,1000006224,20250404,1451,1,1000,-1,13500.0,2835.0,900.0,17235.0
5254,1000006225,20240217,679,1,172,-1,32400.0,6804.0,900.0,40104.0
5255,1000006226,20240115,1084,1,2211,-1,23520.0,4939.2,1200.0,29659.2
5256,1000006227,20250529,248,1,729,-1,37800.0,7938.0,0.0,45738.0
5257,1000006228,20250403,1249,1,2033,-1,12600.0,2646.0,1200.0,16446.0
5258,1000006229,20240604,4,2,1,1,35760.0,7509.6,0.0,43269.6
5259,1000006231,20240329,1212,2,4,4,47670.0,10010.7,0.0,57680.7
5260,1000006232,20250527,962,1,259,-1,28500.0,5985.0,900.0,35385.0
5261,1000006234,20240102,1346,1,2965,-1,23520.0,4939.2,1200.0,29659.2
5262,1000006236,20240515,1301,1,3138,-1,43200.0,9072.0,1200.0,53472.0
5263,1000006238,20250531,790,1,2519,-1,27000.0,5670.0,900.0,33570.0
5264,1000006239,20240704,1307,1,1395,-1,70200.0,14742.0,900.0,85842.0
5265,1000006240,20240421,56,1,2447,-1,11400.0,2394.0,900.0,14694.0
5266,1000006241,20241017,266,2,4,4,38520.0,8089.2,0.0,46609.2
5267,1000006242,20250101,80,2,1,1,21600.0,4536.0,0.0,26136.0
5268,1000006243,20250529,1458,2,3,3,10260.0,2154.6,0.0,12414.6
5269,1000006244,20240228,685,1,570,-1,20520.0,4309.2,1500.0,26329.2
5270,1000006245,20241119,1284,2,1,1,11760.0,2469.6,0.0,14229.6
5271,1000006246,20240516,1460,2,1,1,14962.5,3142.12,0.0,18104.62
5272,1000006247,20240413,1024,1,1446,-1,31500.0,6615.0,1200.0,39315.0
5273,1000006248,20250510,937,1,337,-1,14250.0,2992.5,1200.0,18442.5
5274,1000006249,20240328,1489,2,1,1,22680.0,4762.8,0.0,27442.8
5275,1000006250,20240604,1233,2,4,4,66420.0,13948.2,0.0,80368.2
5276,1000006251,20250806,176,1,2837,-1,59520.0,12499.2,0.0,72019.2
5277,1000006252,20240421,396,1,3154,-1,47628.0,10001.88,900.0,58529.88
5278,1000006253,20250525,552,1,828,-1,25650.0,5386.5,900.0,31936.5
5279,1000006254,20240904,709,1,2673,-1,35850.0,7528.5,1500.0,44878.5
5280,1000006255,20250612,1262,1,12,-1,25650.0,5386.5,1200.0,32236.5
5281,1000006256,20250425,310,2,2,2,14700.0,3087.0,0.0,17787.0
5282,1000006257,20240910,1258,1,3080,-1,24000.0,5040.0,900.0,29940.0
5283,1000006258,20240417,1039,2,3,3,44887.5,9426.38,0.0,54313.88
5284,1000006259,20250208,145,1,1506,-1,10260.0,2154.6,1200.0,13614.6
5285,1000006260,20240122,928,1,2542,-1,33750.0,7087.5,1200.0,42037.5
5286,1000006261,20250706,1061,1,858,-1,60780.0,12763.8,0.0,73543.8
5287,1000006262,20240515,1421,2,1,1,40500.0,8505.0,0.0,49005.0
5288,1000006263,20250729,1219,1,2782,-1,69300.0,14553.0,900.0,84753.0
5289,1000006265,20250505,684,1,596,-1,21600.0,4536.0,900.0,27036.0
5290,1000006266,20241020,727,1,2981,-1,34020.0,7144.2,1200.0,42364.2
5291,1000006267,20250115,584,1,1086,-1,53925.0,11324.25,1500.0,66749.25
5292,1000006269,20250123,475,1,45,-1,69900.0,14679.0,1200.0,85779.0
5293,1000006270,20241104,1472,1,1331,-1,14700.0,3087.0,900.0,18687.0
5294,1000006271,20250427,188,1,2796,-1,57000.0,11970.0,1500.0,70470.0
5295,1000006272,20240413,601,2,1,1,14700.0,3087.0,0.0,17787.0
5296,1000006273,20250819,407,1,220,-1,15750.0,3307.5,900.0,19957.5
5297,1000006274,20250116,210,2,2,2,48510.0,10187.1,0.0,58697.1
5298,1000006276,20250303,1317,2,1,1,21600.0,4536.0,0.0,26136.0
5299,1000006277,20241128,1450,1,2482,-1,20520.0,4309.2,1500.0,26329.2
5300,1000006278,20250731,724,1,566,-1,28500.0,5985.0,0.0,34485.0
5301,1000006279,20250116,942,1,66,-1,40500.0,8505.0,900.0,49905.0
5302,1000006280,20240218,226,1,773,-1,11400.0,2394.0,1500.0,15294.0
5303,1000006281,20250928,675,2,2,2,66960.0,14061.6,0.0,81021.6
5304,1000006282,20250222,1366,1,1366,-1,29400.0,6174.0,1200.0,36774.0
5305,1000006283,20241109,1464,1,3074,-1,23760.0,4989.6,1200.0,29949.6
5306,1000006284,20250510,1317,2,2,2,24000.0,5040.0,0.0,29040.0
5307,1000006286,20250515,288,2,3,3,21600.0,4536.0,0.0,26136.0
5308,1000006287,20240215,839,1,2502,-1,13500.0,2835.0,1200.0,17535.0
5309,1000006288,20240116,63,2,4,4,54540.0,11453.4,0.0,65993.4
5310,1000006289,20240130,74,1,2410,-1,21600.0,4536.0,1200.0,27336.0
5311,1000006290,20240621,1359,1,2851,-1,12936.0,2716.56,1200.0,16852.56
5312,1000006292,20241203,583,2,2,2,34200.0,7182.0,0.0,41382.0
5313,1000006293,20240205,403,1,1948,-1,14700.0,3087.0,900.0,18687.0
5314,1000006294,20240921,144,2,4,4,53640.0,11264.4,0.0,64904.4
5315,1000006295,20240509,724,2,4,4,35910.0,7541.1,0.0,43451.1
5316,1000006297,20250226,1476,1,832,-1,15000.0,3150.0,900.0,19050.0
5317,1000006299,20250522,92,1,2789,-1,39600.0,8316.0,900.0,48816.0
5318,1000006300,20240312,376,1,461,-1,34020.0,7144.2,1500.0,42664.2
5319,1000006301,20241223,251,2,4,4,45000.0,9450.0,0.0,54450.0
5320,1000006302,20241008,665,1,2694,-1,28500.0,5985.0,1200.0,35685.0
5321,1000006304,20250426,225,1,3203,-1,61560.0,12927.6,1200.0,75687.6
5322,1000006305,20250420,1083,2,1,1,23940.0,5027.4,0.0,28967.4
5323,1000006306,20241111,111,1,206,-1,23940.0,5027.4,900.0,29867.4
5324,1000006307,20240715,1491,2,2,2,39600.0,8316.0,0.0,47916.0
5325,1000006308,20240131,1340,1,228,-1,42750.0,8977.5,900.0,52627.5
5326,1000006309,20250410,597,1,525,-1,10800.0,2268.0,1200.0,14268.0
5327,1000006310,20241026,873,1,1680,-1,11760.0,2469.6,1500.0,15729.6
5328,1000006311,20240328,1021,2,1,1,44550.0,9355.5,0.0,53905.5
5329,1000006312,20250206,456,1,2390,-1,41040.0,8618.4,1500.0,51158.4
5330,1000006313,20250131,413,2,3,3,25080.0,5266.8,0.0,30346.8
5331,1000006314,20240308,748,2,3,3,79308.0,16654.68,0.0,95962.68
5332,1000006315,20240609,1310,2,1,1,13500.0,2835.0,0.0,16335.0
5333,1000006316,20240305,1271,1,931,-1,14250.0,2992.5,1200.0,18442.5
5334,1000006317,20240928,964,1,1131,-1,12600.0,2646.0,1500.0,16746.0
5335,1000006318,20241205,1178,1,571,-1,36300.0,7623.0,1500.0,45423.0
5336,1000006320,20250221,1034,2,4,4,67200.0,14112.0,0.0,81312.0
5337,1000006321,20241118,494,1,3176,-1,47700.0,10017.0,1200.0,58917.0
5338,1000006322,20241212,1025,1,1715,-1,25872.0,5433.12,0.0,31305.12
5339,1000006324,20250421,700,1,2114,-1,11340.0,2381.4,1200.0,14921.4
5340,1000006325,20240620,1194,1,1943,-1,10800.0,2268.0,1200.0,14268.0
5341,1000006326,20250525,449,1,1576,-1,64680.0,13582.8,1200.0,79462.8
5342,1000006327,20240928,220,2,4,4,49680.0,10432.8,0.0,60112.8
5343,1000006328,20250921,1152,1,2517,-1,105975.0,22254.75,0.0,128229.75
5344,1000006330,20250501,231,2,3,3,29400.0,6174.0,0.0,35574.0
5345,1000006331,20240131,142,1,554,-1,40500.0,8505.0,900.0,49905.0
5346,1000006332,20240618,867,1,2295,-1,24696.0,5186.16,0.0,29882.16
5347,1000006333,20250225,1011,1,2658,-1,13500.0,2835.0,1200.0,17535.0
5348,1000006334,20250108,1363,1,754,-1,15000.0,3150.0,1200.0,19350.0
5349,1000006335,20250407,1027,2,3,3,69480.0,14590.8,0.0,84070.8
5350,1000006336,20250625,135,1,1551,-1,22800.0,4788.0,1200.0,28788.0
5351,1000006337,20250316,582,1,81,-1,13500.0,2835.0,1200.0,17535.0
5352,1000006338,20240928,525,1,2834,-1,25650.0,5386.5,900.0,31936.5
5353,1000006339,20250515,463,2,3,3,59175.0,12426.75,0.0,71601.75
5354,1000006340,20241118,1127,1,357,-1,31752.0,6667.92,1200.0,39619.92
5355,1000006341,20250212,1263,1,649,-1,21600.0,4536.0,900.0,27036.0
5356,1000006342,20250306,294,1,818,-1,69660.0,14628.6,1500.0,85788.6
5357,1000006344,20240117,195,2,2,2,60900.0,12789.0,0.0,73689.0
5358,1000006345,20240203,649,2,1,1,14700.0,3087.0,0.0,17787.0
5359,1000006347,20250804,932,1,394,-1,52620.0,11050.2,900.0,64570.2
5360,1000006348,20250510,444,1,1453,-1,14250.0,2992.5,900.0,18142.5
5361,1000006350,20241028,819,1,2034,-1,40500.0,8505.0,900.0,49905.0
5362,1000006352,20241222,605,2,4,4,42750.0,8977.5,0.0,51727.5
5363,1000006354,20240814,527,2,2,2,32400.0,6804.0,0.0,39204.0
5364,1000006355,20240902,660,1,1808,-1,89340.0,18761.4,1200.0,109301.4
5365,1000006356,20250406,1355,1,2320,-1,44100.0,9261.0,900.0,54261.0
5366,1000006357,20240703,336,1,2903,-1,21168.0,4445.28,0.0,25613.28
5367,1000006358,20250209,764,2,4,4,11970.0,2513.7,0.0,14483.7
5368,1000006359,20250127,321,1,2164,-1,36000.0,7560.0,0.0,43560.0
5369,1000006360,20241031,307,1,400,-1,50100.0,10521.0,1200.0,61821.0
5370,1000006361,20240127,1027,2,1,1,72900.0,15309.0,0.0,88209.0
5371,1000006363,20250413,723,1,1366,-1,14250.0,2992.5,900.0,18142.5
5372,1000006364,20250210,1135,1,681,-1,23520.0,4939.2,1200.0,29659.2
5373,1000006365,20241014,72,1,2673,-1,36000.0,7560.0,1500.0,45060.0
5374,1000006367,20240628,453,2,4,4,30000.0,6300.0,0.0,36300.0
5375,1000006368,20240704,995,1,2219,-1,48510.0,10187.1,900.0,59597.1
5376,1000006370,20250828,1306,2,4,4,24696.0,5186.16,0.0,29882.16
5377,1000006371,20250916,212,2,4,4,53400.0,11214.0,0.0,64614.0
5378,1000006372,20240223,212,1,3052,-1,22800.0,4788.0,1200.0,28788.0
5379,1000006373,20240422,1378,1,2507,-1,62400.0,13104.0,900.0,76404.0
5380,1000006374,20250416,746,1,166,-1,78300.0,16443.0,900.0,95643.0
5381,1000006375,20240331,1327,1,803,-1,10800.0,2268.0,900.0,13968.0
5382,1000006376,20240122,1323,2,3,3,28500.0,5985.0,0.0,34485.0
5383,1000006377,20240930,1036,1,2007,-1,11400.0,2394.0,900.0,14694.0
5384,1000006379,20240918,1045,1,443,-1,22680.0,4762.8,1200.0,28642.8
5385,1000006381,20250522,1009,1,2235,-1,13200.0,2772.0,1200.0,17172.0
5386,1000006382,20240126,220,2,2,2,25650.0,5386.5,0.0,31036.5
5387,1000006383,20240803,705,1,288,-1,36150.0,7591.5,900.0,44641.5
5388,1000006384,20240623,1037,1,1107,-1,19440.0,4082.4,1200.0,24722.4
5389,1000006385,20240610,789,1,1047,-1,64500.0,13545.0,1500.0,79545.0
5390,1000006386,20240610,79,1,691,-1,34200.0,7182.0,900.0,42282.0
5391,1000006387,20240101,768,1,1363,-1,44688.0,9384.48,900.0,54972.48
5392,1000006389,20240701,340,1,2630,-1,42540.0,8933.4,1500.0,52973.4
5393,1000006390,20250308,87,1,1379,-1,64680.0,13582.8,1200.0,79462.8
5394,1000006392,20240105,575,1,333,-1,30000.0,6300.0,1200.0,37500.0
5395,1000006393,20240524,467,1,884,-1,39690.0,8334.9,900.0,48924.9
5396,1000006394,20250311,771,1,1249,-1,44100.0,9261.0,900.0,54261.0
5397,1000006395,20250905,1306,1,2579,-1,69900.0,14679.0,0.0,84579.0
5398,1000006396,20240221,465,2,2,2,47025.0,9875.25,0.0,56900.25
5399,1000006397,20250902,877,2,4,4,12150.0,2551.5,0.0,14701.5
5400,1000006399,20250620,554,1,1455,-1,25200.0,5292.0,900.0,31392.0
5401,1000006400,20241113,1313,1,1036,-1,44550.0,9355.5,900.0,54805.5
5402,1000006401,20250118,410,2,2,2,21600.0,4536.0,0.0,26136.0
5403,1000006402,20240911,1312,2,2,2,30000.0,6300.0,0.0,36300.0
5404,1000006403,20250803,289,2,1,1,11400.0,2394.0,0.0,13794.0
5405,1000006404,20250517,429,2,1,1,12000.0,2520.0,0.0,14520.0
5406,1000006405,20250830,699,1,316,-1,10584.0,2222.64,1200.0,14006.64
5407,1000006406,20250228,267,2,2,2,14250.0,2992.5,0.0,17242.5
5408,1000006408,20241004,476,1,2495,-1,14250.0,2992.5,900.0,18142.5
5409,1000006409,20250114,1276,1,2895,-1,24000.0,5040.0,1200.0,30240.0
5410,1000006410,20240428,648,2,2,2,13500.0,2835.0,0.0,16335.0
5411,1000006411,20240117,851,2,4,4,40500.0,8505.0,0.0,49005.0
5412,1000006413,20240225,1318,2,2,2,44400.0,9324.0,0.0,53724.0
5413,1000006414,20241215,514,2,1,1,14850.0,3118.5,0.0,17968.5
5414,1000006415,20241108,1093,1,103,-1,42525.0,8930.25,900.0,52355.25
5415,1000006416,20240913,1426,1,1345,-1,11880.0,2494.8,1200.0,15574.8
5416,1000006417,20250706,996,2,2,2,42900.0,9009.0,0.0,51909.0
5417,1000006419,20240530,724,1,2751,-1,63000.0,13230.0,900.0,77130.0
5418,1000006420,20240312,114,1,382,-1,53460.0,11226.6,1500.0,66186.6
5419,1000006421,20250116,800,2,2,2,12150.0,2551.5,0.0,14701.5
5420,1000006422,20250214,1004,1,670,-1,39600.0,8316.0,1200.0,49116.0
5421,1000006423,20250109,147,2,1,1,11760.0,2469.6,0.0,14229.6
5422,1000006425,20250121,786,1,426,-1,45000.0,9450.0,1200.0,55650.0
5423,1000006427,20241103,1433,1,1320,-1,35910.0,7541.1,900.0,44351.1
5424,1000006428,20250608,1419,2,1,1,71280.0,14968.8,0.0,86248.8
5425,1000006429,20250904,389,2,4,4,10800.0,2268.0,0.0,13068.0
5426,1000006430,20240613,233,2,3,3,97560.0,20487.6,0.0,118047.6
5427,1000006432,20250302,894,2,1,1,56640.0,11894.4,0.0,68534.4
5428,1000006433,20250912,1083,1,497,-1,13500.0,2835.0,900.0,17235.0
5429,1000006434,20240805,1347,1,2610,-1,23520.0,4939.2,1200.0,29659.2
5430,1000006435,20240324,24,2,4,4,45000.0,9450.0,0.0,54450.0
5431,1000006436,20250526,1239,1,450,-1,44100.0,9261.0,1200.0,54561.0
5432,1000006437,20250319,1151,1,819,-1,21600.0,4536.0,1200.0,27336.0
5433,1000006438,20250428,696,2,4,4,49200.0,10332.0,0.0,59532.0
5434,1000006439,20240303,1278,1,372,-1,14250.0,2992.5,1200.0,18442.5
5435,1000006440,20240718,336,1,3123,-1,34860.0,7320.6,900.0,43080.6
5436,1000006441,20250607,1174,1,2942,-1,27048.0,5680.08,0.0,32728.08
5437,1000006442,20241227,668,1,954,-1,35280.0,7408.8,1200.0,43888.8
5438,1000006443,20241107,501,2,2,2,44550.0,9355.5,0.0,53905.5
5439,1000006446,20250318,884,1,232,-1,56760.0,11919.6,900.0,69579.6
5440,1000006447,20250107,1230,1,1147,-1,28500.0,5985.0,1500.0,35985.0
5441,1000006448,20250926,212,2,2,2,10800.0,2268.0,0.0,13068.0
5442,1000006449,20241209,1025,2,2,2,10800.0,2268.0,0.0,13068.0
5443,1000006450,20240804,1424,2,2,2,25575.0,5370.75,0.0,30945.75
5444,1000006451,20241112,975,1,452,-1,9720.0,2041.2,900.0,12661.2
5445,1000006452,20250128,820,1,861,-1,32400.0,6804.0,1500.0,40704.0
5446,1000006453,20241020,1099,1,2541,-1,75150.0,15781.5,1500.0,92431.5
5447,1000006456,20241106,132,2,3,3,11400.0,2394.0,0.0,13794.0
5448,1000006457,20250826,573,1,2053,-1,29400.0,6174.0,900.0,36474.0
5449,1000006458,20240227,199,2,4,4,21600.0,4536.0,0.0,26136.0
5450,1000006459,20241210,539,1,1890,-1,20520.0,4309.2,1200.0,26029.2
5451,1000006460,20250704,196,1,2316,-1,27000.0,5670.0,1200.0,33870.0
5452,1000006461,20240523,267,1,2179,-1,27000.0,5670.0,1200.0,33870.0
5453,1000006462,20240929,220,2,4,4,42525.0,8930.25,0.0,51455.25
5454,1000006463,20240310,604,1,1925,-1,85500.0,17955.0,0.0,103455.0
5455,1000006464,20240616,73,1,1300,-1,25200.0,5292.0,1200.0,31692.0
5456,1000006465,20241125,1331,1,36,-1,29400.0,6174.0,1200.0,36774.0
5457,1000006466,20241123,158,1,2464,-1,24000.0,5040.0,900.0,29940.0
5458,1000006467,20240401,549,2,2,2,59976.0,12594.96,0.0,72570.96
5459,1000006468,20240313,1448,1,950,-1,45600.0,9576.0,1200.0,56376.0
5460,1000006470,20250309,77,1,2689,-1,12825.0,2693.25,1500.0,17018.25
5461,1000006471,20250725,1163,1,1196,-1,11400.0,2394.0,1500.0,15294.0
5462,1000006472,20250403,1121,2,1,1,15000.0,3150.0,0.0,18150.0
5463,1000006473,20240512,232,2,1,1,36000.0,7560.0,0.0,43560.0
5464,1000006474,20240707,329,1,514,-1,11970.0,2513.7,900.0,15383.7
5465,1000006475,20240212,1094,1,2225,-1,23520.0,4939.2,1200.0,29659.2
5466,1000006476,20250523,944,1,2902,-1,49650.0,10426.5,0.0,60076.5
5467,1000006477,20241214,1304,1,2132,-1,10800.0,2268.0,900.0,13968.0
5468,1000006478,20240105,61,2,1,1,32400.0,6804.0,0.0,39204.0
5469,1000006479,20250324,560,2,3,3,33000.0,6930.0,0.0,39930.0
5470,1000006480,20241115,299,1,241,-1,39900.0,8379.0,900.0,49179.0
5471,1000006481,20250709,812,1,3202,-1,35280.0,7408.8,1500.0,44188.8
5472,1000006482,20240301,169,1,1113,-1,115050.0,24160.5,1200.0,140410.5
5473,1000006484,20240803,986,1,2205,-1,14700.0,3087.0,1200.0,18987.0
5474,1000006485,20250830,1066,2,1,1,45000.0,9450.0,0.0,54450.0
5475,1000006486,20250607,1041,2,1,1,59280.0,12448.8,0.0,71728.8
5476,1000006488,20240220,1402,2,3,3,32340.0,6791.4,0.0,39131.4
5477,1000006489,20240303,1032,1,2927,-1,28500.0,5985.0,1200.0,35685.0
5478,1000006490,20240630,508,1,2715,-1,64800.0,13608.0,900.0,79308.0
5479,1000006491,20250329,32,1,2189,-1,16170.0,3395.7,0.0,19565.7
5480,1000006492,20250726,1373,1,2050,-1,22800.0,4788.0,1500.0,29088.0
5481,1000006493,20241208,1133,2,3,3,73950.0,15529.5,0.0,89479.5
5482,1000006494,20240719,1336,1,1223,-1,37620.0,7900.2,0.0,45520.2
5483,1000006495,20240219,1061,1,2552,-1,34200.0,7182.0,1200.0,42582.0
5484,1000006497,20250829,993,2,2,2,27111.0,5693.31,0.0,32804.31
5485,1000006498,20240723,1034,1,141,-1,14250.0,2992.5,900.0,18142.5
5486,1000006499,20240916,1468,2,1,1,25200.0,5292.0,0.0,30492.0
5487,1000006500,20240823,419,1,1129,-1,27000.0,5670.0,1200.0,33870.0
5488,1000006502,20241107,39,2,4,4,15675.0,3291.75,0.0,18966.75
5489,1000006504,20240527,311,2,1,1,60270.0,12656.7,0.0,72926.7
5490,1000006505,20240318,373,1,1591,-1,27000.0,5670.0,1200.0,33870.0
5491,1000006506,20241022,623,1,2751,-1,35520.0,7459.2,900.0,43879.2
5492,1000006507,20250220,1313,1,2168,-1,15000.0,3150.0,900.0,19050.0
5493,1000006508,20250716,283,2,2,2,41160.0,8643.6,0.0,49803.6
5494,1000006509,20250529,734,1,3046,-1,92100.0,19341.0,1200.0,112641.0
5495,1000006510,20250309,1182,2,2,2,62100.0,13041.0,0.0,75141.0
5496,1000006511,20250309,67,2,2,2,61320.0,12877.2,0.0,74197.2
5497,1000006512,20240128,919,1,1034,-1,23760.0,4989.6,1500.0,30249.6
5498,1000006513,20240812,737,2,4,4,12936.0,2716.56,0.0,15652.56
5499,1000006514,20250622,1267,2,1,1,14250.0,2992.5,0.0,17242.5
5500,1000006515,20250226,1345,1,385,-1,45870.0,9632.7,1200.0,56702.7
5501,1000006516,20240402,1085,1,1568,-1,19440.0,4082.4,1200.0,24722.4
5502,1000006517,20250708,126,1,404,-1,36000.0,7560.0,1200.0,44760.0
5503,1000006518,20240823,20,1,481,-1,41160.0,8643.6,900.0,50703.6
5504,1000006519,20250714,1183,1,2633,-1,11760.0,2469.6,1200.0,15429.6
5505,1000006520,20240517,1082,1,480,-1,21600.0,4536.0,1200.0,27336.0
5506,1000006521,20241010,349,1,45,-1,37800.0,7938.0,900.0,46638.0
5507,1000006522,20241102,569,1,741,-1,85387.5,17931.38,900.0,104218.88
5508,1000006524,20250117,1194,2,4,4,29160.0,6123.6,0.0,35283.6
5509,1000006525,20250816,1350,1,1693,-1,46305.0,9724.05,0.0,56029.05
5510,1000006526,20241012,1490,1,563,-1,10800.0,2268.0,900.0,13968.0
5511,1000006527,20250921,517,2,4,4,54552.0,11455.92,0.0,66007.92
5512,1000006528,20240918,907,1,2558,-1,29925.0,6284.25,900.0,37109.25
5513,1000006529,20240915,115,1,2282,-1,42750.0,8977.5,1500.0,53227.5
5514,1000006530,20241208,415,1,2776,-1,31350.0,6583.5,1200.0,39133.5
5515,1000006532,20240127,847,1,1548,-1,45000.0,9450.0,900.0,55350.0
5516,1000006533,20240204,622,1,541,-1,30000.0,6300.0,0.0,36300.0
5517,1000006535,20250112,1045,2,2,2,25080.0,5266.8,0.0,30346.8
5518,1000006536,20250308,523,1,1016,-1,59760.0,12549.6,1200.0,73509.6
5519,1000006537,20241012,1419,2,3,3,12150.0,2551.5,0.0,14701.5
5520,1000006538,20240229,733,2,4,4,28500.0,5985.0,0.0,34485.0
5521,1000006539,20250110,339,1,2626,-1,13500.0,2835.0,1500.0,17835.0
5522,1000006540,20240827,1434,2,2,2,12540.0,2633.4,0.0,15173.4
5523,1000006542,20250209,799,1,503,-1,28462.5,5977.12,900.0,35339.62
5524,1000006543,20250718,902,1,2334,-1,22800.0,4788.0,1200.0,28788.0
5525,1000006544,20240630,1133,1,300,-1,36000.0,7560.0,1200.0,44760.0
5526,1000006545,20250118,1163,1,2757,-1,46080.0,9676.8,1200.0,56956.8
5527,1000006546,20250716,186,1,1762,-1,37440.0,7862.4,0.0,45302.4
5528,1000006547,20250818,671,1,1482,-1,26850.0,5638.5,900.0,33388.5
5529,1000006548,20250811,1359,1,218,-1,14175.0,2976.75,1200.0,18351.75
5530,1000006549,20240221,835,1,2863,-1,15750.0,3307.5,900.0,19957.5
5531,1000006550,20250914,16,1,1776,-1,30870.0,6482.7,900.0,38252.7
5532,1000006551,20240522,975,1,1632,-1,26400.0,5544.0,0.0,31944.0
5533,1000006552,20250217,597,2,4,4,40500.0,8505.0,0.0,49005.0
5534,1000006554,20241226,229,1,464,-1,23520.0,4939.2,900.0,29359.2
5535,1000006555,20250322,209,1,2266,-1,27000.0,5670.0,1200.0,33870.0
5536,1000006556,20241208,236,1,2289,-1,15000.0,3150.0,900.0,19050.0
5537,1000006557,20240120,942,2,4,4,37044.0,7779.24,0.0,44823.24
5538,1000006558,20250226,1106,2,4,4,12000.0,2520.0,0.0,14520.0
5539,1000006559,20240105,778,2,1,1,35280.0,7408.8,0.0,42688.8
5540,1000006560,20241222,787,1,2385,-1,15435.0,3241.35,1200.0,19876.35
5541,1000006561,20250610,355,1,803,-1,14850.0,3118.5,900.0,18868.5
5542,1000006562,20250917,1477,1,2186,-1,23520.0,4939.2,1200.0,29659.2
5543,1000006563,20250123,334,2,2,2,25872.0,5433.12,0.0,31305.12
5544,1000006565,20240930,54,1,1295,-1,24300.0,5103.0,1200.0,30603.0
5545,1000006567,20240128,1392,1,3193,-1,27000.0,5670.0,1500.0,34170.0
5546,1000006568,20250621,856,1,408,-1,40500.0,8505.0,1200.0,50205.0
5547,1000006569,20240713,543,2,3,3,14250.0,2992.5,0.0,17242.5
5548,1000006570,20241011,1356,1,2788,-1,24000.0,5040.0,1500.0,30540.0
5549,1000006571,20240423,656,2,3,3,15000.0,3150.0,0.0,18150.0
5550,1000006573,20250827,478,1,2848,-1,29160.0,6123.6,1500.0,36783.6
5551,1000006575,20240407,585,2,2,2,16500.0,3465.0,0.0,19965.0
5552,1000006576,20240211,65,1,1047,-1,56400.0,11844.0,900.0,69144.0
5553,1000006577,20250310,1379,1,3196,-1,26850.0,5638.5,900.0,33388.5
5554,1000006578,20240401,212,2,4,4,44400.0,9324.0,0.0,53724.0
5555,1000006579,20240420,705,1,691,-1,58320.0,12247.2,900.0,71467.2
5556,1000006580,20250824,1249,1,1766,-1,40500.0,8505.0,900.0,49905.0
5557,1000006581,20241123,702,2,4,4,68880.0,14464.8,0.0,83344.8
5558,1000006582,20241231,764,2,2,2,34200.0,7182.0,0.0,41382.0
5559,1000006583,20250326,1378,2,4,4,82380.0,17299.8,0.0,99679.8
5560,1000006584,20250507,204,1,1291,-1,70020.0,14704.2,1200.0,85924.2
5561,1000006586,20250724,738,1,2691,-1,12540.0,2633.4,1200.0,16373.4
5562,1000006588,20250124,1338,1,2816,-1,51090.0,10728.9,1200.0,63018.9
5563,1000006589,20240613,727,2,2,2,40500.0,8505.0,0.0,49005.0
5564,1000006590,20240710,1491,1,489,-1,30000.0,6300.0,1200.0,37500.0
5565,1000006592,20240917,1396,1,1186,-1,110925.0,23294.25,1500.0,135719.25
5566,1000006594,20240904,1178,2,1,1,22680.0,4762.8,0.0,27442.8
5567,1000006595,20240604,235,1,1169,-1,35280.0,7408.8,1200.0,43888.8
5568,1000006596,20241231,539,1,1746,-1,13500.0,2835.0,0.0,16335.0
5569,1000006597,20250415,553,2,2,2,34200.0,7182.0,0.0,41382.0
5570,1000006598,20241208,376,2,4,4,36450.0,7654.5,0.0,44104.5
5571,1000006599,20250409,1377,1,151,-1,22800.0,4788.0,1200.0,28788.0
5572,1000006600,20240403,619,2,1,1,31752.0,6667.92,0.0,38419.92
5573,1000006601,20240329,47,1,1483,-1,46305.0,9724.05,1200.0,57229.05
5574,1000006602,20240208,666,2,2,2,12825.0,2693.25,0.0,15518.25
5575,1000006603,20240919,778,1,938,-1,58350.0,12253.5,1200.0,71803.5
5576,1000006604,20240920,1457,1,552,-1,47628.0,10001.88,1500.0,59129.88
5577,1000006605,20240605,932,1,1798,-1,63060.0,13242.6,1200.0,77502.6
5578,1000006606,20240921,478,1,2298,-1,23520.0,4939.2,900.0,29359.2
5579,1000006607,20250903,1480,1,1162,-1,45000.0,9450.0,1500.0,55950.0
5580,1000006608,20250417,994,1,2345,-1,16500.0,3465.0,1200.0,21165.0
5581,1000006609,20241114,165,2,1,1,45000.0,9450.0,0.0,54450.0
5582,1000006611,20240706,445,1,2411,-1,36300.0,7623.0,0.0,43923.0
5583,1000006612,20240602,321,1,2149,-1,37044.0,7779.24,900.0,45723.24
5584,1000006613,20250725,975,1,158,-1,40380.0,8479.8,0.0,48859.8
5585,1000006614,20240720,916,2,4,4,74700.0,15687.0,0.0,90387.0
5586,1000006616,20250613,1227,2,3,3,48210.0,10124.1,0.0,58334.1
5587,1000006617,20240212,528,2,1,1,44160.0,9273.6,0.0,53433.6
5588,1000006618,20241214,809,2,1,1,38808.0,8149.68,0.0,46957.68
5589,1000006619,20250624,1105,2,1,1,35340.0,7421.4,0.0,42761.4
5590,1000006620,20250501,261,1,1790,-1,29700.0,6237.0,1200.0,37137.0
5591,1000006621,20240517,751,2,2,2,14700.0,3087.0,0.0,17787.0
5592,1000006623,20250810,118,2,3,3,34200.0,7182.0,0.0,41382.0
5593,1000006624,20241220,100,1,1668,-1,15000.0,3150.0,900.0,19050.0
5594,1000006625,20250812,780,1,1274,-1,14700.0,3087.0,1500.0,19287.0
5595,1000006626,20240114,91,2,4,4,98100.0,20601.0,0.0,118701.0
5596,1000006628,20240228,279,1,3025,-1,26460.0,5556.6,900.0,32916.6
5597,1000006630,20240313,1359,1,2574,-1,23940.0,5027.4,900.0,29867.4
5598,1000006631,20240707,589,1,311,-1,34200.0,7182.0,900.0,42282.0
5599,1000006632,20250911,1489,2,1,1,39600.0,8316.0,0.0,47916.0
5600,1000006633,20240914,776,2,1,1,12825.0,2693.25,0.0,15518.25
5601,1000006634,20250205,257,1,2532,-1,21168.0,4445.28,900.0,26513.28
5602,1000006635,20250916,252,1,1907,-1,14250.0,2992.5,1200.0,18442.5
5603,1000006636,20250303,1036,1,1231,-1,11400.0,2394.0,900.0,14694.0
5604,1000006637,20250103,456,1,2541,-1,46548.0,9775.08,0.0,56323.08
5605,1000006638,20250506,707,1,1363,-1,28500.0,5985.0,1200.0,35685.0
5606,1000006641,20240128,970,1,337,-1,42960.0,9021.6,1200.0,53181.6
5607,1000006643,20250731,135,1,1323,-1,35160.0,7383.6,1500.0,44043.6
5608,1000006644,20250901,814,1,2399,-1,56070.0,11774.7,1200.0,69044.7
5609,1000006645,20241119,248,1,1462,-1,29400.0,6174.0,900.0,36474.0
5610,1000006646,20240430,966,1,419,-1,63000.0,13230.0,1200.0,77430.0
5611,1000006647,20240910,380,1,2087,-1,27000.0,5670.0,0.0,32670.0
5612,1000006648,20240119,1144,1,2826,-1,11340.0,2381.4,1500.0,15221.4
5613,1000006649,20250730,487,2,3,3,38475.0,8079.75,0.0,46554.75
5614,1000006651,20250823,1383,1,1652,-1,36000.0,7560.0,1500.0,45060.0
5615,1000006652,20250502,1292,1,822,-1,13500.0,2835.0,1200.0,17535.0
5616,1000006653,20240828,190,1,1962,-1,30000.0,6300.0,900.0,37200.0
5617,1000006654,20250119,159,2,4,4,29700.0,6237.0,0.0,35937.0
5618,1000006657,20241213,271,2,2,2,14250.0,2992.5,0.0,17242.5
5619,1000006658,20250228,143,1,474,-1,47025.0,9875.25,900.0,57800.25
5620,1000006659,20250721,1043,2,1,1,44850.0,9418.5,0.0,54268.5
5621,1000006660,20250730,432,2,3,3,50962.5,10702.12,0.0,61664.62
5622,1000006661,20240827,521,1,1654,-1,14700.0,3087.0,1200.0,18987.0
5623,1000006662,20240307,1159,1,2255,-1,15750.0,3307.5,1200.0,20257.5
5624,1000006663,20240104,668,2,2,2,11880.0,2494.8,0.0,14374.8
5625,1000006665,20250414,1315,1,2068,-1,51300.0,10773.0,0.0,62073.0
5626,1000006666,20250615,760,2,3,3,69000.0,14490.0,0.0,83490.0
5627,1000006668,20240812,1231,2,1,1,12000.0,2520.0,0.0,14520.0
5628,1000006669,20240228,1222,2,3,3,12000.0,2520.0,0.0,14520.0
5629,1000006670,20240727,1480,1,2573,-1,21600.0,4536.0,900.0,27036.0
5630,1000006672,20250427,873,1,2581,-1,49650.0,10426.5,900.0,60976.5
5631,1000006673,20240816,201,2,3,3,55350.0,11623.5,0.0,66973.5
5632,1000006674,20240325,301,2,2,2,35280.0,7408.8,0.0,42688.8
5633,1000006675,20240418,1413,2,2,2,45000.0,9450.0,0.0,54450.0
5634,1000006676,20240316,881,2,1,1,42540.0,8933.4,0.0,51473.4
5635,1000006678,20250908,649,1,3169,-1,30780.0,6463.8,0.0,37243.8
5636,1000006679,20241015,286,2,4,4,39690.0,8334.9,0.0,48024.9
5637,1000006680,20250930,318,1,2032,-1,37044.0,7779.24,1200.0,46023.24
5638,1000006681,20250506,1143,2,1,1,11760.0,2469.6,0.0,14229.6
5639,1000006682,20240713,1228,2,2,2,34425.0,7229.25,0.0,41654.25
5640,1000006684,20241208,1078,1,996,-1,28500.0,5985.0,1500.0,35985.0
5641,1000006685,20241102,400,2,2,2,14700.0,3087.0,0.0,17787.0
5642,1000006687,20250730,518,1,2484,-1,101010.0,21212.1,1200.0,123422.1
5643,1000006688,20240522,815,2,4,4,44887.5,9426.38,0.0,54313.88
5644,1000006689,20240204,743,1,2433,-1,14250.0,2992.5,900.0,18142.5
5645,1000006690,20240201,736,2,3,3,78300.0,16443.0,0.0,94743.0
5646,1000006691,20240714,445,2,4,4,36000.0,7560.0,0.0,43560.0
5647,1000006692,20241231,557,2,2,2,25080.0,5266.8,0.0,30346.8
5648,1000006694,20250401,174,2,1,1,30780.0,6463.8,0.0,37243.8
5649,1000006696,20250502,990,1,1791,-1,27000.0,5670.0,1500.0,34170.0
5650,1000006697,20240719,1137,1,584,-1,12825.0,2693.25,0.0,15518.25
5651,1000006698,20240925,402,1,2841,-1,24000.0,5040.0,1200.0,30240.0
5652,1000006700,20240515,547,2,4,4,35280.0,7408.8,0.0,42688.8
5653,1000006701,20241012,22,2,2,2,63210.0,13274.1,0.0,76484.1
5654,1000006702,20240710,1222,1,1813,-1,34200.0,7182.0,0.0,41382.0
5655,1000006703,20240205,340,1,1385,-1,14250.0,2992.5,1200.0,18442.5
5656,1000006704,20240308,243,1,2605,-1,14250.0,2992.5,1200.0,18442.5
5657,1000006706,20241202,158,2,4,4,58020.0,12184.2,0.0,70204.2
5658,1000006707,20240127,238,2,3,3,14250.0,2992.5,0.0,17242.5
5659,1000006709,20250426,343,1,1470,-1,44748.0,9397.08,1200.0,55345.08
5660,1000006710,20240825,1252,1,913,-1,12000.0,2520.0,900.0,15420.0
5661,1000006711,20240622,1347,1,1127,-1,25200.0,5292.0,0.0,30492.0
5662,1000006713,20250725,841,1,2873,-1,9720.0,2041.2,1200.0,12961.2
5663,1000006714,20250128,1487,1,1199,-1,12348.0,2593.08,1200.0,16141.08
5664,1000006715,20250315,837,1,2469,-1,30000.0,6300.0,0.0,36300.0
5665,1000006716,20240211,184,2,2,2,57000.0,11970.0,0.0,68970.0
5666,1000006717,20241012,1166,2,1,1,29400.0,6174.0,0.0,35574.0
5667,1000006718,20241014,997,1,1535,-1,12000.0,2520.0,1500.0,16020.0
5668,1000006719,20250123,1034,1,364,-1,15675.0,3291.75,1500.0,20466.75
5669,1000006720,20240811,398,1,2667,-1,44887.5,9426.38,0.0,54313.88
5670,1000006722,20240809,501,2,2,2,11760.0,2469.6,0.0,14229.6
5671,1000006723,20250408,794,1,70,-1,34200.0,7182.0,900.0,42282.0
5672,1000006724,20241111,8,1,2547,-1,13500.0,2835.0,900.0,17235.0
5673,1000006726,20240509,52,1,1358,-1,27510.0,5777.1,900.0,34187.1
5674,1000006727,20250312,451,1,1517,-1,89790.0,18855.9,900.0,109545.9
5675,1000006728,20240923,913,2,4,4,25650.0,5386.5,0.0,31036.5
5676,1000006729,20240804,1425,1,1700,-1,10800.0,2268.0,900.0,13968.0
5677,1000006730,20250819,1163,1,360,-1,35910.0,7541.1,1200.0,44651.1
5678,1000006731,20240227,1199,1,2014,-1,30000.0,6300.0,1200.0,37500.0
5679,1000006732,20240319,1433,1,1716,-1,32400.0,6804.0,0.0,39204.0
5680,1000006733,20240624,1321,1,777,-1,25080.0,5266.8,900.0,31246.8
5681,1000006734,20250618,713,1,595,-1,79425.0,16679.25,1200.0,97304.25
5682,1000006735,20250223,1331,1,1766,-1,11400.0,2394.0,0.0,13794.0
5683,1000006736,20240629,979,2,4,4,69000.0,14490.0,0.0,83490.0
5684,1000006737,20250825,820,1,2380,-1,30000.0,6300.0,900.0,37200.0
5685,1000006738,20250609,1267,1,2065,-1,21600.0,4536.0,1200.0,27336.0
5686,1000006739,20250731,184,2,3,3,45000.0,9450.0,0.0,54450.0
5687,1000006740,20250128,486,1,2787,-1,73620.0,15460.2,1200.0,90280.2
5688,1000006741,20241022,417,1,1480,-1,40500.0,8505.0,1200.0,50205.0
5689,1000006742,20240518,982,1,537,-1,61200.0,12852.0,1500.0,75552.0
5690,1000006744,20240202,45,1,797,-1,9720.0,2041.2,1500.0,13261.2
5691,1000006745,20250524,535,1,2907,-1,63300.0,13293.0,900.0,77493.0
5692,1000006746,20240511,177,1,2033,-1,12600.0,2646.0,1200.0,16446.0
5693,1000006747,20250716,1229,2,4,4,44887.5,9426.38,0.0,54313.88
5694,1000006750,20240312,158,1,727,-1,45000.0,9450.0,900.0,55350.0
5695,1000006751,20240725,915,2,3,3,46215.0,9705.15,0.0,55920.15
5696,1000006752,20250131,281,1,122,-1,59700.0,12537.0,1500.0,73737.0
5697,1000006753,20250223,403,1,3105,-1,36000.0,7560.0,900.0,44460.0
5698,1000006754,20250715,955,1,1970,-1,42750.0,8977.5,900.0,52627.5
5699,1000006755,20240614,991,1,212,-1,16170.0,3395.7,900.0,20465.7
5700,1000006756,20250910,1128,2,2,2,37770.0,7931.7,0.0,45701.7
5701,1000006757,20240407,1399,2,4,4,47250.0,9922.5,0.0,57172.5
5702,1000006758,20250126,1366,2,4,4,27000.0,5670.0,0.0,32670.0
5703,1000006759,20240723,654,1,1244,-1,12600.0,2646.0,1200.0,16446.0
5704,1000006760,20240709,791,1,931,-1,46305.0,9724.05,1200.0,57229.05
5705,1000006761,20250804,246,2,3,3,27675.0,5811.75,0.0,33486.75
5706,1000006762,20241207,997,2,2,2,11340.0,2381.4,0.0,13721.4
5707,1000006763,20250215,122,1,3195,-1,14250.0,2992.5,900.0,18142.5
5708,1000006764,20250411,522,2,4,4,11400.0,2394.0,0.0,13794.0
5709,1000006765,20240915,978,1,2652,-1,38580.0,8101.8,0.0,46681.8
5710,1000006766,20250621,1380,1,2730,-1,13500.0,2835.0,1200.0,17535.0
5711,1000006767,20250310,731,2,1,1,51000.0,10710.0,0.0,61710.0
5712,1000006768,20250429,406,1,1083,-1,35100.0,7371.0,0.0,42471.0
5713,1000006769,20240126,254,2,1,1,44100.0,9261.0,0.0,53361.0
5714,1000006770,20240120,412,1,2952,-1,36000.0,7560.0,1200.0,44760.0
5715,1000006771,20241212,1233,1,2237,-1,13500.0,2835.0,1200.0,17535.0
5716,1000006773,20250430,867,1,2,-1,71400.0,14994.0,900.0,87294.0
5717,1000006774,20241213,155,1,933,-1,46080.0,9676.8,900.0,56656.8
5718,1000006775,20241008,168,2,2,2,37800.0,7938.0,0.0,45738.0
5719,1000006776,20240125,1405,1,2411,-1,10800.0,2268.0,900.0,13968.0
5720,1000006777,20241123,1255,1,646,-1,60900.0,12789.0,900.0,74589.0
5721,1000006778,20250408,66,1,193,-1,10260.0,2154.6,0.0,12414.6
5722,1000006780,20240505,1191,2,2,2,35910.0,7541.1,0.0,43451.1
5723,1000006781,20241103,549,2,3,3,22680.0,4762.8,0.0,27442.8
5724,1000006782,20250405,384,1,1854,-1,14250.0,2992.5,0.0,17242.5
5725,1000006783,20240711,565,2,1,1,55800.0,11718.0,0.0,67518.0
5726,1000006784,20250822,1398,2,3,3,35340.0,7421.4,0.0,42761.4
5727,1000006785,20250118,492,2,2,2,44887.5,9426.38,0.0,54313.88
5728,1000006787,20240411,972,2,4,4,48510.0,10187.1,0.0,58697.1
5729,1000006788,20250321,965,2,4,4,27000.0,5670.0,0.0,32670.0
5730,1000006789,20250125,1161,2,4,4,35910.0,7541.1,0.0,43451.1
5731,1000006791,20240623,322,1,1965,-1,37620.0,7900.2,900.0,46420.2
5732,1000006792,20250515,1023,2,3,3,32400.0,6804.0,0.0,39204.0
5733,1000006793,20241010,653,2,1,1,39690.0,8334.9,0.0,48024.9
5734,1000006795,20250630,1400,1,253,-1,42750.0,8977.5,900.0,52627.5
5735,1000006796,20250506,727,2,4,4,44887.5,9426.38,0.0,54313.88
5736,1000006797,20240829,1238,1,561,-1,45000.0,9450.0,900.0,55350.0
5737,1000006798,20250201,769,1,460,-1,11400.0,2394.0,0.0,13794.0
5738,1000006799,20250603,16,2,1,1,11400.0,2394.0,0.0,13794.0
5739,1000006800,20250420,1116,1,1412,-1,35640.0,7484.4,1200.0,44324.4
5740,1000006802,20250910,339,1,1590,-1,44100.0,9261.0,1200.0,54561.0
5741,1000006803,20240714,1296,1,867,-1,67500.0,14175.0,900.0,82575.0
5742,1000006804,20240314,1477,2,2,2,20520.0,4309.2,0.0,24829.2
5743,1000006805,20241121,418,1,785,-1,76770.0,16121.7,1500.0,94391.7
5744,1000006806,20240428,682,2,2,2,12348.0,2593.08,0.0,14941.08
5745,1000006807,20240326,1076,1,3171,-1,81000.0,17010.0,900.0,98910.0
5746,1000006808,20250807,222,1,1013,-1,105660.0,22188.6,1200.0,129048.6
5747,1000006809,20250810,810,1,21,-1,42750.0,8977.5,900.0,52627.5
5748,1000006810,20250903,1311,1,986,-1,11400.0,2394.0,0.0,13794.0
5749,1000006812,20240518,1094,1,974,-1,30000.0,6300.0,0.0,36300.0
5750,1000006816,20250722,1128,2,2,2,35910.0,7541.1,0.0,43451.1
5751,1000006817,20250407,161,2,4,4,34200.0,7182.0,0.0,41382.0
5752,1000006819,20250718,768,1,906,-1,36450.0,7654.5,900.0,45004.5
5753,1000006820,20240413,1363,1,2698,-1,68100.0,14301.0,900.0,83301.0
5754,1000006821,20240415,362,2,1,1,14175.0,2976.75,0.0,17151.75
5755,1000006822,20240421,311,2,4,4,89220.0,18736.2,0.0,107956.2
5756,1000006823,20241006,1108,1,168,-1,40500.0,8505.0,0.0,49005.0
5757,1000006824,20240518,1048,1,741,-1,44100.0,9261.0,0.0,53361.0
5758,1000006826,20240720,1240,1,2616,-1,55860.0,11730.6,1200.0,68790.6
5759,1000006827,20240124,773,2,1,1,59130.0,12417.3,0.0,71547.3
5760,1000006829,20241002,245,1,1351,-1,42750.0,8977.5,1200.0,52927.5
5761,1000006830,20240424,1355,1,422,-1,12000.0,2520.0,900.0,15420.0
5762,1000006831,20241121,518,1,2456,-1,28500.0,5985.0,1200.0,35685.0
5763,1000006832,20240718,116,1,1695,-1,32400.0,6804.0,1500.0,40704.0
5764,1000006833,20240827,902,1,1321,-1,70650.0,14836.5,1500.0,86986.5
5765,1000006834,20250312,1302,2,1,1,23520.0,4939.2,0.0,28459.2
5766,1000006835,20240105,565,1,2014,-1,35280.0,7408.8,900.0,43588.8
5767,1000006836,20250113,235,1,478,-1,21600.0,4536.0,0.0,26136.0
5768,1000006837,20240912,606,2,2,2,12000.0,2520.0,0.0,14520.0
5769,1000006838,20250724,467,2,1,1,29400.0,6174.0,0.0,35574.0
5770,1000006839,20241209,19,1,2572,-1,48375.0,10158.75,1200.0,59733.75
5771,1000006841,20250108,321,1,2501,-1,32400.0,6804.0,900.0,40104.0
5772,1000006842,20250729,656,2,3,3,29400.0,6174.0,0.0,35574.0
5773,1000006843,20250923,1209,1,277,-1,16170.0,3395.7,0.0,19565.7
5774,1000006845,20250115,466,1,2803,-1,66600.0,13986.0,1500.0,82086.0
5775,1000006846,20250812,128,1,2975,-1,37020.0,7774.2,900.0,45694.2
5776,1000006847,20240906,1252,1,749,-1,36450.0,7654.5,0.0,44104.5
5777,1000006848,20250615,86,1,1267,-1,40500.0,8505.0,0.0,49005.0
5778,1000006849,20240118,312,1,2955,-1,34398.0,7223.58,900.0,42521.58
5779,1000006850,20250720,360,2,4,4,36000.0,7560.0,0.0,43560.0
5780,1000006851,20240911,823,1,595,-1,12150.0,2551.5,1200.0,15901.5
5781,1000006853,20250303,1388,1,614,-1,52470.0,11018.7,1200.0,64688.7
5782,1000006854,20240215,39,2,4,4,40500.0,8505.0,0.0,49005.0
5783,1000006855,20240908,192,1,2098,-1,38475.0,8079.75,1200.0,47754.75
5784,1000006856,20240114,980,1,221,-1,10584.0,2222.64,1200.0,14006.64
5785,1000006857,20250915,492,1,3014,-1,49500.0,10395.0,0.0,59895.0
5786,1000006858,20241014,356,1,1124,-1,26010.0,5462.1,900.0,32372.1
5787,1000006859,20240102,1101,1,929,-1,10260.0,2154.6,900.0,13314.6
5788,1000006860,20240915,1081,1,2675,-1,14700.0,3087.0,900.0,18687.0
5789,1000006861,20250615,1448,1,15,-1,12150.0,2551.5,900.0,15601.5
5790,1000006862,20250114,1216,2,3,3,21600.0,4536.0,0.0,26136.0
5791,1000006863,20240523,731,1,1825,-1,10800.0,2268.0,1200.0,14268.0
5792,1000006864,20250704,522,1,828,-1,11760.0,2469.6,1200.0,15429.6
5793,1000006865,20250823,96,1,666,-1,21600.0,4536.0,1200.0,27336.0
5794,1000006866,20250310,831,2,4,4,28350.0,5953.5,0.0,34303.5
5795,1000006867,20250131,1222,1,984,-1,30000.0,6300.0,0.0,36300.0
5796,1000006868,20240314,1216,2,4,4,61740.0,12965.4,0.0,74705.4
5797,1000006869,20240127,1384,1,119,-1,21600.0,4536.0,1200.0,27336.0
5798,1000006870,20241106,660,1,1602,-1,12825.0,2693.25,1200.0,16718.25
5799,1000006871,20250814,61,2,2,2,21600.0,4536.0,0.0,26136.0
5800,1000006872,20240328,489,1,1393,-1,36000.0,7560.0,900.0,44460.0
5801,1000006873,20240919,89,2,1,1,11760.0,2469.6,0.0,14229.6
5802,1000006874,20250922,259,1,486,-1,34200.0,7182.0,1200.0,42582.0
5803,1000006875,20250608,939,2,4,4,14962.5,3142.12,0.0,18104.62
5804,1000006876,20250215,87,1,1558,-1,23520.0,4939.2,900.0,29359.2
5805,1000006877,20240804,354,2,3,3,12936.0,2716.56,0.0,15652.56
5806,1000006878,20250510,1118,1,1875,-1,25200.0,5292.0,1200.0,31692.0
5807,1000006879,20250516,435,2,2,2,39600.0,8316.0,0.0,47916.0
5808,1000006880,20241123,175,2,4,4,21600.0,4536.0,0.0,26136.0
5809,1000006881,20241114,1370,1,877,-1,16500.0,3465.0,900.0,20865.0
5810,1000006882,20240508,6,1,1470,-1,13200.0,2772.0,900.0,16872.0
5811,1000006884,20250704,82,1,2420,-1,77805.0,16339.05,900.0,95044.05
5812,1000006885,20250511,28,1,1678,-1,11880.0,2494.8,900.0,15274.8
5813,1000006886,20250113,789,1,2116,-1,24000.0,5040.0,900.0,29940.0
5814,1000006887,20240518,318,1,3019,-1,28500.0,5985.0,1200.0,35685.0
5815,1000006888,20240714,642,1,1270,-1,15000.0,3150.0,900.0,19050.0
5816,1000006890,20250511,50,1,476,-1,51744.0,10866.24,0.0,62610.24
5817,1000006891,20250510,132,2,1,1,22680.0,4762.8,0.0,27442.8
5818,1000006892,20240410,209,1,32,-1,25650.0,5386.5,1200.0,32236.5
5819,1000006893,20250719,685,1,3176,-1,38430.0,8070.3,0.0,46500.3
5820,1000006896,20250702,1302,2,1,1,23520.0,4939.2,0.0,28459.2
5821,1000006897,20240105,1060,2,2,2,45000.0,9450.0,0.0,54450.0
5822,1000006898,20240320,1063,2,2,2,23520.0,4939.2,0.0,28459.2
5823,1000006901,20240626,231,1,797,-1,32400.0,6804.0,900.0,40104.0
5824,1000006903,20240623,916,1,2610,-1,25650.0,5386.5,900.0,31936.5
5825,1000006905,20250329,517,2,1,1,72600.0,15246.0,0.0,87846.0
5826,1000006906,20241022,1330,1,2664,-1,48375.0,10158.75,1200.0,59733.75
5827,1000006907,20250916,819,2,4,4,44550.0,9355.5,0.0,53905.5
5828,1000006909,20240310,746,1,3204,-1,21600.0,4536.0,900.0,27036.0
5829,1000006910,20250409,641,1,519,-1,29400.0,6174.0,1500.0,37074.0
5830,1000006911,20240110,1495,1,2562,-1,24682.5,5183.32,1200.0,31065.82
5831,1000006912,20250210,718,2,2,2,11400.0,2394.0,0.0,13794.0
5832,1000006913,20250827,971,2,3,3,60252.0,12652.92,0.0,72904.92
5833,1000006914,20240222,391,1,1184,-1,42750.0,8977.5,900.0,52627.5
5834,1000006915,20250507,1007,2,1,1,10800.0,2268.0,0.0,13068.0
5835,1000006916,20240303,184,1,1203,-1,57720.0,12121.2,900.0,70741.2
5836,1000006917,20250108,333,1,742,-1,10800.0,2268.0,1500.0,14568.0
5837,1000006918,20240420,458,2,1,1,14700.0,3087.0,0.0,17787.0
5838,1000006919,20240125,489,1,608,-1,36000.0,7560.0,1500.0,45060.0
5839,1000006920,20250413,152,2,1,1,30750.0,6457.5,0.0,37207.5
5840,1000006921,20240312,481,1,1858,-1,24696.0,5186.16,1200.0,31082.16
5841,1000006922,20241219,1261,2,4,4,14250.0,2992.5,0.0,17242.5
5842,1000006924,20250715,477,2,3,3,42750.0,8977.5,0.0,51727.5
5843,1000006925,20240211,1309,1,3109,-1,22260.0,4674.6,1500.0,28434.6
5844,1000006927,20240813,842,1,2705,-1,45600.0,9576.0,1200.0,56376.0
5845,1000006928,20250412,498,1,2931,-1,24000.0,5040.0,900.0,29940.0
5846,1000006929,20240802,903,2,1,1,22800.0,4788.0,0.0,27588.0
5847,1000006930,20250928,516,2,4,4,49410.0,10376.1,0.0,59786.1
5848,1000006931,20240418,176,1,2951,-1,47100.0,9891.0,1200.0,58191.0
5849,1000006932,20240924,1423,2,1,1,88425.0,18569.25,0.0,106994.25
5850,1000006933,20250203,1368,2,3,3,43800.0,9198.0,0.0,52998.0
5851,1000006934,20240620,570,1,2934,-1,11400.0,2394.0,0.0,13794.0
5852,1000006935,20240219,954,2,4,4,81000.0,17010.0,0.0,98010.0
5853,1000006936,20241026,696,1,1291,-1,25200.0,5292.0,900.0,31392.0
5854,1000006937,20240102,1390,1,3064,-1,29400.0,6174.0,1500.0,37074.0
5855,1000006938,20250408,12,2,4,4,29400.0,6174.0,0.0,35574.0
5856,1000006939,20240222,255,1,2527,-1,28500.0,5985.0,1200.0,35685.0
5857,1000006940,20240501,268,1,2921,-1,15435.0,3241.35,1200.0,19876.35
5858,1000006941,20240619,1040,1,2414,-1,36000.0,7560.0,900.0,44460.0
5859,1000006942,20240507,1126,1,1538,-1,21600.0,4536.0,1200.0,27336.0
5860,1000006944,20250913,188,1,54,-1,36450.0,7654.5,900.0,45004.5
5861,1000006945,20250914,184,2,2,2,21600.0,4536.0,0.0,26136.0
5862,1000006946,20241215,948,1,1566,-1,77025.0,16175.25,900.0,94100.25
5863,1000006948,20250723,384,1,990,-1,76350.0,16033.5,900.0,93283.5
5864,1000006949,20241108,1308,1,3164,-1,36000.0,7560.0,1500.0,45060.0
5865,1000006950,20240531,575,1,1822,-1,51600.0,10836.0,900.0,63336.0
5866,1000006951,20250309,614,1,2259,-1,68407.5,14365.58,900.0,83673.08
5867,1000006952,20250214,993,1,790,-1,47100.0,9891.0,1200.0,58191.0
5868,1000006953,20250322,1217,1,1843,-1,45000.0,9450.0,1500.0,55950.0
5869,1000006955,20250804,1068,1,2012,-1,22800.0,4788.0,1200.0,28788.0
5870,1000006956,20250330,1285,1,335,-1,32400.0,6804.0,900.0,40104.0
5871,1000006958,20241213,960,1,1492,-1,28500.0,5985.0,1500.0,35985.0
5872,1000006959,20241116,336,2,2,2,44100.0,9261.0,0.0,53361.0
5873,1000006963,20241226,414,2,2,2,53100.0,11151.0,0.0,64251.0
5874,1000006964,20240321,712,1,1982,-1,48510.0,10187.1,1200.0,59897.1
5875,1000006966,20250607,998,2,2,2,91140.0,19139.4,0.0,110279.4
5876,1000006967,20241225,606,1,2526,-1,52020.0,10924.2,0.0,62944.2
5877,1000006969,20240117,1289,2,3,3,15750.0,3307.5,0.0,19057.5
5878,1000006970,20241020,697,1,790,-1,29400.0,6174.0,1200.0,36774.0
5879,1000006972,20250612,235,2,4,4,48570.0,10199.7,0.0,58769.7
5880,1000006973,20250616,414,1,728,-1,45000.0,9450.0,1500.0,55950.0
5881,1000006974,20250423,487,1,1778,-1,24696.0,5186.16,0.0,29882.16
5882,1000006975,20240920,632,2,1,1,14850.0,3118.5,0.0,17968.5
5883,1000006976,20241104,1405,2,4,4,37800.0,7938.0,0.0,45738.0
5884,1000006977,20250709,1306,1,2805,-1,31752.0,6667.92,900.0,39319.92
5885,1000006979,20240708,872,1,827,-1,45000.0,9450.0,1200.0,55650.0
5886,1000006980,20241230,113,2,2,2,12000.0,2520.0,0.0,14520.0
5887,1000006982,20250203,600,2,2,2,40500.0,8505.0,0.0,49005.0
5888,1000006984,20240512,208,1,2514,-1,40500.0,8505.0,0.0,49005.0
5889,1000006985,20240114,559,1,1004,-1,24000.0,5040.0,1200.0,30240.0
5890,1000006986,20250630,235,1,1317,-1,36300.0,7623.0,0.0,43923.0
5891,1000006987,20240316,666,2,1,1,40500.0,8505.0,0.0,49005.0
5892,1000006988,20250828,314,1,2702,-1,36000.0,7560.0,900.0,44460.0
5893,1000006989,20240402,1183,2,1,1,36000.0,7560.0,0.0,43560.0
5894,1000006990,20250427,372,1,1534,-1,12000.0,2520.0,900.0,15420.0
5895,1000006991,20250922,979,1,1953,-1,24300.0,5103.0,900.0,30303.0
5896,1000006992,20250829,183,1,1268,-1,101070.0,21224.7,900.0,123194.7
5897,1000006993,20240811,1148,2,1,1,23100.0,4851.0,0.0,27951.0
5898,1000006995,20240625,1076,2,3,3,47040.0,9878.4,0.0,56918.4
5899,1000006996,20250908,487,2,2,2,13200.0,2772.0,0.0,15972.0
5900,1000006997,20250710,1209,1,220,-1,36300.0,7623.0,1200.0,45123.0
5901,1000006998,20240607,190,1,2077,-1,45000.0,9450.0,0.0,54450.0
5902,1000006999,20250129,637,1,1627,-1,12825.0,2693.25,0.0,15518.25
5903,1000007000,20250823,547,1,2418,-1,14250.0,2992.5,1500.0,18742.5
5904,1000007002,20241123,1019,1,1472,-1,46305.0,9724.05,900.0,56929.05
5905,1000007004,20250621,158,2,1,1,70986.0,14907.06,0.0,85893.06
5906,1000007005,20240213,885,1,2066,-1,50400.0,10584.0,0.0,60984.0
5907,1000007006,20240117,843,2,3,3,68850.0,14458.5,0.0,83308.5
5908,1000007007,20250706,292,1,2433,-1,23760.0,4989.6,0.0,28749.6
5909,1000007008,20250203,445,2,2,2,11760.0,2469.6,0.0,14229.6
5910,1000007009,20250303,171,1,811,-1,40500.0,8505.0,900.0,49905.0
5911,1000007010,20250930,961,1,2385,-1,57823.5,12142.94,1200.0,71166.44
5912,1000007011,20250904,1065,1,779,-1,10800.0,2268.0,1200.0,14268.0
5913,1000007013,20240324,663,1,207,-1,15000.0,3150.0,1200.0,19350.0
5914,1000007014,20241230,208,2,2,2,22140.0,4649.4,0.0,26789.4
5915,1000007015,20241203,45,1,118,-1,13200.0,2772.0,1200.0,17172.0
5916,1000007016,20240409,136,1,225,-1,44100.0,9261.0,900.0,54261.0
5917,1000007017,20240413,178,2,1,1,63630.0,13362.3,0.0,76992.3
5918,1000007018,20250729,1346,2,2,2,46320.0,9727.2,0.0,56047.2
5919,1000007019,20240914,1330,1,2260,-1,64044.0,13449.24,900.0,78393.24
5920,1000007020,20250715,317,1,1353,-1,14250.0,2992.5,1500.0,18742.5
5921,1000007021,20240926,348,1,840,-1,27000.0,5670.0,1500.0,34170.0
5922,1000007022,20240917,456,2,2,2,62910.0,13211.1,0.0,76121.1
5923,1000007023,20250824,1282,1,715,-1,48210.0,10124.1,900.0,59234.1
5924,1000007024,20240117,270,2,1,1,10584.0,2222.64,0.0,12806.64
5925,1000007025,20241220,1080,1,2386,-1,21600.0,4536.0,0.0,26136.0
5926,1000007026,20240515,1500,2,1,1,36450.0,7654.5,0.0,44104.5
5927,1000007027,20240113,353,1,206,-1,35280.0,7408.8,1200.0,43888.8
5928,1000007028,20240103,701,1,2336,-1,86070.0,18074.7,900.0,105044.7
5929,1000007029,20241028,409,2,4,4,27000.0,5670.0,0.0,32670.0
5930,1000007030,20240316,1377,1,2833,-1,60750.0,12757.5,900.0,74407.5
5931,1000007031,20250205,240,2,3,3,14850.0,3118.5,0.0,17968.5
5932,1000007032,20241026,75,1,2640,-1,21600.0,4536.0,900.0,27036.0
5933,1000007033,20250524,1008,1,133,-1,10800.0,2268.0,1500.0,14568.0
5934,1000007034,20240220,1066,1,1791,-1,9720.0,2041.2,1200.0,12961.2
5935,1000007035,20240923,474,2,2,2,14250.0,2992.5,0.0,17242.5
5936,1000007036,20240223,198,1,1358,-1,30000.0,6300.0,900.0,37200.0
5937,1000007037,20250331,561,1,436,-1,52110.0,10943.1,1200.0,64253.1
5938,1000007038,20250722,1162,1,1230,-1,60675.0,12741.75,900.0,74316.75
5939,1000007039,20250713,1015,1,2201,-1,60000.0,12600.0,900.0,73500.0
5940,1000007040,20240617,823,2,3,3,28500.0,5985.0,0.0,34485.0
5941,1000007041,20250323,1321,2,2,2,40278.0,8458.38,0.0,48736.38
5942,1000007042,20240910,1114,1,283,-1,30780.0,6463.8,1200.0,38443.8
5943,1000007043,20240628,419,1,2101,-1,21600.0,4536.0,1200.0,27336.0
5944,1000007045,20240201,919,1,2930,-1,45000.0,9450.0,0.0,54450.0
5945,1000007046,20240705,399,1,1008,-1,12000.0,2520.0,1200.0,15720.0
5946,1000007048,20240921,326,1,1240,-1,12000.0,2520.0,1200.0,15720.0
5947,1000007049,20250308,876,2,2,2,30000.0,6300.0,0.0,36300.0
5948,1000007052,20241006,255,1,2508,-1,34200.0,7182.0,0.0,41382.0
5949,1000007053,20240101,1074,1,1626,-1,24696.0,5186.16,900.0,30782.16
5950,1000007054,20240126,1259,1,732,-1,23760.0,4989.6,1500.0,30249.6
5951,1000007055,20250313,95,2,4,4,27000.0,5670.0,0.0,32670.0
5952,1000007056,20250829,498,2,4,4,14962.5,3142.12,0.0,18104.62
5953,1000007057,20241004,214,1,286,-1,90705.0,19048.05,900.0,110653.05
5954,1000007058,20240107,346,2,2,2,22020.0,4624.2,0.0,26644.2
5955,1000007060,20250813,1398,1,1440,-1,30870.0,6482.7,1200.0,38552.7
5956,1000007061,20250524,437,1,22,-1,38808.0,8149.68,1500.0,48457.68
5957,1000007062,20250909,1265,2,1,1,23940.0,5027.4,0.0,28967.4
5958,1000007063,20240314,12,2,1,1,28350.0,5953.5,0.0,34303.5
5959,1000007064,20250629,500,1,620,-1,34830.0,7314.3,900.0,43044.3
5960,1000007065,20241127,946,1,1973,-1,81420.0,17098.2,1500.0,100018.2
5961,1000007066,20241009,1415,2,2,2,27000.0,5670.0,0.0,32670.0
5962,1000007067,20240519,468,1,416,-1,42750.0,8977.5,0.0,51727.5
5963,1000007068,20250306,1236,1,18,-1,34200.0,7182.0,900.0,42282.0
5964,1000007069,20240223,583,1,260,-1,63600.0,13356.0,1500.0,78456.0
5965,1000007070,20240724,113,1,219,-1,90000.0,18900.0,1200.0,110100.0
5966,1000007071,20250312,266,1,642,-1,27480.0,5770.8,900.0,34150.8
5967,1000007073,20240503,477,2,1,1,11970.0,2513.7,0.0,14483.7
5968,1000007074,20240531,180,1,1701,-1,39150.0,8221.5,900.0,48271.5
5969,1000007075,20240920,1012,1,1699,-1,59250.0,12442.5,900.0,72592.5
5970,1000007077,20250823,488,2,3,3,14175.0,2976.75,0.0,17151.75
5971,1000007078,20240208,529,2,2,2,36000.0,7560.0,0.0,43560.0
5972,1000007079,20240613,956,1,2282,-1,61020.0,12814.2,1200.0,75034.2
5973,1000007080,20240312,1377,2,1,1,13200.0,2772.0,0.0,15972.0
5974,1000007081,20240609,905,1,165,-1,42750.0,8977.5,900.0,52627.5
5975,1000007082,20240104,1468,2,2,2,91950.0,19309.5,0.0,111259.5
5976,1000007083,20250805,646,2,2,2,24000.0,5040.0,0.0,29040.0
5977,1000007084,20250528,634,1,2284,-1,60300.0,12663.0,900.0,73863.0
5978,1000007085,20241126,1075,1,765,-1,36000.0,7560.0,900.0,44460.0
5979,1000007086,20240924,1026,1,2642,-1,15000.0,3150.0,0.0,18150.0
5980,1000007087,20240326,1226,1,787,-1,32400.0,6804.0,1500.0,40704.0
5981,1000007088,20241207,1224,1,991,-1,33000.0,6930.0,1200.0,41130.0
5982,1000007089,20240721,407,2,2,2,12000.0,2520.0,0.0,14520.0
5983,1000007090,20250618,971,1,2359,-1,12348.0,2593.08,1200.0,16141.08
5984,1000007091,20240822,398,1,3124,-1,14700.0,3087.0,1200.0,18987.0
5985,1000007092,20240822,724,2,2,2,25650.0,5386.5,0.0,31036.5
5986,1000007093,20240109,1204,1,170,-1,51870.0,10892.7,1200.0,63962.7
5987,1000007095,20250315,818,1,2945,-1,45960.0,9651.6,900.0,56511.6
5988,1000007096,20240827,1457,2,1,1,25200.0,5292.0,0.0,30492.0
5989,1000007097,20250417,206,1,1668,-1,36000.0,7560.0,900.0,44460.0
5990,1000007099,20250912,31,1,842,-1,10800.0,2268.0,0.0,13068.0
5991,1000007100,20250312,110,1,3196,-1,45000.0,9450.0,0.0,54450.0
5992,1000007101,20250519,447,1,2866,-1,36000.0,7560.0,900.0,44460.0
5993,1000007102,20241202,264,2,2,2,38475.0,8079.75,0.0,46554.75
5994,1000007103,20240130,1187,2,4,4,11400.0,2394.0,0.0,13794.0
5995,1000007104,20240617,134,1,745,-1,35280.0,7408.8,1200.0,43888.8
5996,1000007105,20250929,1412,1,2675,-1,12540.0,2633.4,900.0,16073.4
5997,1000007106,20250828,1209,1,1215,-1,16170.0,3395.7,1200.0,20765.7
5998,1000007107,20250330,621,2,4,4,70080.0,14716.8,0.0,84796.8
5999,1000007108,20250605,1348,1,3189,-1,47100.0,9891.0,1200.0,58191.0
6000,1000007110,20240204,230,2,4,4,61710.0,12959.1,0.0,74669.1
6001,1000007111,20240522,1420,1,723,-1,36000.0,7560.0,1200.0,44760.0
6002,1000007112,20250501,1180,1,1566,-1,21600.0,4536.0,1500.0,27636.0
6003,1000007113,20250325,1338,1,3001,-1,28500.0,5985.0,1200.0,35685.0
6004,1000007114,20250605,168,2,2,2,45000.0,9450.0,0.0,54450.0
6005,1000007115,20240831,1465,2,4,4,11400.0,2394.0,0.0,13794.0
6006,1000007116,20250803,832,1,604,-1,24000.0,5040.0,1500.0,30540.0
6007,1000007117,20250130,569,1,665,-1,30780.0,6463.8,1200.0,38443.8
6008,1000007118,20250422,845,2,4,4,32400.0,6804.0,0.0,39204.0
6009,1000007119,20241215,961,1,2380,-1,25650.0,5386.5,1200.0,32236.5
6010,1000007120,20250227,1383,2,3,3,23760.0,4989.6,0.0,28749.6
6011,1000007121,20250626,1211,2,1,1,28500.0,5985.0,0.0,34485.0
6012,1000007122,20250818,316,1,1675,-1,75450.0,15844.5,0.0,91294.5
6013,1000007124,20240907,916,2,3,3,47250.0,9922.5,0.0,57172.5
6014,1000007125,20240303,1125,2,3,3,45000.0,9450.0,0.0,54450.0
6015,1000007126,20250607,1120,2,4,4,65160.0,13683.6,0.0,78843.6
6016,1000007127,20240311,1130,1,2307,-1,34200.0,7182.0,900.0,42282.0
6017,1000007128,20250924,1426,1,1322,-1,32400.0,6804.0,900.0,40104.0
6018,1000007130,20240311,1233,2,2,2,19440.0,4082.4,0.0,23522.4
6019,1000007131,20240422,441,1,2146,-1,31500.0,6615.0,1200.0,39315.0
6020,1000007133,20240605,357,2,1,1,10800.0,2268.0,0.0,13068.0
6021,1000007134,20250112,875,2,4,4,41760.0,8769.6,0.0,50529.6
6022,1000007136,20250328,32,2,2,2,16170.0,3395.7,0.0,19565.7
6023,1000007137,20250204,229,1,3096,-1,40500.0,8505.0,1200.0,50205.0
6024,1000007138,20250412,140,1,2488,-1,11340.0,2381.4,900.0,14621.4
6025,1000007140,20250220,297,2,1,1,67500.0,14175.0,0.0,81675.0
6026,1000007141,20241221,171,1,1116,-1,28500.0,5985.0,1200.0,35685.0
6027,1000007143,20240830,425,2,1,1,13500.0,2835.0,0.0,16335.0
6028,1000007144,20240822,250,1,1970,-1,48450.0,10174.5,1500.0,60124.5
6029,1000007145,20241229,1472,2,1,1,14700.0,3087.0,0.0,17787.0
6030,1000007146,20250730,1294,2,1,1,76650.0,16096.5,0.0,92746.5
6031,1000007147,20240507,364,2,4,4,41175.0,8646.75,0.0,49821.75
6032,1000007148,20250723,669,2,2,2,21600.0,4536.0,0.0,26136.0
6033,1000007149,20250709,439,2,3,3,42750.0,8977.5,0.0,51727.5
6034,1000007150,20241217,887,2,1,1,28500.0,5985.0,0.0,34485.0
6035,1000007151,20250721,1377,2,2,2,125055.0,26261.55,0.0,151316.55
6036,1000007152,20250905,390,1,41,-1,32400.0,6804.0,1500.0,40704.0
6037,1000007153,20250730,1374,2,4,4,36000.0,7560.0,0.0,43560.0
6038,1000007154,20250906,751,1,1530,-1,44887.5,9426.38,1200.0,55513.88
6039,1000007155,20240914,906,1,2839,-1,22800.0,4788.0,0.0,27588.0
6040,1000007156,20250927,1041,2,4,4,78300.0,16443.0,0.0,94743.0
6041,1000007157,20240928,94,2,4,4,79200.0,16632.0,0.0,95832.0
6042,1000007158,20250823,1224,2,2,2,45000.0,9450.0,0.0,54450.0
6043,1000007159,20240929,1026,1,2179,-1,42750.0,8977.5,900.0,52627.5
6044,1000007160,20241023,223,2,4,4,16170.0,3395.7,0.0,19565.7
6045,1000007161,20240622,1030,1,1431,-1,11400.0,2394.0,1200.0,14994.0
6046,1000007162,20250520,1458,2,2,2,10800.0,2268.0,0.0,13068.0
6047,1000007163,20240118,1180,2,2,2,45927.0,9644.67,0.0,55571.67
6048,1000007164,20241024,1498,1,802,-1,24300.0,5103.0,900.0,30303.0
6049,1000007166,20240614,414,1,209,-1,27000.0,5670.0,900.0,33570.0
6050,1000007167,20250210,705,2,2,2,64140.0,13469.4,0.0,77609.4
6051,1000007168,20250109,1282,1,2896,-1,37800.0,7938.0,0.0,45738.0
6052,1000007169,20250911,713,1,2487,-1,11400.0,2394.0,1200.0,14994.0
6053,1000007170,20250402,737,1,2471,-1,51000.0,10710.0,900.0,62610.0
6054,1000007171,20250126,1337,2,3,3,22800.0,4788.0,0.0,27588.0
6055,1000007172,20250712,1060,1,2860,-1,47250.0,9922.5,900.0,58072.5
6056,1000007173,20250114,1100,2,1,1,29160.0,6123.6,0.0,35283.6
6057,1000007174,20250101,719,1,2123,-1,35910.0,7541.1,1200.0,44651.1
6058,1000007175,20250103,1450,1,1837,-1,60000.0,12600.0,900.0,73500.0
6059,1000007176,20240904,176,1,2815,-1,23520.0,4939.2,0.0,28459.2
6060,1000007177,20250408,756,1,723,-1,9720.0,2041.2,1200.0,12961.2
6061,1000007178,20241013,1246,2,1,1,41362.5,8686.12,0.0,50048.62
6062,1000007181,20240229,1177,1,3002,-1,46740.0,9815.4,900.0,57455.4
6063,1000007182,20250516,321,2,1,1,10260.0,2154.6,0.0,12414.6
6064,1000007183,20240718,130,2,1,1,64680.0,13582.8,0.0,78262.8
6065,1000007184,20240222,1083,2,3,3,10800.0,2268.0,0.0,13068.0
6066,1000007185,20250122,1161,1,3168,-1,23160.0,4863.6,1200.0,29223.6
6067,1000007187,20240101,487,1,1689,-1,24000.0,5040.0,1200.0,30240.0
6068,1000007188,20241224,306,1,2687,-1,30000.0,6300.0,1500.0,37800.0
6069,1000007189,20240705,1062,2,4,4,24000.0,5040.0,0.0,29040.0
6070,1000007190,20240523,1356,2,1,1,32400.0,6804.0,0.0,39204.0
6071,1000007191,20241122,709,1,618,-1,49500.0,10395.0,900.0,60795.0
6072,1000007192,20250423,524,1,2743,-1,39600.0,8316.0,1500.0,49416.0
6073,1000007193,20241119,1063,2,1,1,52200.0,10962.0,0.0,63162.0
6074,1000007194,20240203,1149,1,2124,-1,10584.0,2222.64,900.0,13706.64
6075,1000007195,20240627,552,2,4,4,21600.0,4536.0,0.0,26136.0
6076,1000007196,20240903,1011,2,3,3,15000.0,3150.0,0.0,18150.0
6077,1000007197,20250612,896,1,2072,-1,67800.0,14238.0,1200.0,83238.0
6078,1000007198,20241012,762,1,2407,-1,58248.0,12232.08,900.0,71380.08
6079,1000007199,20250111,812,2,3,3,60435.0,12691.35,0.0,73126.35
6080,1000007200,20240417,785,1,3051,-1,47250.0,9922.5,900.0,58072.5
6081,1000007201,20250123,1088,2,4,4,13500.0,2835.0,0.0,16335.0
6082,1000007202,20250125,137,2,2,2,32340.0,6791.4,0.0,39131.4
6083,1000007203,20241029,1341,1,1783,-1,32400.0,6804.0,900.0,40104.0
6084,1000007204,20241115,790,1,2284,-1,52050.0,10930.5,900.0,63880.5
6085,1000007205,20250311,194,1,2987,-1,10260.0,2154.6,1200.0,13614.6
6086,1000007206,20250313,1373,1,2083,-1,12600.0,2646.0,1200.0,16446.0
6087,1000007207,20250819,754,2,4,4,11400.0,2394.0,0.0,13794.0
6088,1000007208,20250606,841,1,1228,-1,21168.0,4445.28,900.0,26513.28
6089,1000007210,20250428,1300,1,2764,-1,21168.0,4445.28,0.0,25613.28
6090,1000007211,20250604,1059,2,4,4,35280.0,7408.8,0.0,42688.8
6091,1000007212,20250819,1420,2,2,2,60322.5,12667.72,0.0,72990.22
6092,1000007213,20250605,1099,1,3140,-1,10800.0,2268.0,900.0,13968.0
6093,1000007214,20250528,219,1,1451,-1,20520.0,4309.2,900.0,25729.2
6094,1000007216,20241223,355,2,2,2,21600.0,4536.0,0.0,26136.0
6095,1000007217,20241122,1448,1,977,-1,76734.0,16114.14,1500.0,94348.14
6096,1000007218,20240806,821,2,1,1,29700.0,6237.0,0.0,35937.0
6097,1000007219,20250713,1494,1,2321,-1,32400.0,6804.0,900.0,40104.0
6098,1000007220,20240705,1265,1,1470,-1,35280.0,7408.8,0.0,42688.8
6099,1000007221,20250730,901,1,89,-1,51900.0,10899.0,1200.0,63999.0
6100,1000007222,20250113,1268,1,799,-1,44700.0,9387.0,0.0,54087.0
6101,1000007223,20250615,692,2,4,4,32400.0,6804.0,0.0,39204.0
6102,1000007224,20250519,1497,1,589,-1,15435.0,3241.35,1500.0,20176.35
6103,1000007225,20250303,1104,1,3139,-1,10800.0,2268.0,1500.0,14568.0
6104,1000007226,20240708,862,1,18,-1,32340.0,6791.4,900.0,40031.4
6105,1000007227,20250820,535,2,3,3,36000.0,7560.0,0.0,43560.0
6106,1000007228,20240127,281,1,124,-1,32400.0,6804.0,0.0,39204.0
6107,1000007229,20250601,629,1,1161,-1,15435.0,3241.35,1500.0,20176.35
6108,1000007231,20250302,826,2,4,4,48450.0,10174.5,0.0,58624.5
6109,1000007232,20241208,890,2,3,3,34740.0,7295.4,0.0,42035.4
6110,1000007233,20240526,333,1,836,-1,54000.0,11340.0,1200.0,66540.0
6111,1000007234,20240825,894,1,2172,-1,29250.0,6142.5,1200.0,36592.5
6112,1000007235,20250730,994,2,3,3,28500.0,5985.0,0.0,34485.0
6113,1000007236,20240719,936,1,1415,-1,64950.0,13639.5,1500.0,80089.5
6114,1000007238,20250911,1139,1,252,-1,25935.0,5446.35,0.0,31381.35
6115,1000007239,20240217,968,2,1,1,44748.0,9397.08,0.0,54145.08
6116,1000007242,20250528,387,2,3,3,33600.0,7056.0,0.0,40656.0
6117,1000007243,20250830,880,1,2818,-1,13500.0,2835.0,1200.0,17535.0
6118,1000007244,20250326,954,1,1073,-1,108810.0,22850.1,900.0,132560.1
6119,1000007245,20240211,933,1,8,-1,44400.0,9324.0,900.0,54624.0
6120,1000007246,20241111,1154,1,380,-1,32400.0,6804.0,900.0,40104.0
6121,1000007247,20250515,527,2,1,1,21600.0,4536.0,0.0,26136.0
6122,1000007248,20240703,1353,1,2927,-1,12150.0,2551.5,1200.0,15901.5
6123,1000007249,20250215,667,2,3,3,45000.0,9450.0,0.0,54450.0
6124,1000007250,20241202,506,1,1879,-1,25872.0,5433.12,0.0,31305.12
6125,1000007251,20250119,517,2,2,2,34020.0,7144.2,0.0,41164.2
6126,1000007252,20241113,609,1,994,-1,31350.0,6583.5,900.0,38833.5
6127,1000007253,20250923,1139,1,2105,-1,40500.0,8505.0,1200.0,50205.0
6128,1000007254,20240608,440,1,761,-1,29400.0,6174.0,900.0,36474.0
6129,1000007255,20241029,32,2,3,3,11340.0,2381.4,0.0,13721.4
6130,1000007256,20241216,452,1,1944,-1,45000.0,9450.0,1200.0,55650.0
6131,1000007257,20250628,903,1,2389,-1,42750.0,8977.5,1500.0,53227.5
6132,1000007258,20250224,850,2,1,1,30780.0,6463.8,0.0,37243.8
6133,1000007259,20241016,1186,1,2468,-1,67200.0,14112.0,900.0,82212.0
6134,1000007260,20250523,905,1,1089,-1,37044.0,7779.24,900.0,45723.24
6135,1000007261,20240729,1317,1,586,-1,24696.0,5186.16,1500.0,31382.16
6136,1000007262,20241013,1224,1,177,-1,11400.0,2394.0,900.0,14694.0
6137,1000007263,20240521,515,1,2189,-1,34200.0,7182.0,0.0,41382.0
6138,1000007264,20240325,81,2,1,1,28035.0,5887.35,0.0,33922.35
6139,1000007265,20250101,838,1,2823,-1,48600.0,10206.0,900.0,59706.0
6140,1000007266,20250208,1047,1,2178,-1,34200.0,7182.0,900.0,42282.0
6141,1000007267,20250616,949,2,3,3,15750.0,3307.5,0.0,19057.5
6142,1000007268,20241206,127,2,1,1,45780.0,9613.8,0.0,55393.8
6143,1000007269,20250902,1192,2,3,3,65280.0,13708.8,0.0,78988.8
6144,1000007270,20241105,1389,1,1176,-1,33000.0,6930.0,1200.0,41130.0
6145,1000007271,20250424,1226,1,1427,-1,58200.0,12222.0,1500.0,71922.0
6146,1000007273,20240321,390,1,2793,-1,31350.0,6583.5,900.0,38833.5
6147,1000007274,20250907,1130,2,4,4,10800.0,2268.0,0.0,13068.0
6148,1000007275,20240124,915,1,1602,-1,24696.0,5186.16,900.0,30782.16
6149,1000007276,20250723,354,2,4,4,40500.0,8505.0,0.0,49005.0
6150,1000007278,20250604,944,1,1296,-1,24696.0,5186.16,900.0,30782.16
6151,1000007279,20250406,746,1,2781,-1,30870.0,6482.7,1500.0,38852.7
6152,1000007280,20250328,988,1,1963,-1,44100.0,9261.0,900.0,54261.0
6153,1000007281,20250126,1184,2,3,3,21600.0,4536.0,0.0,26136.0
6154,1000007282,20240706,1019,1,1864,-1,31500.0,6615.0,900.0,39015.0
6155,1000007283,20240125,433,1,1675,-1,25650.0,5386.5,1200.0,32236.5
6156,1000007284,20240705,678,2,1,1,36450.0,7654.5,0.0,44104.5
6157,1000007285,20240922,873,1,1524,-1,67800.0,14238.0,900.0,82938.0
6158,1000007287,20250716,658,1,362,-1,14700.0,3087.0,1200.0,18987.0
6159,1000007288,20250124,181,2,1,1,24300.0,5103.0,0.0,29403.0
6160,1000007289,20240729,1268,1,1147,-1,14700.0,3087.0,1200.0,18987.0
6161,1000007290,20250527,435,1,597,-1,44100.0,9261.0,900.0,54261.0
6162,1000007291,20241110,543,1,93,-1,22800.0,4788.0,1200.0,28788.0
6163,1000007292,20241103,848,1,1609,-1,28350.0,5953.5,0.0,34303.5
6164,1000007293,20250206,61,2,4,4,60105.0,12622.05,0.0,72727.05
6165,1000007294,20250711,273,1,2899,-1,23520.0,4939.2,900.0,29359.2
6166,1000007295,20250520,597,1,731,-1,14700.0,3087.0,0.0,17787.0
6167,1000007296,20241101,1395,2,4,4,78390.0,16461.9,0.0,94851.9
6168,1000007297,20240528,1371,1,2279,-1,10800.0,2268.0,0.0,13068.0
6169,1000007298,20240927,1455,1,7,-1,37248.0,7822.08,1200.0,46270.08
6170,1000007299,20250316,1141,1,212,-1,11760.0,2469.6,900.0,15129.6
6171,1000007300,20240510,512,1,1969,-1,38760.0,8139.6,900.0,47799.6
6172,1000007302,20250411,812,2,3,3,45000.0,9450.0,0.0,54450.0
6173,1000007303,20250619,923,1,85,-1,14700.0,3087.0,1500.0,19287.0
6174,1000007304,20240620,547,1,69,-1,53550.0,11245.5,0.0,64795.5
6175,1000007305,20250308,1468,2,3,3,32400.0,6804.0,0.0,39204.0
6176,1000007306,20241216,1107,1,747,-1,40500.0,8505.0,900.0,49905.0
6177,1000007307,20241112,486,2,3,3,110052.0,23110.92,0.0,133162.92
6178,1000007308,20240412,393,1,1713,-1,31752.0,6667.92,1200.0,39619.92
6179,1000007309,20241222,1076,2,1,1,14250.0,2992.5,0.0,17242.5
6180,1000007310,20241004,474,2,1,1,28350.0,5953.5,0.0,34303.5
6181,1000007312,20240514,1305,1,2329,-1,36000.0,7560.0,0.0,43560.0
6182,1000007314,20250227,1103,1,3028,-1,30870.0,6482.7,0.0,37352.7
6183,1000007315,20240610,240,1,425,-1,15675.0,3291.75,1200.0,20166.75
6184,1000007316,20250905,160,1,726,-1,36000.0,7560.0,1500.0,45060.0
6185,1000007317,20240220,548,1,587,-1,21600.0,4536.0,900.0,27036.0
6186,1000007318,20240714,1302,1,856,-1,22680.0,4762.8,0.0,27442.8
6187,1000007319,20240501,1110,1,930,-1,56400.0,11844.0,0.0,68244.0
6188,1000007321,20250618,208,1,1907,-1,58200.0,12222.0,900.0,71322.0
6189,1000007322,20250602,291,1,1622,-1,14850.0,3118.5,900.0,18868.5
6190,1000007323,20250213,531,1,2213,-1,34200.0,7182.0,900.0,42282.0
6191,1000007324,20241112,615,1,641,-1,35280.0,7408.8,1500.0,44188.8
6192,1000007325,20240927,80,2,1,1,32400.0,6804.0,0.0,39204.0
6193,1000007326,20240413,1420,1,380,-1,45000.0,9450.0,1200.0,55650.0
6194,1000007327,20241115,1219,2,2,2,10800.0,2268.0,0.0,13068.0
6195,1000007328,20241210,774,2,2,2,64152.0,13471.92,0.0,77623.92
6196,1000007329,20250523,1199,2,4,4,44100.0,9261.0,0.0,53361.0
6197,1000007330,20250417,1435,1,3144,-1,44100.0,9261.0,1500.0,54861.0
6198,1000007331,20240715,772,2,1,1,29700.0,6237.0,0.0,35937.0
6199,1000007332,20250917,474,1,836,-1,32400.0,6804.0,900.0,40104.0
6200,1000007333,20241022,882,1,2226,-1,64350.0,13513.5,1500.0,79363.5
6201,1000007334,20240815,414,2,3,3,32400.0,6804.0,0.0,39204.0
6202,1000007335,20250707,376,1,1702,-1,92796.0,19487.16,900.0,113183.16
6203,1000007336,20250205,1301,2,3,3,46800.0,9828.0,0.0,56628.0
6204,1000007337,20240223,275,1,86,-1,43200.0,9072.0,0.0,52272.0
6205,1000007340,20241001,983,2,2,2,15675.0,3291.75,0.0,18966.75
6206,1000007341,20250212,448,1,623,-1,14250.0,2992.5,1200.0,18442.5
6207,1000007342,20240801,861,1,1852,-1,10260.0,2154.6,1200.0,13614.6
6208,1000007343,20240708,1189,2,3,3,115020.0,24154.2,0.0,139174.2
6209,1000007344,20250325,598,2,1,1,30000.0,6300.0,0.0,36300.0
6210,1000007345,20250730,560,2,2,2,26460.0,5556.6,0.0,32016.6
6211,1000007347,20250224,118,2,2,2,36450.0,7654.5,0.0,44104.5
6212,1000007348,20241010,840,1,2326,-1,29160.0,6123.6,1500.0,36783.6
6213,1000007349,20250627,55,1,2626,-1,25872.0,5433.12,1500.0,32805.12
6214,1000007350,20240315,1387,1,1502,-1,11400.0,2394.0,1500.0,15294.0
6215,1000007351,20240604,1044,1,371,-1,69900.0,14679.0,900.0,85479.0
6216,1000007352,20240519,1068,1,2007,-1,86700.0,18207.0,1200.0,106107.0
6217,1000007354,20240427,907,1,1953,-1,36696.0,7706.16,900.0,45302.16
6218,1000007356,20250605,555,2,4,4,13500.0,2835.0,0.0,16335.0
6219,1000007357,20240523,778,1,3132,-1,14250.0,2992.5,1200.0,18442.5
6220,1000007358,20250705,1001,1,2785,-1,21600.0,4536.0,1200.0,27336.0
6221,1000007359,20250614,1188,1,1857,-1,25080.0,5266.8,900.0,31246.8
6222,1000007360,20240606,45,1,3060,-1,30000.0,6300.0,1500.0,37800.0
6223,1000007361,20241002,1309,2,3,3,40500.0,8505.0,0.0,49005.0
6224,1000007362,20250628,771,2,4,4,14700.0,3087.0,0.0,17787.0
6225,1000007363,20250112,510,2,3,3,46200.0,9702.0,0.0,55902.0
6226,1000007364,20240314,1450,1,2876,-1,30000.0,6300.0,900.0,37200.0
6227,1000007366,20250406,722,1,1539,-1,11760.0,2469.6,1200.0,15429.6
6228,1000007367,20250510,680,1,2427,-1,34200.0,7182.0,1500.0,42882.0
6229,1000007369,20240109,1001,1,989,-1,76800.0,16128.0,1200.0,94128.0
6230,1000007370,20240518,1127,1,630,-1,51000.0,10710.0,900.0,62610.0
6231,1000007374,20241007,56,2,2,2,30000.0,6300.0,0.0,36300.0
6232,1000007375,20241008,547,1,1412,-1,49980.0,10495.8,1500.0,61975.8
6233,1000007376,20250902,1304,2,2,2,99300.0,20853.0,0.0,120153.0
6234,1000007377,20240930,1214,2,2,2,62280.0,13078.8,0.0,75358.8
6235,1000007378,20241001,903,1,342,-1,32400.0,6804.0,1200.0,40404.0
6236,1000007379,20240726,1173,1,3132,-1,76950.0,16159.5,900.0,94009.5
6237,1000007380,20250213,181,1,3187,-1,54000.0,11340.0,900.0,66240.0
6238,1000007381,20250718,65,2,2,2,79425.0,16679.25,0.0,96104.25
6239,1000007382,20240908,1344,2,3,3,35640.0,7484.4,0.0,43124.4
6240,1000007383,20240222,1436,2,4,4,60600.0,12726.0,0.0,73326.0
6241,1000007385,20241214,100,1,2448,-1,14700.0,3087.0,900.0,18687.0
6242,1000007386,20240726,1293,1,1082,-1,38475.0,8079.75,900.0,47454.75
6243,1000007387,20240821,380,1,2187,-1,24000.0,5040.0,0.0,29040.0
6244,1000007388,20240229,351,2,1,1,28500.0,5985.0,0.0,34485.0
6245,1000007389,20240902,1029,2,1,1,12000.0,2520.0,0.0,14520.0
6246,1000007390,20240726,544,2,3,3,73050.0,15340.5,0.0,88390.5
6247,1000007391,20250426,916,2,4,4,35280.0,7408.8,0.0,42688.8
6248,1000007393,20240111,253,2,3,3,40500.0,8505.0,0.0,49005.0
6249,1000007395,20240615,347,1,2545,-1,32400.0,6804.0,900.0,40104.0
6250,1000007396,20250903,882,2,4,4,24000.0,5040.0,0.0,29040.0
6251,1000007397,20241217,477,2,1,1,22800.0,4788.0,0.0,27588.0
6252,1000007399,20250517,292,1,832,-1,56250.0,11812.5,1200.0,69262.5
6253,1000007400,20240109,1450,1,903,-1,54300.0,11403.0,900.0,66603.0
6254,1000007401,20240514,1342,2,2,2,34200.0,7182.0,0.0,41382.0
6255,1000007402,20241229,930,1,431,-1,31350.0,6583.5,0.0,37933.5
6256,1000007403,20241225,918,1,2721,-1,36000.0,7560.0,1200.0,44760.0
6257,1000007404,20241126,1233,2,3,3,37044.0,7779.24,0.0,44823.24
6258,1000007405,20250311,856,2,4,4,74887.5,15726.38,0.0,90613.88
6259,1000007406,20241012,111,1,94,-1,32340.0,6791.4,1500.0,40631.4
6260,1000007407,20240325,10,2,3,3,59340.0,12461.4,0.0,71801.4
6261,1000007408,20240407,1016,1,1215,-1,21600.0,4536.0,1200.0,27336.0
6262,1000007409,20250917,874,1,999,-1,30000.0,6300.0,900.0,37200.0
6263,1000007410,20240707,789,1,1512,-1,36000.0,7560.0,1500.0,45060.0
6264,1000007411,20241115,119,2,2,2,10260.0,2154.6,0.0,12414.6
6265,1000007413,20240424,616,1,656,-1,12936.0,2716.56,900.0,16552.56
6266,1000007414,20250805,1239,1,970,-1,34020.0,7144.2,900.0,42064.2
6267,1000007415,20250129,1053,2,3,3,98010.0,20582.1,0.0,118592.1
6268,1000007416,20240331,255,1,2836,-1,35280.0,7408.8,900.0,43588.8
6269,1000007417,20240518,1123,2,2,2,10260.0,2154.6,0.0,12414.6
6270,1000007418,20250810,1427,1,2924,-1,72510.0,15227.1,900.0,88637.1
6271,1000007420,20250331,878,2,4,4,40500.0,8505.0,0.0,49005.0
6272,1000007421,20250805,1416,1,1833,-1,35280.0,7408.8,1500.0,44188.8
6273,1000007422,20250823,440,1,3006,-1,22800.0,4788.0,900.0,28488.0
6274,1000007423,20250221,1366,2,3,3,25080.0,5266.8,0.0,30346.8
6275,1000007425,20250609,131,1,2871,-1,42750.0,8977.5,1200.0,52927.5
6276,1000007426,20240505,121,2,4,4,10260.0,2154.6,0.0,12414.6
6277,1000007427,20241220,33,1,173,-1,11400.0,2394.0,900.0,14694.0
6278,1000007428,20250618,1445,2,1,1,34020.0,7144.2,0.0,41164.2
6279,1000007429,20240901,1031,1,499,-1,23520.0,4939.2,0.0,28459.2
6280,1000007430,20241126,154,2,2,2,14850.0,3118.5,0.0,17968.5
6281,1000007431,20240219,515,1,2934,-1,29400.0,6174.0,1500.0,37074.0
6282,1000007432,20240302,1333,2,4,4,10584.0,2222.64,0.0,12806.64
6283,1000007433,20250227,1408,2,1,1,12600.0,2646.0,0.0,15246.0
6284,1000007434,20250922,787,1,2374,-1,10800.0,2268.0,900.0,13968.0
6285,1000007435,20240425,679,2,2,2,10800.0,2268.0,0.0,13068.0
6286,1000007436,20240303,513,2,2,2,44100.0,9261.0,0.0,53361.0
6287,1000007437,20240130,328,1,2701,-1,21600.0,4536.0,900.0,27036.0
6288,1000007438,20250516,68,1,2051,-1,21168.0,4445.28,1200.0,26813.28
6289,1000007439,20250604,615,1,1935,-1,11760.0,2469.6,0.0,14229.6
6290,1000007442,20250202,944,1,60,-1,15675.0,3291.75,1200.0,20166.75
6291,1000007443,20241208,1048,2,2,2,53214.0,11174.94,0.0,64388.94
6292,1000007444,20250527,195,1,1714,-1,96444.0,20253.24,900.0,117597.24
6293,1000007445,20250617,1076,1,863,-1,30000.0,6300.0,900.0,37200.0
6294,1000007446,20250407,629,1,2128,-1,14962.5,3142.12,900.0,19004.62
6295,1000007447,20240918,1244,2,4,4,63300.0,13293.0,0.0,76593.0
6296,1000007448,20241120,1178,2,1,1,27000.0,5670.0,0.0,32670.0
6297,1000007449,20240224,1259,1,1405,-1,31500.0,6615.0,900.0,39015.0
6298,1000007450,20250918,1,1,853,-1,45120.0,9475.2,1200.0,55795.2
6299,1000007451,20250502,873,1,644,-1,24300.0,5103.0,1200.0,30603.0
6300,1000007453,20250927,166,1,3026,-1,21600.0,4536.0,1500.0,27636.0
6301,1000007454,20240626,373,2,4,4,42900.0,9009.0,0.0,51909.0
6302,1000007455,20240505,1226,1,2479,-1,49200.0,10332.0,900.0,60432.0
6303,1000007456,20240409,587,1,2217,-1,35280.0,7408.8,1200.0,43888.8
6304,1000007457,20241110,1316,2,1,1,13500.0,2835.0,0.0,16335.0
6305,1000007458,20250323,766,2,4,4,12000.0,2520.0,0.0,14520.0
6306,1000007459,20240324,584,2,3,3,13500.0,2835.0,0.0,16335.0
6307,1000007460,20250219,594,2,3,3,14700.0,3087.0,0.0,17787.0
6308,1000007462,20240426,1189,1,2118,-1,12825.0,2693.25,1500.0,17018.25
6309,1000007463,20250919,1123,2,2,2,37800.0,7938.0,0.0,45738.0
6310,1000007465,20240828,1236,1,2409,-1,36000.0,7560.0,1200.0,44760.0
6311,1000007466,20240406,183,1,3189,-1,14250.0,2992.5,1500.0,18742.5
6312,1000007467,20250122,340,2,1,1,23520.0,4939.2,0.0,28459.2
6313,1000007468,20240228,796,2,3,3,24300.0,5103.0,0.0,29403.0
6314,1000007469,20250602,25,1,2790,-1,77895.0,16357.95,1200.0,95452.95
6315,1000007470,20241119,309,1,255,-1,11880.0,2494.8,1200.0,15574.8
6316,1000007471,20250328,880,2,4,4,56857.5,11940.08,0.0,68797.58
6317,1000007472,20240721,314,1,850,-1,49500.0,10395.0,1500.0,61395.0
6318,1000007473,20240626,1011,1,81,-1,34200.0,7182.0,1500.0,42882.0
6319,1000007474,20250423,1356,1,1615,-1,70560.0,14817.6,900.0,86277.6
6320,1000007475,20250825,250,1,1900,-1,35280.0,7408.8,900.0,43588.8
6321,1000007476,20240625,971,1,3002,-1,48000.0,10080.0,1500.0,59580.0
6322,1000007477,20241212,1085,1,313,-1,40500.0,8505.0,0.0,49005.0
6323,1000007479,20250620,863,1,936,-1,36000.0,7560.0,1200.0,44760.0
6324,1000007480,20240302,777,2,1,1,10800.0,2268.0,0.0,13068.0
6325,1000007482,20250330,262,2,3,3,29400.0,6174.0,0.0,35574.0
6326,1000007483,20250412,1315,2,1,1,21600.0,4536.0,0.0,26136.0
6327,1000007484,20250916,658,2,3,3,27000.0,5670.0,0.0,32670.0
6328,1000007485,20240317,1043,2,1,1,85350.0,17923.5,0.0,103273.5
6329,1000007486,20250912,347,1,3021,-1,32400.0,6804.0,1200.0,40404.0
6330,1000007487,20240818,360,1,172,-1,48216.0,10125.36,900.0,59241.36
6331,1000007488,20240303,989,1,1634,-1,23760.0,4989.6,1200.0,29949.6
6332,1000007489,20240525,1227,1,1916,-1,42525.0,8930.25,900.0,52355.25
6333,1000007490,20250314,1496,1,1412,-1,22680.0,4762.8,1200.0,28642.8
6334,1000007491,20240814,410,2,3,3,13500.0,2835.0,0.0,16335.0
6335,1000007492,20240320,1489,1,1135,-1,23520.0,4939.2,1200.0,29659.2
6336,1000007493,20240403,1146,1,1180,-1,29400.0,6174.0,900.0,36474.0
6337,1000007494,20250519,1246,2,2,2,22680.0,4762.8,0.0,27442.8
6338,1000007495,20240514,1306,1,912,-1,11880.0,2494.8,1200.0,15574.8
6339,1000007496,20241108,291,1,1004,-1,13500.0,2835.0,1500.0,17835.0
6340,1000007497,20250101,1005,1,1754,-1,27000.0,5670.0,0.0,32670.0
6341,1000007498,20240716,592,2,2,2,11340.0,2381.4,0.0,13721.4
6342,1000007500,20250204,999,2,3,3,12600.0,2646.0,0.0,15246.0
6343,1000007501,20241007,647,2,1,1,45000.0,9450.0,0.0,54450.0
6344,1000007502,20240604,421,2,1,1,10800.0,2268.0,0.0,13068.0
6345,1000007503,20240523,289,2,4,4,14700.0,3087.0,0.0,17787.0
6346,1000007504,20250523,436,1,667,-1,54000.0,11340.0,900.0,66240.0
6347,1000007505,20240305,899,1,524,-1,39690.0,8334.9,1500.0,49524.9
6348,1000007506,20240505,1136,1,381,-1,37620.0,7900.2,900.0,46420.2
6349,1000007507,20240101,691,1,441,-1,50355.0,10574.55,0.0,60929.55
6350,1000007509,20250412,436,1,1561,-1,10800.0,2268.0,1200.0,14268.0
6351,1000007510,20250728,851,2,3,3,37044.0,7779.24,0.0,44823.24
6352,1000007512,20241124,1421,2,4,4,74400.0,15624.0,0.0,90024.0
6353,1000007513,20240915,629,2,1,1,47100.0,9891.0,0.0,56991.0
6354,1000007514,20241109,295,1,775,-1,36000.0,7560.0,1200.0,44760.0
6355,1000007515,20241230,1148,2,2,2,30000.0,6300.0,0.0,36300.0
6356,1000007516,20250111,248,1,1266,-1,14250.0,2992.5,900.0,18142.5
6357,1000007517,20240829,377,1,1055,-1,22800.0,4788.0,1200.0,28788.0
6358,1000007518,20240124,1008,1,872,-1,40500.0,8505.0,900.0,49905.0
6359,1000007519,20241207,978,1,2064,-1,32400.0,6804.0,1200.0,40404.0
6360,1000007520,20240318,1154,1,2777,-1,40500.0,8505.0,0.0,49005.0
6361,1000007521,20241004,1168,1,2797,-1,32400.0,6804.0,1500.0,40704.0
6362,1000007523,20240907,344,1,1740,-1,33993.0,7138.53,1500.0,42631.53
6363,1000007524,20240926,986,2,1,1,116347.5,24432.98,0.0,140780.48
6364,1000007525,20240831,884,1,2017,-1,34200.0,7182.0,1200.0,42582.0
6365,1000007526,20240528,1046,1,2697,-1,39270.0,8246.7,1200.0,48716.7
6366,1000007527,20250908,244,1,1265,-1,40500.0,8505.0,0.0,49005.0
6367,1000007528,20250507,1246,1,3088,-1,12000.0,2520.0,1500.0,16020.0
6368,1000007529,20250724,873,2,4,4,37800.0,7938.0,0.0,45738.0
6369,1000007530,20240322,988,1,318,-1,84600.0,17766.0,900.0,103266.0
6370,1000007531,20250222,597,2,2,2,22800.0,4788.0,0.0,27588.0
6371,1000007534,20240622,148,1,964,-1,40500.0,8505.0,1200.0,50205.0
6372,1000007535,20250520,570,1,3081,-1,23520.0,4939.2,900.0,29359.2
6373,1000007536,20240822,1102,2,2,2,27000.0,5670.0,0.0,32670.0
6374,1000007537,20240918,788,1,687,-1,55368.0,11627.28,1500.0,68495.28
6375,1000007538,20250531,252,1,2684,-1,25650.0,5386.5,1200.0,32236.5
6376,1000007539,20240519,1442,2,3,3,34560.0,7257.6,0.0,41817.6
6377,1000007540,20240323,483,2,1,1,14700.0,3087.0,0.0,17787.0
6378,1000007542,20250206,603,1,2905,-1,13500.0,2835.0,0.0,16335.0
6379,1000007543,20240830,1410,1,1941,-1,11400.0,2394.0,0.0,13794.0
6380,1000007544,20240208,857,2,1,1,10800.0,2268.0,0.0,13068.0
6381,1000007545,20250416,1080,2,1,1,47025.0,9875.25,0.0,56900.25
6382,1000007546,20250809,795,1,1733,-1,19440.0,4082.4,1200.0,24722.4
6383,1000007547,20250523,926,2,1,1,22800.0,4788.0,0.0,27588.0
6384,1000007548,20240613,911,2,1,1,23520.0,4939.2,0.0,28459.2
6385,1000007549,20240920,435,1,2129,-1,24000.0,5040.0,1200.0,30240.0
6386,1000007550,20240102,597,1,2574,-1,12936.0,2716.56,1500.0,17152.56
6387,1000007552,20240512,815,1,2737,-1,37044.0,7779.24,1200.0,46023.24
6388,1000007553,20240310,304,1,2603,-1,21600.0,4536.0,0.0,26136.0
6389,1000007554,20250602,529,1,2597,-1,20520.0,4309.2,1200.0,26029.2
6390,1000007555,20250703,832,2,4,4,14700.0,3087.0,0.0,17787.0
6391,1000007557,20240525,614,2,1,1,36000.0,7560.0,0.0,43560.0
6392,1000007558,20240124,951,2,3,3,12936.0,2716.56,0.0,15652.56
6393,1000007559,20241001,1156,1,1553,-1,49800.0,10458.0,900.0,61158.0
6394,1000007561,20241107,1482,1,1381,-1,28500.0,5985.0,900.0,35385.0
6395,1000007562,20240129,243,2,1,1,76500.0,16065.0,0.0,92565.0
6396,1000007563,20250113,547,1,2733,-1,29400.0,6174.0,900.0,36474.0
6397,1000007564,20240411,292,1,2299,-1,25080.0,5266.8,900.0,31246.8
6398,1000007565,20250614,1145,2,3,3,32340.0,6791.4,0.0,39131.4
6399,1000007566,20241024,87,1,46,-1,62040.0,13028.4,900.0,75968.4
6400,1000007567,20240707,1046,2,4,4,47025.0,9875.25,0.0,56900.25
6401,1000007568,20240226,1071,1,2484,-1,56670.0,11900.7,1500.0,70070.7
6402,1000007569,20240110,758,2,4,4,46305.0,9724.05,0.0,56029.05
6403,1000007570,20250919,149,2,4,4,54000.0,11340.0,0.0,65340.0
6404,1000007572,20240629,45,2,4,4,35280.0,7408.8,0.0,42688.8
6405,1000007573,20250705,423,1,633,-1,43200.0,9072.0,0.0,52272.0
6406,1000007574,20240914,1222,2,4,4,27000.0,5670.0,0.0,32670.0
6407,1000007575,20240201,47,1,690,-1,72600.0,15246.0,900.0,88746.0
6408,1000007576,20240716,699,1,407,-1,27000.0,5670.0,0.0,32670.0
6409,1000007577,20240727,552,1,2249,-1,42150.0,8851.5,1500.0,52501.5
6410,1000007578,20250418,1202,2,2,2,39600.0,8316.0,0.0,47916.0
6411,1000007579,20250412,1365,1,1499,-1,44100.0,9261.0,1500.0,54861.0
6412,1000007581,20240616,524,2,4,4,34200.0,7182.0,0.0,41382.0
6413,1000007583,20240910,492,1,3088,-1,47280.0,9928.8,1500.0,58708.8
6414,1000007585,20250610,976,2,4,4,40500.0,8505.0,0.0,49005.0
6415,1000007586,20250622,348,2,4,4,12600.0,2646.0,0.0,15246.0
6416,1000007587,20250129,66,2,2,2,24000.0,5040.0,0.0,29040.0
6417,1000007588,20240409,968,2,3,3,45336.0,9520.56,0.0,54856.56
6418,1000007589,20240803,996,1,3078,-1,12348.0,2593.08,1200.0,16141.08
6419,1000007590,20250824,66,2,3,3,22680.0,4762.8,0.0,27442.8
6420,1000007591,20250621,1048,1,2750,-1,78873.0,16563.33,900.0,96336.33
6421,1000007592,20241002,820,1,1334,-1,30000.0,6300.0,1500.0,37800.0
6422,1000007593,20240928,152,2,1,1,34200.0,7182.0,0.0,41382.0
6423,1000007594,20240219,1431,1,2456,-1,12348.0,2593.08,1200.0,16141.08
6424,1000007595,20250728,1031,1,617,-1,34200.0,7182.0,900.0,42282.0
6425,1000007596,20240524,1237,1,496,-1,45000.0,9450.0,900.0,55350.0
6426,1000007597,20240806,874,2,1,1,44100.0,9261.0,0.0,53361.0
6427,1000007598,20250317,59,1,3122,-1,55098.0,11570.58,900.0,67568.58
6428,1000007599,20250909,1243,2,4,4,58800.0,12348.0,0.0,71148.0
6429,1000007600,20250303,921,2,4,4,72150.0,15151.5,0.0,87301.5
6430,1000007601,20250222,1000,2,2,2,34200.0,7182.0,0.0,41382.0
6431,1000007602,20240331,484,1,1110,-1,27898.5,5858.68,900.0,34657.18
6432,1000007605,20250118,540,2,4,4,61800.0,12978.0,0.0,74778.0
6433,1000007606,20241109,976,2,3,3,40500.0,8505.0,0.0,49005.0
6434,1000007607,20241224,926,1,325,-1,23520.0,4939.2,1200.0,29659.2
6435,1000007608,20250205,881,1,2635,-1,28350.0,5953.5,1200.0,35503.5
6436,1000007610,20250117,121,2,4,4,33000.0,6930.0,0.0,39930.0
6437,1000007611,20240323,1117,2,1,1,38475.0,8079.75,0.0,46554.75
6438,1000007612,20250420,182,2,3,3,12600.0,2646.0,0.0,15246.0
6439,1000007614,20241205,1075,1,2036,-1,84780.0,17803.8,900.0,103483.8
6440,1000007616,20250107,1393,1,732,-1,62100.0,13041.0,0.0,75141.0
6441,1000007617,20240831,657,2,4,4,21168.0,4445.28,0.0,25613.28
6442,1000007618,20250317,857,1,2046,-1,42750.0,8977.5,1500.0,53227.5
6443,1000007619,20240816,92,1,2387,-1,38808.0,8149.68,1200.0,48157.68
6444,1000007620,20240908,217,1,1854,-1,98190.0,20619.9,1200.0,120009.9
6445,1000007621,20240724,452,2,1,1,45000.0,9450.0,0.0,54450.0
6446,1000007622,20241006,77,1,1113,-1,27900.0,5859.0,900.0,34659.0
6447,1000007623,20241015,733,2,3,3,14250.0,2992.5,0.0,17242.5
6448,1000007624,20250419,344,1,1484,-1,15750.0,3307.5,0.0,19057.5
6449,1000007625,20250512,425,1,2789,-1,12000.0,2520.0,1200.0,15720.0
6450,1000007626,20240122,1188,2,1,1,59670.0,12530.7,0.0,72200.7
6451,1000007627,20240608,226,1,1385,-1,38808.0,8149.68,900.0,47857.68
6452,1000007629,20250421,1392,1,1909,-1,51975.0,10914.75,1200.0,64089.75
6453,1000007630,20250222,838,1,1648,-1,45000.0,9450.0,900.0,55350.0
6454,1000007631,20240727,616,1,550,-1,81720.0,17161.2,900.0,99781.2
6455,1000007633,20250513,411,1,745,-1,59280.0,12448.8,1500.0,73228.8
6456,1000007634,20240814,3,1,1066,-1,11760.0,2469.6,1200.0,15429.6
6457,1000007635,20240704,1136,2,2,2,35910.0,7541.1,0.0,43451.1
6458,1000007636,20240316,354,2,3,3,11760.0,2469.6,0.0,14229.6
6459,1000007637,20250414,1289,2,2,2,61320.0,12877.2,0.0,74197.2
6460,1000007638,20240914,941,2,1,1,39690.0,8334.9,0.0,48024.9
6461,1000007639,20250817,334,1,753,-1,28035.0,5887.35,1200.0,35122.35
6462,1000007640,20241108,854,2,2,2,35280.0,7408.8,0.0,42688.8
6463,1000007641,20250926,1337,2,1,1,15000.0,3150.0,0.0,18150.0
6464,1000007644,20250122,226,1,157,-1,22800.0,4788.0,900.0,28488.0
6465,1000007646,20250926,3,1,99,-1,27000.0,5670.0,900.0,33570.0
6466,1000007647,20240824,1395,1,2504,-1,34200.0,7182.0,1200.0,42582.0
6467,1000007648,20250415,1179,2,4,4,24696.0,5186.16,0.0,29882.16
6468,1000007649,20240628,883,2,2,2,74475.0,15639.75,0.0,90114.75
6469,1000007650,20250101,690,2,4,4,42750.0,8977.5,0.0,51727.5
6470,1000007651,20250725,132,2,3,3,22800.0,4788.0,0.0,27588.0
6471,1000007653,20241225,1444,1,1253,-1,24000.0,5040.0,1200.0,30240.0
6472,1000007654,20240625,753,1,1459,-1,48570.0,10199.7,900.0,59669.7
6473,1000007655,20240208,1066,1,2189,-1,21600.0,4536.0,900.0,27036.0
6474,1000007656,20250531,359,2,4,4,36000.0,7560.0,0.0,43560.0
6475,1000007657,20240917,120,2,2,2,13500.0,2835.0,0.0,16335.0
6476,1000007658,20250702,221,2,2,2,58500.0,12285.0,0.0,70785.0
6477,1000007659,20250507,814,2,3,3,32400.0,6804.0,0.0,39204.0
6478,1000007661,20240823,98,1,2477,-1,10800.0,2268.0,1200.0,14268.0
6479,1000007664,20250420,628,1,2234,-1,51825.0,10883.25,1200.0,63908.25
6480,1000007666,20250117,1233,2,3,3,12825.0,2693.25,0.0,15518.25
6481,1000007667,20250418,1465,2,4,4,78750.0,16537.5,0.0,95287.5
6482,1000007669,20240814,890,1,1565,-1,80820.0,16972.2,900.0,98692.2
6483,1000007670,20240624,1477,2,1,1,35280.0,7408.8,0.0,42688.8
6484,1000007671,20250410,137,2,4,4,59976.0,12594.96,0.0,72570.96
6485,1000007672,20250831,1254,2,3,3,40500.0,8505.0,0.0,49005.0
6486,1000007673,20250410,763,2,2,2,24696.0,5186.16,0.0,29882.16
6487,1000007674,20250103,974,1,1849,-1,14250.0,2992.5,1200.0,18442.5
6488,1000007675,20250704,1208,1,332,-1,24000.0,5040.0,1200.0,30240.0
6489,1000007676,20241120,405,2,4,4,52410.0,11006.1,0.0,63416.1
6490,1000007677,20240325,1466,1,2452,-1,11400.0,2394.0,1500.0,15294.0
6491,1000007678,20240829,1440,2,4,4,35280.0,7408.8,0.0,42688.8
6492,1000007679,20241118,686,1,2529,-1,78498.0,16484.58,900.0,95882.58
6493,1000007681,20240401,74,2,4,4,14175.0,2976.75,0.0,17151.75
6494,1000007682,20250424,218,1,1528,-1,67410.0,14156.1,1200.0,82766.1
6495,1000007683,20241218,421,1,3201,-1,22800.0,4788.0,900.0,28488.0
6496,1000007684,20240818,203,2,4,4,21600.0,4536.0,0.0,26136.0
6497,1000007685,20240321,825,1,2551,-1,11400.0,2394.0,1200.0,14994.0
6498,1000007686,20240708,1356,1,2758,-1,34200.0,7182.0,1200.0,42582.0
6499,1000007687,20250901,793,2,2,2,24300.0,5103.0,0.0,29403.0
6500,1000007688,20250529,648,2,1,1,12000.0,2520.0,0.0,14520.0
6501,1000007690,20250523,336,2,1,1,30000.0,6300.0,0.0,36300.0
6502,1000007691,20250320,409,1,2984,-1,72450.0,15214.5,1200.0,88864.5
6503,1000007692,20240616,143,2,2,2,58050.0,12190.5,0.0,70240.5
6504,1000007693,20250104,1389,1,41,-1,24000.0,5040.0,900.0,29940.0
6505,1000007695,20241129,1380,1,458,-1,112518.0,23628.78,1200.0,137346.78
6506,1000007696,20241024,1316,2,4,4,24825.0,5213.25,0.0,30038.25
6507,1000007697,20240730,614,2,2,2,20520.0,4309.2,0.0,24829.2
6508,1000007698,20240505,1451,2,2,2,22800.0,4788.0,0.0,27588.0
6509,1000007699,20250827,255,1,906,-1,32400.0,6804.0,900.0,40104.0
6510,1000007701,20250907,396,2,1,1,21600.0,4536.0,0.0,26136.0
6511,1000007702,20250922,1199,2,4,4,14250.0,2992.5,0.0,17242.5
6512,1000007703,20241021,153,1,1326,-1,12000.0,2520.0,1500.0,16020.0
6513,1000007704,20241014,1269,2,1,1,51300.0,10773.0,0.0,62073.0
6514,1000007705,20250830,1038,2,2,2,38808.0,8149.68,0.0,46957.68
6515,1000007706,20250908,359,1,663,-1,28200.0,5922.0,900.0,35022.0
6516,1000007707,20250712,632,1,614,-1,14250.0,2992.5,0.0,17242.5
6517,1000007708,20250221,1302,2,3,3,44100.0,9261.0,0.0,53361.0
6518,1000007709,20250502,1327,1,2997,-1,14700.0,3087.0,1200.0,18987.0
6519,1000007710,20250906,212,1,964,-1,22680.0,4762.8,1200.0,28642.8
6520,1000007711,20240709,69,1,3002,-1,29400.0,6174.0,1200.0,36774.0
6521,1000007712,20240709,1449,1,1741,-1,22800.0,4788.0,1500.0,29088.0
6522,1000007713,20240606,250,2,2,2,26400.0,5544.0,0.0,31944.0
6523,1000007714,20241001,717,1,72,-1,23940.0,5027.4,1500.0,30467.4
6524,1000007715,20250223,466,2,4,4,57600.0,12096.0,0.0,69696.0
6525,1000007716,20240407,217,1,1738,-1,30000.0,6300.0,900.0,37200.0
6526,1000007717,20250822,214,2,3,3,27000.0,5670.0,0.0,32670.0
6527,1000007718,20250509,1334,1,384,-1,98550.0,20695.5,1500.0,120745.5
6528,1000007720,20240712,801,1,1754,-1,21600.0,4536.0,1200.0,27336.0
6529,1000007721,20241208,415,1,924,-1,30000.0,6300.0,1200.0,37500.0
6530,1000007722,20250710,6,2,3,3,29400.0,6174.0,0.0,35574.0
6531,1000007723,20240615,1021,1,1222,-1,63780.0,13393.8,0.0,77173.8
6532,1000007724,20240618,1440,1,1368,-1,11400.0,2394.0,0.0,13794.0
6533,1000007726,20250320,43,2,4,4,71460.0,15006.6,0.0,86466.6
6534,1000007727,20250410,710,2,2,2,34200.0,7182.0,0.0,41382.0
6535,1000007728,20241024,344,2,4,4,73020.0,15334.2,0.0,88354.2
6536,1000007729,20240727,1440,1,911,-1,22800.0,4788.0,0.0,27588.0
6537,1000007730,20250205,1420,1,1306,-1,32400.0,6804.0,0.0,39204.0
6538,1000007731,20250114,1470,2,4,4,27150.0,5701.5,0.0,32851.5
6539,1000007733,20250916,189,2,2,2,30000.0,6300.0,0.0,36300.0
6540,1000007734,20240404,1312,1,572,-1,23520.0,4939.2,1500.0,29959.2
6541,1000007735,20250330,594,1,281,-1,82800.0,17388.0,1200.0,101388.0
6542,1000007736,20241111,543,1,383,-1,44100.0,9261.0,1500.0,54861.0
6543,1000007737,20240714,686,1,1275,-1,45000.0,9450.0,1200.0,55650.0
6544,1000007738,20240603,106,2,4,4,69384.0,14570.64,0.0,83954.64
6545,1000007739,20240113,1416,2,2,2,113250.0,23782.5,0.0,137032.5
6546,1000007740,20250217,716,1,2293,-1,66600.0,13986.0,1200.0,81786.0
6547,1000007741,20241101,707,1,451,-1,35970.0,7553.7,1200.0,44723.7
6548,1000007742,20250125,367,1,547,-1,44887.5,9426.38,1200.0,55513.88
6549,1000007743,20240928,1483,2,4,4,74502.0,15645.42,0.0,90147.42
6550,1000007744,20240712,216,1,662,-1,29400.0,6174.0,1200.0,36774.0
6551,1000007745,20240227,664,2,1,1,36450.0,7654.5,0.0,44104.5
6552,1000007746,20240227,27,1,1282,-1,83250.0,17482.5,1200.0,101932.5
6553,1000007747,20250330,569,2,1,1,67620.0,14200.2,0.0,81820.2
6554,1000007748,20240815,185,1,2501,-1,13200.0,2772.0,0.0,15972.0
6555,1000007749,20240113,580,1,1259,-1,79500.0,16695.0,1200.0,97395.0
6556,1000007750,20250907,1428,2,4,4,40500.0,8505.0,0.0,49005.0
6557,1000007751,20240913,930,1,3063,-1,36000.0,7560.0,900.0,44460.0
6558,1000007752,20241026,1242,1,2873,-1,38475.0,8079.75,0.0,46554.75
6559,1000007754,20240622,194,1,776,-1,27000.0,5670.0,900.0,33570.0
6560,1000007757,20240717,189,2,1,1,41325.0,8678.25,0.0,50003.25
6561,1000007758,20250226,567,1,1204,-1,25872.0,5433.12,900.0,32205.12
6562,1000007759,20240210,1021,2,2,2,19440.0,4082.4,0.0,23522.4
6563,1000007760,20241030,1289,2,2,2,38808.0,8149.68,0.0,46957.68
6564,1000007761,20240218,272,1,732,-1,26400.0,5544.0,900.0,32844.0
6565,1000007762,20250514,1338,1,423,-1,34200.0,7182.0,900.0,42282.0
6566,1000007763,20250116,719,2,4,4,12000.0,2520.0,0.0,14520.0
6567,1000007764,20240512,1162,2,2,2,37044.0,7779.24,0.0,44823.24
6568,1000007766,20240721,1391,2,1,1,52479.0,11020.59,0.0,63499.59
6569,1000007767,20250416,252,2,1,1,36000.0,7560.0,0.0,43560.0
6570,1000007768,20240704,370,1,1605,-1,22800.0,4788.0,900.0,28488.0
6571,1000007769,20250927,658,2,3,3,23520.0,4939.2,0.0,28459.2
6572,1000007770,20241216,929,2,4,4,63120.0,13255.2,0.0,76375.2
6573,1000007771,20240523,449,1,2682,-1,53460.0,11226.6,1500.0,66186.6
6574,1000007772,20240805,447,1,2697,-1,38808.0,8149.68,900.0,47857.68
6575,1000007773,20250904,863,1,1971,-1,10800.0,2268.0,900.0,13968.0
6576,1000007775,20250331,1367,1,1686,-1,23760.0,4989.6,900.0,29649.6
6577,1000007776,20250111,209,1,614,-1,14250.0,2992.5,0.0,17242.5
6578,1000007777,20250918,737,2,1,1,11760.0,2469.6,0.0,14229.6
6579,1000007778,20241021,309,2,2,2,29400.0,6174.0,0.0,35574.0
6580,1000007780,20240207,115,1,655,-1,29700.0,6237.0,900.0,36837.0
6581,1000007781,20250914,549,2,3,3,28350.0,5953.5,0.0,34303.5
6582,1000007782,20250604,840,1,1623,-1,49920.0,10483.2,1200.0,61603.2
6583,1000007783,20240810,616,2,4,4,59850.0,12568.5,0.0,72418.5
6584,1000007786,20250223,592,2,4,4,22740.0,4775.4,0.0,27515.4
6585,1000007787,20241020,205,1,2058,-1,68310.0,14345.1,1200.0,83855.1
6586,1000007788,20240606,512,1,2475,-1,25650.0,5386.5,900.0,31936.5
6587,1000007789,20240415,174,1,2471,-1,12000.0,2520.0,1500.0,16020.0
6588,1000007790,20240815,1484,1,2729,-1,31500.0,6615.0,0.0,38115.0
6589,1000007791,20240823,1340,1,2909,-1,35280.0,7408.8,1200.0,43888.8
6590,1000007792,20250409,794,2,3,3,10260.0,2154.6,0.0,12414.6
6591,1000007793,20240618,521,1,2553,-1,9720.0,2041.2,900.0,12661.2
6592,1000007795,20250222,1394,1,1413,-1,12348.0,2593.08,1200.0,16141.08
6593,1000007796,20250730,521,2,4,4,42750.0,8977.5,0.0,51727.5
6594,1000007797,20240714,900,1,111,-1,40500.0,8505.0,0.0,49005.0
6595,1000007798,20241114,714,1,2485,-1,11400.0,2394.0,1200.0,14994.0
6596,1000007799,20240118,822,1,3060,-1,45000.0,9450.0,900.0,55350.0
6597,1000007800,20240506,42,2,2,2,13500.0,2835.0,0.0,16335.0
6598,1000007801,20250319,261,1,2435,-1,27750.0,5827.5,1200.0,34777.5
6599,1000007802,20250731,756,1,2143,-1,50220.0,10546.2,1200.0,61966.2
6600,1000007803,20240808,866,2,1,1,34020.0,7144.2,0.0,41164.2
6601,1000007804,20240107,817,2,3,3,44688.0,9384.48,0.0,54072.48
6602,1000007805,20240630,475,1,587,-1,36348.0,7633.08,0.0,43981.08
6603,1000007806,20240327,803,1,2165,-1,31752.0,6667.92,1200.0,39619.92
6604,1000007807,20250424,28,2,3,3,34200.0,7182.0,0.0,41382.0
6605,1000007808,20250327,586,2,3,3,30000.0,6300.0,0.0,36300.0
6606,1000007809,20250425,1075,2,1,1,44887.5,9426.38,0.0,54313.88
6607,1000007810,20250911,441,1,1921,-1,12000.0,2520.0,900.0,15420.0
6608,1000007811,20250814,1462,2,4,4,39600.0,8316.0,0.0,47916.0
6609,1000007812,20250728,320,2,2,2,40500.0,8505.0,0.0,49005.0
6610,1000007813,20240220,866,2,4,4,70110.0,14723.1,0.0,84833.1
6611,1000007814,20240824,275,1,3049,-1,60600.0,12726.0,1500.0,74826.0
6612,1000007815,20241004,224,1,105,-1,40500.0,8505.0,1500.0,50505.0
6613,1000007816,20240206,1171,1,190,-1,32400.0,6804.0,900.0,40104.0
6614,1000007817,20240926,361,1,2119,-1,45000.0,9450.0,1500.0,55950.0
6615,1000007819,20240113,508,1,600,-1,13230.0,2778.3,1200.0,17208.3
6616,1000007821,20250717,75,1,482,-1,15750.0,3307.5,0.0,19057.5
6617,1000007822,20240820,1008,1,2066,-1,33360.0,7005.6,0.0,40365.6
6618,1000007823,20250415,179,1,1056,-1,27000.0,5670.0,900.0,33570.0
6619,1000007824,20240925,409,2,1,1,21600.0,4536.0,0.0,26136.0
6620,1000007825,20240906,437,1,259,-1,45000.0,9450.0,1200.0,55650.0
6621,1000007826,20240822,1339,2,2,2,10800.0,2268.0,0.0,13068.0
6622,1000007828,20240929,939,1,3046,-1,25470.0,5348.7,900.0,31718.7
6623,1000007829,20240113,1398,2,1,1,12540.0,2633.4,0.0,15173.4
6624,1000007830,20241007,1210,1,675,-1,38160.0,8013.6,1200.0,47373.6
6625,1000007831,20240521,888,2,3,3,14250.0,2992.5,0.0,17242.5
6626,1000007832,20250429,549,1,522,-1,76725.0,16112.25,1200.0,94037.25
6627,1000007833,20240502,651,2,3,3,11400.0,2394.0,0.0,13794.0
6628,1000007834,20241113,41,2,4,4,35640.0,7484.4,0.0,43124.4
6629,1000007835,20250106,1439,2,1,1,30000.0,6300.0,0.0,36300.0
6630,1000007836,20250904,885,1,2133,-1,12540.0,2633.4,0.0,15173.4
6631,1000007837,20250907,728,2,1,1,14250.0,2992.5,0.0,17242.5
6632,1000007838,20241206,515,1,1325,-1,22800.0,4788.0,900.0,28488.0
6633,1000007840,20250723,619,1,929,-1,65940.0,13847.4,1200.0,80987.4
6634,1000007842,20250826,1315,1,1689,-1,56160.0,11793.6,1200.0,69153.6
6635,1000007843,20240919,1033,1,2103,-1,10800.0,2268.0,1200.0,14268.0
6636,1000007844,20240120,151,2,4,4,29400.0,6174.0,0.0,35574.0
6637,1000007846,20240625,1169,1,1603,-1,27000.0,5670.0,1200.0,33870.0
6638,1000007847,20240312,704,1,1324,-1,51600.0,10836.0,1500.0,63936.0
6639,1000007848,20240221,1074,2,1,1,12000.0,2520.0,0.0,14520.0
6640,1000007850,20250401,1271,1,1512,-1,41610.0,8738.1,1200.0,51548.1
6641,1000007851,20250726,786,1,2010,-1,14700.0,3087.0,1200.0,18987.0
6642,1000007852,20240122,1454,1,374,-1,30000.0,6300.0,1500.0,37800.0
6643,1000007855,20250105,74,1,2375,-1,34200.0,7182.0,1200.0,42582.0
6644,1000007857,20240704,232,1,2911,-1,24000.0,5040.0,900.0,29940.0
6645,1000007859,20250621,1275,2,1,1,60480.0,12700.8,0.0,73180.8
6646,1000007860,20240527,1483,1,1185,-1,24000.0,5040.0,1200.0,30240.0
6647,1000007861,20241123,571,1,1745,-1,28500.0,5985.0,900.0,35385.0
6648,1000007862,20250129,1008,2,2,2,37350.0,7843.5,0.0,45193.5
6649,1000007864,20241225,252,1,699,-1,34200.0,7182.0,0.0,41382.0
6650,1000007865,20240215,547,1,1878,-1,56430.0,11850.3,1200.0,69480.3
6651,1000007867,20250914,882,2,3,3,34020.0,7144.2,0.0,41164.2
6652,1000007868,20250810,261,1,3031,-1,28500.0,5985.0,1500.0,35985.0
6653,1000007870,20250528,95,2,3,3,21720.0,4561.2,0.0,26281.2
6654,1000007871,20240605,1327,2,1,1,60210.0,12644.1,0.0,72854.1
6655,1000007872,20250522,960,1,1711,-1,27000.0,5670.0,1200.0,33870.0
6656,1000007873,20250428,523,2,2,2,42750.0,8977.5,0.0,51727.5
6657,1000007874,20240114,1279,2,4,4,29400.0,6174.0,0.0,35574.0
6658,1000007875,20240201,559,1,2286,-1,34875.0,7323.75,900.0,43098.75
6659,1000007876,20250612,124,2,3,3,25260.0,5304.6,0.0,30564.6
6660,1000007877,20240821,113,2,4,4,34200.0,7182.0,0.0,41382.0
6661,1000007878,20250823,1419,2,2,2,42000.0,8820.0,0.0,50820.0
6662,1000007879,20240226,1324,1,1857,-1,35280.0,7408.8,1200.0,43888.8
6663,1000007880,20250722,311,1,1975,-1,14700.0,3087.0,900.0,18687.0
6664,1000007881,20250725,1135,1,796,-1,10800.0,2268.0,900.0,13968.0
6665,1000007882,20250929,828,1,3015,-1,14850.0,3118.5,1200.0,19168.5
6666,1000007883,20241001,158,1,1914,-1,28500.0,5985.0,1500.0,35985.0
6667,1000007884,20240422,50,2,2,2,44250.0,9292.5,0.0,53542.5
6668,1000007885,20250324,446,2,4,4,23940.0,5027.4,0.0,28967.4
6669,1000007886,20250110,27,1,2501,-1,36000.0,7560.0,900.0,44460.0
6670,1000007887,20240208,1158,1,2886,-1,29160.0,6123.6,1200.0,36483.6
6671,1000007888,20241106,433,2,3,3,55440.0,11642.4,0.0,67082.4
6672,1000007889,20250420,140,1,2189,-1,12000.0,2520.0,0.0,14520.0
6673,1000007891,20250623,1361,1,199,-1,40500.0,8505.0,1200.0,50205.0
6674,1000007892,20250129,1199,1,1552,-1,10800.0,2268.0,900.0,13968.0
6675,1000007893,20241025,19,2,4,4,24300.0,5103.0,0.0,29403.0
6676,1000007894,20240215,981,2,4,4,75000.0,15750.0,0.0,90750.0
6677,1000007895,20240302,1353,1,2625,-1,11400.0,2394.0,900.0,14694.0
6678,1000007896,20240709,1091,1,1850,-1,12150.0,2551.5,900.0,15601.5
6679,1000007898,20250528,31,1,1670,-1,56484.0,11861.64,1200.0,69545.64
6680,1000007899,20240806,1392,1,783,-1,14850.0,3118.5,1500.0,19468.5
6681,1000007900,20250302,601,2,3,3,23940.0,5027.4,0.0,28967.4
6682,1000007902,20250520,113,1,1765,-1,21600.0,4536.0,0.0,26136.0
6683,1000007903,20241128,740,2,1,1,45600.0,9576.0,0.0,55176.0
6684,1000007904,20240912,868,1,1656,-1,57960.0,12171.6,1200.0,71331.6
6685,1000007906,20250508,1102,1,3168,-1,12540.0,2633.4,0.0,15173.4
6686,1000007908,20250908,1373,2,3,3,38475.0,8079.75,0.0,46554.75
6687,1000007910,20250317,427,2,2,2,28500.0,5985.0,0.0,34485.0
6688,1000007911,20240207,891,2,1,1,11400.0,2394.0,0.0,13794.0
6689,1000007912,20250217,254,1,1476,-1,13500.0,2835.0,1500.0,17835.0
6690,1000007913,20240418,977,1,2171,-1,36000.0,7560.0,0.0,43560.0
6691,1000007915,20240727,1355,2,4,4,21168.0,4445.28,0.0,25613.28
6692,1000007916,20240717,813,1,7,-1,31752.0,6667.92,1200.0,39619.92
6693,1000007917,20240613,672,1,851,-1,29400.0,6174.0,1500.0,37074.0
6694,1000007918,20250420,354,1,1820,-1,42372.0,8898.12,900.0,52170.12
6695,1000007919,20250625,844,1,905,-1,28500.0,5985.0,1200.0,35685.0
6696,1000007920,20240827,829,1,1678,-1,32400.0,6804.0,1200.0,40404.0
6697,1000007922,20240315,205,1,667,-1,14700.0,3087.0,900.0,18687.0
6698,1000007923,20240926,1445,2,4,4,29700.0,6237.0,0.0,35937.0
6699,1000007924,20241111,402,2,2,2,12000.0,2520.0,0.0,14520.0
6700,1000007925,20240201,1438,2,2,2,47820.0,10042.2,0.0,57862.2
6701,1000007927,20250408,1235,1,2389,-1,64500.0,13545.0,1200.0,79245.0
6702,1000007928,20240415,125,1,2213,-1,36000.0,7560.0,1200.0,44760.0
6703,1000007930,20240626,520,1,8,-1,14175.0,2976.75,1500.0,18651.75
6704,1000007931,20240421,1200,2,1,1,48510.0,10187.1,0.0,58697.1
6705,1000007933,20240625,176,1,634,-1,53400.0,11214.0,1500.0,66114.0
6706,1000007934,20240119,827,2,1,1,43200.0,9072.0,0.0,52272.0
6707,1000007935,20240418,1323,1,1155,-1,30780.0,6463.8,0.0,37243.8
6708,1000007936,20240117,486,1,1898,-1,44100.0,9261.0,1200.0,54561.0
6709,1000007937,20240329,158,2,1,1,40500.0,8505.0,0.0,49005.0
6710,1000007938,20240624,179,1,1163,-1,40500.0,8505.0,900.0,49905.0
6711,1000007940,20241016,7,2,2,2,23940.0,5027.4,0.0,28967.4
6712,1000007941,20240617,89,2,3,3,35280.0,7408.8,0.0,42688.8
6713,1000007942,20240514,967,2,2,2,15000.0,3150.0,0.0,18150.0
6714,1000007943,20240208,1056,1,2200,-1,83250.0,17482.5,1200.0,101932.5
6715,1000007944,20240205,77,2,3,3,40500.0,8505.0,0.0,49005.0
6716,1000007945,20240428,957,1,2093,-1,76410.0,16046.1,900.0,93356.1
6717,1000007946,20250207,544,1,79,-1,34200.0,7182.0,1200.0,42582.0
6718,1000007947,20240223,310,1,2332,-1,37800.0,7938.0,1500.0,47238.0
6719,1000007948,20241021,1336,2,3,3,79200.0,16632.0,0.0,95832.0
6720,1000007949,20250820,692,1,1291,-1,38808.0,8149.68,900.0,47857.68
6721,1000007950,20241129,125,1,220,-1,36000.0,7560.0,1200.0,44760.0
6722,1000007951,20250308,1319,1,208,-1,10800.0,2268.0,900.0,13968.0
6723,1000007952,20250119,46,1,566,-1,15675.0,3291.75,1200.0,20166.75
6724,1000007953,20250808,1053,2,1,1,51300.0,10773.0,0.0,62073.0
6725,1000007954,20240505,505,1,2241,-1,11760.0,2469.6,0.0,14229.6
6726,1000007955,20240929,590,1,1972,-1,11970.0,2513.7,900.0,15383.7
6727,1000007956,20240522,740,1,1544,-1,27000.0,5670.0,1200.0,33870.0
6728,1000007958,20240526,514,2,4,4,23814.0,5000.94,0.0,28814.94
6729,1000007960,20250619,45,1,37,-1,28500.0,5985.0,900.0,35385.0
6730,1000007961,20240802,545,2,3,3,37620.0,7900.2,0.0,45520.2
6731,1000007962,20240902,538,2,3,3,22800.0,4788.0,0.0,27588.0
6732,1000007963,20240416,329,1,39,-1,12825.0,2693.25,900.0,16418.25
6733,1000007964,20250927,406,2,2,2,16500.0,3465.0,0.0,19965.0
6734,1000007965,20241021,965,1,1807,-1,73500.0,15435.0,900.0,89835.0
6735,1000007966,20250331,579,1,2435,-1,42750.0,8977.5,1200.0,52927.5
6736,1000007967,20240422,647,1,1979,-1,40500.0,8505.0,1200.0,50205.0
6737,1000007968,20250502,821,2,1,1,42750.0,8977.5,0.0,51727.5
6738,1000007969,20240508,192,1,772,-1,21600.0,4536.0,900.0,27036.0
6739,1000007970,20250413,134,2,1,1,22680.0,4762.8,0.0,27442.8
6740,1000007971,20241003,640,2,2,2,11400.0,2394.0,0.0,13794.0
6741,1000007972,20240410,1420,1,1973,-1,45000.0,9450.0,900.0,55350.0
6742,1000007974,20240109,556,1,2015,-1,22800.0,4788.0,1200.0,28788.0
6743,1000007975,20240407,930,1,1087,-1,14250.0,2992.5,1200.0,18442.5
6744,1000007977,20250418,343,2,2,2,13200.0,2772.0,0.0,15972.0
6745,1000007978,20240704,1098,2,2,2,47040.0,9878.4,0.0,56918.4
6746,1000007979,20240902,1188,2,3,3,11400.0,2394.0,0.0,13794.0
6747,1000007981,20241218,1005,1,755,-1,41925.0,8804.25,0.0,50729.25
6748,1000007982,20240714,27,1,2611,-1,21168.0,4445.28,1500.0,27113.28
6749,1000007983,20250605,1437,1,2911,-1,32400.0,6804.0,1200.0,40404.0
6750,1000007984,20250205,1268,2,2,2,45420.0,9538.2,0.0,54958.2
6751,1000007985,20240504,713,1,1515,-1,45000.0,9450.0,1200.0,55650.0
6752,1000007986,20241209,759,1,1256,-1,13500.0,2835.0,900.0,17235.0
6753,1000007987,20240912,396,1,2639,-1,24000.0,5040.0,900.0,29940.0
6754,1000007988,20240512,827,2,2,2,13500.0,2835.0,0.0,16335.0
6755,1000007989,20240920,1220,1,2663,-1,45000.0,9450.0,900.0,55350.0
6756,1000007990,20240402,631,1,2568,-1,30000.0,6300.0,1500.0,37800.0
6757,1000007991,20250417,1163,1,503,-1,63420.0,13318.2,1200.0,77938.2
6758,1000007992,20241221,1057,1,3084,-1,14700.0,3087.0,0.0,17787.0
6759,1000007993,20250910,1373,2,4,4,21600.0,4536.0,0.0,26136.0
6760,1000007994,20240805,776,1,2740,-1,21600.0,4536.0,0.0,26136.0
6761,1000007996,20250718,699,2,2,2,30780.0,6463.8,0.0,37243.8
6762,1000007997,20250104,67,1,1640,-1,10800.0,2268.0,1500.0,14568.0
6763,1000007998,20250908,516,2,2,2,69900.0,14679.0,0.0,84579.0
6764,1000007999,20241028,9,2,3,3,28500.0,5985.0,0.0,34485.0
6765,1000008000,20241112,1424,2,4,4,28950.0,6079.5,0.0,35029.5
6766,1000008001,20241206,1019,1,521,-1,44400.0,9324.0,0.0,53724.0
6767,1000008002,20250613,1069,1,868,-1,49068.0,10304.28,1200.0,60572.28
6768,1000008003,20240406,1133,1,2333,-1,59400.0,12474.0,0.0,71874.0
6769,1000008004,20250725,882,1,1194,-1,44887.5,9426.38,900.0,55213.88
6770,1000008005,20250716,677,2,1,1,66600.0,13986.0,0.0,80586.0
6771,1000008006,20240430,20,1,11,-1,40650.0,8536.5,900.0,50086.5
6772,1000008007,20250203,1151,1,2548,-1,23520.0,4939.2,0.0,28459.2
6773,1000008008,20250815,293,2,3,3,44100.0,9261.0,0.0,53361.0
6774,1000008010,20250917,340,1,2856,-1,14175.0,2976.75,900.0,18051.75
6775,1000008011,20250608,134,2,2,2,14700.0,3087.0,0.0,17787.0
6776,1000008012,20240628,1315,1,730,-1,14175.0,2976.75,0.0,17151.75
6777,1000008013,20241231,1189,1,1253,-1,44100.0,9261.0,1200.0,54561.0
6778,1000008014,20250627,368,1,1396,-1,10800.0,2268.0,0.0,13068.0
6779,1000008015,20240904,1251,2,2,2,10800.0,2268.0,0.0,13068.0
6780,1000008016,20240118,1242,1,1874,-1,34920.0,7333.2,1200.0,43453.2
6781,1000008017,20250725,987,1,1344,-1,45000.0,9450.0,1200.0,55650.0
6782,1000008019,20240905,973,2,3,3,45000.0,9450.0,0.0,54450.0
6783,1000008020,20250701,1210,1,495,-1,32400.0,6804.0,1200.0,40404.0
6784,1000008021,20240621,14,1,2719,-1,34020.0,7144.2,1200.0,42364.2
6785,1000008022,20240605,409,1,1283,-1,48900.0,10269.0,1200.0,60369.0
6786,1000008024,20250313,233,2,2,2,26850.0,5638.5,0.0,32488.5
6787,1000008025,20250629,835,1,3096,-1,52620.0,11050.2,900.0,64570.2
6788,1000008027,20241023,791,1,1644,-1,46260.0,9714.6,0.0,55974.6
6789,1000008028,20240201,664,1,1552,-1,32400.0,6804.0,1200.0,40404.0
6790,1000008029,20250301,1473,2,1,1,24000.0,5040.0,0.0,29040.0
6791,1000008030,20240516,436,2,2,2,37044.0,7779.24,0.0,44823.24
6792,1000008031,20250118,899,2,3,3,23400.0,4914.0,0.0,28314.0
6793,1000008032,20250629,1202,1,646,-1,78660.0,16518.6,0.0,95178.6
6794,1000008033,20240517,800,2,3,3,14250.0,2992.5,0.0,17242.5
6795,1000008034,20240921,303,2,3,3,46800.0,9828.0,0.0,56628.0
6796,1000008036,20250506,107,1,2000,-1,29925.0,6284.25,900.0,37109.25
6797,1000008037,20240926,1092,2,2,2,43848.0,9208.08,0.0,53056.08
6798,1000008039,20250513,427,1,1362,-1,76650.0,16096.5,900.0,93646.5
6799,1000008040,20240917,963,2,2,2,12936.0,2716.56,0.0,15652.56
6800,1000008041,20240910,1471,2,1,1,14700.0,3087.0,0.0,17787.0
6801,1000008042,20250209,118,2,3,3,12000.0,2520.0,0.0,14520.0
6802,1000008043,20250822,552,1,1880,-1,29400.0,6174.0,1200.0,36774.0
6803,1000008045,20240430,755,1,3203,-1,32400.0,6804.0,900.0,40104.0
6804,1000008046,20250808,1410,1,134,-1,43860.0,9210.6,0.0,53070.6
6805,1000008047,20240827,47,2,4,4,48510.0,10187.1,0.0,58697.1
6806,1000008048,20250223,879,1,2155,-1,20520.0,4309.2,900.0,25729.2
6807,1000008049,20241109,724,2,4,4,50778.0,10663.38,0.0,61441.38
6808,1000008050,20250704,1355,1,1316,-1,74880.0,15724.8,900.0,91504.8
6809,1000008051,20241028,506,1,882,-1,10800.0,2268.0,900.0,13968.0
6810,1000008052,20240428,1329,1,573,-1,10800.0,2268.0,1200.0,14268.0
6811,1000008054,20241121,241,1,658,-1,24000.0,5040.0,1200.0,30240.0
6812,1000008055,20241201,406,2,2,2,31752.0,6667.92,0.0,38419.92
6813,1000008056,20250517,201,2,4,4,42750.0,8977.5,0.0,51727.5
6814,1000008057,20240621,1499,1,2736,-1,23520.0,4939.2,900.0,29359.2
6815,1000008058,20250327,785,2,3,3,22800.0,4788.0,0.0,27588.0
6816,1000008060,20240508,797,1,3199,-1,47025.0,9875.25,900.0,57800.25
6817,1000008061,20241228,1008,1,2894,-1,22800.0,4788.0,900.0,28488.0
6818,1000008063,20250213,1258,1,3182,-1,19440.0,4082.4,1200.0,24722.4
6819,1000008064,20240304,68,2,2,2,34200.0,7182.0,0.0,41382.0
6820,1000008065,20250115,788,1,2075,-1,32400.0,6804.0,900.0,40104.0
6821,1000008066,20250117,594,1,1976,-1,36000.0,7560.0,1200.0,44760.0
6822,1000008067,20240102,1149,1,461,-1,55860.0,11730.6,900.0,68490.6
6823,1000008068,20250427,97,1,2230,-1,12150.0,2551.5,1500.0,16201.5
6824,1000008070,20240608,630,1,2516,-1,36000.0,7560.0,0.0,43560.0
6825,1000008071,20250614,156,2,2,2,11970.0,2513.7,0.0,14483.7
6826,1000008072,20250107,528,1,2578,-1,62220.0,13066.2,1200.0,76486.2
6827,1000008073,20250930,1148,2,2,2,23970.0,5033.7,0.0,29003.7
6828,1000008074,20250518,457,2,2,2,22680.0,4762.8,0.0,27442.8
6829,1000008075,20250418,691,1,201,-1,47250.0,9922.5,900.0,58072.5
6830,1000008076,20240806,1475,1,789,-1,47850.0,10048.5,1200.0,59098.5
6831,1000008077,20250608,377,1,2882,-1,30675.0,6441.75,0.0,37116.75
6832,1000008078,20240727,656,1,1827,-1,72900.0,15309.0,1200.0,89409.0
6833,1000008079,20240624,475,1,2789,-1,21600.0,4536.0,1200.0,27336.0
6834,1000008080,20240624,488,1,2155,-1,24000.0,5040.0,1200.0,30240.0
6835,1000008081,20250901,279,2,4,4,37800.0,7938.0,0.0,45738.0
6836,1000008082,20240522,719,1,516,-1,23940.0,5027.4,1500.0,30467.4
6837,1000008083,20250707,371,1,397,-1,47250.0,9922.5,1200.0,58372.5
6838,1000008084,20241202,728,2,4,4,48780.0,10243.8,0.0,59023.8
6839,1000008085,20250512,1413,1,997,-1,78300.0,16443.0,1200.0,95943.0
6840,1000008086,20250109,996,1,2760,-1,10584.0,2222.64,900.0,13706.64
6841,1000008088,20250412,275,2,2,2,81450.0,17104.5,0.0,98554.5
6842,1000008089,20250830,1448,1,75,-1,14700.0,3087.0,1500.0,19287.0
6843,1000008090,20250815,1277,1,1326,-1,29212.5,6134.62,900.0,36247.12
6844,1000008092,20240827,274,1,3025,-1,44887.5,9426.38,0.0,54313.88
6845,1000008093,20240128,174,2,2,2,13500.0,2835.0,0.0,16335.0
6846,1000008094,20241118,251,2,1,1,21600.0,4536.0,0.0,26136.0
6847,1000008095,20250422,386,1,3099,-1,31500.0,6615.0,1200.0,39315.0
6848,1000008096,20240109,602,1,2936,-1,25650.0,5386.5,1200.0,32236.5
6849,1000008097,20240116,884,1,1708,-1,45168.0,9485.28,1200.0,55853.28
6850,1000008098,20240313,129,2,2,2,59400.0,12474.0,0.0,71874.0
6851,1000008099,20240207,871,2,3,3,23520.0,4939.2,0.0,28459.2
6852,1000008101,20250429,64,2,4,4,32400.0,6804.0,0.0,39204.0
6853,1000008102,20250817,474,1,1875,-1,23520.0,4939.2,1200.0,29659.2
6854,1000008103,20250907,473,2,1,1,22800.0,4788.0,0.0,27588.0
6855,1000008104,20240127,3,1,2673,-1,10260.0,2154.6,1200.0,13614.6
6856,1000008105,20250307,662,1,3079,-1,12348.0,2593.08,0.0,14941.08
6857,1000008106,20240119,533,1,1873,-1,118687.5,24924.38,900.0,144511.88
6858,1000008107,20241211,951,1,208,-1,34020.0,7144.2,900.0,42064.2
6859,1000008108,20241019,431,2,3,3,30000.0,6300.0,0.0,36300.0
6860,1000008109,20240718,124,2,1,1,21600.0,4536.0,0.0,26136.0
6861,1000008111,20250506,177,2,1,1,87360.0,18345.6,0.0,105705.6
6862,1000008112,20250827,2,2,3,3,13200.0,2772.0,0.0,15972.0
6863,1000008113,20241201,1368,2,2,2,13500.0,2835.0,0.0,16335.0
6864,1000008114,20250520,77,1,2287,-1,25200.0,5292.0,900.0,31392.0
6865,1000008115,20250924,1427,1,2577,-1,13500.0,2835.0,1200.0,17535.0
6866,1000008118,20250209,1145,2,3,3,32400.0,6804.0,0.0,39204.0
6867,1000008119,20240726,778,1,179,-1,25872.0,5433.12,1200.0,32505.12
6868,1000008120,20240416,731,1,1706,-1,11340.0,2381.4,1200.0,14921.4
6869,1000008121,20250606,332,2,1,1,38808.0,8149.68,0.0,46957.68
6870,1000008122,20250618,1363,2,1,1,34200.0,7182.0,0.0,41382.0
6871,1000008123,20250120,1480,1,286,-1,11400.0,2394.0,1200.0,14994.0
6872,1000008124,20240706,459,2,1,1,13500.0,2835.0,0.0,16335.0
6873,1000008125,20240321,16,1,3162,-1,78750.0,16537.5,0.0,95287.5
6874,1000008126,20241121,1137,1,2470,-1,14175.0,2976.75,1200.0,18351.75
6875,1000008128,20250302,1253,1,277,-1,14700.0,3087.0,0.0,17787.0
6876,1000008129,20240808,1296,2,2,2,12600.0,2646.0,0.0,15246.0
6877,1000008130,20241212,475,2,2,2,13230.0,2778.3,0.0,16008.3
6878,1000008131,20240226,436,1,1623,-1,11340.0,2381.4,900.0,14621.4
6879,1000008133,20250324,350,2,1,1,35910.0,7541.1,0.0,43451.1
6880,1000008134,20250528,98,2,2,2,34200.0,7182.0,0.0,41382.0
6881,1000008136,20240609,112,2,2,2,11400.0,2394.0,0.0,13794.0
6882,1000008137,20241023,387,1,3003,-1,10800.0,2268.0,1500.0,14568.0
6883,1000008138,20240417,37,1,2245,-1,12000.0,2520.0,1500.0,16020.0
6884,1000008139,20240821,354,1,2367,-1,13230.0,2778.3,0.0,16008.3
6885,1000008140,20250302,154,2,4,4,14250.0,2992.5,0.0,17242.5
6886,1000008141,20241126,533,1,2625,-1,37050.0,7780.5,1200.0,46030.5
6887,1000008143,20240425,410,2,2,2,20520.0,4309.2,0.0,24829.2
6888,1000008144,20250107,674,1,825,-1,38430.0,8070.3,1200.0,47700.3
6889,1000008145,20240620,806,2,1,1,42180.0,8857.8,0.0,51037.8
6890,1000008146,20241115,1003,2,1,1,37044.0,7779.24,0.0,44823.24
6891,1000008147,20250524,621,1,3198,-1,32400.0,6804.0,1500.0,40704.0
6892,1000008148,20240705,951,2,3,3,35280.0,7408.8,0.0,42688.8
6893,1000008149,20240901,34,2,3,3,15675.0,3291.75,0.0,18966.75
6894,1000008150,20250518,3,1,2946,-1,11970.0,2513.7,0.0,14483.7
6895,1000008151,20250623,1086,1,1513,-1,39660.0,8328.6,1500.0,49488.6
6896,1000008152,20241221,1081,1,1687,-1,13500.0,2835.0,900.0,17235.0
6897,1000008153,20250416,832,2,1,1,79020.0,16594.2,0.0,95614.2
6898,1000008154,20250204,714,2,2,2,11400.0,2394.0,0.0,13794.0
6899,1000008155,20241109,489,2,3,3,29160.0,6123.6,0.0,35283.6
6900,1000008156,20241202,57,1,259,-1,45120.0,9475.2,1500.0,56095.2
6901,1000008157,20250923,631,2,1,1,34200.0,7182.0,0.0,41382.0
6902,1000008158,20250314,1486,1,813,-1,88044.0,18489.24,1200.0,107733.24
6903,1000008159,20250314,469,1,957,-1,27000.0,5670.0,1500.0,34170.0
6904,1000008160,20241019,1049,2,3,3,25872.0,5433.12,0.0,31305.12
6905,1000008161,20240517,300,1,2874,-1,34200.0,7182.0,1200.0,42582.0
6906,1000008162,20250504,1291,1,1525,-1,32400.0,6804.0,1200.0,40404.0
6907,1000008163,20250117,268,2,3,3,10800.0,2268.0,0.0,13068.0
6908,1000008165,20240127,541,1,998,-1,75780.0,15913.8,0.0,91693.8
6909,1000008166,20240407,1315,1,2801,-1,12000.0,2520.0,900.0,15420.0
6910,1000008167,20250415,1489,1,724,-1,19440.0,4082.4,900.0,24422.4
6911,1000008168,20250707,55,1,3016,-1,21600.0,4536.0,1200.0,27336.0
6912,1000008169,20250910,73,2,1,1,72000.0,15120.0,0.0,87120.0
6913,1000008170,20240519,315,1,1321,-1,79830.0,16764.3,900.0,97494.3
6914,1000008171,20250718,1254,2,4,4,11760.0,2469.6,0.0,14229.6
6915,1000008172,20240528,1434,2,3,3,78660.0,16518.6,0.0,95178.6
6916,1000008174,20240309,1184,1,1283,-1,38808.0,8149.68,1200.0,48157.68
6917,1000008176,20241103,1476,1,649,-1,48450.0,10174.5,1500.0,60124.5
6918,1000008177,20240826,539,1,422,-1,11760.0,2469.6,1500.0,15729.6
6919,1000008178,20250625,342,1,715,-1,30000.0,6300.0,0.0,36300.0
6920,1000008179,20250713,748,1,1679,-1,44550.0,9355.5,1200.0,55105.5
6921,1000008180,20250516,1308,2,1,1,36000.0,7560.0,0.0,43560.0
6922,1000008181,20250121,1245,2,2,2,42750.0,8977.5,0.0,51727.5
6923,1000008182,20250517,487,1,2499,-1,42150.0,8851.5,900.0,51901.5
6924,1000008183,20241022,1371,2,3,3,45000.0,9450.0,0.0,54450.0
6925,1000008184,20250220,1493,1,2838,-1,23520.0,4939.2,1200.0,29659.2
6926,1000008185,20241030,1027,1,2671,-1,34200.0,7182.0,1200.0,42582.0
6927,1000008186,20250729,778,1,55,-1,42750.0,8977.5,0.0,51727.5
6928,1000008187,20250331,240,1,496,-1,11340.0,2381.4,1200.0,14921.4
6929,1000008188,20240912,254,2,3,3,22800.0,4788.0,0.0,27588.0
6930,1000008189,20241203,621,1,2447,-1,11400.0,2394.0,1500.0,15294.0
6931,1000008190,20240917,958,2,4,4,10800.0,2268.0,0.0,13068.0
6932,1000008191,20250428,1281,1,2219,-1,74250.0,15592.5,1200.0,91042.5
6933,1000008192,20241213,483,2,3,3,76440.0,16052.4,0.0,92492.4
6934,1000008194,20240207,520,2,4,4,35280.0,7408.8,0.0,42688.8
6935,1000008195,20250511,757,1,1745,-1,34200.0,7182.0,1200.0,42582.0
6936,1000008196,20250811,614,2,2,2,15000.0,3150.0,0.0,18150.0
6937,1000008198,20241006,748,2,4,4,15750.0,3307.5,0.0,19057.5
6938,1000008199,20241023,492,2,2,2,54720.0,11491.2,0.0,66211.2
6939,1000008200,20250626,603,1,1771,-1,45000.0,9450.0,1200.0,55650.0
6940,1000008202,20250911,352,1,1644,-1,27000.0,5670.0,1500.0,34170.0
6941,1000008203,20250409,929,1,2196,-1,21600.0,4536.0,900.0,27036.0
6942,1000008204,20240414,991,1,1913,-1,22680.0,4762.8,900.0,28342.8
6943,1000008205,20240401,179,1,1567,-1,23760.0,4989.6,900.0,29649.6
6944,1000008206,20250602,658,2,4,4,68010.0,14282.1,0.0,82292.1
6945,1000008207,20241019,1483,1,1750,-1,23400.0,4914.0,900.0,29214.0
6946,1000008208,20250923,735,1,203,-1,45000.0,9450.0,1200.0,55650.0
6947,1000008209,20240825,1241,1,1741,-1,23760.0,4989.6,1200.0,29949.6
6948,1000008211,20250716,358,1,2194,-1,42750.0,8977.5,1200.0,52927.5
6949,1000008212,20250904,478,2,1,1,12000.0,2520.0,0.0,14520.0
6950,1000008213,20240422,700,2,1,1,35280.0,7408.8,0.0,42688.8
6951,1000008214,20250429,240,2,3,3,43500.0,9135.0,0.0,52635.0
6952,1000008215,20240909,935,2,3,3,37050.0,7780.5,0.0,44830.5
6953,1000008216,20241001,566,1,2079,-1,84600.0,17766.0,1200.0,103566.0
6954,1000008217,20241231,2,2,4,4,12000.0,2520.0,0.0,14520.0
6955,1000008218,20250418,99,1,170,-1,24000.0,5040.0,900.0,29940.0
6956,1000008219,20250401,1355,1,562,-1,47250.0,9922.5,0.0,57172.5
6957,1000008220,20240616,980,2,2,2,46305.0,9724.05,0.0,56029.05
6958,1000008221,20250312,813,1,2287,-1,35280.0,7408.8,1200.0,43888.8
6959,1000008222,20250604,1499,1,2322,-1,43800.0,9198.0,1200.0,54198.0
6960,1000008223,20250912,902,1,175,-1,35910.0,7541.1,900.0,44351.1
6961,1000008225,20240310,1316,1,1588,-1,15000.0,3150.0,0.0,18150.0
6962,1000008226,20241103,652,2,2,2,44100.0,9261.0,0.0,53361.0
6963,1000008228,20241215,771,1,2151,-1,11400.0,2394.0,1200.0,14994.0
6964,1000008229,20250415,424,2,1,1,47250.0,9922.5,0.0,57172.5
6965,1000008231,20250418,661,1,1788,-1,28500.0,5985.0,900.0,35385.0
6966,1000008232,20241024,969,1,1167,-1,30000.0,6300.0,1200.0,37500.0
6967,1000008233,20250320,804,1,2045,-1,29250.0,6142.5,900.0,36292.5
6968,1000008234,20250503,277,1,673,-1,14700.0,3087.0,1200.0,18987.0
6969,1000008235,20240128,896,2,4,4,28500.0,5985.0,0.0,34485.0
6970,1000008237,20250511,710,1,827,-1,20520.0,4309.2,1200.0,26029.2
6971,1000008238,20250327,970,1,2418,-1,77520.0,16279.2,900.0,94699.2
6972,1000008239,20250920,1027,1,2848,-1,44577.0,9361.17,1200.0,55138.17
6973,1000008240,20241110,228,1,338,-1,12936.0,2716.56,0.0,15652.56
6974,1000008241,20250806,959,2,2,2,38475.0,8079.75,0.0,46554.75
6975,1000008242,20240406,753,2,4,4,62100.0,13041.0,0.0,75141.0
6976,1000008243,20250330,402,1,2954,-1,44100.0,9261.0,900.0,54261.0
6977,1000008244,20250730,59,2,2,2,10800.0,2268.0,0.0,13068.0
6978,1000008245,20250316,1026,1,721,-1,25650.0,5386.5,0.0,31036.5
6979,1000008246,20250929,811,1,1180,-1,11400.0,2394.0,1200.0,14994.0
6980,1000008247,20240204,1309,1,44,-1,22800.0,4788.0,1500.0,29088.0
6981,1000008250,20241116,618,1,1468,-1,21660.0,4548.6,1200.0,27408.6
6982,1000008251,20241021,113,1,1419,-1,34200.0,7182.0,1500.0,42882.0
6983,1000008252,20240601,657,1,552,-1,23520.0,4939.2,1500.0,29959.2
6984,1000008253,20241231,215,2,4,4,31500.0,6615.0,0.0,38115.0
6985,1000008254,20240315,1031,2,3,3,29160.0,6123.6,0.0,35283.6
6986,1000008255,20250522,892,2,4,4,24300.0,5103.0,0.0,29403.0
6987,1000008256,20250418,1215,2,1,1,35100.0,7371.0,0.0,42471.0
6988,1000008257,20240609,528,1,778,-1,45000.0,9450.0,900.0,55350.0
6989,1000008258,20250601,999,1,2592,-1,12600.0,2646.0,0.0,15246.0
6990,1000008259,20240314,921,2,4,4,24000.0,5040.0,0.0,29040.0
6991,1000008260,20250122,634,1,1578,-1,32400.0,6804.0,1200.0,40404.0
6992,1000008261,20240205,411,1,1207,-1,43200.0,9072.0,900.0,53172.0
6993,1000008262,20250201,713,1,951,-1,48450.0,10174.5,1200.0,59824.5
6994,1000008263,20240524,700,1,1186,-1,45540.0,9563.4,900.0,56003.4
6995,1000008264,20240804,1233,1,1470,-1,14250.0,2992.5,1500.0,18742.5
6996,1000008265,20240311,566,1,1461,-1,39690.0,8334.9,1200.0,49224.9
6997,1000008266,20240217,547,1,601,-1,49620.0,10420.2,900.0,60940.2
6998,1000008267,20241224,1075,1,1324,-1,65952.0,13849.92,0.0,79801.92
6999,1000008268,20250211,256,2,4,4,47880.0,10054.8,0.0,57934.8
7000,1000008269,20240101,498,2,4,4,39120.0,8215.2,0.0,47335.2
7001,1000008270,20250402,1141,1,1002,-1,23760.0,4989.6,1200.0,29949.6
7002,1000008271,20240223,1380,1,1921,-1,19440.0,4082.4,900.0,24422.4
7003,1000008272,20250506,1217,2,3,3,55800.0,11718.0,0.0,67518.0
7004,1000008273,20241210,464,1,1253,-1,40500.0,8505.0,900.0,49905.0
7005,1000008274,20240911,256,1,325,-1,12600.0,2646.0,900.0,16146.0
7006,1000008275,20240714,1182,1,1241,-1,29400.0,6174.0,1200.0,36774.0
7007,1000008276,20240417,281,1,2012,-1,32400.0,6804.0,900.0,40104.0
7008,1000008278,20250310,538,1,2669,-1,65850.0,13828.5,900.0,80578.5
7009,1000008279,20241108,24,1,2987,-1,99562.5,20908.12,1200.0,121670.62
7010,1000008280,20240314,377,1,3184,-1,55260.0,11604.6,900.0,67764.6
7011,1000008281,20240704,1062,1,2911,-1,41100.0,8631.0,0.0,49731.0
7012,1000008282,20250714,208,2,3,3,32400.0,6804.0,0.0,39204.0
7013,1000008283,20240906,950,2,2,2,14175.0,2976.75,0.0,17151.75
7014,1000008285,20250522,959,2,3,3,22200.0,4662.0,0.0,26862.0
7015,1000008286,20241124,1038,2,3,3,23760.0,4989.6,0.0,28749.6
7016,1000008287,20240614,935,1,2388,-1,10260.0,2154.6,1200.0,13614.6
7017,1000008288,20240804,288,2,1,1,36450.0,7654.5,0.0,44104.5
7018,1000008289,20250531,40,2,3,3,57720.0,12121.2,0.0,69841.2
7019,1000008290,20250909,103,1,1980,-1,47400.0,9954.0,1200.0,58554.0
7020,1000008292,20250227,655,1,1036,-1,15000.0,3150.0,1200.0,19350.0
7021,1000008294,20240524,968,1,2764,-1,30000.0,6300.0,1500.0,37800.0
7022,1000008295,20250110,460,1,2020,-1,15000.0,3150.0,1500.0,19650.0
7023,1000008296,20240922,429,1,374,-1,27000.0,5670.0,900.0,33570.0
7024,1000008297,20250819,744,2,3,3,67308.0,14134.68,0.0,81442.68
7025,1000008298,20240523,867,1,2187,-1,34200.0,7182.0,900.0,42282.0
7026,1000008299,20250109,488,1,2943,-1,70695.0,14845.95,900.0,86440.95
7027,1000008301,20250801,358,2,2,2,37044.0,7779.24,0.0,44823.24
7028,1000008302,20241229,479,1,1533,-1,12000.0,2520.0,0.0,14520.0
7029,1000008303,20241029,1347,2,4,4,22680.0,4762.8,0.0,27442.8
7030,1000008304,20241204,104,1,1976,-1,32400.0,6804.0,900.0,40104.0
7031,1000008305,20240229,722,1,755,-1,35100.0,7371.0,900.0,43371.0
7032,1000008306,20250617,1332,2,3,3,42750.0,8977.5,0.0,51727.5
7033,1000008307,20250224,116,1,791,-1,25080.0,5266.8,1500.0,31846.8
7034,1000008308,20250204,176,1,935,-1,43200.0,9072.0,1500.0,53772.0
7035,1000008310,20250510,234,1,2823,-1,45000.0,9450.0,900.0,55350.0
7036,1000008311,20240320,88,2,2,2,29925.0,6284.25,0.0,36209.25
7037,1000008312,20240828,1155,2,1,1,14700.0,3087.0,0.0,17787.0
7038,1000008313,20240523,575,1,357,-1,36000.0,7560.0,1200.0,44760.0
7039,1000008314,20250119,1002,1,934,-1,30000.0,6300.0,1200.0,37500.0
7040,1000008315,20250718,383,1,911,-1,104280.0,21898.8,900.0,127078.8
7041,1000008317,20240608,306,1,2705,-1,47520.0,9979.2,1500.0,58999.2
7042,1000008318,20240131,1480,2,4,4,36000.0,7560.0,0.0,43560.0
7043,1000008319,20250717,988,1,1598,-1,14700.0,3087.0,900.0,18687.0
7044,1000008320,20250322,301,1,2186,-1,32340.0,6791.4,1200.0,40331.4
7045,1000008321,20250601,806,1,2480,-1,56100.0,11781.0,900.0,68781.0
7046,1000008322,20250626,763,1,1735,-1,34200.0,7182.0,900.0,42282.0
7047,1000008324,20240829,319,1,1771,-1,10800.0,2268.0,900.0,13968.0
7048,1000008327,20240916,15,1,1962,-1,22800.0,4788.0,1200.0,28788.0
7049,1000008328,20250701,299,1,3091,-1,12936.0,2716.56,1200.0,16852.56
7050,1000008329,20240110,980,1,2621,-1,23520.0,4939.2,1200.0,29659.2
7051,1000008330,20240102,308,2,3,3,36000.0,7560.0,0.0,43560.0
7052,1000008331,20240422,743,2,1,1,23520.0,4939.2,0.0,28459.2
7053,1000008332,20240221,1050,2,4,4,11970.0,2513.7,0.0,14483.7
7054,1000008333,20240113,45,1,1451,-1,53310.0,11195.1,1200.0,65705.1
7055,1000008334,20250612,335,2,4,4,12000.0,2520.0,0.0,14520.0
7056,1000008335,20241108,189,1,1909,-1,22800.0,4788.0,0.0,27588.0
7057,1000008336,20240722,14,1,136,-1,55200.0,11592.0,900.0,67692.0
7058,1000008337,20240217,1375,1,2693,-1,16170.0,3395.7,1200.0,20765.7
7059,1000008338,20240315,534,1,2129,-1,25872.0,5433.12,1200.0,32505.12
7060,1000008339,20240522,28,1,2498,-1,11760.0,2469.6,1200.0,15429.6
7061,1000008340,20250516,819,1,489,-1,51840.0,10886.4,900.0,63626.4
7062,1000008341,20250822,7,2,3,3,38808.0,8149.68,0.0,46957.68
7063,1000008342,20250728,450,1,806,-1,24000.0,5040.0,1200.0,30240.0
7064,1000008343,20241019,739,2,1,1,14700.0,3087.0,0.0,17787.0
7065,1000008344,20240429,1078,1,1056,-1,35280.0,7408.8,1200.0,43888.8
7066,1000008345,20250309,1342,2,2,2,61275.0,12867.75,0.0,74142.75
7067,1000008346,20240120,971,1,466,-1,71280.0,14968.8,0.0,86248.8
7068,1000008347,20250314,526,2,1,1,35640.0,7484.4,0.0,43124.4
7069,1000008348,20241113,248,1,3108,-1,67500.0,14175.0,1500.0,83175.0
7070,1000008349,20250125,1045,1,1592,-1,10800.0,2268.0,900.0,13968.0
7071,1000008350,20250129,1257,1,2806,-1,62475.0,13119.75,1200.0,76794.75
7072,1000008351,20250324,586,1,2040,-1,65400.0,13734.0,900.0,80034.0
7073,1000008352,20241213,1101,2,4,4,10800.0,2268.0,0.0,13068.0
7074,1000008353,20240930,136,1,1689,-1,29160.0,6123.6,900.0,36183.6
7075,1000008354,20240228,426,1,2274,-1,37620.0,7900.2,900.0,46420.2
7076,1000008355,20240224,807,2,3,3,34020.0,7144.2,0.0,41164.2
7077,1000008356,20250130,821,1,852,-1,28035.0,5887.35,900.0,34822.35
7078,1000008357,20250129,205,2,3,3,23940.0,5027.4,0.0,28967.4
7079,1000008358,20250330,806,2,4,4,32400.0,6804.0,0.0,39204.0
7080,1000008359,20250418,1295,1,232,-1,28686.0,6024.06,900.0,35610.06
7081,1000008360,20240519,924,1,1893,-1,11400.0,2394.0,1500.0,15294.0
7082,1000008361,20250414,1359,2,3,3,23100.0,4851.0,0.0,27951.0
7083,1000008362,20250720,901,2,4,4,14700.0,3087.0,0.0,17787.0
7084,1000008363,20250309,1060,1,1292,-1,46650.0,9796.5,1200.0,57646.5
7085,1000008364,20240613,138,2,1,1,60750.0,12757.5,0.0,73507.5
7086,1000008366,20250203,1142,1,2094,-1,12000.0,2520.0,900.0,15420.0
7087,1000008367,20250301,499,1,1976,-1,34200.0,7182.0,1200.0,42582.0
7088,1000008368,20240523,1313,2,1,1,27000.0,5670.0,0.0,32670.0
7089,1000008369,20250830,1295,2,4,4,84510.0,17747.1,0.0,102257.1
7090,1000008370,20241102,703,1,3102,-1,32340.0,6791.4,1200.0,40331.4
7091,1000008371,20240607,302,2,4,4,44100.0,9261.0,0.0,53361.0
7092,1000008372,20250530,381,2,1,1,33000.0,6930.0,0.0,39930.0
7093,1000008373,20240114,501,1,2771,-1,23520.0,4939.2,0.0,28459.2
7094,1000008374,20250708,280,2,2,2,32400.0,6804.0,0.0,39204.0
7095,1000008375,20240218,189,2,3,3,53550.0,11245.5,0.0,64795.5
7096,1000008376,20240809,1301,1,1846,-1,24000.0,5040.0,1200.0,30240.0
7097,1000008377,20250220,889,1,185,-1,12000.0,2520.0,0.0,14520.0
7098,1000008378,20241109,1102,1,2752,-1,57372.0,12048.12,1500.0,70920.12
7099,1000008379,20250514,1378,2,1,1,34800.0,7308.0,0.0,42108.0
7100,1000008380,20240619,78,2,4,4,50220.0,10546.2,0.0,60766.2
7101,1000008381,20250412,452,1,70,-1,34200.0,7182.0,900.0,42282.0
7102,1000008383,20250605,1124,2,1,1,22800.0,4788.0,0.0,27588.0
7103,1000008384,20240718,450,1,593,-1,66900.0,14049.0,1200.0,82149.0
7104,1000008387,20240322,113,2,1,1,20520.0,4309.2,0.0,24829.2
7105,1000008388,20241223,1393,2,1,1,11400.0,2394.0,0.0,13794.0
7106,1000008389,20250101,1185,2,2,2,44100.0,9261.0,0.0,53361.0
7107,1000008390,20250918,672,2,3,3,44100.0,9261.0,0.0,53361.0
7108,1000008391,20240605,1313,1,1573,-1,32340.0,6791.4,0.0,39131.4
7109,1000008392,20250109,311,1,2510,-1,54000.0,11340.0,1200.0,66540.0
7110,1000008393,20241130,1221,1,2409,-1,14700.0,3087.0,1200.0,18987.0
7111,1000008395,20240628,647,1,1584,-1,57000.0,11970.0,0.0,68970.0
7112,1000008396,20240529,1259,1,1820,-1,14850.0,3118.5,900.0,18868.5
7113,1000008397,20250128,950,1,2030,-1,14700.0,3087.0,900.0,18687.0
7114,1000008398,20250925,1223,1,2504,-1,34200.0,7182.0,1200.0,42582.0
7115,1000008399,20250928,811,1,583,-1,70080.0,14716.8,1200.0,85996.8
7116,1000008401,20240402,397,1,168,-1,64200.0,13482.0,1200.0,78882.0
7117,1000008402,20250504,1339,1,2340,-1,12936.0,2716.56,1200.0,16852.56
7118,1000008403,20250311,468,1,2930,-1,39690.0,8334.9,0.0,48024.9
7119,1000008404,20241216,140,2,2,2,21600.0,4536.0,0.0,26136.0
7120,1000008405,20250602,1261,1,2222,-1,29400.0,6174.0,900.0,36474.0
7121,1000008406,20240122,1268,1,319,-1,32400.0,6804.0,1200.0,40404.0
7122,1000008407,20250108,924,2,1,1,52650.0,11056.5,0.0,63706.5
7123,1000008408,20240803,93,1,2536,-1,32400.0,6804.0,900.0,40104.0
7124,1000008410,20250215,1256,1,2604,-1,62325.0,13088.25,1200.0,76613.25
7125,1000008411,20250714,686,1,1222,-1,13500.0,2835.0,1200.0,17535.0
7126,1000008412,20240427,1359,1,2445,-1,22800.0,4788.0,1500.0,29088.0
7127,1000008413,20250514,1199,2,1,1,22800.0,4788.0,0.0,27588.0
7128,1000008414,20240320,260,2,1,1,24000.0,5040.0,0.0,29040.0
7129,1000008415,20250425,210,1,105,-1,13230.0,2778.3,1500.0,17508.3
7130,1000008416,20241106,155,1,1089,-1,35280.0,7408.8,1200.0,43888.8
7131,1000008417,20240116,695,1,2530,-1,51000.0,10710.0,1200.0,62910.0
7132,1000008418,20241105,81,1,2525,-1,47250.0,9922.5,900.0,58072.5
7133,1000008420,20241203,450,1,757,-1,44100.0,9261.0,1500.0,54861.0
7134,1000008421,20250612,1338,2,2,2,44100.0,9261.0,0.0,53361.0
7135,1000008422,20240627,488,2,4,4,26400.0,5544.0,0.0,31944.0
7136,1000008423,20250421,367,1,2065,-1,26220.0,5506.2,1500.0,33226.2
7137,1000008424,20240913,212,1,674,-1,34200.0,7182.0,0.0,41382.0
7138,1000008425,20250224,516,2,1,1,50242.5,10550.92,0.0,60793.42
7139,1000008427,20240801,1279,2,4,4,30780.0,6463.8,0.0,37243.8
7140,1000008428,20240507,1377,1,1962,-1,23520.0,4939.2,1500.0,29959.2
7141,1000008431,20240418,866,1,1501,-1,66060.0,13872.6,900.0,80832.6
7142,1000008432,20240730,442,2,3,3,22680.0,4762.8,0.0,27442.8
7143,1000008433,20240623,159,1,2300,-1,50700.0,10647.0,900.0,62247.0
7144,1000008434,20240707,385,1,55,-1,89775.0,18852.75,900.0,109527.75
7145,1000008435,20240218,739,2,1,1,28350.0,5953.5,0.0,34303.5
7146,1000008438,20240125,1392,1,2146,-1,9720.0,2041.2,900.0,12661.2
7147,1000008439,20240423,1169,2,4,4,67308.0,14134.68,0.0,81442.68
7148,1000008440,20250316,220,1,1100,-1,11880.0,2494.8,1200.0,15574.8
7149,1000008441,20240424,748,1,81,-1,12000.0,2520.0,900.0,15420.0
7150,1000008442,20250228,321,2,4,4,32940.0,6917.4,0.0,39857.4
7151,1000008443,20250421,707,2,1,1,21600.0,4536.0,0.0,26136.0
7152,1000008444,20250811,1185,2,1,1,27000.0,5670.0,0.0,32670.0
7153,1000008445,20240425,369,2,2,2,39690.0,8334.9,0.0,48024.9
7154,1000008446,20250414,685,2,2,2,24000.0,5040.0,0.0,29040.0
7155,1000008447,20240717,1244,1,747,-1,67620.0,14200.2,1200.0,83020.2
7156,1000008448,20240324,1082,1,1355,-1,76500.0,16065.0,0.0,92565.0
7157,1000008449,20250808,764,2,4,4,23520.0,4939.2,0.0,28459.2
7158,1000008450,20240628,1449,2,1,1,23520.0,4939.2,0.0,28459.2
7159,1000008452,20240212,401,1,218,-1,40500.0,8505.0,1200.0,50205.0
7160,1000008453,20240618,524,1,3030,-1,11400.0,2394.0,1500.0,15294.0
7161,1000008454,20250823,676,1,1388,-1,11760.0,2469.6,900.0,15129.6
7162,1000008455,20241008,1416,1,1145,-1,28500.0,5985.0,1200.0,35685.0
7163,1000008456,20240809,425,1,1145,-1,42930.0,9015.3,1200.0,53145.3
7164,1000008457,20240603,1175,1,1196,-1,30000.0,6300.0,0.0,36300.0
7165,1000008458,20240204,59,2,3,3,37230.0,7818.3,0.0,45048.3
7166,1000008460,20240215,1252,1,587,-1,47970.0,10073.7,0.0,58043.7
7167,1000008461,20250327,499,1,600,-1,71280.0,14968.8,900.0,87148.8
7168,1000008462,20250110,72,1,1734,-1,26436.0,5551.56,0.0,31987.56
7169,1000008463,20240102,1342,1,2335,-1,28350.0,5953.5,1200.0,35503.5
7170,1000008465,20250809,345,1,2226,-1,14962.5,3142.12,1200.0,19304.62
7171,1000008466,20240313,286,2,4,4,27930.0,5865.3,0.0,33795.3
7172,1000008467,20240623,331,2,1,1,28500.0,5985.0,0.0,34485.0
7173,1000008468,20241025,1145,2,2,2,12000.0,2520.0,0.0,14520.0
7174,1000008469,20240731,760,1,248,-1,57264.0,12025.44,1200.0,70489.44
7175,1000008470,20250718,213,1,654,-1,34200.0,7182.0,1500.0,42882.0
7176,1000008471,20240715,843,2,2,2,30780.0,6463.8,0.0,37243.8
7177,1000008472,20240606,172,1,1749,-1,11400.0,2394.0,900.0,14694.0
7178,1000008473,20241103,1318,2,1,1,29700.0,6237.0,0.0,35937.0
7179,1000008474,20250625,764,2,3,3,22800.0,4788.0,0.0,27588.0
7180,1000008475,20250508,953,1,1474,-1,35280.0,7408.8,900.0,43588.8
7181,1000008476,20250202,525,1,593,-1,38160.0,8013.6,900.0,47073.6
7182,1000008477,20250809,1498,1,2988,-1,75510.0,15857.1,1200.0,92567.1
7183,1000008478,20241017,350,2,2,2,28500.0,5985.0,0.0,34485.0
7184,1000008479,20250121,66,1,2237,-1,62625.0,13151.25,0.0,75776.25
7185,1000008480,20241011,1324,1,191,-1,24000.0,5040.0,1200.0,30240.0
7186,1000008481,20240817,1338,1,2303,-1,27000.0,5670.0,0.0,32670.0
7187,1000008482,20241209,292,1,2306,-1,29400.0,6174.0,1200.0,36774.0
7188,1000008483,20250204,1377,1,1901,-1,55800.0,11718.0,0.0,67518.0
7189,1000008484,20240905,3,2,3,3,29400.0,6174.0,0.0,35574.0
7190,1000008485,20250113,748,1,2571,-1,47280.0,9928.8,1200.0,58408.8
7191,1000008486,20250321,682,1,1843,-1,13230.0,2778.3,1200.0,17208.3
7192,1000008488,20240116,738,1,885,-1,35280.0,7408.8,1200.0,43888.8
7193,1000008489,20250610,724,2,4,4,34200.0,7182.0,0.0,41382.0
7194,1000008490,20240301,10,2,2,2,45000.0,9450.0,0.0,54450.0
7195,1000008491,20250204,1259,2,2,2,86820.0,18232.2,0.0,105052.2
7196,1000008492,20240317,900,2,1,1,15000.0,3150.0,0.0,18150.0
7197,1000008493,20250211,643,1,118,-1,61200.0,12852.0,900.0,74952.0
7198,1000008494,20240723,497,2,4,4,76440.0,16052.4,0.0,92492.4
7199,1000008495,20250718,1406,2,1,1,13500.0,2835.0,0.0,16335.0
7200,1000008497,20240621,1224,1,2372,-1,67800.0,14238.0,0.0,82038.0
7201,1000008498,20241113,163,2,3,3,13230.0,2778.3,0.0,16008.3
7202,1000008499,20241116,969,1,1570,-1,32400.0,6804.0,0.0,39204.0
7203,1000008500,20250407,711,1,2146,-1,62280.0,13078.8,900.0,76258.8
7204,1000008501,20250717,933,1,1565,-1,42750.0,8977.5,900.0,52627.5
7205,1000008504,20250509,956,2,4,4,25650.0,5386.5,0.0,31036.5
7206,1000008505,20250327,591,2,2,2,38760.0,8139.6,0.0,46899.6
7207,1000008506,20241018,955,2,1,1,21600.0,4536.0,0.0,26136.0
7208,1000008507,20240525,745,1,44,-1,48825.0,10253.25,1200.0,60278.25
7209,1000008508,20250702,1141,1,2819,-1,11760.0,2469.6,1200.0,15429.6
7210,1000008509,20250816,913,1,1462,-1,11400.0,2394.0,900.0,14694.0
7211,1000008510,20250319,598,2,2,2,37044.0,7779.24,0.0,44823.24
7212,1000008511,20241008,1313,1,2435,-1,59310.0,12455.1,900.0,72665.1
7213,1000008512,20240510,1464,1,1489,-1,11880.0,2494.8,1500.0,15874.8
7214,1000008513,20240910,856,1,1008,-1,24300.0,5103.0,1200.0,30603.0
7215,1000008514,20250225,1495,1,1376,-1,27000.0,5670.0,1200.0,33870.0
7216,1000008515,20250501,1080,1,1777,-1,53520.0,11239.2,1200.0,65959.2
7217,1000008516,20250829,785,1,39,-1,27000.0,5670.0,0.0,32670.0
7218,1000008517,20240227,952,1,2501,-1,21600.0,4536.0,900.0,27036.0
7219,1000008518,20250703,193,1,1186,-1,34200.0,7182.0,1200.0,42582.0
7220,1000008519,20241010,907,1,2448,-1,11400.0,2394.0,1500.0,15294.0
7221,1000008520,20250119,729,2,2,2,40500.0,8505.0,0.0,49005.0
7222,1000008522,20240420,575,1,2300,-1,83700.0,17577.0,900.0,102177.0
7223,1000008523,20250121,766,1,317,-1,45000.0,9450.0,900.0,55350.0
7224,1000008524,20241019,408,2,3,3,40260.0,8454.6,0.0,48714.6
7225,1000008525,20240810,503,2,4,4,38550.0,8095.5,0.0,46645.5
7226,1000008526,20240601,24,1,220,-1,25800.0,5418.0,900.0,32118.0
7227,1000008527,20240810,634,1,1039,-1,81000.0,17010.0,1500.0,99510.0
7228,1000008529,20241012,380,2,4,4,32400.0,6804.0,0.0,39204.0
7229,1000008530,20250704,1379,1,2733,-1,60000.0,12600.0,1500.0,74100.0
7230,1000008531,20241228,560,1,2476,-1,10800.0,2268.0,1200.0,14268.0
7231,1000008535,20250520,1017,1,1632,-1,21600.0,4536.0,1200.0,27336.0
7232,1000008537,20241130,1347,2,4,4,30780.0,6463.8,0.0,37243.8
7233,1000008538,20240512,998,1,1014,-1,56400.0,11844.0,1200.0,69444.0
7234,1000008539,20240911,1489,1,74,-1,63000.0,13230.0,900.0,77130.0
7235,1000008540,20240819,19,1,1795,-1,21600.0,4536.0,900.0,27036.0
7236,1000008541,20240601,1483,1,918,-1,25650.0,5386.5,900.0,31936.5
7237,1000008542,20240308,1399,1,2553,-1,35496.0,7454.16,1200.0,44150.16
7238,1000008543,20241214,161,1,959,-1,32400.0,6804.0,900.0,40104.0
7239,1000008544,20240809,337,2,4,4,35640.0,7484.4,0.0,43124.4
7240,1000008546,20250130,850,1,531,-1,12600.0,2646.0,1500.0,16746.0
7241,1000008547,20240428,114,1,3023,-1,60564.0,12718.44,900.0,74182.44
7242,1000008548,20240704,1074,1,634,-1,21600.0,4536.0,0.0,26136.0
7243,1000008550,20240630,1129,1,2637,-1,25800.0,5418.0,1200.0,32418.0
7244,1000008551,20240608,90,2,2,2,67260.0,14124.6,0.0,81384.6
7245,1000008552,20240525,334,2,4,4,51300.0,10773.0,0.0,62073.0
7246,1000008553,20250113,141,1,182,-1,22800.0,4788.0,1500.0,29088.0
7247,1000008554,20250813,386,2,1,1,46680.0,9802.8,0.0,56482.8
7248,1000008555,20241204,785,2,4,4,79590.0,16713.9,0.0,96303.9
7249,1000008556,20250426,1249,1,763,-1,58800.0,12348.0,900.0,72048.0
7250,1000008558,20240205,671,2,4,4,10800.0,2268.0,0.0,13068.0
7251,1000008559,20250909,1238,1,186,-1,35280.0,7408.8,1200.0,43888.8
7252,1000008560,20241208,687,2,4,4,44100.0,9261.0,0.0,53361.0
7253,1000008561,20240605,1421,2,4,4,36000.0,7560.0,0.0,43560.0
7254,1000008562,20250905,420,1,3079,-1,30000.0,6300.0,0.0,36300.0
7255,1000008563,20250720,578,1,2245,-1,11400.0,2394.0,1500.0,15294.0
7256,1000008564,20240511,1156,1,1821,-1,29400.0,6174.0,900.0,36474.0
7257,1000008565,20250705,779,1,3017,-1,29160.0,6123.6,1200.0,36483.6
7258,1000008566,20240928,838,2,2,2,84795.0,17806.95,0.0,102601.95
7259,1000008567,20240727,1124,2,1,1,15000.0,3150.0,0.0,18150.0
7260,1000008568,20240117,1062,2,4,4,30000.0,6300.0,0.0,36300.0
7261,1000008569,20250218,185,2,3,3,13500.0,2835.0,0.0,16335.0
7262,1000008570,20240418,1248,1,782,-1,58590.0,12303.9,900.0,71793.9
7263,1000008571,20240615,584,2,1,1,40500.0,8505.0,0.0,49005.0
7264,1000008572,20250401,1313,2,1,1,57270.0,12026.7,0.0,69296.7
7265,1000008573,20250520,162,1,297,-1,11760.0,2469.6,1200.0,15429.6
7266,1000008574,20240426,157,1,2381,-1,26820.0,5632.2,1200.0,33652.2
7267,1000008575,20250927,580,2,4,4,11400.0,2394.0,0.0,13794.0
7268,1000008576,20240721,1044,2,4,4,45360.0,9525.6,0.0,54885.6
7269,1000008577,20250609,1382,1,1965,-1,15000.0,3150.0,900.0,19050.0
7270,1000008578,20241214,1128,1,1689,-1,15000.0,3150.0,900.0,19050.0
7271,1000008580,20250515,1099,1,561,-1,57000.0,11970.0,1200.0,70170.0
7272,1000008581,20250426,798,1,345,-1,11340.0,2381.4,0.0,13721.4
7273,1000008582,20240107,1336,2,1,1,43968.0,9233.28,0.0,53201.28
7274,1000008583,20240615,374,1,918,-1,23760.0,4989.6,1500.0,30249.6
7275,1000008586,20240613,244,1,796,-1,27000.0,5670.0,1200.0,33870.0
7276,1000008587,20240106,112,1,1414,-1,42750.0,8977.5,1500.0,53227.5
7277,1000008588,20240102,574,1,1923,-1,71850.0,15088.5,900.0,87838.5
7278,1000008589,20250515,22,1,2595,-1,11400.0,2394.0,900.0,14694.0
7279,1000008590,20240116,313,1,1898,-1,28500.0,5985.0,900.0,35385.0
7280,1000008591,20241124,238,1,2672,-1,23520.0,4939.2,0.0,28459.2
7281,1000008592,20250116,1080,2,2,2,29400.0,6174.0,0.0,35574.0
7282,1000008593,20250602,116,1,697,-1,45000.0,9450.0,1500.0,55950.0
7283,1000008596,20250117,110,1,2567,-1,42525.0,8930.25,900.0,52355.25
7284,1000008597,20240725,722,1,2097,-1,37800.0,7938.0,1200.0,46938.0
7285,1000008598,20250406,1305,1,1598,-1,42000.0,8820.0,900.0,51720.0
7286,1000008599,20250803,153,1,3065,-1,14700.0,3087.0,1200.0,18987.0
7287,1000008600,20241112,259,2,4,4,93600.0,19656.0,0.0,113256.0
7288,1000008602,20250701,1436,1,60,-1,42750.0,8977.5,900.0,52627.5
7289,1000008603,20250704,112,1,1261,-1,23520.0,4939.2,1200.0,29659.2
7290,1000008604,20250703,1182,2,2,2,13500.0,2835.0,0.0,16335.0
7291,1000008605,20250817,97,1,1618,-1,11340.0,2381.4,1200.0,14921.4
7292,1000008606,20250413,1200,1,1098,-1,51000.0,10710.0,1500.0,63210.0
7293,1000008607,20250407,61,2,4,4,43500.0,9135.0,0.0,52635.0
7294,1000008608,20250817,1387,2,4,4,35340.0,7421.4,0.0,42761.4
7295,1000008609,20250515,1082,1,1090,-1,47250.0,9922.5,1200.0,58372.5
7296,1000008610,20240728,385,2,1,1,43110.0,9053.1,0.0,52163.1
7297,1000008611,20250415,243,1,363,-1,72252.0,15172.92,1200.0,88624.92
7298,1000008612,20240108,584,2,1,1,13500.0,2835.0,0.0,16335.0
7299,1000008613,20240201,392,1,1224,-1,14700.0,3087.0,1200.0,18987.0
7300,1000008614,20240301,295,1,1343,-1,36450.0,7654.5,0.0,44104.5
7301,1000008615,20240503,1313,1,3078,-1,34200.0,7182.0,1500.0,42882.0
7302,1000008616,20250221,684,2,2,2,42750.0,8977.5,0.0,51727.5
7303,1000008617,20240319,681,1,73,-1,10584.0,2222.64,1200.0,14006.64
7304,1000008618,20250529,660,2,3,3,45000.0,9450.0,0.0,54450.0
7305,1000008619,20250421,657,1,410,-1,10584.0,2222.64,1200.0,14006.64
7306,1000008620,20240211,926,1,543,-1,12000.0,2520.0,1200.0,15720.0
7307,1000008621,20250618,15,1,495,-1,36000.0,7560.0,1200.0,44760.0
7308,1000008623,20250302,1205,1,2520,-1,37500.0,7875.0,1200.0,46575.0
7309,1000008624,20240610,724,1,3070,-1,46575.0,9780.75,1200.0,57555.75
7310,1000008625,20250711,157,1,2839,-1,39600.0,8316.0,900.0,48816.0
7311,1000008626,20240615,128,1,1078,-1,76980.0,16165.8,1500.0,94645.8
7312,1000008627,20250905,1419,2,3,3,12825.0,2693.25,0.0,15518.25
7313,1000008629,20240330,1400,1,2212,-1,83580.0,17551.8,900.0,102031.8
7314,1000008630,20240213,839,1,1396,-1,21600.0,4536.0,0.0,26136.0
7315,1000008631,20250406,943,2,3,3,31350.0,6583.5,0.0,37933.5
7316,1000008632,20240225,621,2,4,4,12000.0,2520.0,0.0,14520.0
7317,1000008633,20250121,291,1,150,-1,31350.0,6583.5,0.0,37933.5
7318,1000008635,20250213,130,2,4,4,26460.0,5556.6,0.0,32016.6
7319,1000008636,20240914,610,2,2,2,35280.0,7408.8,0.0,42688.8
7320,1000008639,20250610,459,1,1641,-1,82890.0,17406.9,900.0,101196.9
7321,1000008640,20250620,1438,1,2056,-1,40500.0,8505.0,900.0,49905.0
7322,1000008641,20241015,1205,2,1,1,38475.0,8079.75,0.0,46554.75
7323,1000008642,20250310,904,1,2400,-1,37800.0,7938.0,1200.0,46938.0
7324,1000008644,20241220,212,1,596,-1,40380.0,8479.8,1200.0,50059.8
7325,1000008645,20250826,1414,1,1378,-1,13500.0,2835.0,900.0,17235.0
7326,1000008646,20250110,1441,2,4,4,22800.0,4788.0,0.0,27588.0
7327,1000008647,20240128,587,1,200,-1,35280.0,7408.8,1200.0,43888.8
7328,1000008648,20250318,1027,1,1860,-1,12150.0,2551.5,1200.0,15901.5
7329,1000008649,20250514,1446,2,1,1,20520.0,4309.2,0.0,24829.2
7330,1000008650,20240528,730,1,1730,-1,107130.0,22497.3,1500.0,131127.3
7331,1000008651,20240206,483,1,2875,-1,11760.0,2469.6,900.0,15129.6
7332,1000008652,20240804,1404,1,1410,-1,54000.0,11340.0,1200.0,66540.0
7333,1000008653,20240612,1451,1,2659,-1,12000.0,2520.0,1200.0,15720.0
7334,1000008655,20240417,191,1,1363,-1,15000.0,3150.0,0.0,18150.0
7335,1000008656,20240620,1221,1,2852,-1,57600.0,12096.0,900.0,70596.0
7336,1000008657,20240930,248,2,1,1,14700.0,3087.0,0.0,17787.0
7337,1000008659,20240229,1419,1,2852,-1,14250.0,2992.5,0.0,17242.5
7338,1000008660,20250216,237,1,1981,-1,36000.0,7560.0,1200.0,44760.0
7339,1000008661,20240518,1187,1,1277,-1,81000.0,17010.0,1500.0,99510.0
7340,1000008662,20240821,380,2,3,3,59520.0,12499.2,0.0,72019.2
7341,1000008663,20250321,879,2,3,3,37050.0,7780.5,0.0,44830.5
7342,1000008664,20240510,422,1,1082,-1,11880.0,2494.8,900.0,15274.8
7343,1000008666,20240821,117,2,1,1,11760.0,2469.6,0.0,14229.6
7344,1000008667,20250614,483,2,2,2,35280.0,7408.8,0.0,42688.8
7345,1000008669,20240901,1311,2,2,2,12000.0,2520.0,0.0,14520.0
7346,1000008670,20250812,637,2,2,2,42750.0,8977.5,0.0,51727.5
7347,1000008671,20241108,1392,2,1,1,11760.0,2469.6,0.0,14229.6
7348,1000008672,20240506,587,2,3,3,57600.0,12096.0,0.0,69696.0
7349,1000008673,20250611,1457,2,4,4,34200.0,7182.0,0.0,41382.0
7350,1000008674,20240922,290,1,3087,-1,29925.0,6284.25,900.0,37109.25
7351,1000008675,20250407,1198,1,3068,-1,37620.0,7900.2,1500.0,47020.2
7352,1000008676,20250125,708,2,1,1,15000.0,3150.0,0.0,18150.0
7353,1000008677,20240212,618,1,2748,-1,48510.0,10187.1,900.0,59597.1
7354,1000008678,20250603,426,1,1493,-1,10800.0,2268.0,1200.0,14268.0
7355,1000008679,20240613,69,1,2095,-1,23520.0,4939.2,0.0,28459.2
7356,1000008680,20240625,284,1,914,-1,36000.0,7560.0,1200.0,44760.0
7357,1000008681,20240727,576,1,2489,-1,42750.0,8977.5,1200.0,52927.5
7358,1000008682,20240702,689,1,446,-1,37044.0,7779.24,900.0,45723.24
7359,1000008683,20241205,166,1,1632,-1,53850.0,11308.5,900.0,66058.5
7360,1000008684,20250604,1060,1,1453,-1,74430.0,15630.3,900.0,90960.3
7361,1000008685,20250418,484,1,1911,-1,44100.0,9261.0,900.0,54261.0
7362,1000008686,20250123,645,2,3,3,12600.0,2646.0,0.0,15246.0
7363,1000008688,20240808,1009,1,1687,-1,30000.0,6300.0,0.0,36300.0
7364,1000008689,20240710,322,2,4,4,23520.0,4939.2,0.0,28459.2
7365,1000008690,20240628,849,2,2,2,44550.0,9355.5,0.0,53905.5
7366,1000008693,20250126,1288,2,1,1,64500.0,13545.0,0.0,78045.0
7367,1000008694,20240515,1063,1,2166,-1,28350.0,5953.5,900.0,35203.5
7368,1000008695,20250713,394,2,4,4,34200.0,7182.0,0.0,41382.0
7369,1000008696,20240122,1350,1,1010,-1,19440.0,4082.4,900.0,24422.4
7370,1000008697,20240204,182,1,2175,-1,39000.0,8190.0,1500.0,48690.0
7371,1000008698,20240225,520,2,4,4,21600.0,4536.0,0.0,26136.0
7372,1000008699,20250419,417,2,3,3,44887.5,9426.38,0.0,54313.88
7373,1000008700,20250518,1429,1,24,-1,42750.0,8977.5,1500.0,53227.5
7374,1000008701,20241115,860,1,1620,-1,22800.0,4788.0,1200.0,28788.0
7375,1000008702,20240301,780,1,2726,-1,67500.0,14175.0,1200.0,82875.0
7376,1000008704,20250208,726,1,2330,-1,11400.0,2394.0,900.0,14694.0
7377,1000008705,20241206,405,2,2,2,10800.0,2268.0,0.0,13068.0
7378,1000008706,20240227,135,1,2432,-1,12348.0,2593.08,1200.0,16141.08
7379,1000008707,20250611,342,1,522,-1,35910.0,7541.1,900.0,44351.1
7380,1000008708,20250604,56,2,3,3,50520.0,10609.2,0.0,61129.2
7381,1000008709,20250606,679,1,2367,-1,20520.0,4309.2,0.0,24829.2
7382,1000008710,20250904,441,1,2303,-1,40500.0,8505.0,0.0,49005.0
7383,1000008711,20241105,546,1,89,-1,34020.0,7144.2,0.0,41164.2
7384,1000008712,20250514,453,2,4,4,46296.0,9722.16,0.0,56018.16
7385,1000008713,20240628,818,1,711,-1,44100.0,9261.0,1200.0,54561.0
7386,1000008714,20250407,1479,1,2198,-1,15000.0,3150.0,900.0,19050.0
7387,1000008716,20240826,963,2,1,1,30870.0,6482.7,0.0,37352.7
7388,1000008717,20250719,1465,1,1241,-1,10800.0,2268.0,1200.0,14268.0
7389,1000008718,20240602,1293,1,721,-1,38475.0,8079.75,900.0,47454.75
7390,1000008719,20240128,1464,1,1658,-1,39600.0,8316.0,900.0,48816.0
7391,1000008720,20240707,986,2,3,3,59100.0,12411.0,0.0,71511.0
7392,1000008721,20250604,593,2,1,1,27000.0,5670.0,0.0,32670.0
7393,1000008722,20250216,1014,2,2,2,10260.0,2154.6,0.0,12414.6
7394,1000008723,20250509,514,2,3,3,45000.0,9450.0,0.0,54450.0
7395,1000008724,20240722,1094,2,1,1,34080.0,7156.8,0.0,41236.8
7396,1000008725,20240406,1251,1,821,-1,13500.0,2835.0,900.0,17235.0
7397,1000008726,20250514,305,2,3,3,35670.0,7490.7,0.0,43160.7
7398,1000008727,20250223,123,1,229,-1,25500.0,5355.0,900.0,31755.0
7399,1000008728,20241015,1216,1,3152,-1,21600.0,4536.0,1200.0,27336.0
7400,1000008729,20250912,1117,1,2702,-1,11400.0,2394.0,1200.0,14994.0
7401,1000008730,20250612,391,2,1,1,47040.0,9878.4,0.0,56918.4
7402,1000008731,20240823,475,2,3,3,27000.0,5670.0,0.0,32670.0
7403,1000008732,20250111,1090,2,1,1,26460.0,5556.6,0.0,32016.6
7404,1000008733,20241009,196,2,1,1,64800.0,13608.0,0.0,78408.0
7405,1000008734,20250428,1111,2,3,3,11760.0,2469.6,0.0,14229.6
7406,1000008735,20240912,781,2,2,2,36450.0,7654.5,0.0,44104.5
7407,1000008736,20240102,719,1,2092,-1,10800.0,2268.0,1200.0,14268.0
7408,1000008737,20250927,825,1,1163,-1,27150.0,5701.5,1500.0,34351.5
7409,1000008738,20240402,1483,1,990,-1,44100.0,9261.0,1200.0,54561.0
7410,1000008739,20250623,1489,1,1383,-1,31500.0,6615.0,1200.0,39315.0
7411,1000008740,20250517,118,1,2268,-1,45000.0,9450.0,1200.0,55650.0
7412,1000008742,20250715,599,2,4,4,27000.0,5670.0,0.0,32670.0
7413,1000008744,20250420,1128,1,2781,-1,19440.0,4082.4,900.0,24422.4
7414,1000008745,20250306,319,2,3,3,32400.0,6804.0,0.0,39204.0
7415,1000008746,20240314,1148,1,2301,-1,38475.0,8079.75,1200.0,47754.75
7416,1000008748,20240718,667,2,3,3,16170.0,3395.7,0.0,19565.7
7417,1000008749,20240514,932,1,2001,-1,32400.0,6804.0,900.0,40104.0
7418,1000008750,20240519,1054,2,2,2,11400.0,2394.0,0.0,13794.0
7419,1000008751,20241126,346,1,3014,-1,15000.0,3150.0,900.0,19050.0
7420,1000008752,20240809,1004,1,1955,-1,15750.0,3307.5,1200.0,20257.5
7421,1000008753,20240926,272,1,470,-1,21168.0,4445.28,900.0,26513.28
7422,1000008754,20240903,1201,2,3,3,65550.0,13765.5,0.0,79315.5
7423,1000008756,20240331,1336,1,962,-1,11760.0,2469.6,900.0,15129.6
7424,1000008757,20240802,1346,1,339,-1,22800.0,4788.0,1200.0,28788.0
7425,1000008758,20240322,159,1,3021,-1,94860.0,19920.6,900.0,115680.6
7426,1000008759,20250416,589,2,3,3,75870.0,15932.7,0.0,91802.7
7427,1000008760,20250612,1371,2,2,2,43200.0,9072.0,0.0,52272.0
7428,1000008762,20240824,877,1,2889,-1,34020.0,7144.2,1200.0,42364.2
7429,1000008763,20250513,479,1,2885,-1,19440.0,4082.4,900.0,24422.4
7430,1000008766,20240526,1142,1,2905,-1,30000.0,6300.0,900.0,37200.0
7431,1000008767,20250417,187,1,1732,-1,45000.0,9450.0,900.0,55350.0
7432,1000008768,20240426,1384,2,2,2,32400.0,6804.0,0.0,39204.0
7433,1000008769,20240323,289,2,3,3,85065.0,17863.65,0.0,102928.65
7434,1000008770,20240211,174,2,1,1,29550.0,6205.5,0.0,35755.5
7435,1000008771,20250507,920,1,2103,-1,26460.0,5556.6,1500.0,33516.6
7436,1000008772,20240522,1120,1,550,-1,14250.0,2992.5,1500.0,18742.5
7437,1000008773,20240907,1048,1,1733,-1,22800.0,4788.0,1500.0,29088.0
7438,1000008774,20241027,653,1,586,-1,48000.0,10080.0,0.0,58080.0
7439,1000008775,20240324,1090,1,11,-1,35280.0,7408.8,900.0,43588.8
7440,1000008776,20240331,192,1,553,-1,32400.0,6804.0,1200.0,40404.0
7441,1000008777,20240521,684,2,3,3,54390.0,11421.9,0.0,65811.9
7442,1000008778,20240619,1441,1,111,-1,47250.0,9922.5,0.0,57172.5
7443,1000008779,20241014,467,1,2108,-1,21168.0,4445.28,1200.0,26813.28
7444,1000008781,20240302,1057,2,2,2,42750.0,8977.5,0.0,51727.5
7445,1000008782,20250102,100,2,1,1,35280.0,7408.8,0.0,42688.8
7446,1000008783,20240906,1139,1,2198,-1,58500.0,12285.0,0.0,70785.0
7447,1000008784,20241017,1419,1,2754,-1,11760.0,2469.6,1200.0,15429.6
7448,1000008785,20250824,686,1,30,-1,51000.0,10710.0,1200.0,62910.0
7449,1000008786,20250127,49,2,1,1,40200.0,8442.0,0.0,48642.0
7450,1000008787,20250513,219,2,2,2,23520.0,4939.2,0.0,28459.2
7451,1000008788,20241101,652,2,3,3,21600.0,4536.0,0.0,26136.0
7452,1000008789,20241106,1431,2,3,3,9720.0,2041.2,0.0,11761.2
7453,1000008790,20250228,1423,1,1063,-1,34200.0,7182.0,1200.0,42582.0
7454,1000008792,20240520,695,1,1762,-1,38190.0,8019.9,900.0,47109.9
7455,1000008793,20240402,1128,2,4,4,34020.0,7144.2,0.0,41164.2
7456,1000008794,20250218,838,1,783,-1,13500.0,2835.0,1200.0,17535.0
7457,1000008795,20241208,72,2,4,4,73237.5,15379.88,0.0,88617.38
7458,1000008796,20250426,765,1,280,-1,64800.0,13608.0,900.0,79308.0
7459,1000008797,20241031,565,2,4,4,15435.0,3241.35,0.0,18676.35
7460,1000008798,20240729,107,1,2999,-1,22800.0,4788.0,900.0,28488.0
7461,1000008799,20240926,1248,1,2825,-1,61800.0,12978.0,900.0,75678.0
7462,1000008800,20250418,1296,1,1818,-1,31350.0,6583.5,1200.0,39133.5
7463,1000008801,20240315,397,1,518,-1,58950.0,12379.5,1200.0,72529.5
7464,1000008802,20240911,1434,1,1880,-1,22680.0,4762.8,900.0,28342.8
7465,1000008803,20240115,394,1,1462,-1,13500.0,2835.0,900.0,17235.0
7466,1000008804,20241107,213,2,2,2,20520.0,4309.2,0.0,24829.2
7467,1000008805,20250701,46,1,2652,-1,11340.0,2381.4,1200.0,14921.4
7468,1000008806,20240116,1191,1,2202,-1,42750.0,8977.5,1500.0,53227.5
7469,1000008807,20240707,1038,2,4,4,13500.0,2835.0,0.0,16335.0
7470,1000008808,20250818,847,2,3,3,34320.0,7207.2,0.0,41527.2
7471,1000008809,20250904,56,1,984,-1,35100.0,7371.0,1200.0,43671.0
7472,1000008810,20250304,405,1,215,-1,24696.0,5186.16,1500.0,31382.16
7473,1000008811,20240614,467,1,1320,-1,23520.0,4939.2,1500.0,29959.2
7474,1000008812,20240420,33,1,815,-1,14850.0,3118.5,1200.0,19168.5
7475,1000008813,20250824,239,2,4,4,22800.0,4788.0,0.0,27588.0
7476,1000008814,20240401,888,1,3116,-1,12150.0,2551.5,1200.0,15901.5
7477,1000008815,20240519,622,2,2,2,21600.0,4536.0,0.0,26136.0
7478,1000008816,20240302,533,1,2374,-1,23520.0,4939.2,1500.0,29959.2
7479,1000008817,20240310,715,1,442,-1,25650.0,5386.5,1500.0,32536.5
7480,1000008818,20240530,126,1,1272,-1,23520.0,4939.2,0.0,28459.2
7481,1000008819,20250920,919,1,1079,-1,44550.0,9355.5,1200.0,55105.5
7482,1000008820,20250519,221,2,3,3,14700.0,3087.0,0.0,17787.0
7483,1000008821,20250709,266,1,2120,-1,27000.0,5670.0,900.0,33570.0
7484,1000008822,20240704,604,1,1115,-1,49200.0,10332.0,0.0,59532.0
7485,1000008825,20240722,694,2,1,1,14250.0,2992.5,0.0,17242.5
7486,1000008826,20250822,621,1,1012,-1,36000.0,7560.0,1200.0,44760.0
7487,1000008829,20240709,1274,1,279,-1,61560.0,12927.6,1200.0,75687.6
7488,1000008830,20240123,1037,1,2736,-1,14700.0,3087.0,900.0,18687.0
7489,1000008831,20240826,952,2,4,4,25650.0,5386.5,0.0,31036.5
7490,1000008832,20250602,1162,1,1184,-1,14250.0,2992.5,1200.0,18442.5
7491,1000008833,20250122,779,1,2474,-1,40260.0,8454.6,900.0,49614.6
7492,1000008834,20240229,975,2,2,2,21600.0,4536.0,0.0,26136.0
7493,1000008835,20250703,876,1,692,-1,14700.0,3087.0,1200.0,18987.0
7494,1000008836,20240915,459,1,3195,-1,13230.0,2778.3,0.0,16008.3
7495,1000008837,20240517,728,1,2943,-1,21600.0,4536.0,1500.0,27636.0
7496,1000008838,20241009,231,1,1533,-1,29925.0,6284.25,0.0,36209.25
7497,1000008839,20240911,774,1,3142,-1,14250.0,2992.5,900.0,18142.5
7498,1000008840,20240719,228,2,3,3,30000.0,6300.0,0.0,36300.0
7499,1000008841,20240101,1386,1,98,-1,21600.0,4536.0,1200.0,27336.0
7500,1000008842,20240607,618,1,791,-1,32400.0,6804.0,900.0,40104.0
7501,1000008843,20240915,5,2,1,1,40560.0,8517.6,0.0,49077.6
7502,1000008844,20240122,950,1,762,-1,48510.0,10187.1,1500.0,60197.1
7503,1000008845,20241023,1412,2,4,4,40500.0,8505.0,0.0,49005.0
7504,1000008846,20250704,475,1,2267,-1,40500.0,8505.0,900.0,49905.0
7505,1000008847,20240424,769,1,263,-1,10800.0,2268.0,1200.0,14268.0
7506,1000008848,20240628,13,2,1,1,21600.0,4536.0,0.0,26136.0
7507,1000008850,20240408,1249,2,3,3,14700.0,3087.0,0.0,17787.0
7508,1000008851,20250507,1278,1,986,-1,43200.0,9072.0,1200.0,53472.0
7509,1000008852,20250409,876,1,928,-1,32400.0,6804.0,1200.0,40404.0
7510,1000008853,20241024,53,2,2,2,14175.0,2976.75,0.0,17151.75
7511,1000008854,20250121,187,1,2585,-1,11760.0,2469.6,900.0,15129.6
7512,1000008855,20250508,935,1,1142,-1,19440.0,4082.4,1500.0,25022.4
7513,1000008856,20240831,253,1,692,-1,22800.0,4788.0,1200.0,28788.0
7514,1000008857,20240107,664,1,1400,-1,13500.0,2835.0,900.0,17235.0
7515,1000008858,20240102,886,1,1777,-1,23940.0,5027.4,1200.0,30167.4
7516,1000008859,20240106,235,1,1257,-1,11400.0,2394.0,1200.0,14994.0
7517,1000008860,20240125,322,1,1077,-1,14850.0,3118.5,900.0,18868.5
7518,1000008861,20250917,1427,1,1121,-1,14250.0,2992.5,1200.0,18442.5
7519,1000008862,20250608,1439,1,2491,-1,42525.0,8930.25,900.0,52355.25
7520,1000008863,20240611,885,2,4,4,40500.0,8505.0,0.0,49005.0
7521,1000008864,20241009,874,1,2533,-1,43312.5,9095.62,1500.0,53908.12
7522,1000008865,20240519,1083,1,381,-1,44250.0,9292.5,0.0,53542.5
7523,1000008867,20241004,507,2,3,3,27000.0,5670.0,0.0,32670.0
7524,1000008868,20241129,436,1,2806,-1,45000.0,9450.0,1200.0,55650.0
7525,1000008869,20250724,237,1,2516,-1,23520.0,4939.2,900.0,29359.2
7526,1000008870,20240422,1120,1,620,-1,12000.0,2520.0,1200.0,15720.0
7527,1000008871,20241028,1081,1,501,-1,23940.0,5027.4,900.0,29867.4
7528,1000008872,20250611,511,1,146,-1,14962.5,3142.12,1200.0,19304.62
7529,1000008873,20241103,1330,2,4,4,33000.0,6930.0,0.0,39930.0
7530,1000008875,20240830,87,1,588,-1,24000.0,5040.0,900.0,29940.0
7531,1000008876,20241125,1429,1,1336,-1,35940.0,7547.4,1200.0,44687.4
7532,1000008877,20240325,1251,1,785,-1,37500.0,7875.0,900.0,46275.0
7533,1000008878,20250827,1228,1,877,-1,24000.0,5040.0,900.0,29940.0
7534,1000008879,20240817,1482,1,1052,-1,40500.0,8505.0,1500.0,50505.0
7535,1000008880,20250422,1114,1,1836,-1,71190.0,14949.9,900.0,87039.9
7536,1000008881,20250915,1489,2,3,3,34920.0,7333.2,0.0,42253.2
7537,1000008885,20250610,458,1,1095,-1,14962.5,3142.12,1200.0,19304.62
7538,1000008886,20240821,1105,1,1593,-1,38808.0,8149.68,0.0,46957.68
7539,1000008887,20241119,229,2,3,3,101268.0,21266.28,0.0,122534.28
7540,1000008888,20250617,1387,1,1845,-1,40500.0,8505.0,1500.0,50505.0
7541,1000008889,20240823,75,1,1510,-1,11760.0,2469.6,1500.0,15729.6
7542,1000008890,20240112,295,1,2610,-1,46680.0,9802.8,1200.0,57682.8
7543,1000008891,20240729,705,1,1043,-1,87270.0,18326.7,1200.0,106796.7
7544,1000008892,20250613,455,1,730,-1,34200.0,7182.0,900.0,42282.0
7545,1000008894,20250422,465,1,2458,-1,35280.0,7408.8,900.0,43588.8
7546,1000008895,20240711,418,2,1,1,14175.0,2976.75,0.0,17151.75
7547,1000008896,20241209,477,1,2290,-1,50100.0,10521.0,1500.0,62121.0
7548,1000008897,20250505,619,2,1,1,34020.0,7144.2,0.0,41164.2
7549,1000008898,20241210,1101,1,2342,-1,14700.0,3087.0,0.0,17787.0
7550,1000008900,20241122,101,2,4,4,50400.0,10584.0,0.0,60984.0
7551,1000008902,20241228,1081,1,1099,-1,14250.0,2992.5,900.0,18142.5
7552,1000008904,20240605,1309,2,2,2,11340.0,2381.4,0.0,13721.4
7553,1000008905,20250122,90,1,2486,-1,47025.0,9875.25,0.0,56900.25
7554,1000008906,20240210,937,1,2423,-1,23520.0,4939.2,1200.0,29659.2
7555,1000008907,20240417,1217,1,56,-1,16500.0,3465.0,1200.0,21165.0
7556,1000008908,20240628,611,1,766,-1,72252.0,15172.92,900.0,88324.92
7557,1000008909,20250627,1374,2,2,2,13500.0,2835.0,0.0,16335.0
7558,1000008910,20241014,701,1,147,-1,14850.0,3118.5,1500.0,19468.5
7559,1000008911,20250714,1147,2,1,1,41610.0,8738.1,0.0,50348.1
7560,1000008912,20250102,14,2,4,4,30000.0,6300.0,0.0,36300.0
7561,1000008913,20240926,1499,1,2518,-1,30870.0,6482.7,0.0,37352.7
7562,1000008914,20250827,1135,1,1406,-1,38760.0,8139.6,0.0,46899.6
7563,1000008915,20250923,1110,1,1908,-1,53550.0,11245.5,1500.0,66295.5
7564,1000008916,20250815,1044,2,1,1,35910.0,7541.1,0.0,43451.1
7565,1000008918,20250424,413,2,3,3,69825.0,14663.25,0.0,84488.25
7566,1000008919,20241114,891,1,1721,-1,29925.0,6284.25,900.0,37109.25
7567,1000008920,20240930,310,1,1687,-1,50872.5,10683.22,0.0,61555.72
7568,1000008922,20250925,223,2,1,1,39690.0,8334.9,0.0,48024.9
7569,1000008923,20240828,173,1,2084,-1,39600.0,8316.0,1500.0,49416.0
7570,1000008925,20241023,454,2,4,4,40500.0,8505.0,0.0,49005.0
7571,1000008926,20241012,559,2,4,4,50280.0,10558.8,0.0,60838.8
7572,1000008927,20250701,894,2,2,2,10800.0,2268.0,0.0,13068.0
7573,1000008928,20240415,805,1,500,-1,23520.0,4939.2,1200.0,29659.2
7574,1000008929,20250323,1037,1,2350,-1,50850.0,10678.5,0.0,61528.5
7575,1000008931,20250203,1413,1,955,-1,12150.0,2551.5,0.0,14701.5
7576,1000008932,20240604,386,1,1776,-1,22800.0,4788.0,900.0,28488.0
7577,1000008933,20250305,1004,1,2744,-1,27000.0,5670.0,900.0,33570.0
7578,1000008934,20250302,318,2,1,1,21600.0,4536.0,0.0,26136.0
7579,1000008937,20240521,1167,1,262,-1,42525.0,8930.25,1200.0,52655.25
7580,1000008938,20240517,1248,1,3174,-1,23520.0,4939.2,1500.0,29959.2
7581,1000008939,20241216,1184,1,2348,-1,25872.0,5433.12,900.0,32205.12
7582,1000008941,20250708,69,1,154,-1,37620.0,7900.2,1200.0,46720.2
7583,1000008942,20240907,1362,1,2420,-1,40500.0,8505.0,0.0,49005.0
7584,1000008943,20241117,683,2,4,4,55080.0,11566.8,0.0,66646.8
7585,1000008944,20250126,49,1,548,-1,12000.0,2520.0,1500.0,16020.0
7586,1000008945,20240430,679,1,226,-1,27000.0,5670.0,900.0,33570.0
7587,1000008946,20250313,117,2,4,4,44100.0,9261.0,0.0,53361.0
7588,1000008949,20240123,271,1,2135,-1,48900.0,10269.0,1200.0,60369.0
7589,1000008950,20250924,1275,1,434,-1,35640.0,7484.4,0.0,43124.4
7590,1000008952,20240903,541,1,2127,-1,38220.0,8026.2,0.0,46246.2
7591,1000008953,20250329,791,1,181,-1,10584.0,2222.64,900.0,13706.64
7592,1000008954,20250505,864,1,462,-1,21600.0,4536.0,1200.0,27336.0
7593,1000008955,20250330,1171,1,1609,-1,22068.0,4634.28,900.0,27602.28
7594,1000008956,20240109,331,2,3,3,34200.0,7182.0,0.0,41382.0
7595,1000008957,20250820,468,2,3,3,64200.0,13482.0,0.0,77682.0
7596,1000008958,20250729,722,1,169,-1,29160.0,6123.6,0.0,35283.6
7597,1000008959,20240920,586,1,3109,-1,30780.0,6463.8,900.0,38143.8
7598,1000008960,20240802,490,1,7,-1,36000.0,7560.0,900.0,44460.0
7599,1000008962,20241225,1418,2,4,4,47670.0,10010.7,0.0,57680.7
7600,1000008963,20240415,216,1,3010,-1,40500.0,8505.0,900.0,49905.0
7601,1000008964,20240121,1273,1,1695,-1,67050.0,14080.5,1200.0,82330.5
7602,1000008965,20250227,262,1,2196,-1,51480.0,10810.8,900.0,63190.8
7603,1000008967,20240826,899,1,1606,-1,48510.0,10187.1,0.0,58697.1
7604,1000008968,20250212,861,1,2137,-1,39690.0,8334.9,1200.0,49224.9
7605,1000008969,20240511,337,1,126,-1,11400.0,2394.0,900.0,14694.0
7606,1000008970,20241222,1434,2,4,4,32400.0,6804.0,0.0,39204.0
7607,1000008971,20250614,1379,1,154,-1,39690.0,8334.9,1200.0,49224.9
7608,1000008973,20250707,741,2,3,3,14850.0,3118.5,0.0,17968.5
7609,1000008974,20250713,160,1,2635,-1,51000.0,10710.0,1200.0,62910.0
7610,1000008975,20250819,721,1,305,-1,13500.0,2835.0,1200.0,17535.0
7611,1000008976,20240116,524,2,4,4,49980.0,10495.8,0.0,60475.8
7612,1000008979,20250422,949,2,3,3,12000.0,2520.0,0.0,14520.0
7613,1000008982,20250401,44,2,4,4,10800.0,2268.0,0.0,13068.0
7614,1000008983,20241223,184,1,610,-1,45000.0,9450.0,900.0,55350.0
7615,1000008985,20240716,1378,2,2,2,46800.0,9828.0,0.0,56628.0
7616,1000008986,20240709,168,1,641,-1,34200.0,7182.0,1500.0,42882.0
7617,1000008987,20240619,806,2,2,2,31350.0,6583.5,0.0,37933.5
7618,1000008989,20240108,460,1,1397,-1,28350.0,5953.5,1200.0,35503.5
7619,1000008990,20250822,804,2,4,4,32400.0,6804.0,0.0,39204.0
7620,1000008991,20250920,917,1,2649,-1,21600.0,4536.0,900.0,27036.0
7621,1000008992,20250215,416,2,1,1,40500.0,8505.0,0.0,49005.0
7622,1000008993,20240528,1070,2,1,1,31752.0,6667.92,0.0,38419.92
7623,1000008994,20250131,1219,2,4,4,36000.0,7560.0,0.0,43560.0
7624,1000008996,20250428,960,2,1,1,40350.0,8473.5,0.0,48823.5
7625,1000008998,20250307,1317,1,2916,-1,81240.0,17060.4,900.0,99200.4
7626,1000008999,20250224,361,1,1285,-1,27000.0,5670.0,900.0,33570.0
7627,1000009000,20240825,196,2,3,3,34200.0,7182.0,0.0,41382.0
7628,1000009001,20240506,75,2,1,1,29160.0,6123.6,0.0,35283.6
7629,1000009002,20250724,513,1,494,-1,14700.0,3087.0,1200.0,18987.0
7630,1000009003,20250625,947,1,2676,-1,24000.0,5040.0,900.0,29940.0
7631,1000009004,20241013,432,1,827,-1,34200.0,7182.0,1200.0,42582.0
7632,1000009005,20241203,831,1,2209,-1,11400.0,2394.0,900.0,14694.0
7633,1000009006,20250101,1231,1,684,-1,31752.0,6667.92,1200.0,39619.92
7634,1000009007,20240728,1408,1,760,-1,45780.0,9613.8,1200.0,56593.8
7635,1000009008,20240425,266,2,3,3,36960.0,7761.6,0.0,44721.6
7636,1000009009,20241217,1213,2,1,1,24834.0,5215.14,0.0,30049.14
7637,1000009010,20250319,1286,1,1229,-1,27000.0,5670.0,1200.0,33870.0
7638,1000009012,20240920,1369,1,1760,-1,54810.0,11510.1,0.0,66320.1
7639,1000009015,20250322,695,2,2,2,56767.5,11921.18,0.0,68688.68
7640,1000009016,20241101,914,2,3,3,31350.0,6583.5,0.0,37933.5
7641,1000009017,20250819,1124,1,2268,-1,69660.0,14628.6,900.0,85188.6
7642,1000009018,20250407,629,2,1,1,22770.0,4781.7,0.0,27551.7
7643,1000009019,20240629,1234,2,1,1,82044.0,17229.24,0.0,99273.24
7644,1000009020,20250921,1129,2,1,1,29925.0,6284.25,0.0,36209.25
7645,1000009021,20250817,867,2,1,1,43200.0,9072.0,0.0,52272.0
7646,1000009022,20241018,468,1,1383,-1,21600.0,4536.0,900.0,27036.0
7647,1000009023,20240824,317,1,3192,-1,32400.0,6804.0,1500.0,40704.0
7648,1000009024,20241113,619,1,3120,-1,36450.0,7654.5,1500.0,45604.5
7649,1000009025,20250320,1269,1,2087,-1,27000.0,5670.0,900.0,33570.0
7650,1000009027,20250726,747,1,30,-1,10260.0,2154.6,1500.0,13914.6
7651,1000009029,20240914,1170,1,2393,-1,46440.0,9752.4,1200.0,57392.4
7652,1000009030,20250125,1068,1,1091,-1,26460.0,5556.6,900.0,32916.6
7653,1000009031,20250722,1416,1,875,-1,44100.0,9261.0,900.0,54261.0
7654,1000009032,20250424,818,2,2,2,23760.0,4989.6,0.0,28749.6
7655,1000009033,20240308,212,2,4,4,44550.0,9355.5,0.0,53905.5
7656,1000009034,20250702,1196,2,2,2,77616.0,16299.36,0.0,93915.36
7657,1000009035,20240218,336,2,4,4,40500.0,8505.0,0.0,49005.0
7658,1000009036,20240619,205,1,2563,-1,45600.0,9576.0,900.0,56076.0
7659,1000009037,20241221,667,1,1283,-1,42750.0,8977.5,1200.0,52927.5
7660,1000009038,20240831,1390,1,1379,-1,24000.0,5040.0,1200.0,30240.0
7661,1000009039,20240904,597,1,1281,-1,54000.0,11340.0,1500.0,66840.0
7662,1000009040,20250423,1290,2,2,2,23520.0,4939.2,0.0,28459.2
7663,1000009041,20250625,594,1,715,-1,80190.0,16839.9,1200.0,98229.9
7664,1000009042,20241120,1192,1,2371,-1,45000.0,9450.0,900.0,55350.0
7665,1000009043,20250823,86,1,1212,-1,47025.0,9875.25,1200.0,58100.25
7666,1000009044,20241118,178,1,848,-1,13500.0,2835.0,1200.0,17535.0
7667,1000009045,20250719,659,2,2,2,35280.0,7408.8,0.0,42688.8
7668,1000009046,20250401,349,2,3,3,20520.0,4309.2,0.0,24829.2
7669,1000009048,20240506,984,1,1297,-1,42750.0,8977.5,1200.0,52927.5
7670,1000009049,20240919,1397,1,2310,-1,55200.0,11592.0,900.0,67692.0
7671,1000009050,20240402,400,2,3,3,59700.0,12537.0,0.0,72237.0
7672,1000009051,20250616,1227,2,3,3,11760.0,2469.6,0.0,14229.6
7673,1000009052,20250317,714,1,2463,-1,80388.0,16881.48,900.0,98169.48
7674,1000009053,20240329,677,1,2436,-1,45000.0,9450.0,900.0,55350.0
7675,1000009054,20250901,145,1,2414,-1,25872.0,5433.12,1200.0,32505.12
7676,1000009055,20240111,1366,2,4,4,45000.0,9450.0,0.0,54450.0
7677,1000009056,20241004,824,2,2,2,10260.0,2154.6,0.0,12414.6
7678,1000009057,20250401,1165,1,28,-1,14250.0,2992.5,1500.0,18742.5
7679,1000009058,20241017,1158,1,743,-1,12150.0,2551.5,1200.0,15901.5
7680,1000009059,20240423,1410,1,1402,-1,34200.0,7182.0,0.0,41382.0
7681,1000009060,20250810,952,1,2815,-1,15000.0,3150.0,0.0,18150.0
7682,1000009062,20250429,1029,1,2525,-1,22800.0,4788.0,1200.0,28788.0
7683,1000009063,20240602,1392,2,1,1,12825.0,2693.25,0.0,15518.25
7684,1000009065,20250125,649,1,1034,-1,43200.0,9072.0,0.0,52272.0
7685,1000009066,20240710,21,1,1559,-1,29400.0,6174.0,900.0,36474.0
7686,1000009067,20241123,459,1,2888,-1,15750.0,3307.5,0.0,19057.5
7687,1000009068,20241101,322,2,3,3,24300.0,5103.0,0.0,29403.0
7688,1000009069,20240918,446,2,1,1,28500.0,5985.0,0.0,34485.0
7689,1000009070,20240620,589,2,3,3,24000.0,5040.0,0.0,29040.0
7690,1000009072,20250204,352,1,146,-1,12825.0,2693.25,1200.0,16718.25
7691,1000009073,20250729,895,1,50,-1,26460.0,5556.6,1500.0,33516.6
7692,1000009074,20240710,785,2,1,1,44100.0,9261.0,0.0,53361.0
7693,1000009075,20241207,1338,1,2004,-1,40500.0,8505.0,1200.0,50205.0
7694,1000009076,20240508,587,2,3,3,36000.0,7560.0,0.0,43560.0
7695,1000009077,20240913,69,2,4,4,10800.0,2268.0,0.0,13068.0
7696,1000009078,20250204,1370,2,2,2,16500.0,3465.0,0.0,19965.0
7697,1000009080,20250227,768,1,2713,-1,14700.0,3087.0,900.0,18687.0
7698,1000009081,20240214,1440,1,2631,-1,10584.0,2222.64,900.0,13706.64
7699,1000009083,20240130,1300,2,1,1,32400.0,6804.0,0.0,39204.0
7700,1000009084,20240702,488,1,1106,-1,12000.0,2520.0,900.0,15420.0
7701,1000009085,20240601,1192,2,1,1,22020.0,4624.2,0.0,26644.2
7702,1000009086,20241015,1394,1,1178,-1,80100.0,16821.0,1500.0,98421.0
7703,1000009088,20241221,267,2,2,2,9720.0,2041.2,0.0,11761.2
7704,1000009090,20240203,573,1,1390,-1,32400.0,6804.0,900.0,40104.0
7705,1000009091,20240528,1328,1,2072,-1,42750.0,8977.5,1500.0,53227.5
7706,1000009092,20240910,445,1,2245,-1,40500.0,8505.0,0.0,49005.0
7707,1000009093,20250727,185,2,3,3,35520.0,7459.2,0.0,42979.2
7708,1000009094,20241214,38,2,4,4,42750.0,8977.5,0.0,51727.5
7709,1000009095,20241007,203,2,1,1,24000.0,5040.0,0.0,29040.0
7710,1000009096,20240812,669,1,10,-1,43800.0,9198.0,0.0,52998.0
7711,1000009097,20250803,21,1,1683,-1,11760.0,2469.6,1200.0,15429.6
7712,1000009099,20241006,1186,1,825,-1,47100.0,9891.0,900.0,57891.0
7713,1000009101,20250123,1336,1,1415,-1,45000.0,9450.0,0.0,54450.0
7714,1000009102,20240806,1253,1,1096,-1,81480.0,17110.8,1200.0,99790.8
7715,1000009103,20240815,722,2,3,3,77283.0,16229.43,0.0,93512.43
7716,1000009105,20240125,1374,1,2340,-1,23520.0,4939.2,0.0,28459.2
7717,1000009106,20250909,490,2,2,2,23520.0,4939.2,0.0,28459.2
7718,1000009107,20250516,711,1,784,-1,29400.0,6174.0,1200.0,36774.0
7719,1000009108,20250125,847,1,809,-1,31500.0,6615.0,1200.0,39315.0
7720,1000009109,20240207,533,2,3,3,13200.0,2772.0,0.0,15972.0
7721,1000009110,20240824,897,2,4,4,63750.0,13387.5,0.0,77137.5
7722,1000009111,20241101,1169,1,1067,-1,35280.0,7408.8,1500.0,44188.8
7723,1000009112,20241029,165,1,689,-1,30000.0,6300.0,1500.0,37800.0
7724,1000009113,20240620,566,1,364,-1,22800.0,4788.0,900.0,28488.0
7725,1000009114,20240308,1221,2,4,4,22680.0,4762.8,0.0,27442.8
7726,1000009115,20240525,429,2,1,1,44100.0,9261.0,0.0,53361.0
7727,1000009116,20240612,654,2,4,4,14700.0,3087.0,0.0,17787.0
7728,1000009117,20250103,1375,2,1,1,37800.0,7938.0,0.0,45738.0
7729,1000009118,20250512,805,1,416,-1,78030.0,16386.3,1500.0,95916.3
7730,1000009119,20240802,264,1,2573,-1,28350.0,5953.5,900.0,35203.5
7731,1000009121,20250623,785,1,2705,-1,32400.0,6804.0,1200.0,40404.0
7732,1000009123,20240603,866,2,2,2,23520.0,4939.2,0.0,28459.2
7733,1000009124,20241206,1088,2,2,2,10800.0,2268.0,0.0,13068.0
7734,1000009125,20241021,1322,2,1,1,62910.0,13211.1,0.0,76121.1
7735,1000009126,20240725,1083,1,1186,-1,62520.0,13129.2,1200.0,76849.2
7736,1000009127,20250911,1135,1,1735,-1,32568.0,6839.28,0.0,39407.28
7737,1000009128,20240829,985,2,1,1,54750.0,11497.5,0.0,66247.5
7738,1000009130,20250601,1105,1,227,-1,24750.0,5197.5,1200.0,31147.5
7739,1000009131,20240826,772,1,823,-1,52725.0,11072.25,900.0,64697.25
7740,1000009132,20241007,1097,1,792,-1,24000.0,5040.0,1200.0,30240.0
7741,1000009133,20250924,1274,1,2385,-1,63600.0,13356.0,900.0,77856.0
7742,1000009134,20240718,972,1,3013,-1,25080.0,5266.8,1200.0,31546.8
7743,1000009135,20240131,1298,2,4,4,40500.0,8505.0,0.0,49005.0
7744,1000009136,20241110,257,2,2,2,25500.0,5355.0,0.0,30855.0
7745,1000009137,20250103,1326,2,4,4,14962.5,3142.12,0.0,18104.62
7746,1000009138,20241216,814,2,3,3,10800.0,2268.0,0.0,13068.0
7747,1000009140,20250617,938,1,450,-1,13500.0,2835.0,900.0,17235.0
7748,1000009141,20250710,209,1,2133,-1,24000.0,5040.0,900.0,29940.0
7749,1000009142,20240204,1318,1,425,-1,48780.0,10243.8,900.0,59923.8
7750,1000009143,20240120,1041,2,2,2,26700.0,5607.0,0.0,32307.0
7751,1000009144,20250112,568,1,1411,-1,33600.0,7056.0,1200.0,41856.0
7752,1000009145,20250815,884,2,2,2,53550.0,11245.5,0.0,64795.5
7753,1000009146,20250809,465,2,2,2,13500.0,2835.0,0.0,16335.0
7754,1000009147,20250706,436,1,1899,-1,64020.0,13444.2,1200.0,78664.2
7755,1000009149,20240219,436,2,4,4,23760.0,4989.6,0.0,28749.6
7756,1000009150,20250201,407,2,2,2,42525.0,8930.25,0.0,51455.25
7757,1000009151,20241129,625,1,1563,-1,29400.0,6174.0,900.0,36474.0
7758,1000009152,20240810,987,1,1280,-1,34200.0,7182.0,0.0,41382.0
7759,1000009153,20240421,811,2,4,4,58500.0,12285.0,0.0,70785.0
7760,1000009154,20250501,537,1,2507,-1,12000.0,2520.0,1200.0,15720.0
7761,1000009155,20250812,1346,1,618,-1,15000.0,3150.0,900.0,19050.0
7762,1000009156,20240830,1117,2,3,3,40230.0,8448.3,0.0,48678.3
7763,1000009157,20250718,140,1,2024,-1,32400.0,6804.0,900.0,40104.0
7764,1000009158,20250514,209,1,2416,-1,16170.0,3395.7,900.0,20465.7
7765,1000009159,20250122,1466,2,3,3,52650.0,11056.5,0.0,63706.5
7766,1000009160,20241220,1260,2,1,1,42000.0,8820.0,0.0,50820.0
7767,1000009161,20241017,247,1,1764,-1,24000.0,5040.0,900.0,29940.0
7768,1000009162,20241228,1267,1,1149,-1,23520.0,4939.2,900.0,29359.2
7769,1000009163,20250625,327,2,1,1,42750.0,8977.5,0.0,51727.5
7770,1000009164,20240602,735,1,2398,-1,55500.0,11655.0,0.0,67155.0
7771,1000009165,20241010,779,1,887,-1,37620.0,7900.2,900.0,46420.2
7772,1000009166,20240621,1270,2,2,2,25650.0,5386.5,0.0,31036.5
7773,1000009167,20240917,1316,1,1069,-1,60900.0,12789.0,900.0,74589.0
7774,1000009168,20240312,323,2,2,2,56520.0,11869.2,0.0,68389.2
7775,1000009169,20240417,1414,1,1725,-1,36000.0,7560.0,1200.0,44760.0
7776,1000009170,20250512,666,1,3020,-1,21168.0,4445.28,1200.0,26813.28
7777,1000009172,20241203,1141,1,1794,-1,46560.0,9777.6,900.0,57237.6
7778,1000009173,20241017,1444,1,1397,-1,44887.5,9426.38,1500.0,55813.88
7779,1000009174,20250929,1174,2,1,1,12000.0,2520.0,0.0,14520.0
7780,1000009175,20250122,284,1,2598,-1,11760.0,2469.6,900.0,15129.6
7781,1000009176,20240416,601,1,1103,-1,35280.0,7408.8,900.0,43588.8
7782,1000009178,20241018,50,2,3,3,38880.0,8164.8,0.0,47044.8
7783,1000009179,20240113,878,1,2716,-1,32400.0,6804.0,900.0,40104.0
7784,1000009180,20250515,1004,1,1459,-1,21600.0,4536.0,0.0,26136.0
7785,1000009181,20250822,180,1,703,-1,22800.0,4788.0,1200.0,28788.0
7786,1000009182,20250322,1384,1,1681,-1,55500.0,11655.0,900.0,68055.0
7787,1000009183,20241205,575,2,3,3,46680.0,9802.8,0.0,56482.8
7788,1000009184,20240519,702,1,2893,-1,26460.0,5556.6,900.0,32916.6
7789,1000009185,20240609,396,2,3,3,30780.0,6463.8,0.0,37243.8
7790,1000009187,20241013,35,1,221,-1,20520.0,4309.2,1200.0,26029.2
7791,1000009188,20240408,840,1,33,-1,13500.0,2835.0,1500.0,17835.0
7792,1000009189,20241003,1458,2,4,4,15000.0,3150.0,0.0,18150.0
7793,1000009190,20250211,528,1,228,-1,35400.0,7434.0,0.0,42834.0
7794,1000009191,20240412,320,1,1835,-1,13500.0,2835.0,1200.0,17535.0
7795,1000009193,20240804,822,1,1918,-1,38700.0,8127.0,900.0,47727.0
7796,1000009194,20240907,155,2,3,3,10800.0,2268.0,0.0,13068.0
7797,1000009195,20240418,1029,1,1849,-1,35280.0,7408.8,1500.0,44188.8
7798,1000009196,20240111,137,2,4,4,22800.0,4788.0,0.0,27588.0
7799,1000009197,20240321,1109,1,3131,-1,25260.0,5304.6,1500.0,32064.6
7800,1000009198,20240110,451,1,2410,-1,42600.0,8946.0,900.0,52446.0
7801,1000009199,20240402,610,2,3,3,21600.0,4536.0,0.0,26136.0
7802,1000009201,20240421,313,1,1849,-1,10800.0,2268.0,900.0,13968.0
7803,1000009202,20250912,61,2,1,1,46320.0,9727.2,0.0,56047.2
7804,1000009203,20250804,717,2,3,3,29925.0,6284.25,0.0,36209.25
7805,1000009204,20250608,83,2,3,3,12150.0,2551.5,0.0,14701.5
7806,1000009205,20240907,214,1,459,-1,40500.0,8505.0,900.0,49905.0
7807,1000009206,20240608,1298,1,2296,-1,30000.0,6300.0,900.0,37200.0
7808,1000009207,20240605,1131,1,2977,-1,59887.5,12576.38,900.0,73363.88
7809,1000009208,20240127,416,1,1533,-1,19440.0,4082.4,1200.0,24722.4
7810,1000009209,20250211,914,1,852,-1,44100.0,9261.0,900.0,54261.0
7811,1000009210,20250215,469,1,2393,-1,26220.0,5506.2,0.0,31726.2
7812,1000009212,20250220,795,1,3204,-1,27000.0,5670.0,900.0,33570.0
7813,1000009213,20240202,138,1,403,-1,25650.0,5386.5,900.0,31936.5
7814,1000009214,20240421,922,2,4,4,15000.0,3150.0,0.0,18150.0
7815,1000009216,20250124,37,1,2190,-1,30000.0,6300.0,1200.0,37500.0
7816,1000009217,20240313,88,1,2662,-1,12000.0,2520.0,900.0,15420.0
7817,1000009218,20240925,206,1,2397,-1,23520.0,4939.2,900.0,29359.2
7818,1000009219,20240618,1099,1,2816,-1,53940.0,11327.4,900.0,66167.4
7819,1000009220,20250513,1351,1,86,-1,15750.0,3307.5,1200.0,20257.5
7820,1000009221,20250609,497,1,1510,-1,35910.0,7541.1,900.0,44351.1
7821,1000009222,20240501,836,2,3,3,34200.0,7182.0,0.0,41382.0
7822,1000009223,20241004,1203,2,1,1,32400.0,6804.0,0.0,39204.0
7823,1000009224,20240801,251,2,4,4,13500.0,2835.0,0.0,16335.0
7824,1000009225,20240730,698,1,2623,-1,27000.0,5670.0,900.0,33570.0
7825,1000009226,20240111,835,1,1669,-1,21600.0,4536.0,1200.0,27336.0
7826,1000009227,20241106,11,2,4,4,30000.0,6300.0,0.0,36300.0
7827,1000009228,20240805,699,2,2,2,39690.0,8334.9,0.0,48024.9
7828,1000009229,20241231,9,1,85,-1,32400.0,6804.0,900.0,40104.0
7829,1000009231,20250620,1143,2,3,3,11880.0,2494.8,0.0,14374.8
7830,1000009232,20250304,681,2,3,3,26010.0,5462.1,0.0,31472.1
7831,1000009234,20250809,635,1,1761,-1,32400.0,6804.0,1200.0,40404.0
7832,1000009235,20240922,284,1,138,-1,56880.0,11944.8,1500.0,70324.8
7833,1000009236,20250530,366,2,4,4,41580.0,8731.8,0.0,50311.8
7834,1000009237,20250726,851,1,191,-1,25650.0,5386.5,1500.0,32536.5
7835,1000009238,20240823,1161,1,1062,-1,20520.0,4309.2,1200.0,26029.2
7836,1000009240,20250629,1326,2,4,4,66270.0,13916.7,0.0,80186.7
7837,1000009242,20250608,4,1,2115,-1,35520.0,7459.2,900.0,43879.2
7838,1000009243,20250817,855,2,3,3,21600.0,4536.0,0.0,26136.0
7839,1000009244,20250126,89,1,2765,-1,42750.0,8977.5,1500.0,53227.5
7840,1000009245,20241111,114,1,853,-1,48900.0,10269.0,0.0,59169.0
7841,1000009247,20250824,96,1,2008,-1,26400.0,5544.0,1200.0,33144.0
7842,1000009249,20250503,175,2,1,1,34200.0,7182.0,0.0,41382.0
7843,1000009250,20240113,1010,1,1700,-1,45336.0,9520.56,1200.0,56056.56
7844,1000009251,20240113,384,1,1011,-1,34200.0,7182.0,1500.0,42882.0
7845,1000009252,20240808,244,2,1,1,22800.0,4788.0,0.0,27588.0
7846,1000009253,20240402,857,1,2752,-1,29400.0,6174.0,0.0,35574.0
7847,1000009254,20240816,1255,1,2718,-1,34200.0,7182.0,900.0,42282.0
7848,1000009255,20250129,346,2,4,4,11340.0,2381.4,0.0,13721.4
7849,1000009256,20240625,828,1,744,-1,44100.0,9261.0,900.0,54261.0
7850,1000009257,20240622,1137,1,2352,-1,38475.0,8079.75,0.0,46554.75
7851,1000009258,20240729,1098,1,700,-1,77040.0,16178.4,1500.0,94718.4
7852,1000009259,20240827,1055,2,3,3,12150.0,2551.5,0.0,14701.5
7853,1000009260,20240108,1216,2,3,3,12000.0,2520.0,0.0,14520.0
7854,1000009262,20240609,784,2,1,1,12600.0,2646.0,0.0,15246.0
7855,1000009263,20250122,257,1,776,-1,29400.0,6174.0,900.0,36474.0
7856,1000009264,20240718,582,2,1,1,28500.0,5985.0,0.0,34485.0
7857,1000009265,20250108,305,2,4,4,58968.0,12383.28,0.0,71351.28
7858,1000009266,20240811,894,2,3,3,35280.0,7408.8,0.0,42688.8
7859,1000009267,20241117,656,2,3,3,35280.0,7408.8,0.0,42688.8
7860,1000009268,20240426,442,1,941,-1,37800.0,7938.0,1200.0,46938.0
7861,1000009269,20241004,1229,1,1200,-1,26460.0,5556.6,1500.0,33516.6
7862,1000009272,20250218,432,2,4,4,27000.0,5670.0,0.0,32670.0
7863,1000009274,20240225,781,2,4,4,15750.0,3307.5,0.0,19057.5
7864,1000009276,20240328,318,1,1619,-1,76230.0,16008.3,900.0,93138.3
7865,1000009277,20240909,725,1,83,-1,35640.0,7484.4,0.0,43124.4
7866,1000009278,20240219,746,1,2364,-1,42750.0,8977.5,1500.0,53227.5
7867,1000009279,20250526,1214,2,1,1,28500.0,5985.0,0.0,34485.0
7868,1000009280,20250808,302,1,1660,-1,54720.0,11491.2,900.0,67111.2
7869,1000009281,20241207,913,2,1,1,66630.0,13992.3,0.0,80622.3
7870,1000009282,20240721,1498,1,3132,-1,73890.0,15516.9,900.0,90306.9
7871,1000009283,20240922,1274,2,2,2,14700.0,3087.0,0.0,17787.0
7872,1000009284,20241212,916,1,1365,-1,12000.0,2520.0,0.0,14520.0
7873,1000009286,20240217,740,1,1194,-1,44100.0,9261.0,0.0,53361.0
7874,1000009287,20240925,353,1,1624,-1,29400.0,6174.0,1200.0,36774.0
7875,1000009288,20240607,1445,1,2820,-1,56400.0,11844.0,1500.0,69744.0
7876,1000009289,20240702,1464,2,3,3,47040.0,9878.4,0.0,56918.4
7877,1000009290,20240817,760,2,3,3,52440.0,11012.4,0.0,63452.4
7878,1000009291,20250107,1328,1,1976,-1,14700.0,3087.0,900.0,18687.0
7879,1000009293,20241107,452,1,1272,-1,47970.0,10073.7,0.0,58043.7
7880,1000009294,20250526,644,1,1661,-1,55800.0,11718.0,1200.0,68718.0
7881,1000009295,20250114,804,2,2,2,44887.5,9426.38,0.0,54313.88
7882,1000009296,20250602,830,1,3089,-1,28500.0,5985.0,1500.0,35985.0
7883,1000009297,20240121,204,2,4,4,14175.0,2976.75,0.0,17151.75
7884,1000009298,20250314,987,1,2969,-1,12600.0,2646.0,1200.0,16446.0
7885,1000009300,20240216,913,1,2380,-1,10800.0,2268.0,900.0,13968.0
7886,1000009302,20240310,778,2,1,1,21600.0,4536.0,0.0,26136.0
7887,1000009303,20240514,687,1,2049,-1,24975.0,5244.75,900.0,31119.75
7888,1000009304,20240705,165,2,2,2,13230.0,2778.3,0.0,16008.3
7889,1000009305,20250912,112,1,1787,-1,21600.0,4536.0,900.0,27036.0
7890,1000009306,20240128,356,2,1,1,23520.0,4939.2,0.0,28459.2
7891,1000009307,20250916,1246,1,2422,-1,62280.0,13078.8,900.0,76258.8
7892,1000009308,20250813,729,1,2287,-1,49140.0,10319.4,900.0,60359.4
7893,1000009309,20241219,862,2,3,3,47025.0,9875.25,0.0,56900.25
7894,1000009310,20240112,177,2,1,1,46942.5,9857.92,0.0,56800.42
7895,1000009312,20250531,83,2,2,2,54510.0,11447.1,0.0,65957.1
7896,1000009313,20250919,566,1,2428,-1,27000.0,5670.0,1200.0,33870.0
7897,1000009314,20250619,715,1,213,-1,30000.0,6300.0,900.0,37200.0
7898,1000009315,20240917,175,2,1,1,12348.0,2593.08,0.0,14941.08
7899,1000009316,20240821,965,1,2368,-1,35970.0,7553.7,1500.0,45023.7
7900,1000009317,20240426,840,2,4,4,10800.0,2268.0,0.0,13068.0
7901,1000009318,20241005,211,2,4,4,33480.0,7030.8,0.0,40510.8
7902,1000009320,20250511,860,1,2459,-1,49500.0,10395.0,0.0,59895.0
7903,1000009321,20240221,951,1,1943,-1,22800.0,4788.0,900.0,28488.0
7904,1000009322,20250930,118,1,1575,-1,35280.0,7408.8,900.0,43588.8
7905,1000009323,20240711,1294,1,2841,-1,12000.0,2520.0,1200.0,15720.0
7906,1000009324,20250729,1052,2,2,2,24000.0,5040.0,0.0,29040.0
7907,1000009325,20240509,615,2,3,3,72900.0,15309.0,0.0,88209.0
7908,1000009326,20240806,1152,2,2,2,30870.0,6482.7,0.0,37352.7
7909,1000009327,20241214,781,2,2,2,28500.0,5985.0,0.0,34485.0
7910,1000009328,20240310,298,1,2753,-1,11760.0,2469.6,1200.0,15429.6
7911,1000009329,20240404,1011,1,1845,-1,35280.0,7408.8,1200.0,43888.8
7912,1000009330,20240921,688,2,3,3,57000.0,11970.0,0.0,68970.0
7913,1000009331,20241025,526,1,1848,-1,21600.0,4536.0,900.0,27036.0
7914,1000009332,20240510,730,1,2678,-1,38400.0,8064.0,1200.0,47664.0
7915,1000009333,20250627,908,1,2894,-1,11970.0,2513.7,900.0,15383.7
7916,1000009336,20240517,971,2,3,3,95400.0,20034.0,0.0,115434.0
7917,1000009337,20240429,480,1,3044,-1,49500.0,10395.0,900.0,60795.0
7918,1000009338,20240626,304,2,4,4,46620.0,9790.2,0.0,56410.2
7919,1000009341,20240501,708,1,2009,-1,39000.0,8190.0,900.0,48090.0
7920,1000009342,20240608,262,2,2,2,36000.0,7560.0,0.0,43560.0
7921,1000009343,20240106,114,2,4,4,15435.0,3241.35,0.0,18676.35
7922,1000009344,20250419,573,2,1,1,43200.0,9072.0,0.0,52272.0
7923,1000009346,20250501,1246,1,2495,-1,12150.0,2551.5,1500.0,16201.5
7924,1000009347,20240705,375,2,1,1,83790.0,17595.9,0.0,101385.9
7925,1000009348,20240806,378,1,687,-1,21168.0,4445.28,1200.0,26813.28
7926,1000009349,20250909,1025,2,1,1,29925.0,6284.25,0.0,36209.25
7927,1000009350,20250718,1466,1,561,-1,72900.0,15309.0,1500.0,89709.0
7928,1000009351,20241019,1353,1,383,-1,32400.0,6804.0,900.0,40104.0
7929,1000009352,20240322,956,2,4,4,11760.0,2469.6,0.0,14229.6
7930,1000009353,20250624,191,2,4,4,34830.0,7314.3,0.0,42144.3
7931,1000009354,20240522,1085,2,2,2,39600.0,8316.0,0.0,47916.0
7932,1000009355,20250609,979,2,1,1,48510.0,10187.1,0.0,58697.1
7933,1000009356,20241205,1463,1,2724,-1,21600.0,4536.0,900.0,27036.0
7934,1000009357,20250609,423,1,664,-1,15000.0,3150.0,1200.0,19350.0
7935,1000009358,20240322,770,1,2039,-1,57240.0,12020.4,1500.0,70760.4
7936,1000009359,20241125,905,1,2731,-1,62880.0,13204.8,0.0,76084.8
7937,1000009360,20240902,498,1,2856,-1,10260.0,2154.6,1500.0,13914.6
7938,1000009361,20250715,105,1,1075,-1,11400.0,2394.0,1200.0,14994.0
7939,1000009362,20250707,530,1,2084,-1,11340.0,2381.4,900.0,14621.4
7940,1000009363,20240524,537,2,4,4,15750.0,3307.5,0.0,19057.5
7941,1000009364,20241217,1199,2,2,2,32400.0,6804.0,0.0,39204.0
7942,1000009365,20240726,1347,2,3,3,37762.5,7930.12,0.0,45692.62
7943,1000009366,20241115,173,1,2865,-1,24696.0,5186.16,1200.0,31082.16
7944,1000009367,20240516,1026,2,4,4,66045.0,13869.45,0.0,79914.45
7945,1000009368,20240402,850,2,4,4,44100.0,9261.0,0.0,53361.0
7946,1000009369,20240728,736,1,3117,-1,32400.0,6804.0,1200.0,40404.0
7947,1000009371,20241119,573,1,1668,-1,34200.0,7182.0,1500.0,42882.0
7948,1000009372,20250307,1409,2,1,1,28350.0,5953.5,0.0,34303.5
7949,1000009374,20240830,33,2,4,4,72900.0,15309.0,0.0,88209.0
7950,1000009376,20241104,873,2,2,2,52500.0,11025.0,0.0,63525.0
7951,1000009377,20241110,270,1,225,-1,53325.0,11198.25,1200.0,65723.25
7952,1000009379,20240929,730,2,3,3,44887.5,9426.38,0.0,54313.88
7953,1000009380,20250822,116,2,3,3,11400.0,2394.0,0.0,13794.0
7954,1000009381,20250627,1485,1,2653,-1,11400.0,2394.0,1200.0,14994.0
7955,1000009384,20240904,979,1,2070,-1,64740.0,13595.4,1200.0,79535.4
7956,1000009385,20250428,275,1,1366,-1,42750.0,8977.5,1200.0,52927.5
7957,1000009386,20250629,1131,2,3,3,12000.0,2520.0,0.0,14520.0
7958,1000009387,20250706,1108,1,2551,-1,35280.0,7408.8,1200.0,43888.8
7959,1000009388,20240520,1176,1,1713,-1,45000.0,9450.0,900.0,55350.0
7960,1000009389,20240226,1435,1,3197,-1,90750.0,19057.5,1500.0,111307.5
7961,1000009390,20241030,872,1,2452,-1,40500.0,8505.0,1200.0,50205.0
7962,1000009391,20250311,1098,1,928,-1,28500.0,5985.0,1200.0,35685.0
7963,1000009392,20240102,287,1,1586,-1,66690.0,14004.9,900.0,81594.9
7964,1000009393,20250901,1496,2,1,1,34200.0,7182.0,0.0,41382.0
7965,1000009394,20250212,712,2,3,3,26460.0,5556.6,0.0,32016.6
7966,1000009395,20240824,607,2,2,2,71280.0,14968.8,0.0,86248.8
7967,1000009396,20240906,25,1,293,-1,68400.0,14364.0,1200.0,83964.0
7968,1000009397,20240401,571,2,2,2,36000.0,7560.0,0.0,43560.0
7969,1000009398,20250819,1444,2,4,4,31500.0,6615.0,0.0,38115.0
7970,1000009399,20250118,461,1,1082,-1,10800.0,2268.0,1500.0,14568.0
7971,1000009400,20250327,1346,1,2343,-1,27000.0,5670.0,1200.0,33870.0
7972,1000009401,20250723,226,2,3,3,35850.0,7528.5,0.0,43378.5
7973,1000009402,20250921,931,1,226,-1,14250.0,2992.5,0.0,17242.5
7974,1000009403,20250613,523,1,933,-1,62280.0,13078.8,0.0,75358.8
7975,1000009405,20250106,261,1,2653,-1,34020.0,7144.2,900.0,42064.2
7976,1000009406,20240211,325,2,4,4,40500.0,8505.0,0.0,49005.0
7977,1000009407,20240304,751,2,1,1,42552.0,8935.92,0.0,51487.92
7978,1000009409,20250309,393,2,3,3,53808.0,11299.68,0.0,65107.68
7979,1000009410,20250607,3,1,446,-1,31350.0,6583.5,900.0,38833.5
7980,1000009411,20250223,801,2,4,4,10800.0,2268.0,0.0,13068.0
7981,1000009413,20250226,808,1,1248,-1,11970.0,2513.7,1500.0,15983.7
7982,1000009414,20240930,251,2,3,3,27195.0,5710.95,0.0,32905.95
7983,1000009415,20250501,233,2,2,2,41160.0,8643.6,0.0,49803.6
7984,1000009416,20250720,937,1,362,-1,48000.0,10080.0,1200.0,59280.0
7985,1000009417,20250514,1094,1,772,-1,11400.0,2394.0,1200.0,14994.0
7986,1000009418,20250926,47,1,490,-1,58800.0,12348.0,900.0,72048.0
7987,1000009419,20250214,667,1,256,-1,14250.0,2992.5,900.0,18142.5
7988,1000009420,20250329,827,1,321,-1,87570.0,18389.7,1200.0,107159.7
7989,1000009421,20240324,143,1,185,-1,35910.0,7541.1,900.0,44351.1
7990,1000009422,20250117,797,1,2583,-1,14250.0,2992.5,1200.0,18442.5
7991,1000009423,20250129,85,2,2,2,11760.0,2469.6,0.0,14229.6
7992,1000009425,20240803,980,2,3,3,46200.0,9702.0,0.0,55902.0
7993,1000009427,20250409,1319,1,2573,-1,32400.0,6804.0,900.0,40104.0
7994,1000009428,20250915,474,2,1,1,50610.0,10628.1,0.0,61238.1
7995,1000009429,20250216,809,1,1693,-1,24000.0,5040.0,1500.0,30540.0
7996,1000009430,20250129,528,1,2657,-1,40500.0,8505.0,900.0,49905.0
7997,1000009431,20250619,1268,1,1333,-1,78750.0,16537.5,900.0,96187.5
7998,1000009432,20241127,1028,1,1261,-1,73800.0,15498.0,1500.0,90798.0
7999,1000009433,20240429,1223,2,3,3,31500.0,6615.0,0.0,38115.0
8000,1000009434,20250822,138,1,282,-1,14250.0,2992.5,1200.0,18442.5
8001,1000009435,20250128,634,2,1,1,14175.0,2976.75,0.0,17151.75
8002,1000009436,20241003,1461,2,4,4,42525.0,8930.25,0.0,51455.25
8003,1000009437,20241218,621,2,4,4,39270.0,8246.7,0.0,47516.7
8004,1000009438,20250510,375,1,2884,-1,42750.0,8977.5,1500.0,53227.5
8005,1000009439,20250331,147,1,3098,-1,57000.0,11970.0,1500.0,70470.0
8006,1000009440,20250831,305,1,705,-1,21600.0,4536.0,1200.0,27336.0
8007,1000009442,20240926,1484,2,2,2,10800.0,2268.0,0.0,13068.0
8008,1000009443,20250114,1022,1,1490,-1,11760.0,2469.6,1500.0,15729.6
8009,1000009444,20240129,1082,2,4,4,15675.0,3291.75,0.0,18966.75
8010,1000009445,20240209,1475,1,1059,-1,56520.0,11869.2,900.0,69289.2
8011,1000009446,20241103,670,1,1928,-1,60000.0,12600.0,1200.0,73800.0
8012,1000009447,20250515,836,2,1,1,22608.0,4747.68,0.0,27355.68
8013,1000009448,20240205,1344,1,2780,-1,11400.0,2394.0,900.0,14694.0
8014,1000009449,20241204,524,2,2,2,23520.0,4939.2,0.0,28459.2
8015,1000009450,20250318,1207,2,4,4,22800.0,4788.0,0.0,27588.0
8016,1000009451,20240903,985,2,4,4,35280.0,7408.8,0.0,42688.8
8017,1000009452,20250202,90,2,1,1,12000.0,2520.0,0.0,14520.0
8018,1000009454,20241214,1376,1,777,-1,12000.0,2520.0,900.0,15420.0
8019,1000009455,20250719,752,1,1049,-1,27000.0,5670.0,900.0,33570.0
8020,1000009456,20250119,1084,2,3,3,39690.0,8334.9,0.0,48024.9
8021,1000009457,20250101,439,1,1212,-1,21600.0,4536.0,900.0,27036.0
8022,1000009458,20250617,1228,1,1540,-1,31500.0,6615.0,1500.0,39615.0
8023,1000009459,20240822,1289,1,2407,-1,13230.0,2778.3,0.0,16008.3
8024,1000009460,20240420,523,2,4,4,31500.0,6615.0,0.0,38115.0
8025,1000009461,20250305,1377,2,1,1,33600.0,7056.0,0.0,40656.0
8026,1000009463,20250515,1168,2,1,1,14700.0,3087.0,0.0,17787.0
8027,1000009464,20240618,1332,2,1,1,26250.0,5512.5,0.0,31762.5
8028,1000009465,20240527,254,2,1,1,22740.0,4775.4,0.0,27515.4
8029,1000009466,20240920,826,1,1420,-1,34200.0,7182.0,1200.0,42582.0
8030,1000009467,20250602,166,2,2,2,93300.0,19593.0,0.0,112893.0
8031,1000009468,20240604,397,1,2592,-1,83250.0,17482.5,1200.0,101932.5
8032,1000009469,20240727,152,1,2509,-1,74880.0,15724.8,1500.0,92104.8
8033,1000009470,20240331,1374,2,3,3,30000.0,6300.0,0.0,36300.0
8034,1000009471,20250909,521,2,3,3,20520.0,4309.2,0.0,24829.2
8035,1000009473,20250225,849,2,4,4,21600.0,4536.0,0.0,26136.0
8036,1000009474,20250903,1182,1,2587,-1,12600.0,2646.0,1200.0,16446.0
8037,1000009475,20250119,121,2,4,4,12600.0,2646.0,0.0,15246.0
8038,1000009476,20250428,71,1,575,-1,36000.0,7560.0,900.0,44460.0
8039,1000009477,20240915,841,2,2,2,36000.0,7560.0,0.0,43560.0
8040,1000009478,20240321,1224,1,1044,-1,44100.0,9261.0,0.0,53361.0
8041,1000009479,20250321,719,1,514,-1,11880.0,2494.8,1200.0,15574.8
8042,1000009480,20250830,663,2,2,2,29925.0,6284.25,0.0,36209.25
8043,1000009482,20250729,856,1,2872,-1,11400.0,2394.0,900.0,14694.0
8044,1000009483,20250304,158,1,3074,-1,28500.0,5985.0,1200.0,35685.0
8045,1000009484,20250827,321,1,828,-1,13500.0,2835.0,900.0,17235.0
8046,1000009485,20241105,1033,1,1395,-1,37044.0,7779.24,900.0,45723.24
8047,1000009486,20240812,570,2,3,3,45000.0,9450.0,0.0,54450.0
8048,1000009487,20240115,1496,2,2,2,12000.0,2520.0,0.0,14520.0
8049,1000009488,20250626,1464,2,1,1,40500.0,8505.0,0.0,49005.0
8050,1000009489,20240124,300,2,2,2,22800.0,4788.0,0.0,27588.0
8051,1000009490,20250525,238,2,4,4,29400.0,6174.0,0.0,35574.0
8052,1000009491,20250315,659,1,945,-1,12348.0,2593.08,900.0,15841.08
8053,1000009492,20240831,1170,2,4,4,11880.0,2494.8,0.0,14374.8
8054,1000009493,20240115,874,2,4,4,47250.0,9922.5,0.0,57172.5
8055,1000009494,20241119,1202,2,3,3,36000.0,7560.0,0.0,43560.0
8056,1000009496,20250410,220,2,4,4,34020.0,7144.2,0.0,41164.2
8057,1000009497,20240422,535,1,2637,-1,12540.0,2633.4,1500.0,16673.4
8058,1000009498,20240905,1224,2,1,1,34200.0,7182.0,0.0,41382.0
8059,1000009499,20250820,391,1,547,-1,28500.0,5985.0,1200.0,35685.0
8060,1000009500,20240917,22,1,166,-1,24000.0,5040.0,1500.0,30540.0
8061,1000009501,20241107,679,1,1873,-1,49200.0,10332.0,1200.0,60732.0
8062,1000009502,20241103,906,1,2113,-1,37044.0,7779.24,900.0,45723.24
8063,1000009503,20240317,705,1,2560,-1,12348.0,2593.08,900.0,15841.08
8064,1000009504,20240827,281,2,3,3,28500.0,5985.0,0.0,34485.0
8065,1000009505,20250323,672,1,653,-1,40500.0,8505.0,900.0,49905.0
8066,1000009506,20250829,1239,1,1821,-1,22800.0,4788.0,1200.0,28788.0
8067,1000009507,20250722,1058,2,1,1,11340.0,2381.4,0.0,13721.4
8068,1000009508,20240607,371,1,2542,-1,44100.0,9261.0,0.0,53361.0
8069,1000009509,20240425,1297,1,2625,-1,23520.0,4939.2,1500.0,29959.2
8070,1000009510,20241124,528,2,3,3,40200.0,8442.0,0.0,48642.0
8071,1000009511,20241219,1432,1,3111,-1,44100.0,9261.0,900.0,54261.0
8072,1000009512,20250628,1293,2,2,2,32400.0,6804.0,0.0,39204.0
8073,1000009513,20241104,985,1,2389,-1,41700.0,8757.0,1200.0,51657.0
8074,1000009514,20240131,478,1,775,-1,21600.0,4536.0,1500.0,27636.0
8075,1000009515,20240106,752,1,658,-1,34200.0,7182.0,900.0,42282.0
8076,1000009517,20241005,1308,1,1381,-1,30000.0,6300.0,1200.0,37500.0
8077,1000009518,20250423,59,2,3,3,44400.0,9324.0,0.0,53724.0
8078,1000009520,20250710,994,1,404,-1,30000.0,6300.0,900.0,37200.0
8079,1000009521,20240329,165,2,1,1,13500.0,2835.0,0.0,16335.0
8080,1000009522,20250806,1275,1,389,-1,25650.0,5386.5,1500.0,32536.5
8081,1000009523,20250915,987,1,397,-1,27000.0,5670.0,1500.0,34170.0
8082,1000009524,20240803,117,1,1730,-1,30000.0,6300.0,0.0,36300.0
8083,1000009525,20240523,1315,2,3,3,36450.0,7654.5,0.0,44104.5
8084,1000009526,20250404,517,1,279,-1,99900.0,20979.0,1200.0,122079.0
8085,1000009527,20240526,1256,2,3,3,16170.0,3395.7,0.0,19565.7
8086,1000009528,20250314,486,2,1,1,25650.0,5386.5,0.0,31036.5
8087,1000009531,20250821,1330,1,1537,-1,42750.0,8977.5,900.0,52627.5
8088,1000009532,20250906,1495,1,2590,-1,63510.0,13337.1,1500.0,78347.1
8089,1000009533,20250802,825,1,2113,-1,37620.0,7900.2,1500.0,47020.2
8090,1000009535,20240406,264,2,1,1,10260.0,2154.6,0.0,12414.6
8091,1000009536,20250810,216,1,3068,-1,44100.0,9261.0,1200.0,54561.0
8092,1000009538,20240825,552,2,3,3,37620.0,7900.2,0.0,45520.2
8093,1000009539,20240925,1111,1,177,-1,28500.0,5985.0,1200.0,35685.0
8094,1000009540,20241221,11,1,2114,-1,29400.0,6174.0,1500.0,37074.0
8095,1000009541,20250117,857,2,1,1,44887.5,9426.38,0.0,54313.88
8096,1000009542,20250708,359,1,1822,-1,58080.0,12196.8,900.0,71176.8
8097,1000009543,20240411,1207,2,3,3,15000.0,3150.0,0.0,18150.0
8098,1000009544,20240608,1341,1,1936,-1,88890.0,18666.9,1200.0,108756.9
8099,1000009546,20250705,1343,1,695,-1,59760.0,12549.6,900.0,73209.6
8100,1000009547,20250329,1391,1,2475,-1,14700.0,3087.0,1200.0,18987.0
8101,1000009549,20240117,1173,1,2897,-1,35280.0,7408.8,1500.0,44188.8
8102,1000009550,20240121,299,1,2714,-1,19440.0,4082.4,1500.0,25022.4
8103,1000009551,20250102,561,1,2098,-1,77760.0,16329.6,1200.0,95289.6
8104,1000009552,20240714,786,1,2501,-1,10800.0,2268.0,900.0,13968.0
8105,1000009553,20250705,1,1,2668,-1,12150.0,2551.5,1200.0,15901.5
8106,1000009554,20250712,712,1,2739,-1,14962.5,3142.12,1500.0,19604.62
8107,1000009555,20250309,1172,1,557,-1,29400.0,6174.0,1200.0,36774.0
8108,1000009556,20250503,687,2,1,1,28350.0,5953.5,0.0,34303.5
8109,1000009558,20250719,493,1,447,-1,32400.0,6804.0,900.0,40104.0
8110,1000009559,20241208,1118,2,3,3,54150.0,11371.5,0.0,65521.5
8111,1000009561,20241219,1074,1,2021,-1,45000.0,9450.0,900.0,55350.0
8112,1000009562,20241106,476,1,2053,-1,33000.0,6930.0,1200.0,41130.0
8113,1000009564,20250126,104,1,1108,-1,56700.0,11907.0,1200.0,69807.0
8114,1000009565,20240807,284,1,3175,-1,34200.0,7182.0,1200.0,42582.0
8115,1000009566,20250928,1322,1,2516,-1,36000.0,7560.0,1500.0,45060.0
8116,1000009569,20241119,750,1,1866,-1,37800.0,7938.0,1200.0,46938.0
8117,1000009570,20250924,241,1,147,-1,27570.0,5789.7,0.0,33359.7
8118,1000009571,20250922,513,2,1,1,23940.0,5027.4,0.0,28967.4
8119,1000009572,20240404,1425,1,1143,-1,72000.0,15120.0,1200.0,88320.0
8120,1000009574,20240731,423,1,9,-1,38220.0,8026.2,900.0,47146.2
8121,1000009575,20240904,1465,2,1,1,55200.0,11592.0,0.0,66792.0
8122,1000009576,20250705,674,2,1,1,39600.0,8316.0,0.0,47916.0
8123,1000009577,20250619,128,2,3,3,23520.0,4939.2,0.0,28459.2
8124,1000009578,20240411,78,1,2464,-1,27000.0,5670.0,1200.0,33870.0
8125,1000009579,20240704,216,1,2967,-1,40500.0,8505.0,1200.0,50205.0
8126,1000009580,20250731,666,1,2504,-1,43935.0,9226.35,0.0,53161.35
8127,1000009581,20240708,842,1,1143,-1,10800.0,2268.0,900.0,13968.0
8128,1000009582,20250410,1154,2,1,1,19440.0,4082.4,0.0,23522.4
8129,1000009583,20240116,548,2,2,2,51030.0,10716.3,0.0,61746.3
8130,1000009584,20240506,1287,1,1309,-1,29700.0,6237.0,900.0,36837.0
8131,1000009585,20240325,1322,1,1564,-1,37044.0,7779.24,1200.0,46023.24
8132,1000009586,20240818,487,2,4,4,32400.0,6804.0,0.0,39204.0
8133,1000009587,20240416,1003,1,273,-1,34200.0,7182.0,900.0,42282.0
8134,1000009588,20250729,445,1,413,-1,24000.0,5040.0,900.0,29940.0
8135,1000009589,20240504,402,1,3106,-1,71280.0,14968.8,900.0,87148.8
8136,1000009590,20240606,925,2,2,2,24000.0,5040.0,0.0,29040.0
8137,1000009591,20250710,1308,2,4,4,42660.0,8958.6,0.0,51618.6
8138,1000009592,20250702,995,2,2,2,14250.0,2992.5,0.0,17242.5
8139,1000009593,20250717,539,2,4,4,34200.0,7182.0,0.0,41382.0
8140,1000009594,20250819,1340,1,173,-1,34200.0,7182.0,1200.0,42582.0
8141,1000009596,20240409,942,2,3,3,42750.0,8977.5,0.0,51727.5
8142,1000009598,20250102,929,1,2311,-1,35640.0,7484.4,1200.0,44324.4
8143,1000009599,20250306,1487,2,1,1,37620.0,7900.2,0.0,45520.2
8144,1000009600,20240320,437,2,1,1,39690.0,8334.9,0.0,48024.9
8145,1000009601,20241216,554,1,2825,-1,19440.0,4082.4,900.0,24422.4
8146,1000009602,20240102,948,1,762,-1,15000.0,3150.0,1200.0,19350.0
8147,1000009603,20240717,397,1,817,-1,42336.0,8890.56,0.0,51226.56
8148,1000009604,20240414,988,2,4,4,19440.0,4082.4,0.0,23522.4
8149,1000009605,20250623,1216,1,1285,-1,28500.0,5985.0,1500.0,35985.0
8150,1000009606,20250923,503,2,3,3,15435.0,3241.35,0.0,18676.35
8151,1000009607,20240420,687,1,988,-1,59940.0,12587.4,1200.0,73727.4
8152,1000009608,20240527,1278,1,1525,-1,66372.0,13938.12,1200.0,81510.12
8153,1000009609,20240814,114,2,2,2,10800.0,2268.0,0.0,13068.0
8154,1000009610,20240828,1315,2,3,3,42750.0,8977.5,0.0,51727.5
8155,1000009611,20240712,436,1,2842,-1,44040.0,9248.4,1200.0,54488.4
8156,1000009613,20250610,887,1,2563,-1,47250.0,9922.5,1200.0,58372.5
8157,1000009614,20250821,852,2,1,1,29400.0,6174.0,0.0,35574.0
8158,1000009616,20241225,996,2,1,1,90480.0,19000.8,0.0,109480.8
8159,1000009617,20240916,942,1,2300,-1,38475.0,8079.75,900.0,47454.75
8160,1000009619,20250507,610,1,1698,-1,13230.0,2778.3,0.0,16008.3
8161,1000009620,20250612,79,2,2,2,65550.0,13765.5,0.0,79315.5
8162,1000009621,20241006,1003,1,3001,-1,47025.0,9875.25,900.0,57800.25
8163,1000009623,20240102,887,1,151,-1,31350.0,6583.5,0.0,37933.5
8164,1000009624,20250410,396,2,1,1,22680.0,4762.8,0.0,27442.8
8165,1000009625,20241011,1193,1,1882,-1,81360.0,17085.6,1200.0,99645.6
8166,1000009626,20250908,1010,1,269,-1,39600.0,8316.0,1200.0,49116.0
8167,1000009627,20240309,327,1,1433,-1,24000.0,5040.0,1500.0,30540.0
8168,1000009628,20240712,368,2,2,2,12936.0,2716.56,0.0,15652.56
8169,1000009629,20240721,961,2,2,2,35280.0,7408.8,0.0,42688.8
8170,1000009630,20250127,52,1,1945,-1,83475.0,17529.75,1500.0,102504.75
8171,1000009631,20241215,1300,2,2,2,47025.0,9875.25,0.0,56900.25
8172,1000009632,20241020,1079,1,1339,-1,21600.0,4536.0,1500.0,27636.0
8173,1000009633,20240322,1168,2,1,1,46305.0,9724.05,0.0,56029.05
8174,1000009634,20250626,1254,1,978,-1,45000.0,9450.0,900.0,55350.0
8175,1000009636,20250815,1252,2,2,2,29400.0,6174.0,0.0,35574.0
8176,1000009637,20240323,999,1,931,-1,12000.0,2520.0,1500.0,16020.0
8177,1000009638,20250727,907,1,1117,-1,40500.0,8505.0,1200.0,50205.0
8178,1000009639,20241225,812,1,2559,-1,30000.0,6300.0,900.0,37200.0
8179,1000009640,20241222,240,1,1557,-1,35280.0,7408.8,1200.0,43888.8
8180,1000009641,20240223,1146,1,459,-1,44887.5,9426.38,900.0,55213.88
8181,1000009642,20250424,1009,1,2954,-1,12540.0,2633.4,900.0,16073.4
8182,1000009643,20250126,1059,2,3,3,96570.0,20279.7,0.0,116849.7
8183,1000009644,20240409,1176,2,1,1,54870.0,11522.7,0.0,66392.7
8184,1000009645,20240708,637,1,1547,-1,36000.0,7560.0,1500.0,45060.0
8185,1000009647,20240425,696,1,3049,-1,14700.0,3087.0,0.0,17787.0
8186,1000009648,20250305,224,1,3197,-1,16170.0,3395.7,1500.0,21065.7
8187,1000009649,20250314,1494,1,172,-1,36600.0,7686.0,900.0,45186.0
8188,1000009650,20250906,1022,1,3059,-1,21384.0,4490.64,1200.0,27074.64
8189,1000009651,20250723,1463,1,1970,-1,41400.0,8694.0,900.0,50994.0
8190,1000009652,20241111,714,1,439,-1,42750.0,8977.5,1200.0,52927.5
8191,1000009653,20241217,714,1,1200,-1,15000.0,3150.0,1200.0,19350.0
8192,1000009654,20250921,1458,2,2,2,21168.0,4445.28,0.0,25613.28
8193,1000009655,20250303,239,2,2,2,54510.0,11447.1,0.0,65957.1
8194,1000009657,20240521,647,1,1245,-1,31350.0,6583.5,1500.0,39433.5
8195,1000009658,20250219,195,1,118,-1,40635.0,8533.35,1200.0,50368.35
8196,1000009659,20240705,558,2,4,4,30000.0,6300.0,0.0,36300.0
8197,1000009660,20250616,1248,2,2,2,33120.0,6955.2,0.0,40075.2
8198,1000009661,20241206,409,1,2135,-1,35280.0,7408.8,900.0,43588.8
8199,1000009664,20241109,533,1,617,-1,22800.0,4788.0,900.0,28488.0
8200,1000009665,20250815,591,1,2601,-1,24000.0,5040.0,1200.0,30240.0
8201,1000009666,20240612,919,1,2531,-1,64980.0,13645.8,900.0,79525.8
8202,1000009667,20240630,578,1,1646,-1,21600.0,4536.0,0.0,26136.0
8203,1000009668,20241129,1238,2,3,3,30000.0,6300.0,0.0,36300.0
8204,1000009669,20241226,614,1,532,-1,79740.0,16745.4,1500.0,97985.4
8205,1000009670,20240919,142,2,1,1,59976.0,12594.96,0.0,72570.96
8206,1000009671,20250503,1046,2,4,4,14700.0,3087.0,0.0,17787.0
8207,1000009672,20240727,127,1,1684,-1,41400.0,8694.0,0.0,50094.0
8208,1000009673,20240829,1372,1,2104,-1,11400.0,2394.0,900.0,14694.0
8209,1000009674,20250722,238,1,2429,-1,10800.0,2268.0,1200.0,14268.0
8210,1000009675,20250618,1389,2,4,4,14250.0,2992.5,0.0,17242.5
8211,1000009678,20240722,565,1,3012,-1,14700.0,3087.0,1500.0,19287.0
8212,1000009680,20240712,252,1,1099,-1,63900.0,13419.0,1200.0,78519.0
8213,1000009681,20250729,1272,1,265,-1,34200.0,7182.0,1200.0,42582.0
8214,1000009682,20241008,1402,2,3,3,35280.0,7408.8,0.0,42688.8
8215,1000009683,20241217,410,2,4,4,37620.0,7900.2,0.0,45520.2
8216,1000009684,20240507,165,1,1963,-1,72000.0,15120.0,900.0,88020.0
8217,1000009685,20240503,1065,2,4,4,31752.0,6667.92,0.0,38419.92
8218,1000009686,20240624,1296,2,2,2,28500.0,5985.0,0.0,34485.0
8219,1000009687,20250117,855,1,82,-1,94020.0,19744.2,1500.0,115264.2
8220,1000009688,20240723,1238,1,2283,-1,14700.0,3087.0,1200.0,18987.0
8221,1000009690,20241217,1104,2,4,4,21600.0,4536.0,0.0,26136.0
8222,1000009691,20250224,659,1,1320,-1,45000.0,9450.0,1200.0,55650.0
8223,1000009692,20240430,220,2,3,3,23520.0,4939.2,0.0,28459.2
8224,1000009694,20240120,409,2,4,4,36450.0,7654.5,0.0,44104.5
8225,1000009695,20240624,839,1,818,-1,10584.0,2222.64,900.0,13706.64
8226,1000009696,20241020,80,1,1628,-1,14250.0,2992.5,900.0,18142.5
8227,1000009697,20240408,1330,1,1029,-1,24000.0,5040.0,900.0,29940.0
8228,1000009698,20240305,1104,1,800,-1,11340.0,2381.4,1200.0,14921.4
8229,1000009699,20250107,749,1,2171,-1,24696.0,5186.16,900.0,30782.16
8230,1000009700,20250621,719,1,2851,-1,19440.0,4082.4,1200.0,24722.4
8231,1000009701,20250517,809,1,1955,-1,28770.0,6041.7,900.0,35711.7
8232,1000009702,20250722,1284,1,2419,-1,14250.0,2992.5,900.0,18142.5
8233,1000009703,20240914,1354,1,355,-1,34200.0,7182.0,900.0,42282.0
8234,1000009704,20241001,653,1,1779,-1,19440.0,4082.4,1200.0,24722.4
8235,1000009705,20250810,351,1,2666,-1,53400.0,11214.0,900.0,65514.0
8236,1000009707,20240510,619,1,1919,-1,31500.0,6615.0,1200.0,39315.0
8237,1000009708,20240915,1413,2,1,1,22680.0,4762.8,0.0,27442.8
8238,1000009709,20240510,467,2,4,4,11760.0,2469.6,0.0,14229.6
8239,1000009710,20240902,338,2,4,4,23940.0,5027.4,0.0,28967.4
8240,1000009711,20250608,415,2,1,1,35910.0,7541.1,0.0,43451.1
8241,1000009712,20240519,1337,2,2,2,10800.0,2268.0,0.0,13068.0
8242,1000009713,20240313,444,1,661,-1,14700.0,3087.0,0.0,17787.0
8243,1000009714,20250906,812,1,181,-1,44400.0,9324.0,0.0,53724.0
8244,1000009715,20250403,265,1,732,-1,45030.0,9456.3,1200.0,55686.3
8245,1000009717,20240219,945,1,960,-1,13500.0,2835.0,1200.0,17535.0
8246,1000009718,20240301,1347,2,2,2,13230.0,2778.3,0.0,16008.3
8247,1000009719,20240326,744,1,1939,-1,32400.0,6804.0,900.0,40104.0
8248,1000009720,20240806,1274,1,2724,-1,35343.0,7422.03,900.0,43665.03
8249,1000009721,20250201,758,1,1892,-1,15000.0,3150.0,900.0,19050.0
8250,1000009722,20240804,851,1,1262,-1,11760.0,2469.6,900.0,15129.6
8251,1000009723,20240801,1026,2,4,4,21600.0,4536.0,0.0,26136.0
8252,1000009724,20241029,1185,1,1229,-1,22800.0,4788.0,900.0,28488.0
8253,1000009725,20241206,193,1,798,-1,13500.0,2835.0,900.0,17235.0
8254,1000009727,20250710,1405,1,686,-1,21600.0,4536.0,1200.0,27336.0
8255,1000009729,20250922,1146,2,2,2,57960.0,12171.6,0.0,70131.6
8256,1000009730,20240630,404,2,2,2,23520.0,4939.2,0.0,28459.2
8257,1000009731,20241130,888,1,39,-1,28500.0,5985.0,1200.0,35685.0
8258,1000009732,20250603,841,2,4,4,36000.0,7560.0,0.0,43560.0
8259,1000009733,20250331,159,1,450,-1,37035.0,7777.35,1200.0,46012.35
8260,1000009734,20240601,1376,2,1,1,26460.0,5556.6,0.0,32016.6
8261,1000009735,20250506,1105,2,1,1,67260.0,14124.6,0.0,81384.6
8262,1000009736,20240226,165,2,1,1,10260.0,2154.6,0.0,12414.6
8263,1000009737,20250602,1356,1,2611,-1,21600.0,4536.0,900.0,27036.0
8264,1000009738,20240905,692,2,1,1,10260.0,2154.6,0.0,12414.6
8265,1000009739,20240823,661,1,2636,-1,21600.0,4536.0,0.0,26136.0
8266,1000009740,20240916,1170,2,2,2,21168.0,4445.28,0.0,25613.28
8267,1000009741,20240529,195,2,2,2,71100.0,14931.0,0.0,86031.0
8268,1000009742,20250919,430,1,766,-1,68868.0,14462.28,1500.0,84830.28
8269,1000009743,20250129,1087,2,4,4,28350.0,5953.5,0.0,34303.5
8270,1000009744,20250327,759,2,2,2,11970.0,2513.7,0.0,14483.7
8271,1000009745,20240120,1419,1,817,-1,45000.0,9450.0,1200.0,55650.0
8272,1000009746,20240112,423,1,2217,-1,12000.0,2520.0,900.0,15420.0
8273,1000009747,20240720,1181,1,2330,-1,36000.0,7560.0,900.0,44460.0
8274,1000009748,20240616,1457,1,1011,-1,10800.0,2268.0,900.0,13968.0
8275,1000009749,20240730,647,2,1,1,23940.0,5027.4,0.0,28967.4
8276,1000009750,20250519,1451,1,532,-1,14250.0,2992.5,1200.0,18442.5
8277,1000009751,20241111,809,2,1,1,25260.0,5304.6,0.0,30564.6
8278,1000009753,20250420,1199,1,2384,-1,28350.0,5953.5,1200.0,35503.5
8279,1000009754,20240430,1053,1,299,-1,11760.0,2469.6,1500.0,15729.6
8280,1000009755,20240223,1348,2,3,3,47250.0,9922.5,0.0,57172.5
8281,1000009756,20250318,717,2,3,3,14250.0,2992.5,0.0,17242.5
8282,1000009757,20240101,88,1,1377,-1,32400.0,6804.0,1200.0,40404.0
8283,1000009758,20241030,938,2,4,4,57372.0,12048.12,0.0,69420.12
8284,1000009759,20240907,1148,2,4,4,37800.0,7938.0,0.0,45738.0
8285,1000009760,20241122,63,2,2,2,45900.0,9639.0,0.0,55539.0
8286,1000009761,20250607,835,1,2485,-1,46080.0,9676.8,1500.0,57256.8
8287,1000009762,20241118,921,1,970,-1,62790.0,13185.9,900.0,76875.9
8288,1000009763,20240305,658,1,1132,-1,25200.0,5292.0,900.0,31392.0
8289,1000009764,20240514,901,2,3,3,58080.0,12196.8,0.0,70276.8
8290,1000009765,20250404,1193,1,1834,-1,31350.0,6583.5,1500.0,39433.5
8291,1000009766,20250123,324,2,4,4,50610.0,10628.1,0.0,61238.1
8292,1000009767,20240831,17,1,1214,-1,11760.0,2469.6,1200.0,15429.6
8293,1000009768,20241129,239,1,124,-1,40500.0,8505.0,1200.0,50205.0
8294,1000009769,20240427,490,1,2053,-1,28200.0,5922.0,0.0,34122.0
8295,1000009770,20241024,1265,1,808,-1,21600.0,4536.0,1200.0,27336.0
8296,1000009771,20250221,509,2,3,3,23940.0,5027.4,0.0,28967.4
8297,1000009772,20241206,1037,1,283,-1,14250.0,2992.5,0.0,17242.5
8298,1000009773,20240401,547,1,986,-1,25050.0,5260.5,1200.0,31510.5
8299,1000009774,20240820,634,2,1,1,10584.0,2222.64,0.0,12806.64
8300,1000009775,20250105,1422,1,1121,-1,34200.0,7182.0,900.0,42282.0
8301,1000009776,20240605,70,1,2838,-1,34200.0,7182.0,1500.0,42882.0
8302,1000009777,20240409,729,2,2,2,69825.0,14663.25,0.0,84488.25
8303,1000009778,20250907,890,1,348,-1,34200.0,7182.0,1200.0,42582.0
8304,1000009779,20240909,955,1,2001,-1,36000.0,7560.0,900.0,44460.0
8305,1000009780,20241119,1004,2,3,3,42750.0,8977.5,0.0,51727.5
8306,1000009781,20240222,727,1,1150,-1,114030.0,23946.3,900.0,138876.3
8307,1000009782,20240626,1231,1,1471,-1,45000.0,9450.0,900.0,55350.0
8308,1000009783,20240805,861,1,1666,-1,45600.0,9576.0,1200.0,56376.0
8309,1000009787,20240128,205,1,1771,-1,22800.0,4788.0,0.0,27588.0
8310,1000009788,20250201,1213,1,2020,-1,24000.0,5040.0,1500.0,30540.0
8311,1000009789,20250917,572,2,2,2,38760.0,8139.6,0.0,46899.6
8312,1000009790,20240121,215,1,2381,-1,51300.0,10773.0,1200.0,63273.0
8313,1000009791,20240401,968,1,216,-1,30000.0,6300.0,1500.0,37800.0
8314,1000009793,20250615,1413,1,1833,-1,13230.0,2778.3,1500.0,17508.3
8315,1000009794,20240212,1124,1,1796,-1,59925.0,12584.25,1200.0,73709.25
8316,1000009795,20240927,830,1,2301,-1,11760.0,2469.6,900.0,15129.6
8317,1000009796,20240906,210,2,1,1,22800.0,4788.0,0.0,27588.0
8318,1000009797,20240917,427,1,213,-1,38400.0,8064.0,1500.0,47964.0
8319,1000009798,20240602,31,2,4,4,28500.0,5985.0,0.0,34485.0
8320,1000009799,20240921,280,2,1,1,40500.0,8505.0,0.0,49005.0
8321,1000009801,20250528,176,1,1356,-1,25080.0,5266.8,900.0,31246.8
8322,1000009802,20240520,761,2,3,3,85500.0,17955.0,0.0,103455.0
8323,1000009804,20240901,1315,1,698,-1,66600.0,13986.0,0.0,80586.0
8324,1000009805,20240610,606,1,1810,-1,60900.0,12789.0,900.0,74589.0
8325,1000009806,20250313,1444,1,2433,-1,34200.0,7182.0,0.0,41382.0
8326,1000009807,20241110,1320,2,3,3,32400.0,6804.0,0.0,39204.0
8327,1000009808,20240309,348,1,847,-1,30780.0,6463.8,900.0,38143.8
8328,1000009809,20240806,1226,2,2,2,30000.0,6300.0,0.0,36300.0
8329,1000009810,20240529,1489,1,727,-1,11400.0,2394.0,900.0,14694.0
8330,1000009811,20250131,293,2,4,4,11400.0,2394.0,0.0,13794.0
8331,1000009812,20240323,232,2,4,4,16500.0,3465.0,0.0,19965.0
8332,1000009814,20250108,434,1,84,-1,62400.0,13104.0,1500.0,77004.0
8333,1000009815,20240211,184,2,4,4,70200.0,14742.0,0.0,84942.0
8334,1000009816,20240625,1384,1,2360,-1,11970.0,2513.7,1200.0,15683.7
8335,1000009817,20241008,428,2,2,2,21600.0,4536.0,0.0,26136.0
8336,1000009818,20240925,1174,1,1441,-1,32400.0,6804.0,1200.0,40404.0
8337,1000009819,20250829,1383,2,4,4,40500.0,8505.0,0.0,49005.0
8338,1000009820,20240428,315,2,3,3,11400.0,2394.0,0.0,13794.0
8339,1000009823,20240706,893,1,3153,-1,30000.0,6300.0,1200.0,37500.0
8340,1000009824,20240718,945,1,2266,-1,37620.0,7900.2,1200.0,46720.2
8341,1000009826,20240527,897,2,1,1,10260.0,2154.6,0.0,12414.6
8342,1000009827,20241003,459,1,1837,-1,54360.0,11415.6,1200.0,66975.6
8343,1000009828,20240205,1409,1,1376,-1,24696.0,5186.16,1500.0,31382.16
8344,1000009830,20250609,632,2,3,3,32400.0,6804.0,0.0,39204.0
8345,1000009831,20240105,644,2,2,2,57000.0,11970.0,0.0,68970.0
8346,1000009832,20240609,150,2,4,4,23520.0,4939.2,0.0,28459.2
8347,1000009833,20241030,769,1,924,-1,14175.0,2976.75,900.0,18051.75
8348,1000009835,20250430,1003,2,1,1,42750.0,8977.5,0.0,51727.5
8349,1000009837,20240909,609,1,2924,-1,29400.0,6174.0,0.0,35574.0
8350,1000009838,20250327,434,2,4,4,25500.0,5355.0,0.0,30855.0
8351,1000009839,20240426,203,1,2984,-1,60930.0,12795.3,0.0,73725.3
8352,1000009841,20250201,895,1,2574,-1,10800.0,2268.0,900.0,13968.0
8353,1000009842,20240210,1427,2,4,4,16170.0,3395.7,0.0,19565.7
8354,1000009843,20241008,318,1,1477,-1,79308.0,16654.68,900.0,96862.68
8355,1000009844,20250316,143,1,2829,-1,58080.0,12196.8,1200.0,71476.8
8356,1000009846,20241103,828,1,2545,-1,13230.0,2778.3,1500.0,17508.3
8357,1000009847,20240813,534,1,1251,-1,24000.0,5040.0,900.0,29940.0
8358,1000009848,20240523,958,1,857,-1,16170.0,3395.7,900.0,20465.7
8359,1000009849,20240917,541,2,4,4,21600.0,4536.0,0.0,26136.0
8360,1000009851,20250715,1020,2,4,4,79200.0,16632.0,0.0,95832.0
8361,1000009852,20240614,603,1,95,-1,52248.0,10972.08,900.0,64120.08
8362,1000009853,20240421,1325,1,580,-1,16500.0,3465.0,0.0,19965.0
8363,1000009854,20240102,1287,1,3155,-1,20520.0,4309.2,900.0,25729.2
8364,1000009855,20241206,1246,1,1167,-1,22800.0,4788.0,1200.0,28788.0
8365,1000009856,20241118,918,1,1009,-1,25200.0,5292.0,900.0,31392.0
8366,1000009857,20250505,137,2,3,3,64500.0,13545.0,0.0,78045.0
8367,1000009858,20250426,1029,1,3067,-1,70200.0,14742.0,900.0,85842.0
8368,1000009859,20250605,233,2,4,4,34200.0,7182.0,0.0,41382.0
8369,1000009860,20250102,1379,1,948,-1,75750.0,15907.5,0.0,91657.5
8370,1000009861,20250521,218,2,4,4,75780.0,15913.8,0.0,91693.8
8371,1000009862,20250727,1027,1,1575,-1,71244.0,14961.24,1200.0,87405.24
8372,1000009863,20241122,1372,2,1,1,44100.0,9261.0,0.0,53361.0
8373,1000009864,20240203,1214,1,2112,-1,28200.0,5922.0,1200.0,35322.0
8374,1000009865,20240715,1405,2,4,4,29400.0,6174.0,0.0,35574.0
8375,1000009867,20250703,788,1,1729,-1,49200.0,10332.0,900.0,60432.0
8376,1000009869,20241112,553,1,2513,-1,45000.0,9450.0,900.0,55350.0
8377,1000009871,20250507,538,1,2305,-1,59520.0,12499.2,900.0,72919.2
8378,1000009872,20250303,160,1,1310,-1,10800.0,2268.0,0.0,13068.0
8379,1000009874,20250611,750,1,1136,-1,28500.0,5985.0,1200.0,35685.0
8380,1000009875,20240913,486,1,2436,-1,35640.0,7484.4,1200.0,44324.4
8381,1000009876,20250708,171,2,2,2,58800.0,12348.0,0.0,71148.0
8382,1000009877,20240715,22,1,1785,-1,25500.0,5355.0,1200.0,32055.0
8383,1000009878,20250318,610,1,539,-1,28500.0,5985.0,900.0,35385.0
8384,1000009879,20240611,1465,1,2097,-1,35280.0,7408.8,900.0,43588.8
8385,1000009880,20240309,1288,2,4,4,52920.0,11113.2,0.0,64033.2
8386,1000009882,20250624,342,2,2,2,12600.0,2646.0,0.0,15246.0
8387,1000009883,20240615,743,2,2,2,55935.0,11746.35,0.0,67681.35
8388,1000009884,20250401,14,2,2,2,14175.0,2976.75,0.0,17151.75
8389,1000009885,20240315,1047,2,4,4,44100.0,9261.0,0.0,53361.0
8390,1000009886,20250313,1464,1,2425,-1,36450.0,7654.5,0.0,44104.5
8391,1000009887,20240421,1263,1,846,-1,24300.0,5103.0,1200.0,30603.0
8392,1000009889,20250322,564,1,651,-1,22800.0,4788.0,1200.0,28788.0
8393,1000009890,20241204,1405,1,2736,-1,29400.0,6174.0,1200.0,36774.0
8394,1000009891,20250211,188,1,413,-1,39720.0,8341.2,1200.0,49261.2
8395,1000009892,20241024,1496,2,3,3,39690.0,8334.9,0.0,48024.9
8396,1000009893,20241006,1360,2,1,1,53352.0,11203.92,0.0,64555.92
8397,1000009894,20240119,622,2,4,4,40500.0,8505.0,0.0,49005.0
8398,1000009895,20240826,386,1,485,-1,26460.0,5556.6,0.0,32016.6
8399,1000009896,20250201,214,2,3,3,84450.0,17734.5,0.0,102184.5
8400,1000009897,20240125,895,1,1446,-1,10800.0,2268.0,900.0,13968.0
8401,1000009899,20250912,829,2,1,1,23520.0,4939.2,0.0,28459.2
8402,1000009900,20250521,1037,1,3131,-1,55080.0,11566.8,1200.0,67846.8
8403,1000009901,20250316,1059,2,1,1,32400.0,6804.0,0.0,39204.0
8404,1000009902,20250214,66,1,256,-1,14700.0,3087.0,0.0,17787.0
8405,1000009903,20240606,939,2,2,2,10584.0,2222.64,0.0,12806.64
8406,1000009905,20240115,1208,2,1,1,28500.0,5985.0,0.0,34485.0
8407,1000009906,20250627,1172,2,4,4,15675.0,3291.75,0.0,18966.75
8408,1000009907,20240117,75,2,4,4,14700.0,3087.0,0.0,17787.0
8409,1000009908,20250725,573,2,4,4,11400.0,2394.0,0.0,13794.0
8410,1000009909,20240920,612,1,2716,-1,44887.5,9426.38,1500.0,55813.88
8411,1000009910,20241027,1184,2,4,4,20520.0,4309.2,0.0,24829.2
8412,1000009911,20241221,119,2,4,4,27000.0,5670.0,0.0,32670.0
8413,1000009912,20240528,21,2,4,4,64800.0,13608.0,0.0,78408.0
8414,1000009914,20240809,1259,1,2453,-1,44887.5,9426.38,1200.0,55513.88
8415,1000009915,20240904,234,2,3,3,45600.0,9576.0,0.0,55176.0
8416,1000009916,20250728,354,1,1657,-1,37410.0,7856.1,1500.0,46766.1
8417,1000009917,20240130,1395,1,288,-1,30000.0,6300.0,0.0,36300.0
8418,1000009919,20250420,1436,1,849,-1,27000.0,5670.0,0.0,32670.0
8419,1000009920,20240407,224,2,2,2,27450.0,5764.5,0.0,33214.5
8420,1000009921,20250116,447,2,1,1,29400.0,6174.0,0.0,35574.0
8421,1000009923,20250802,2,1,2867,-1,15000.0,3150.0,0.0,18150.0
8422,1000009924,20250512,1070,2,4,4,45000.0,9450.0,0.0,54450.0
8423,1000009925,20240128,540,1,1128,-1,75750.0,15907.5,1200.0,92857.5
8424,1000009926,20241221,296,1,390,-1,71025.0,14915.25,0.0,85940.25
8425,1000009927,20240503,1258,2,4,4,23760.0,4989.6,0.0,28749.6
8426,1000009928,20250111,694,2,3,3,30870.0,6482.7,0.0,37352.7
8427,1000009929,20250618,548,1,737,-1,27000.0,5670.0,1200.0,33870.0
8428,1000009930,20240630,725,1,2997,-1,29160.0,6123.6,1200.0,36483.6
8429,1000009931,20250803,843,2,4,4,42750.0,8977.5,0.0,51727.5
8430,1000009932,20241104,181,1,414,-1,30780.0,6463.8,1200.0,38443.8
8431,1000009933,20250331,881,2,1,1,33000.0,6930.0,0.0,39930.0
8432,1000009934,20241201,813,1,2211,-1,29400.0,6174.0,900.0,36474.0
8433,1000009935,20241013,1245,1,431,-1,10800.0,2268.0,1500.0,14568.0
8434,1000009936,20250822,183,1,2387,-1,36000.0,7560.0,1200.0,44760.0
8435,1000009937,20240623,1266,1,1236,-1,9720.0,2041.2,900.0,12661.2
8436,1000009938,20240314,1287,1,2096,-1,46800.0,9828.0,1200.0,57828.0
8437,1000009939,20241013,773,1,2791,-1,40500.0,8505.0,900.0,49905.0
8438,1000009940,20250730,829,2,2,2,13500.0,2835.0,0.0,16335.0
8439,1000009941,20250118,666,2,4,4,25650.0,5386.5,0.0,31036.5
8440,1000009942,20241121,331,1,1095,-1,46305.0,9724.05,900.0,56929.05
8441,1000009943,20240321,1457,2,2,2,25872.0,5433.12,0.0,31305.12
8442,1000009945,20250823,149,2,3,3,14700.0,3087.0,0.0,17787.0
8443,1000009946,20250928,1003,1,184,-1,36000.0,7560.0,1500.0,45060.0
8444,1000009947,20250529,1039,2,1,1,28500.0,5985.0,0.0,34485.0
8445,1000009950,20250108,405,1,3033,-1,30780.0,6463.8,0.0,37243.8
8446,1000009951,20241113,157,2,1,1,36000.0,7560.0,0.0,43560.0
8447,1000009953,20240403,1178,2,4,4,10800.0,2268.0,0.0,13068.0
8448,1000009954,20250316,819,2,3,3,39690.0,8334.9,0.0,48024.9
8449,1000009955,20240915,550,1,3063,-1,36000.0,7560.0,900.0,44460.0
8450,1000009956,20250522,1430,1,2414,-1,46650.0,9796.5,1200.0,57646.5
8451,1000009957,20250318,1356,1,2140,-1,32400.0,6804.0,1200.0,40404.0
8452,1000009958,20250112,868,1,1267,-1,59976.0,12594.96,1200.0,73770.96
8453,1000009959,20250525,586,1,3074,-1,16500.0,3465.0,1200.0,21165.0
8454,1000009960,20240308,401,1,2326,-1,11760.0,2469.6,1500.0,15729.6
8455,1000009961,20250713,1161,1,1255,-1,15435.0,3241.35,1500.0,20176.35
8456,1000009962,20240614,1077,1,3177,-1,38475.0,8079.75,900.0,47454.75
8457,1000009963,20240912,1145,2,4,4,40500.0,8505.0,0.0,49005.0
8458,1000009964,20250812,971,2,4,4,23520.0,4939.2,0.0,28459.2
8459,1000009965,20240114,473,1,2408,-1,14175.0,2976.75,1200.0,18351.75
8460,1000009966,20241008,749,1,1747,-1,15000.0,3150.0,0.0,18150.0
8461,1000009967,20250423,1261,2,2,2,11400.0,2394.0,0.0,13794.0
8462,1000009968,20250130,1074,1,861,-1,63840.0,13406.4,1200.0,78446.4
8463,1000009969,20240831,998,1,2210,-1,24696.0,5186.16,900.0,30782.16
8464,1000009970,20240503,861,1,180,-1,43050.0,9040.5,1200.0,53290.5
8465,1000009971,20240819,597,1,876,-1,71460.0,15006.6,0.0,86466.6
8466,1000009972,20250423,558,1,131,-1,29400.0,6174.0,1200.0,36774.0
8467,1000009973,20240309,651,1,777,-1,27000.0,5670.0,1200.0,33870.0
8468,1000009974,20240911,839,2,4,4,24000.0,5040.0,0.0,29040.0
8469,1000009975,20241212,1361,2,2,2,34200.0,7182.0,0.0,41382.0
8470,1000009976,20240706,1048,1,822,-1,63894.0,13417.74,0.0,77311.74
8471,1000009977,20240423,420,1,1593,-1,61200.0,12852.0,900.0,74952.0
8472,1000009979,20240130,665,2,1,1,30000.0,6300.0,0.0,36300.0
8473,1000009980,20241017,1244,1,1228,-1,35280.0,7408.8,1200.0,43888.8
8474,1000009982,20250113,61,1,3054,-1,23940.0,5027.4,0.0,28967.4
8475,1000009983,20250904,995,1,1033,-1,11970.0,2513.7,1500.0,15983.7
8476,1000009984,20241202,566,2,3,3,75300.0,15813.0,0.0,91113.0
8477,1000009985,20240829,739,1,1844,-1,14962.5,3142.12,1500.0,19604.62
8478,1000009986,20241007,400,2,3,3,38475.0,8079.75,0.0,46554.75
8479,1000009987,20240322,613,2,1,1,11970.0,2513.7,0.0,14483.7
8480,1000009988,20240617,632,1,2613,-1,45000.0,9450.0,1200.0,55650.0
8481,1000009989,20240213,233,1,1701,-1,87750.0,18427.5,1500.0,107677.5
8482,1000009990,20240221,1104,1,1745,-1,30780.0,6463.8,900.0,38143.8
8483,1000009991,20250628,101,1,2955,-1,101550.0,21325.5,1200.0,124075.5
8484,1000009992,20240605,1025,1,1002,-1,23520.0,4939.2,900.0,29359.2
8485,1000009993,20250327,1467,1,1679,-1,67800.0,14238.0,1500.0,83538.0
8486,1000009994,20240607,946,1,605,-1,23760.0,4989.6,900.0,29649.6
8487,1000009995,20250109,1229,2,3,3,35280.0,7408.8,0.0,42688.8
8488,1000009996,20250313,1477,2,4,4,30780.0,6463.8,0.0,37243.8
8489,1000009997,20250517,341,1,2904,-1,37398.0,7853.58,900.0,46151.58
8490,1000009998,20250303,1392,1,2586,-1,16500.0,3465.0,1200.0,21165.0
8491,1000009999,20240604,1500,1,125,-1,80100.0,16821.0,1500.0,98421.0
8492,1000010000,20250211,564,2,4,4,32400.0,6804.0,0.0,39204.0
8493,1000010001,20240219,595,1,2132,-1,40110.0,8423.1,1500.0,50033.1
8494,1000010002,20241004,893,1,2354,-1,73260.0,15384.6,900.0,89544.6
8495,1000010003,20240320,760,2,2,2,15000.0,3150.0,0.0,18150.0
8496,1000010004,20240603,1223,1,987,-1,11760.0,2469.6,0.0,14229.6
8497,1000010005,20240809,981,2,1,1,23760.0,4989.6,0.0,28749.6
8498,1000010006,20241125,392,2,3,3,29160.0,6123.6,0.0,35283.6
8499,1000010007,20240714,624,1,3031,-1,34200.0,7182.0,1200.0,42582.0
8500,1000010008,20250204,375,1,2204,-1,31500.0,6615.0,0.0,38115.0
8501,1000010009,20240213,514,1,1626,-1,42750.0,8977.5,900.0,52627.5
8502,1000010010,20240702,295,2,3,3,38808.0,8149.68,0.0,46957.68
8503,1000010013,20250302,712,1,1121,-1,27150.0,5701.5,0.0,32851.5
8504,1000010014,20240909,1455,1,2200,-1,12150.0,2551.5,900.0,15601.5
8505,1000010015,20250201,691,1,305,-1,31500.0,6615.0,900.0,39015.0
8506,1000010016,20240828,1445,2,2,2,63900.0,13419.0,0.0,77319.0
8507,1000010017,20240629,1451,2,3,3,24000.0,5040.0,0.0,29040.0
8508,1000010019,20250716,49,1,2642,-1,30000.0,6300.0,1200.0,37500.0
8509,1000010020,20240812,935,1,1650,-1,10260.0,2154.6,900.0,13314.6
8510,1000010021,20240303,1364,1,2685,-1,44887.5,9426.38,1200.0,55513.88
8511,1000010022,20240714,903,1,2127,-1,11400.0,2394.0,0.0,13794.0
8512,1000010023,20250405,966,1,2588,-1,30000.0,6300.0,0.0,36300.0
8513,1000010024,20241231,433,1,3106,-1,45000.0,9450.0,0.0,54450.0
8514,1000010025,20250911,1248,2,3,3,14250.0,2992.5,0.0,17242.5
8515,1000010026,20250508,519,2,3,3,13500.0,2835.0,0.0,16335.0
8516,1000010027,20240219,286,2,4,4,40500.0,8505.0,0.0,49005.0
8517,1000010029,20240415,1445,2,2,2,30780.0,6463.8,0.0,37243.8
8518,1000010030,20240609,547,1,3098,-1,10800.0,2268.0,900.0,13968.0
8519,1000010031,20250705,1093,2,3,3,43200.0,9072.0,0.0,52272.0
8520,1000010032,20250818,1482,1,958,-1,10800.0,2268.0,900.0,13968.0
8521,1000010033,20241216,1395,1,128,-1,20520.0,4309.2,1200.0,26029.2
8522,1000010034,20250921,912,2,2,2,23520.0,4939.2,0.0,28459.2
8523,1000010036,20250913,516,1,1304,-1,24696.0,5186.16,1200.0,31082.16
8524,1000010037,20240630,164,1,1154,-1,11340.0,2381.4,1500.0,15221.4
8525,1000010038,20240112,918,2,3,3,13500.0,2835.0,0.0,16335.0
8526,1000010039,20241214,893,2,2,2,14250.0,2992.5,0.0,17242.5
8527,1000010041,20250316,1046,2,4,4,21600.0,4536.0,0.0,26136.0
8528,1000010042,20250526,618,1,267,-1,27000.0,5670.0,1200.0,33870.0
8529,1000010043,20240701,995,2,4,4,30870.0,6482.7,0.0,37352.7
8530,1000010044,20250419,400,1,43,-1,14962.5,3142.12,1200.0,19304.62
8531,1000010045,20250330,920,1,1067,-1,68460.0,14376.6,900.0,83736.6
8532,1000010046,20250723,58,2,1,1,70080.0,14716.8,0.0,84796.8
8533,1000010047,20240114,1275,1,1593,-1,15675.0,3291.75,1500.0,20466.75
8534,1000010048,20250107,1362,1,3091,-1,51600.0,10836.0,1200.0,63636.0
8535,1000010049,20240208,1,1,2281,-1,24000.0,5040.0,1200.0,30240.0
8536,1000010050,20240905,795,1,649,-1,12000.0,2520.0,1200.0,15720.0
8537,1000010052,20250429,681,1,2230,-1,30000.0,6300.0,900.0,37200.0
8538,1000010053,20250805,1162,2,2,2,37230.0,7818.3,0.0,45048.3
8539,1000010054,20240706,1204,2,4,4,10800.0,2268.0,0.0,13068.0
8540,1000010055,20240422,1442,2,1,1,25650.0,5386.5,0.0,31036.5
8541,1000010056,20250309,1216,2,3,3,23520.0,4939.2,0.0,28459.2
8542,1000010058,20250415,61,1,979,-1,14700.0,3087.0,900.0,18687.0
8543,1000010059,20250615,298,1,2256,-1,100485.0,21101.85,1200.0,122786.85
8544,1000010060,20250125,903,2,1,1,26100.0,5481.0,0.0,31581.0
8545,1000010061,20250723,739,1,2196,-1,35940.0,7547.4,0.0,43487.4
8546,1000010062,20250227,1339,2,2,2,38370.0,8057.7,0.0,46427.7
8547,1000010063,20240802,615,1,1870,-1,27000.0,5670.0,1200.0,33870.0
8548,1000010065,20240205,1291,1,2507,-1,21168.0,4445.28,900.0,26513.28
8549,1000010066,20250311,1459,1,6,-1,23520.0,4939.2,900.0,29359.2
8550,1000010067,20241128,541,1,1749,-1,48420.0,10168.2,1500.0,60088.2
8551,1000010068,20241227,797,1,2439,-1,36000.0,7560.0,0.0,43560.0
8552,1000010069,20240220,537,2,2,2,11400.0,2394.0,0.0,13794.0
8553,1000010070,20250214,1396,1,2047,-1,35280.0,7408.8,900.0,43588.8
8554,1000010071,20250223,1160,1,1334,-1,12000.0,2520.0,0.0,14520.0
8555,1000010072,20250516,884,1,97,-1,36000.0,7560.0,1200.0,44760.0
8556,1000010073,20250419,1209,2,4,4,55935.0,11746.35,0.0,67681.35
8557,1000010074,20240518,1174,1,1286,-1,87300.0,18333.0,1500.0,107133.0
8558,1000010076,20240712,889,1,589,-1,29400.0,6174.0,1200.0,36774.0
8559,1000010077,20241204,667,1,1186,-1,15000.0,3150.0,1500.0,19650.0
8560,1000010078,20250413,1314,2,2,2,23940.0,5027.4,0.0,28967.4
8561,1000010079,20250106,1133,1,1112,-1,32400.0,6804.0,0.0,39204.0
8562,1000010080,20240829,1348,1,157,-1,15750.0,3307.5,1200.0,20257.5
8563,1000010082,20250424,53,2,3,3,10800.0,2268.0,0.0,13068.0
8564,1000010083,20241129,229,1,2780,-1,12348.0,2593.08,1200.0,16141.08
8565,1000010084,20240319,794,1,607,-1,11760.0,2469.6,1200.0,15429.6
8566,1000010085,20240105,462,2,1,1,30000.0,6300.0,0.0,36300.0
8567,1000010086,20240219,1240,1,2050,-1,24000.0,5040.0,900.0,29940.0
8568,1000010087,20250909,681,2,1,1,11760.0,2469.6,0.0,14229.6
8569,1000010088,20240731,522,1,1249,-1,32400.0,6804.0,900.0,40104.0
8570,1000010089,20250826,262,1,980,-1,10800.0,2268.0,1200.0,14268.0
8571,1000010092,20240925,905,1,3080,-1,22800.0,4788.0,1200.0,28788.0
8572,1000010094,20250818,956,2,2,2,34200.0,7182.0,0.0,41382.0
8573,1000010095,20250330,295,1,2357,-1,24000.0,5040.0,1200.0,30240.0
8574,1000010096,20250303,129,1,362,-1,12000.0,2520.0,900.0,15420.0
8575,1000010098,20250306,5,1,346,-1,50568.0,10619.28,1200.0,62387.28
8576,1000010099,20250415,1252,2,4,4,15000.0,3150.0,0.0,18150.0
8577,1000010100,20241020,968,2,1,1,24000.0,5040.0,0.0,29040.0
8578,1000010102,20250110,967,1,739,-1,40500.0,8505.0,900.0,49905.0
8579,1000010103,20250128,805,2,1,1,10800.0,2268.0,0.0,13068.0
8580,1000010104,20240922,1271,1,553,-1,70710.0,14849.1,900.0,86459.1
8581,1000010106,20240406,1118,2,3,3,60720.0,12751.2,0.0,73471.2
8582,1000010107,20241025,135,2,1,1,61578.0,12931.38,0.0,74509.38
8583,1000010108,20250829,138,1,3058,-1,12000.0,2520.0,1500.0,16020.0
8584,1000010109,20250405,1163,1,1108,-1,16500.0,3465.0,1500.0,21465.0
8585,1000010110,20240713,1318,1,3113,-1,24000.0,5040.0,1200.0,30240.0
8586,1000010111,20250329,1332,1,691,-1,28500.0,5985.0,1200.0,35685.0
8587,1000010112,20250904,424,1,478,-1,43575.0,9150.75,900.0,53625.75
8588,1000010113,20250823,350,2,3,3,21600.0,4536.0,0.0,26136.0
8589,1000010114,20250903,731,1,1465,-1,61680.0,12952.8,900.0,75532.8
8590,1000010115,20240603,557,2,2,2,116550.0,24475.5,0.0,141025.5
8591,1000010117,20250104,745,1,304,-1,55785.0,11714.85,900.0,68399.85
8592,1000010118,20250616,492,1,2960,-1,32400.0,6804.0,1500.0,40704.0
8593,1000010119,20240513,835,2,4,4,27510.0,5777.1,0.0,33287.1
8594,1000010120,20240708,196,1,2488,-1,35280.0,7408.8,1200.0,43888.8
8595,1000010121,20240623,1468,2,2,2,37800.0,7938.0,0.0,45738.0
8596,1000010122,20240513,19,2,2,2,38220.0,8026.2,0.0,46246.2
8597,1000010123,20250206,1042,1,289,-1,32400.0,6804.0,1500.0,40704.0
8598,1000010124,20250116,495,1,1751,-1,15000.0,3150.0,900.0,19050.0
8599,1000010125,20250121,743,2,1,1,27000.0,5670.0,0.0,32670.0
8600,1000010126,20240107,505,2,2,2,82530.0,17331.3,0.0,99861.3
8601,1000010127,20240502,474,1,1897,-1,36000.0,7560.0,900.0,44460.0
8602,1000010128,20240816,51,1,1260,-1,36450.0,7654.5,900.0,45004.5
8603,1000010129,20241004,882,1,2820,-1,34200.0,7182.0,1200.0,42582.0
8604,1000010130,20250123,77,2,1,1,51180.0,10747.8,0.0,61927.8
8605,1000010131,20240828,348,2,4,4,63180.0,13267.8,0.0,76447.8
8606,1000010132,20240601,1381,1,218,-1,83280.0,17488.8,900.0,101668.8
8607,1000010134,20250813,1184,1,1200,-1,26400.0,5544.0,1500.0,33444.0
8608,1000010135,20240504,873,1,356,-1,34200.0,7182.0,1200.0,42582.0
8609,1000010137,20240730,284,2,4,4,34200.0,7182.0,0.0,41382.0
8610,1000010138,20240718,858,2,4,4,65325.0,13718.25,0.0,79043.25
8611,1000010139,20250401,462,1,2672,-1,23520.0,4939.2,900.0,29359.2
8612,1000010140,20250323,1489,2,4,4,34200.0,7182.0,0.0,41382.0
8613,1000010141,20240502,954,2,4,4,34200.0,7182.0,0.0,41382.0
8614,1000010142,20241126,897,2,2,2,80100.0,16821.0,0.0,96921.0
8615,1000010143,20240327,715,1,1856,-1,95835.0,20125.35,1500.0,117460.35
8616,1000010144,20240411,498,1,889,-1,35280.0,7408.8,1500.0,44188.8
8617,1000010146,20240701,878,2,4,4,49500.0,10395.0,0.0,59895.0
8618,1000010147,20250505,16,2,3,3,12000.0,2520.0,0.0,14520.0
8619,1000010149,20250507,404,2,1,1,28350.0,5953.5,0.0,34303.5
8620,1000010150,20250710,177,1,631,-1,44100.0,9261.0,1500.0,54861.0
8621,1000010151,20240827,1445,1,2863,-1,21600.0,4536.0,900.0,27036.0
8622,1000010152,20240331,409,1,1969,-1,42750.0,8977.5,900.0,52627.5
8623,1000010154,20240603,692,2,4,4,21600.0,4536.0,0.0,26136.0
8624,1000010155,20240605,1230,1,1612,-1,12825.0,2693.25,1200.0,16718.25
8625,1000010156,20241001,1488,1,175,-1,32520.0,6829.2,900.0,40249.2
8626,1000010157,20250222,1203,1,1524,-1,57960.0,12171.6,900.0,71031.6
8627,1000010158,20250509,46,1,20,-1,10800.0,2268.0,900.0,13968.0
8628,1000010159,20250913,757,1,2053,-1,45000.0,9450.0,900.0,55350.0
8629,1000010160,20240202,248,1,3078,-1,10800.0,2268.0,1200.0,14268.0
8630,1000010161,20250222,1107,2,3,3,12150.0,2551.5,0.0,14701.5
8631,1000010162,20240810,1158,2,3,3,11340.0,2381.4,0.0,13721.4
8632,1000010163,20250217,102,1,2806,-1,37020.0,7774.2,900.0,45694.2
8633,1000010164,20250605,1250,1,1987,-1,22680.0,4762.8,1500.0,28942.8
8634,1000010165,20240103,100,2,4,4,12000.0,2520.0,0.0,14520.0
8635,1000010166,20240415,40,1,2477,-1,61560.0,12927.6,900.0,75387.6
8636,1000010167,20250320,956,1,2563,-1,40500.0,8505.0,1200.0,50205.0
8637,1000010168,20250212,1463,1,502,-1,44887.5,9426.38,1200.0,55513.88
8638,1000010169,20250326,1247,2,2,2,11760.0,2469.6,0.0,14229.6
8639,1000010170,20250618,356,1,2777,-1,29160.0,6123.6,1200.0,36483.6
8640,1000010172,20240815,1428,2,2,2,25872.0,5433.12,0.0,31305.12
8641,1000010174,20250214,57,1,2854,-1,44550.0,9355.5,900.0,54805.5
8642,1000010175,20250830,864,1,166,-1,58440.0,12272.4,1500.0,72212.4
8643,1000010176,20240217,1175,1,2518,-1,11880.0,2494.8,900.0,15274.8
8644,1000010177,20250805,981,1,1880,-1,47400.0,9954.0,1200.0,58554.0
8645,1000010178,20240427,585,1,1887,-1,12000.0,2520.0,1500.0,16020.0
8646,1000010179,20240622,1317,1,1290,-1,25200.0,5292.0,0.0,30492.0
8647,1000010181,20240820,149,1,1200,-1,10800.0,2268.0,1200.0,14268.0
8648,1000010182,20250610,690,1,45,-1,22800.0,4788.0,900.0,28488.0
8649,1000010183,20240724,1384,1,168,-1,35910.0,7541.1,1200.0,44651.1
8650,1000010184,20241206,750,2,1,1,59820.0,12562.2,0.0,72382.2
8651,1000010185,20250605,874,2,3,3,44100.0,9261.0,0.0,53361.0
8652,1000010186,20250228,282,1,3156,-1,34020.0,7144.2,900.0,42064.2
8653,1000010187,20250714,75,2,1,1,23760.0,4989.6,0.0,28749.6
8654,1000010188,20240302,994,1,3145,-1,21600.0,4536.0,1200.0,27336.0
8655,1000010189,20240329,634,1,404,-1,10800.0,2268.0,900.0,13968.0
8656,1000010190,20250421,748,1,2345,-1,40500.0,8505.0,900.0,49905.0
8657,1000010191,20240308,835,2,2,2,24300.0,5103.0,0.0,29403.0
8658,1000010192,20241102,11,1,3177,-1,22680.0,4762.8,900.0,28342.8
8659,1000010193,20240510,688,1,349,-1,34020.0,7144.2,1200.0,42364.2
8660,1000010194,20250928,1460,1,1066,-1,45000.0,9450.0,900.0,55350.0
8661,1000010195,20250903,1406,1,1604,-1,37044.0,7779.24,1200.0,46023.24
8662,1000010197,20240917,880,1,2136,-1,20520.0,4309.2,1500.0,26329.2
8663,1000010198,20240115,814,2,4,4,48510.0,10187.1,0.0,58697.1
8664,1000010199,20240402,1162,1,2522,-1,27000.0,5670.0,1200.0,33870.0
8665,1000010200,20250122,867,2,3,3,59400.0,12474.0,0.0,71874.0
8666,1000010201,20240206,682,2,1,1,28500.0,5985.0,0.0,34485.0
8667,1000010202,20240325,294,1,1751,-1,73425.0,15419.25,0.0,88844.25
8668,1000010203,20250507,1061,2,4,4,16170.0,3395.7,0.0,19565.7
8669,1000010204,20250905,601,2,4,4,23940.0,5027.4,0.0,28967.4
8670,1000010205,20240407,676,1,2424,-1,10800.0,2268.0,1200.0,14268.0
8671,1000010206,20240906,232,1,1017,-1,98775.0,20742.75,1200.0,120717.75
8672,1000010207,20240108,417,1,3184,-1,23520.0,4939.2,900.0,29359.2
8673,1000010208,20241101,393,1,1854,-1,34200.0,7182.0,1200.0,42582.0
8674,1000010209,20250108,556,2,4,4,35280.0,7408.8,0.0,42688.8
8675,1000010210,20241004,1029,2,4,4,31500.0,6615.0,0.0,38115.0
8676,1000010211,20250712,588,1,558,-1,11760.0,2469.6,1500.0,15729.6
8677,1000010212,20240728,980,2,2,2,21600.0,4536.0,0.0,26136.0
8678,1000010213,20241128,118,1,1275,-1,31350.0,6583.5,1500.0,39433.5
8679,1000010214,20250217,677,1,2684,-1,34020.0,7144.2,900.0,42064.2
8680,1000010215,20250218,26,1,1985,-1,21600.0,4536.0,0.0,26136.0
8681,1000010216,20250818,315,1,1720,-1,71160.0,14943.6,1200.0,87303.6
8682,1000010217,20250630,867,1,2351,-1,47250.0,9922.5,1500.0,58672.5
8683,1000010218,20250321,147,2,1,1,38808.0,8149.68,0.0,46957.68
8684,1000010219,20250222,169,2,3,3,45000.0,9450.0,0.0,54450.0
8685,1000010220,20250417,148,2,3,3,14700.0,3087.0,0.0,17787.0
8686,1000010221,20240831,1485,1,382,-1,51450.0,10804.5,0.0,62254.5
8687,1000010222,20250706,986,1,2368,-1,73710.0,15479.1,900.0,90089.1
8688,1000010223,20240720,1300,2,2,2,48210.0,10124.1,0.0,58334.1
8689,1000010224,20250403,904,1,1033,-1,14250.0,2992.5,1200.0,18442.5
8690,1000010225,20250211,714,1,1727,-1,52500.0,11025.0,900.0,64425.0
8691,1000010226,20240708,864,1,165,-1,19440.0,4082.4,1200.0,24722.4
8692,1000010227,20250305,1413,1,1084,-1,21600.0,4536.0,1200.0,27336.0
8693,1000010228,20250916,496,1,2803,-1,37800.0,7938.0,1500.0,47238.0
8694,1000010229,20240801,1175,1,1283,-1,44250.0,9292.5,0.0,53542.5
8695,1000010230,20250620,1353,2,4,4,38475.0,8079.75,0.0,46554.75
8696,1000010231,20250910,1207,1,2864,-1,15750.0,3307.5,1200.0,20257.5
8697,1000010232,20250519,76,1,2489,-1,40500.0,8505.0,0.0,49005.0
8698,1000010233,20240208,1245,1,1921,-1,35280.0,7408.8,0.0,42688.8
8699,1000010234,20240302,1446,1,1445,-1,65550.0,13765.5,0.0,79315.5
8700,1000010235,20240416,389,2,2,2,31350.0,6583.5,0.0,37933.5
8701,1000010236,20240912,480,2,3,3,41160.0,8643.6,0.0,49803.6
8702,1000010237,20241129,1096,2,3,3,27300.0,5733.0,0.0,33033.0
8703,1000010238,20240528,46,1,2070,-1,40500.0,8505.0,900.0,49905.0
8704,1000010239,20250325,924,2,3,3,70200.0,14742.0,0.0,84942.0
8705,1000010240,20250222,168,1,471,-1,44100.0,9261.0,0.0,53361.0
8706,1000010241,20240220,1117,2,3,3,55080.0,11566.8,0.0,66646.8
8707,1000010242,20241007,658,1,876,-1,21600.0,4536.0,0.0,26136.0
8708,1000010246,20240920,401,1,583,-1,40500.0,8505.0,900.0,49905.0
8709,1000010247,20241124,1477,1,3122,-1,47025.0,9875.25,1200.0,58100.25
8710,1000010249,20250210,446,1,2457,-1,14175.0,2976.75,1200.0,18351.75
8711,1000010250,20240422,1106,2,2,2,10800.0,2268.0,0.0,13068.0
8712,1000010252,20250108,1433,1,2294,-1,27000.0,5670.0,0.0,32670.0
8713,1000010254,20250629,580,2,2,2,21600.0,4536.0,0.0,26136.0
8714,1000010255,20240922,878,2,2,2,26220.0,5506.2,0.0,31726.2
8715,1000010256,20240227,671,1,2289,-1,15000.0,3150.0,1200.0,19350.0
8716,1000010257,20250627,542,2,3,3,13500.0,2835.0,0.0,16335.0
8717,1000010258,20240408,215,1,494,-1,12000.0,2520.0,900.0,15420.0
8718,1000010260,20250401,1414,2,3,3,54000.0,11340.0,0.0,65340.0
8719,1000010261,20240519,335,1,3159,-1,14250.0,2992.5,1500.0,18742.5
8720,1000010262,20250312,436,2,4,4,34200.0,7182.0,0.0,41382.0
8721,1000010263,20240307,1309,1,2422,-1,44100.0,9261.0,900.0,54261.0
8722,1000010265,20241130,504,1,2201,-1,28500.0,5985.0,900.0,35385.0
8723,1000010266,20250317,12,1,928,-1,40500.0,8505.0,1200.0,50205.0
8724,1000010267,20250927,545,2,1,1,38808.0,8149.68,0.0,46957.68
8725,1000010268,20240602,162,1,3135,-1,12540.0,2633.4,900.0,16073.4
8726,1000010269,20250311,1399,1,203,-1,54390.0,11421.9,1200.0,67011.9
8727,1000010270,20241101,1309,1,480,-1,22800.0,4788.0,0.0,27588.0
8728,1000010271,20240825,1381,1,2012,-1,40500.0,8505.0,900.0,49905.0
8729,1000010272,20240429,662,1,622,-1,37020.0,7774.2,900.0,45694.2
8730,1000010273,20240414,799,1,2812,-1,30000.0,6300.0,900.0,37200.0
8731,1000010274,20250114,737,1,2910,-1,41160.0,8643.6,1500.0,51303.6
8732,1000010275,20240725,1124,1,1034,-1,26400.0,5544.0,900.0,32844.0
8733,1000010276,20250511,452,1,1565,-1,21600.0,4536.0,900.0,27036.0
8734,1000010277,20250904,599,1,445,-1,35280.0,7408.8,1500.0,44188.8
8735,1000010278,20240113,1122,1,951,-1,10260.0,2154.6,900.0,13314.6
8736,1000010279,20240122,94,2,3,3,55500.0,11655.0,0.0,67155.0
8737,1000010280,20250221,1368,2,3,3,15675.0,3291.75,0.0,18966.75
8738,1000010282,20250409,65,2,4,4,14700.0,3087.0,0.0,17787.0
8739,1000010283,20241110,1182,2,1,1,23760.0,4989.6,0.0,28749.6
8740,1000010286,20240115,217,2,3,3,49392.0,10372.32,0.0,59764.32
8741,1000010287,20240126,479,2,3,3,23520.0,4939.2,0.0,28459.2
8742,1000010288,20250428,1295,2,1,1,36000.0,7560.0,0.0,43560.0
8743,1000010289,20241012,644,2,4,4,33000.0,6930.0,0.0,39930.0
8744,1000010290,20240330,1355,1,2702,-1,15000.0,3150.0,1500.0,19650.0
8745,1000010291,20240322,1193,2,4,4,16170.0,3395.7,0.0,19565.7
8746,1000010292,20240127,324,1,1393,-1,20520.0,4309.2,0.0,24829.2
8747,1000010293,20241125,503,1,2425,-1,14700.0,3087.0,0.0,17787.0
8748,1000010296,20241125,351,1,648,-1,11400.0,2394.0,1200.0,14994.0
8749,1000010297,20250621,175,1,2315,-1,30000.0,6300.0,0.0,36300.0
8750,1000010298,20241216,1174,1,2693,-1,23760.0,4989.6,1200.0,29949.6
8751,1000010299,20250630,1182,1,1608,-1,36450.0,7654.5,1500.0,45604.5
8752,1000010300,20240103,75,2,3,3,89100.0,18711.0,0.0,107811.0
8753,1000010301,20240914,846,2,4,4,32400.0,6804.0,0.0,39204.0
8754,1000010302,20250920,855,2,1,1,67200.0,14112.0,0.0,81312.0
8755,1000010303,20250220,1424,1,1056,-1,35280.0,7408.8,1200.0,43888.8
8756,1000010304,20240512,18,2,4,4,42120.0,8845.2,0.0,50965.2
8757,1000010305,20240329,797,1,1169,-1,15675.0,3291.75,1500.0,20466.75
8758,1000010306,20250110,234,1,1591,-1,45600.0,9576.0,0.0,55176.0
8759,1000010307,20250905,921,2,4,4,35100.0,7371.0,0.0,42471.0
8760,1000010308,20241103,1293,1,2568,-1,20520.0,4309.2,900.0,25729.2
8761,1000010309,20250502,78,1,2719,-1,29160.0,6123.6,900.0,36183.6
8762,1000010310,20241213,970,2,2,2,9720.0,2041.2,0.0,11761.2
8763,1000010311,20241214,27,2,1,1,28350.0,5953.5,0.0,34303.5
8764,1000010312,20250518,965,1,2964,-1,35910.0,7541.1,1200.0,44651.1
8765,1000010313,20240317,1463,1,1188,-1,55350.0,11623.5,1200.0,68173.5
8766,1000010314,20250122,330,1,2302,-1,54300.0,11403.0,900.0,66603.0
8767,1000010315,20250323,57,2,4,4,77520.0,16279.2,0.0,93799.2
8768,1000010316,20250803,538,1,79,-1,53400.0,11214.0,900.0,65514.0
8769,1000010317,20240204,695,2,1,1,10800.0,2268.0,0.0,13068.0
8770,1000010319,20240801,39,2,3,3,24000.0,5040.0,0.0,29040.0
8771,1000010320,20240323,472,1,1279,-1,28500.0,5985.0,1200.0,35685.0
8772,1000010322,20250923,582,2,2,2,21600.0,4536.0,0.0,26136.0
8773,1000010323,20241018,271,1,1500,-1,36000.0,7560.0,0.0,43560.0
8774,1000010324,20240211,87,1,1888,-1,56448.0,11854.08,900.0,69202.08
8775,1000010325,20250726,1150,1,462,-1,34020.0,7144.2,900.0,42064.2
8776,1000010326,20241211,1298,2,1,1,15000.0,3150.0,0.0,18150.0
8777,1000010327,20240717,115,1,2700,-1,14250.0,2992.5,900.0,18142.5
8778,1000010328,20250430,672,1,40,-1,30000.0,6300.0,1500.0,37800.0
8779,1000010329,20250630,1379,1,2213,-1,58896.0,12368.16,1200.0,72464.16
8780,1000010330,20250327,956,1,2639,-1,64368.0,13517.28,1500.0,79385.28
8781,1000010331,20240514,1177,2,1,1,11760.0,2469.6,0.0,14229.6
8782,1000010332,20250909,476,2,4,4,45000.0,9450.0,0.0,54450.0
8783,1000010333,20241025,1393,1,45,-1,29400.0,6174.0,1500.0,37074.0
8784,1000010334,20240605,311,2,1,1,30870.0,6482.7,0.0,37352.7
8785,1000010335,20250616,546,2,1,1,87300.0,18333.0,0.0,105633.0
8786,1000010336,20240703,187,1,664,-1,60000.0,12600.0,1200.0,73800.0
8787,1000010337,20250223,515,2,4,4,23520.0,4939.2,0.0,28459.2
8788,1000010338,20250729,641,2,4,4,11400.0,2394.0,0.0,13794.0
8789,1000010339,20250525,1169,1,2880,-1,24696.0,5186.16,900.0,30782.16
8790,1000010340,20240424,459,2,4,4,24000.0,5040.0,0.0,29040.0
8791,1000010341,20250511,190,1,1408,-1,36000.0,7560.0,1200.0,44760.0
8792,1000010342,20250612,781,1,1414,-1,21600.0,4536.0,1500.0,27636.0
8793,1000010343,20250813,581,2,1,1,64800.0,13608.0,0.0,78408.0
8794,1000010344,20241021,1105,1,1496,-1,120780.0,25363.8,900.0,147043.8
8795,1000010345,20250418,1144,1,2533,-1,42750.0,8977.5,900.0,52627.5
8796,1000010346,20240918,359,1,831,-1,29400.0,6174.0,900.0,36474.0
8797,1000010347,20240320,517,1,2059,-1,49260.0,10344.6,1200.0,60804.6
8798,1000010348,20240528,589,1,1743,-1,14175.0,2976.75,1200.0,18351.75
8799,1000010349,20241015,777,2,3,3,24000.0,5040.0,0.0,29040.0
8800,1000010352,20240612,121,2,4,4,36000.0,7560.0,0.0,43560.0
8801,1000010353,20250314,140,1,3119,-1,39600.0,8316.0,900.0,48816.0
8802,1000010354,20240326,1453,1,1376,-1,50700.0,10647.0,900.0,62247.0
8803,1000010355,20240418,1337,2,1,1,67680.0,14212.8,0.0,81892.8
8804,1000010359,20250314,1134,2,3,3,69000.0,14490.0,0.0,83490.0
8805,1000010360,20250518,679,2,4,4,12150.0,2551.5,0.0,14701.5
8806,1000010361,20250908,672,1,894,-1,37800.0,7938.0,900.0,46638.0
8807,1000010362,20250922,1405,1,145,-1,22680.0,4762.8,900.0,28342.8
8808,1000010363,20240201,922,2,3,3,46305.0,9724.05,0.0,56029.05
8809,1000010365,20250213,109,2,4,4,44100.0,9261.0,0.0,53361.0
8810,1000010366,20250713,423,1,3104,-1,59670.0,12530.7,1200.0,73400.7
8811,1000010368,20250923,895,1,809,-1,53580.0,11251.8,900.0,65731.8
8812,1000010369,20240304,745,2,4,4,36000.0,7560.0,0.0,43560.0
8813,1000010370,20240513,363,2,4,4,42525.0,8930.25,0.0,51455.25
8814,1000010371,20240524,700,2,1,1,26400.0,5544.0,0.0,31944.0
8815,1000010375,20250702,492,1,426,-1,55860.0,11730.6,1500.0,69090.6
8816,1000010376,20241227,745,1,1283,-1,30000.0,6300.0,1200.0,37500.0
8817,1000010377,20250606,581,2,3,3,15000.0,3150.0,0.0,18150.0
8818,1000010378,20250627,553,2,3,3,35280.0,7408.8,0.0,42688.8
8819,1000010379,20240425,386,2,4,4,20520.0,4309.2,0.0,24829.2
8820,1000010380,20250123,838,1,815,-1,54000.0,11340.0,0.0,65340.0
8821,1000010381,20240605,126,2,2,2,26670.0,5600.7,0.0,32270.7
8822,1000010382,20241205,866,1,1700,-1,34200.0,7182.0,900.0,42282.0
8823,1000010383,20250320,1010,1,2145,-1,74100.0,15561.0,900.0,90561.0
8824,1000010384,20241025,224,1,3174,-1,45000.0,9450.0,900.0,55350.0
8825,1000010385,20241115,1263,2,3,3,12000.0,2520.0,0.0,14520.0
8826,1000010388,20250217,1348,1,2384,-1,11400.0,2394.0,1500.0,15294.0
8827,1000010390,20250317,238,1,813,-1,27450.0,5764.5,1200.0,34414.5
8828,1000010391,20240303,809,1,2903,-1,59535.0,12502.35,1200.0,73237.35
8829,1000010392,20250821,542,1,2398,-1,24000.0,5040.0,900.0,29940.0
8830,1000010393,20250813,1471,2,1,1,49500.0,10395.0,0.0,59895.0
8831,1000010394,20250419,18,2,4,4,15000.0,3150.0,0.0,18150.0
8832,1000010395,20241217,93,1,2881,-1,15000.0,3150.0,900.0,19050.0
8833,1000010396,20250804,666,1,657,-1,42750.0,8977.5,1500.0,53227.5
8834,1000010397,20240209,147,2,2,2,45000.0,9450.0,0.0,54450.0
8835,1000010400,20240519,816,1,3167,-1,35760.0,7509.6,900.0,44169.6
8836,1000010401,20241108,1173,2,4,4,11760.0,2469.6,0.0,14229.6
8837,1000010402,20240917,524,2,2,2,70020.0,14704.2,0.0,84724.2
8838,1000010403,20250627,688,1,1691,-1,49920.0,10483.2,1200.0,61603.2
8839,1000010404,20250826,245,1,173,-1,28200.0,5922.0,900.0,35022.0
8840,1000010405,20240805,422,2,1,1,20520.0,4309.2,0.0,24829.2
8841,1000010406,20250928,716,2,4,4,46680.0,9802.8,0.0,56482.8
8842,1000010407,20250627,744,2,3,3,28500.0,5985.0,0.0,34485.0
8843,1000010408,20240920,614,2,1,1,23520.0,4939.2,0.0,28459.2
8844,1000010409,20241117,716,1,3135,-1,23760.0,4989.6,1200.0,29949.6
8845,1000010410,20250607,258,2,4,4,9720.0,2041.2,0.0,11761.2
8846,1000010411,20240325,1139,2,4,4,25650.0,5386.5,0.0,31036.5
8847,1000010413,20250202,896,1,1876,-1,11760.0,2469.6,1200.0,15429.6
8848,1000010415,20241017,682,1,700,-1,48510.0,10187.1,0.0,58697.1
8849,1000010416,20250924,1265,2,1,1,35280.0,7408.8,0.0,42688.8
8850,1000010417,20240217,234,1,2176,-1,11400.0,2394.0,900.0,14694.0
8851,1000010418,20240209,1145,1,1103,-1,35280.0,7408.8,1500.0,44188.8
8852,1000010419,20250327,965,1,3034,-1,14250.0,2992.5,0.0,17242.5
8853,1000010420,20250504,47,1,3010,-1,21600.0,4536.0,900.0,27036.0
8854,1000010421,20250524,501,1,1228,-1,24000.0,5040.0,1500.0,30540.0
8855,1000010422,20250514,716,1,2762,-1,36000.0,7560.0,1200.0,44760.0
8856,1000010424,20250428,574,2,2,2,49500.0,10395.0,0.0,59895.0
8857,1000010425,20250919,361,1,2960,-1,12000.0,2520.0,900.0,15420.0
8858,1000010426,20240110,565,2,2,2,71820.0,15082.2,0.0,86902.2
8859,1000010427,20240914,1233,1,1532,-1,29700.0,6237.0,0.0,35937.0
8860,1000010428,20240829,433,2,2,2,30000.0,6300.0,0.0,36300.0
8861,1000010429,20250128,66,1,911,-1,23520.0,4939.2,900.0,29359.2
8862,1000010430,20250302,898,2,1,1,32400.0,6804.0,0.0,39204.0
8863,1000010431,20250818,1130,1,438,-1,57000.0,11970.0,900.0,69870.0
8864,1000010432,20240622,892,1,1182,-1,67050.0,14080.5,900.0,82030.5
8865,1000010433,20240319,972,2,1,1,13230.0,2778.3,0.0,16008.3
8866,1000010434,20240831,486,1,854,-1,79950.0,16789.5,1200.0,97939.5
8867,1000010435,20250820,173,1,1062,-1,44100.0,9261.0,1200.0,54561.0
8868,1000010436,20240618,238,2,4,4,10584.0,2222.64,0.0,12806.64
8869,1000010437,20250918,992,1,2205,-1,32400.0,6804.0,0.0,39204.0
8870,1000010438,20250128,341,1,2928,-1,65430.0,13740.3,1200.0,80370.3
8871,1000010439,20250424,1321,2,3,3,50148.0,10531.08,0.0,60679.08
8872,1000010440,20240903,1334,2,2,2,14700.0,3087.0,0.0,17787.0
8873,1000010442,20240426,839,1,1900,-1,44550.0,9355.5,900.0,54805.5
8874,1000010443,20240411,643,1,214,-1,54768.0,11501.28,1200.0,67469.28
8875,1000010444,20240520,196,2,2,2,19440.0,4082.4,0.0,23522.4
8876,1000010445,20240325,1194,2,2,2,32940.0,6917.4,0.0,39857.4
8877,1000010446,20240925,1331,2,2,2,31500.0,6615.0,0.0,38115.0
8878,1000010447,20241014,1253,2,1,1,10800.0,2268.0,0.0,13068.0
8879,1000010449,20250219,862,1,2229,-1,36000.0,7560.0,1500.0,45060.0
8880,1000010450,20240717,714,2,4,4,24300.0,5103.0,0.0,29403.0
8881,1000010451,20240705,534,2,4,4,70650.0,14836.5,0.0,85486.5
8882,1000010452,20240514,1062,2,3,3,28350.0,5953.5,0.0,34303.5
8883,1000010453,20250330,1234,2,2,2,37500.0,7875.0,0.0,45375.0
8884,1000010454,20240820,947,1,766,-1,44100.0,9261.0,900.0,54261.0
8885,1000010455,20250422,880,2,4,4,13500.0,2835.0,0.0,16335.0
8886,1000010456,20250116,1195,1,1101,-1,43350.0,9103.5,1200.0,53653.5
8887,1000010457,20241104,862,1,1926,-1,10800.0,2268.0,1200.0,14268.0
8888,1000010458,20250912,897,1,352,-1,32400.0,6804.0,1500.0,40704.0
8889,1000010459,20240406,594,1,2595,-1,14850.0,3118.5,1500.0,19468.5
8890,1000010460,20240131,1234,1,2815,-1,36000.0,7560.0,0.0,43560.0
8891,1000010461,20241130,952,2,1,1,25650.0,5386.5,0.0,31036.5
8892,1000010462,20250809,410,2,3,3,15435.0,3241.35,0.0,18676.35
8893,1000010463,20250424,951,2,2,2,34020.0,7144.2,0.0,41164.2
8894,1000010464,20250726,71,2,2,2,29925.0,6284.25,0.0,36209.25
8895,1000010466,20240408,244,2,3,3,31752.0,6667.92,0.0,38419.92
8896,1000010467,20240405,776,2,1,1,44100.0,9261.0,0.0,53361.0
8897,1000010468,20250602,1245,2,3,3,47025.0,9875.25,0.0,56900.25
8898,1000010470,20240205,602,2,4,4,10800.0,2268.0,0.0,13068.0
8899,1000010471,20250131,803,1,508,-1,49200.0,10332.0,1200.0,60732.0
8900,1000010472,20250307,1309,2,1,1,40500.0,8505.0,0.0,49005.0
8901,1000010473,20250909,204,1,1958,-1,11760.0,2469.6,1200.0,15429.6
8902,1000010474,20240622,1489,1,2812,-1,14175.0,2976.75,900.0,18051.75
8903,1000010475,20250708,8,1,924,-1,40500.0,8505.0,1200.0,50205.0
8904,1000010476,20250727,196,1,2602,-1,12150.0,2551.5,1200.0,15901.5
8905,1000010477,20240516,479,1,989,-1,47100.0,9891.0,0.0,56991.0
8906,1000010478,20240911,1107,1,1174,-1,23220.0,4876.2,900.0,28996.2
8907,1000010479,20241224,384,2,4,4,21600.0,4536.0,0.0,26136.0
8908,1000010481,20240215,928,2,1,1,12540.0,2633.4,0.0,15173.4
8909,1000010482,20250919,672,1,1953,-1,12600.0,2646.0,900.0,16146.0
8910,1000010483,20240713,876,2,2,2,25200.0,5292.0,0.0,30492.0
8911,1000010484,20241209,980,1,1089,-1,41310.0,8675.1,1200.0,51185.1
8912,1000010485,20241201,471,1,1411,-1,73020.0,15334.2,1200.0,89554.2
8913,1000010486,20240122,32,2,4,4,95661.0,20088.81,0.0,115749.81
8914,1000010487,20240911,714,1,1733,-1,15000.0,3150.0,1500.0,19650.0
8915,1000010488,20241027,53,2,2,2,44100.0,9261.0,0.0,53361.0
8916,1000010490,20240530,986,1,268,-1,98850.0,20758.5,1200.0,120808.5
8917,1000010492,20250813,1034,2,2,2,24000.0,5040.0,0.0,29040.0
8918,1000010494,20250221,263,2,4,4,37620.0,7900.2,0.0,45520.2
8919,1000010495,20250423,922,2,4,4,55500.0,11655.0,0.0,67155.0
8920,1000010496,20241008,1068,2,3,3,13500.0,2835.0,0.0,16335.0
8921,1000010497,20250330,1316,1,2357,-1,13500.0,2835.0,1200.0,17535.0
8922,1000010498,20240329,506,1,2213,-1,29250.0,6142.5,1200.0,36592.5
8923,1000010499,20250706,1258,1,519,-1,22800.0,4788.0,1200.0,28788.0
8924,1000010500,20250313,349,1,1862,-1,26460.0,5556.6,1200.0,33216.6
8925,1000010501,20240425,476,2,2,2,57372.0,12048.12,0.0,69420.12
8926,1000010502,20250804,1468,1,430,-1,15750.0,3307.5,900.0,19957.5
8927,1000010503,20250930,885,1,1451,-1,71460.0,15006.6,900.0,87366.6
8928,1000010505,20241111,1439,2,4,4,25200.0,5292.0,0.0,30492.0
8929,1000010506,20240726,730,2,2,2,37044.0,7779.24,0.0,44823.24
8930,1000010507,20240227,194,2,4,4,89175.0,18726.75,0.0,107901.75
8931,1000010508,20250612,163,1,2025,-1,21600.0,4536.0,1500.0,27636.0
8932,1000010509,20250703,286,2,2,2,38475.0,8079.75,0.0,46554.75
8933,1000010511,20250528,1039,1,2286,-1,63210.0,13274.1,900.0,77384.1
8934,1000010513,20240812,385,1,2404,-1,10584.0,2222.64,900.0,13706.64
8935,1000010515,20241010,819,1,3118,-1,45000.0,9450.0,1500.0,55950.0
8936,1000010516,20250311,315,2,2,2,12540.0,2633.4,0.0,15173.4
8937,1000010518,20240709,895,2,1,1,14700.0,3087.0,0.0,17787.0
8938,1000010519,20240719,1337,1,2048,-1,64020.0,13444.2,1200.0,78664.2
8939,1000010520,20250816,919,2,2,2,46305.0,9724.05,0.0,56029.05
8940,1000010522,20240625,354,1,1817,-1,31350.0,6583.5,1200.0,39133.5
8941,1000010523,20240210,906,2,3,3,48000.0,10080.0,0.0,58080.0
8942,1000010524,20240505,963,2,2,2,30000.0,6300.0,0.0,36300.0
8943,1000010525,20250828,913,1,365,-1,40500.0,8505.0,1200.0,50205.0
8944,1000010526,20241123,1382,2,2,2,28425.0,5969.25,0.0,34394.25
8945,1000010527,20240119,1044,1,2236,-1,23748.0,4987.08,900.0,29635.08
8946,1000010528,20250118,431,1,2349,-1,78360.0,16455.6,900.0,95715.6
8947,1000010529,20250707,2,1,1488,-1,13500.0,2835.0,1200.0,17535.0
8948,1000010530,20240929,983,2,1,1,36000.0,7560.0,0.0,43560.0
8949,1000010531,20240628,669,1,2089,-1,22800.0,4788.0,1200.0,28788.0
8950,1000010533,20240617,27,1,1522,-1,81000.0,17010.0,1200.0,99210.0
8951,1000010534,20240728,96,1,907,-1,45000.0,9450.0,900.0,55350.0
8952,1000010536,20240603,375,2,1,1,28350.0,5953.5,0.0,34303.5
8953,1000010537,20240516,1236,1,2008,-1,14250.0,2992.5,900.0,18142.5
8954,1000010538,20240710,1232,2,3,3,22800.0,4788.0,0.0,27588.0
8955,1000010539,20240125,731,1,1450,-1,73035.0,15337.35,1200.0,89572.35
8956,1000010540,20241012,898,1,1102,-1,24000.0,5040.0,1200.0,30240.0
8957,1000010541,20240628,1169,2,4,4,14700.0,3087.0,0.0,17787.0
8958,1000010542,20240426,826,1,338,-1,24300.0,5103.0,900.0,30303.0
8959,1000010543,20250725,593,1,609,-1,12600.0,2646.0,900.0,16146.0
8960,1000010546,20240706,907,2,3,3,30000.0,6300.0,0.0,36300.0
8961,1000010547,20241228,1110,1,425,-1,31350.0,6583.5,900.0,38833.5
8962,1000010548,20240116,855,2,4,4,30000.0,6300.0,0.0,36300.0
8963,1000010549,20241111,1244,1,1840,-1,35280.0,7408.8,1500.0,44188.8
8964,1000010550,20250117,722,1,2807,-1,27000.0,5670.0,0.0,32670.0
8965,1000010551,20240210,119,1,1674,-1,22800.0,4788.0,0.0,27588.0
8966,1000010552,20250422,228,1,1102,-1,30000.0,6300.0,900.0,37200.0
8967,1000010553,20250220,166,2,2,2,22200.0,4662.0,0.0,26862.0
8968,1000010554,20250923,460,2,1,1,42750.0,8977.5,0.0,51727.5
8969,1000010555,20250531,1371,1,1478,-1,32400.0,6804.0,1500.0,40704.0
8970,1000010556,20240309,301,2,4,4,40500.0,8505.0,0.0,49005.0
8971,1000010558,20250521,793,1,2787,-1,10260.0,2154.6,900.0,13314.6
8972,1000010560,20250908,68,1,2479,-1,24000.0,5040.0,1200.0,30240.0
8973,1000010561,20250815,585,1,2371,-1,43512.0,9137.52,1200.0,53849.52
8974,1000010562,20241030,367,1,872,-1,23520.0,4939.2,1200.0,29659.2
8975,1000010563,20240328,624,1,3145,-1,72324.0,15188.04,1500.0,89012.04
8976,1000010564,20250115,1411,1,2613,-1,38412.0,8066.52,0.0,46478.52
8977,1000010565,20240624,1102,1,674,-1,15675.0,3291.75,900.0,19866.75
8978,1000010566,20250505,1345,1,1358,-1,57264.0,12025.44,1200.0,70489.44
8979,1000010567,20250412,302,2,4,4,28500.0,5985.0,0.0,34485.0
8980,1000010568,20240529,792,2,1,1,24000.0,5040.0,0.0,29040.0
8981,1000010569,20240609,1375,2,1,1,55500.0,11655.0,0.0,67155.0
8982,1000010570,20240122,1012,2,3,3,69300.0,14553.0,0.0,83853.0
8983,1000010571,20240314,620,1,1347,-1,14250.0,2992.5,1200.0,18442.5
8984,1000010572,20250420,414,1,2316,-1,14175.0,2976.75,900.0,18051.75
8985,1000010573,20250905,905,2,3,3,12000.0,2520.0,0.0,14520.0
8986,1000010574,20240211,1104,1,105,-1,45000.0,9450.0,1200.0,55650.0
8987,1000010575,20240211,213,2,4,4,10800.0,2268.0,0.0,13068.0
8988,1000010576,20240508,669,1,1599,-1,15000.0,3150.0,900.0,19050.0
8989,1000010577,20240604,1201,1,2787,-1,55920.0,11743.2,1500.0,69163.2
8990,1000010578,20240901,1177,2,4,4,36600.0,7686.0,0.0,44286.0
8991,1000010579,20250326,584,1,1451,-1,27000.0,5670.0,900.0,33570.0
8992,1000010580,20241116,929,1,1967,-1,32400.0,6804.0,900.0,40104.0
8993,1000010581,20240410,554,1,1338,-1,37044.0,7779.24,1200.0,46023.24
8994,1000010582,20240903,1093,2,4,4,29925.0,6284.25,0.0,36209.25
8995,1000010583,20250606,1326,1,2313,-1,26970.0,5663.7,900.0,33533.7
8996,1000010584,20250929,612,1,196,-1,30870.0,6482.7,0.0,37352.7
8997,1000010585,20240521,271,1,3138,-1,40500.0,8505.0,0.0,49005.0
8998,1000010586,20250501,832,1,511,-1,28200.0,5922.0,0.0,34122.0
8999,1000010588,20240614,331,2,4,4,14962.5,3142.12,0.0,18104.62
9000,1000010589,20240506,405,1,2972,-1,24900.0,5229.0,900.0,31029.0
9001,1000010590,20240416,987,1,3185,-1,21600.0,4536.0,1200.0,27336.0
9002,1000010591,20240405,262,1,1728,-1,45000.0,9450.0,1200.0,55650.0
9003,1000010593,20250723,839,2,4,4,10800.0,2268.0,0.0,13068.0
9004,1000010594,20240729,1281,2,2,2,21600.0,4536.0,0.0,26136.0
9005,1000010595,20241119,1042,1,159,-1,19440.0,4082.4,1200.0,24722.4
9006,1000010596,20240319,924,1,2951,-1,56889.0,11946.69,1200.0,70035.69
9007,1000010597,20240320,583,2,1,1,23520.0,4939.2,0.0,28459.2
9008,1000010598,20240818,1086,1,1791,-1,21168.0,4445.28,900.0,26513.28
9009,1000010600,20250304,85,1,417,-1,11400.0,2394.0,1200.0,14994.0
9010,1000010601,20241111,18,1,657,-1,15000.0,3150.0,1500.0,19650.0
9011,1000010602,20240813,310,2,3,3,45000.0,9450.0,0.0,54450.0
9012,1000010603,20241109,477,1,860,-1,14250.0,2992.5,1200.0,18442.5
9013,1000010604,20240412,1266,1,2609,-1,45000.0,9450.0,900.0,55350.0
9014,1000010605,20250424,1173,1,2330,-1,9720.0,2041.2,900.0,12661.2
9015,1000010606,20241011,13,2,1,1,15750.0,3307.5,0.0,19057.5
9016,1000010607,20250421,1193,1,2555,-1,37800.0,7938.0,1200.0,46938.0
9017,1000010608,20241005,1231,1,367,-1,19440.0,4082.4,1500.0,25022.4
9018,1000010610,20240530,995,1,491,-1,22800.0,4788.0,900.0,28488.0
9019,1000010611,20240907,1108,1,2210,-1,58500.0,12285.0,0.0,70785.0
9020,1000010612,20250630,268,1,945,-1,63990.0,13437.9,900.0,78327.9
9021,1000010613,20250430,1496,1,2254,-1,13500.0,2835.0,0.0,16335.0
9022,1000010614,20240110,1022,2,3,3,79140.0,16619.4,0.0,95759.4
9023,1000010615,20250719,1479,1,1748,-1,55500.0,11655.0,1200.0,68355.0
9024,1000010616,20250118,20,1,1298,-1,66300.0,13923.0,0.0,80223.0
9025,1000010617,20250204,335,2,1,1,14250.0,2992.5,0.0,17242.5
9026,1000010618,20250606,1310,1,2191,-1,36000.0,7560.0,900.0,44460.0
9027,1000010619,20250323,289,2,2,2,43200.0,9072.0,0.0,52272.0
9028,1000010621,20250711,126,1,3146,-1,21600.0,4536.0,0.0,26136.0
9029,1000010622,20250108,252,2,1,1,65970.0,13853.7,0.0,79823.7
9030,1000010623,20250831,1070,1,1341,-1,40500.0,8505.0,1200.0,50205.0
9031,1000010624,20250117,971,1,2694,-1,65280.0,13708.8,900.0,79888.8
9032,1000010625,20250926,1178,1,1332,-1,46305.0,9724.05,900.0,56929.05
9033,1000010626,20250415,717,2,1,1,10260.0,2154.6,0.0,12414.6
9034,1000010627,20241212,1217,1,2832,-1,67500.0,14175.0,900.0,82575.0
9035,1000010628,20250728,513,1,808,-1,12348.0,2593.08,1200.0,16141.08
9036,1000010630,20241018,316,1,2683,-1,47250.0,9922.5,900.0,58072.5
9037,1000010631,20240720,1141,2,4,4,15000.0,3150.0,0.0,18150.0
9038,1000010632,20250513,1062,1,2504,-1,10800.0,2268.0,1200.0,14268.0
9039,1000010633,20241117,216,1,3186,-1,34200.0,7182.0,1200.0,42582.0
9040,1000010634,20240827,1452,1,1707,-1,60300.0,12663.0,900.0,73863.0
9041,1000010635,20240116,981,1,1420,-1,47502.0,9975.42,900.0,58377.42
9042,1000010637,20240701,529,2,4,4,12000.0,2520.0,0.0,14520.0
9043,1000010638,20250507,1418,1,331,-1,35640.0,7484.4,1200.0,44324.4
9044,1000010639,20250208,1343,1,1688,-1,120870.0,25382.7,1500.0,147752.7
9045,1000010640,20240820,703,1,980,-1,21600.0,4536.0,0.0,26136.0
9046,1000010641,20240523,76,2,1,1,32400.0,6804.0,0.0,39204.0
9047,1000010642,20250706,357,2,2,2,13200.0,2772.0,0.0,15972.0
9048,1000010643,20250325,1007,2,1,1,24000.0,5040.0,0.0,29040.0
9049,1000010644,20250604,1439,1,2868,-1,10584.0,2222.64,0.0,12806.64
9050,1000010645,20240802,470,2,4,4,66690.0,14004.9,0.0,80694.9
9051,1000010647,20250603,276,2,4,4,42120.0,8845.2,0.0,50965.2
9052,1000010648,20240113,145,1,2104,-1,24000.0,5040.0,1200.0,30240.0
9053,1000010649,20250306,1063,2,4,4,78750.0,16537.5,0.0,95287.5
9054,1000010650,20240228,594,1,1838,-1,63270.0,13286.7,900.0,77456.7
9055,1000010651,20240327,1420,1,3003,-1,34560.0,7257.6,1500.0,43317.6
9056,1000010652,20250830,812,1,1875,-1,12348.0,2593.08,1500.0,16441.08
9057,1000010653,20240602,1394,2,3,3,10800.0,2268.0,0.0,13068.0
9058,1000010654,20241201,196,1,2743,-1,45000.0,9450.0,900.0,55350.0
9059,1000010655,20240828,145,2,2,2,75870.0,15932.7,0.0,91802.7
9060,1000010656,20250723,832,1,2716,-1,24000.0,5040.0,0.0,29040.0
9061,1000010657,20241006,1239,2,3,3,46305.0,9724.05,0.0,56029.05
9062,1000010658,20250205,805,2,3,3,36000.0,7560.0,0.0,43560.0
9063,1000010659,20250720,889,1,2094,-1,32400.0,6804.0,1500.0,40704.0
9064,1000010660,20240901,944,2,2,2,14250.0,2992.5,0.0,17242.5
9065,1000010661,20240321,1233,2,3,3,36000.0,7560.0,0.0,43560.0
9066,1000010664,20250511,46,2,2,2,23520.0,4939.2,0.0,28459.2
9067,1000010666,20240521,442,1,642,-1,11400.0,2394.0,900.0,14694.0
9068,1000010667,20240802,366,1,886,-1,33600.0,7056.0,900.0,41556.0
9069,1000010668,20250715,908,2,2,2,31350.0,6583.5,0.0,37933.5
9070,1000010669,20240502,1157,1,475,-1,35280.0,7408.8,0.0,42688.8
9071,1000010670,20250809,763,1,2435,-1,45900.0,9639.0,900.0,56439.0
9072,1000010672,20240302,1474,2,4,4,11400.0,2394.0,0.0,13794.0
9073,1000010673,20250123,332,1,1057,-1,30000.0,6300.0,1200.0,37500.0
9074,1000010674,20240803,1439,2,2,2,29160.0,6123.6,0.0,35283.6
9075,1000010675,20240721,1004,2,4,4,55462.5,11647.12,0.0,67109.62
9076,1000010676,20250813,538,1,676,-1,14700.0,3087.0,1200.0,18987.0
9077,1000010677,20241205,1039,2,1,1,28500.0,5985.0,0.0,34485.0
9078,1000010678,20240506,1145,1,2983,-1,36000.0,7560.0,900.0,44460.0
9079,1000010679,20241218,943,2,4,4,47136.0,9898.56,0.0,57034.56
9080,1000010681,20250614,1020,1,2673,-1,12000.0,2520.0,900.0,15420.0
9081,1000010682,20250903,1400,2,1,1,30000.0,6300.0,0.0,36300.0
9082,1000010684,20250601,261,1,801,-1,14250.0,2992.5,0.0,17242.5
9083,1000010685,20240628,1437,1,2048,-1,34200.0,7182.0,900.0,42282.0
9084,1000010686,20240825,612,2,3,3,24000.0,5040.0,0.0,29040.0
9085,1000010688,20241227,1040,2,2,2,10800.0,2268.0,0.0,13068.0
9086,1000010689,20241010,487,1,727,-1,15000.0,3150.0,1200.0,19350.0
9087,1000010691,20250908,1188,2,3,3,12825.0,2693.25,0.0,15518.25
9088,1000010693,20250624,310,1,2347,-1,10800.0,2268.0,900.0,13968.0
9089,1000010694,20250220,982,1,2969,-1,44550.0,9355.5,900.0,54805.5
9090,1000010695,20240629,743,2,4,4,21168.0,4445.28,0.0,25613.28
9091,1000010696,20250821,224,2,3,3,22800.0,4788.0,0.0,27588.0
9092,1000010697,20250818,1068,1,1701,-1,73500.0,15435.0,1200.0,90135.0
9093,1000010698,20241209,113,1,738,-1,22800.0,4788.0,900.0,28488.0
9094,1000010699,20240928,1090,1,1752,-1,63300.0,13293.0,1500.0,78093.0
9095,1000010700,20240921,1033,1,2356,-1,23940.0,5027.4,1200.0,30167.4
9096,1000010701,20241221,1132,1,2,-1,59100.0,12411.0,900.0,72411.0
9097,1000010702,20250926,292,2,3,3,39000.0,8190.0,0.0,47190.0
9098,1000010703,20240421,556,2,4,4,27000.0,5670.0,0.0,32670.0
9099,1000010704,20250424,519,1,2148,-1,82305.0,17284.05,1200.0,100789.05
9100,1000010705,20250522,491,2,1,1,56925.0,11954.25,0.0,68879.25
9101,1000010706,20250530,811,1,1476,-1,37044.0,7779.24,900.0,45723.24
9102,1000010707,20241212,687,2,1,1,44100.0,9261.0,0.0,53361.0
9103,1000010708,20250718,921,2,1,1,23940.0,5027.4,0.0,28967.4
9104,1000010709,20250103,622,2,4,4,24300.0,5103.0,0.0,29403.0
9105,1000010710,20241218,789,2,1,1,13230.0,2778.3,0.0,16008.3
9106,1000010711,20250124,126,2,1,1,32400.0,6804.0,0.0,39204.0
9107,1000010712,20250524,1176,2,2,2,37275.0,7827.75,0.0,45102.75
9108,1000010714,20240204,1132,1,2461,-1,49500.0,10395.0,1200.0,61095.0
9109,1000010716,20240105,174,1,2287,-1,11400.0,2394.0,0.0,13794.0
9110,1000010720,20240812,982,1,412,-1,23520.0,4939.2,0.0,28459.2
9111,1000010721,20250623,545,1,2519,-1,14700.0,3087.0,900.0,18687.0
9112,1000010722,20240925,325,1,2683,-1,11400.0,2394.0,1500.0,15294.0
9113,1000010723,20250808,867,1,2326,-1,40500.0,8505.0,1200.0,50205.0
9114,1000010724,20250908,1059,1,848,-1,48510.0,10187.1,900.0,59597.1
9115,1000010725,20241217,775,1,1034,-1,40110.0,8423.1,900.0,49433.1
9116,1000010726,20240109,354,2,2,2,44100.0,9261.0,0.0,53361.0
9117,1000010727,20250620,168,1,1181,-1,10584.0,2222.64,900.0,13706.64
9118,1000010729,20241001,710,2,2,2,27000.0,5670.0,0.0,32670.0
9119,1000010730,20240202,963,1,2309,-1,23940.0,5027.4,1200.0,30167.4
9120,1000010732,20250315,599,2,1,1,14850.0,3118.5,0.0,17968.5
9121,1000010733,20250106,200,1,2892,-1,45000.0,9450.0,900.0,55350.0
9122,1000010734,20240602,1122,2,3,3,10260.0,2154.6,0.0,12414.6
9123,1000010736,20240301,1158,2,2,2,37800.0,7938.0,0.0,45738.0
9124,1000010737,20250329,723,1,214,-1,36000.0,7560.0,0.0,43560.0
9125,1000010738,20241019,1083,1,60,-1,42750.0,8977.5,1200.0,52927.5
9126,1000010739,20241126,352,1,1573,-1,31500.0,6615.0,0.0,38115.0
9127,1000010740,20240619,394,1,1482,-1,38475.0,8079.75,900.0,47454.75
9128,1000010742,20240606,1418,2,1,1,41850.0,8788.5,0.0,50638.5
9129,1000010743,20240807,530,1,2914,-1,94500.0,19845.0,0.0,114345.0
9130,1000010744,20250423,239,1,957,-1,40848.0,8578.08,1200.0,50626.08
9131,1000010745,20241009,296,1,1441,-1,76200.0,16002.0,1200.0,93402.0
9132,1000010748,20250113,229,1,109,-1,30780.0,6463.8,1200.0,38443.8
9133,1000010749,20250323,1048,1,2851,-1,29400.0,6174.0,1200.0,36774.0
9134,1000010752,20240626,463,1,2147,-1,45000.0,9450.0,900.0,55350.0
9135,1000010755,20240420,1242,1,2274,-1,14250.0,2992.5,1200.0,18442.5
9136,1000010756,20250204,181,1,1917,-1,28500.0,5985.0,0.0,34485.0
9137,1000010757,20240529,1484,2,2,2,22740.0,4775.4,0.0,27515.4
9138,1000010758,20250430,41,1,2747,-1,49500.0,10395.0,1200.0,61095.0
9139,1000010759,20250204,497,1,2693,-1,35640.0,7484.4,1500.0,44624.4
9140,1000010761,20250214,150,1,1226,-1,100620.0,21130.2,1200.0,122950.2
9141,1000010762,20250712,1170,1,1059,-1,55440.0,11642.4,1200.0,68282.4
9142,1000010763,20240423,1462,2,1,1,29925.0,6284.25,0.0,36209.25
9143,1000010766,20240613,847,1,1671,-1,70200.0,14742.0,900.0,85842.0
9144,1000010767,20240306,981,2,3,3,12150.0,2551.5,0.0,14701.5
9145,1000010768,20250106,771,2,1,1,52200.0,10962.0,0.0,63162.0
9146,1000010769,20250401,91,2,4,4,40260.0,8454.6,0.0,48714.6
9147,1000010770,20250123,1173,1,151,-1,11400.0,2394.0,1200.0,14994.0
9148,1000010771,20250128,1317,2,2,2,44550.0,9355.5,0.0,53905.5
9149,1000010772,20240811,1202,1,383,-1,30000.0,6300.0,1200.0,37500.0
9150,1000010773,20240202,422,2,2,2,38475.0,8079.75,0.0,46554.75
9151,1000010775,20240215,573,1,2136,-1,16500.0,3465.0,1200.0,21165.0
9152,1000010778,20240216,663,1,1795,-1,44100.0,9261.0,900.0,54261.0
9153,1000010779,20240922,675,1,1500,-1,10260.0,2154.6,1200.0,13614.6
9154,1000010780,20240912,306,1,1255,-1,24000.0,5040.0,1200.0,30240.0
9155,1000010781,20250831,476,2,1,1,11760.0,2469.6,0.0,14229.6
9156,1000010782,20241220,77,1,1273,-1,13200.0,2772.0,900.0,16872.0
9157,1000010783,20250426,956,1,1869,-1,67680.0,14212.8,900.0,82792.8
9158,1000010784,20250302,668,2,3,3,28500.0,5985.0,0.0,34485.0
9159,1000010785,20250731,439,1,2716,-1,48720.0,10231.2,0.0,58951.2
9160,1000010786,20241016,1457,1,2287,-1,23520.0,4939.2,1500.0,29959.2
9161,1000010787,20240829,725,2,4,4,36000.0,7560.0,0.0,43560.0
9162,1000010788,20250619,1457,1,2504,-1,22680.0,4762.8,1200.0,28642.8
9163,1000010790,20250301,129,2,4,4,109134.0,22918.14,0.0,132052.14
9164,1000010791,20241019,1407,1,1743,-1,10800.0,2268.0,1200.0,14268.0
9165,1000010792,20250618,775,2,2,2,29925.0,6284.25,0.0,36209.25
9166,1000010793,20240404,661,1,2444,-1,42750.0,8977.5,1200.0,52927.5
9167,1000010794,20250811,1084,2,3,3,25650.0,5386.5,0.0,31036.5
9168,1000010795,20241030,711,1,2375,-1,9720.0,2041.2,1200.0,12961.2
9169,1000010796,20250223,658,1,102,-1,27000.0,5670.0,900.0,33570.0
9170,1000010797,20240722,820,1,2014,-1,24696.0,5186.16,1500.0,31382.16
9171,1000010798,20240522,1139,1,1580,-1,102600.0,21546.0,0.0,124146.0
9172,1000010799,20240528,1020,2,4,4,16170.0,3395.7,0.0,19565.7
9173,1000010801,20240222,1067,1,497,-1,22680.0,4762.8,0.0,27442.8
9174,1000010803,20240820,1416,1,1344,-1,29400.0,6174.0,900.0,36474.0
9175,1000010804,20240128,908,1,2250,-1,60000.0,12600.0,1200.0,73800.0
9176,1000010805,20240617,1486,1,3014,-1,13500.0,2835.0,900.0,17235.0
9177,1000010806,20240530,1064,1,3043,-1,32400.0,6804.0,900.0,40104.0
9178,1000010807,20240602,529,1,723,-1,37770.0,7931.7,1500.0,47201.7
9179,1000010808,20241105,805,1,2208,-1,69660.0,14628.6,900.0,85188.6
9180,1000010809,20240126,927,1,1485,-1,35280.0,7408.8,1500.0,44188.8
9181,1000010810,20250714,1062,2,4,4,15000.0,3150.0,0.0,18150.0
9182,1000010811,20240315,288,1,1941,-1,35280.0,7408.8,1200.0,43888.8
9183,1000010812,20250103,412,2,4,4,23760.0,4989.6,0.0,28749.6
9184,1000010813,20240625,4,1,1717,-1,11760.0,2469.6,1200.0,15429.6
9185,1000010815,20250510,992,2,4,4,14175.0,2976.75,0.0,17151.75
9186,1000010816,20250412,1202,2,1,1,64260.0,13494.6,0.0,77754.6
9187,1000010817,20250417,278,2,3,3,34860.0,7320.6,0.0,42180.6
9188,1000010818,20250216,767,2,4,4,14250.0,2992.5,0.0,17242.5
9189,1000010819,20250508,672,2,4,4,23760.0,4989.6,0.0,28749.6
9190,1000010820,20250117,425,2,1,1,67687.5,14214.38,0.0,81901.88
9191,1000010821,20250923,673,1,2543,-1,24696.0,5186.16,1200.0,31082.16
9192,1000010822,20240401,491,1,2199,-1,9720.0,2041.2,1200.0,12961.2
9193,1000010824,20250904,712,1,2580,-1,13230.0,2778.3,1200.0,17208.3
9194,1000010825,20250409,472,1,1690,-1,34200.0,7182.0,1200.0,42582.0
9195,1000010826,20250516,440,2,3,3,32400.0,6804.0,0.0,39204.0
9196,1000010827,20240228,844,2,3,3,75765.0,15910.65,0.0,91675.65
9197,1000010828,20250402,1041,1,958,-1,30000.0,6300.0,900.0,37200.0
9198,1000010829,20241215,58,2,1,1,10800.0,2268.0,0.0,13068.0
9199,1000010830,20240228,129,1,1842,-1,59062.5,12403.12,1200.0,72665.62
9200,1000010831,20250321,1359,2,3,3,27000.0,5670.0,0.0,32670.0
9201,1000010832,20240111,584,1,2637,-1,32400.0,6804.0,900.0,40104.0
9202,1000010833,20250423,672,2,1,1,77407.5,16255.58,0.0,93663.08
9203,1000010834,20250128,942,1,367,-1,25080.0,5266.8,900.0,31246.8
9204,1000010835,20250730,577,2,2,2,37800.0,7938.0,0.0,45738.0
9205,1000010837,20250217,242,2,1,1,12150.0,2551.5,0.0,14701.5
9206,1000010838,20241205,1468,2,3,3,20520.0,4309.2,0.0,24829.2
9207,1000010839,20250530,1092,1,3097,-1,11340.0,2381.4,1500.0,15221.4
9208,1000010840,20240215,1096,1,847,-1,29400.0,6174.0,900.0,36474.0
9209,1000010841,20240527,871,2,2,2,25650.0,5386.5,0.0,31036.5
9210,1000010842,20250307,200,2,1,1,23520.0,4939.2,0.0,28459.2
9211,1000010844,20240318,341,1,3074,-1,14700.0,3087.0,900.0,18687.0
9212,1000010845,20250616,905,1,2513,-1,28500.0,5985.0,1200.0,35685.0
9213,1000010846,20250819,124,1,2939,-1,30870.0,6482.7,900.0,38252.7
9214,1000010847,20240226,420,1,2831,-1,44100.0,9261.0,1200.0,54561.0
9215,1000010848,20240928,698,2,1,1,55800.0,11718.0,0.0,67518.0
9216,1000010849,20240729,27,1,2633,-1,26400.0,5544.0,900.0,32844.0
9217,1000010850,20241006,989,1,1956,-1,14700.0,3087.0,1200.0,18987.0
9218,1000010851,20240102,361,1,1781,-1,56400.0,11844.0,900.0,69144.0
9219,1000010852,20250925,1355,1,321,-1,12000.0,2520.0,1500.0,16020.0
9220,1000010853,20241201,250,1,167,-1,12000.0,2520.0,900.0,15420.0
9221,1000010854,20240123,298,1,2329,-1,35640.0,7484.4,0.0,43124.4
9222,1000010855,20250823,365,2,4,4,12600.0,2646.0,0.0,15246.0
9223,1000010856,20250521,427,1,1028,-1,42750.0,8977.5,1200.0,52927.5
9224,1000010857,20250521,876,1,406,-1,40500.0,8505.0,900.0,49905.0
9225,1000010858,20250624,509,2,2,2,10260.0,2154.6,0.0,12414.6
9226,1000010859,20250716,959,2,2,2,38475.0,8079.75,0.0,46554.75
9227,1000010860,20240526,1450,2,1,1,39000.0,8190.0,0.0,47190.0
9228,1000010861,20250119,261,1,2106,-1,45000.0,9450.0,1200.0,55650.0
9229,1000010862,20240701,541,1,2302,-1,55350.0,11623.5,1500.0,68473.5
9230,1000010863,20250713,398,1,2512,-1,26100.0,5481.0,900.0,32481.0
9231,1000010864,20250504,1286,1,1943,-1,13230.0,2778.3,900.0,16908.3
9232,1000010865,20240802,826,2,1,1,40500.0,8505.0,0.0,49005.0
9233,1000010866,20250621,395,1,593,-1,41436.0,8701.56,900.0,51037.56
9234,1000010867,20250313,752,2,1,1,44100.0,9261.0,0.0,53361.0
9235,1000010868,20240925,975,1,2537,-1,37044.0,7779.24,1500.0,46323.24
9236,1000010869,20241212,899,1,2770,-1,52200.0,10962.0,900.0,64062.0
9237,1000010870,20250704,28,1,1637,-1,44550.0,9355.5,1200.0,55105.5
9238,1000010871,20240709,208,2,1,1,11400.0,2394.0,0.0,13794.0
9239,1000010872,20250119,1165,2,2,2,11760.0,2469.6,0.0,14229.6
9240,1000010873,20250118,1212,1,383,-1,37548.0,7885.08,0.0,45433.08
9241,1000010874,20250914,1124,1,2317,-1,47025.0,9875.25,1200.0,58100.25
9242,1000010875,20250702,1422,2,3,3,32400.0,6804.0,0.0,39204.0
9243,1000010876,20241118,489,1,952,-1,76500.0,16065.0,1200.0,93765.0
9244,1000010878,20250726,361,2,2,2,34830.0,7314.3,0.0,42144.3
9245,1000010879,20250908,578,1,2815,-1,73890.0,15516.9,0.0,89406.9
9246,1000010880,20240609,1067,1,547,-1,16170.0,3395.7,900.0,20465.7
9247,1000010883,20250705,24,1,2957,-1,41100.0,8631.0,900.0,50631.0
9248,1000010884,20250411,1226,1,401,-1,30870.0,6482.7,1500.0,38852.7
9249,1000010886,20250122,928,1,1628,-1,31752.0,6667.92,1500.0,39919.92
9250,1000010887,20250109,12,2,2,2,36000.0,7560.0,0.0,43560.0
9251,1000010888,20240615,45,2,4,4,29400.0,6174.0,0.0,35574.0
9252,1000010889,20240229,1211,1,1170,-1,52200.0,10962.0,1200.0,64362.0
9253,1000010890,20250415,501,1,2751,-1,54552.0,11455.92,1200.0,67207.92
9254,1000010891,20241213,504,2,4,4,32400.0,6804.0,0.0,39204.0
9255,1000010892,20240411,708,1,638,-1,49380.0,10369.8,0.0,59749.8
9256,1000010893,20250623,1295,2,3,3,21600.0,4536.0,0.0,26136.0
9257,1000010895,20240102,6,1,2940,-1,42750.0,8977.5,900.0,52627.5
9258,1000010896,20250217,851,1,3029,-1,12936.0,2716.56,0.0,15652.56
9259,1000010897,20240404,256,1,2496,-1,38475.0,8079.75,900.0,47454.75
9260,1000010898,20250810,322,2,3,3,13500.0,2835.0,0.0,16335.0
9261,1000010899,20250416,952,1,1883,-1,14962.5,3142.12,900.0,19004.62
9262,1000010900,20250119,409,2,3,3,23520.0,4939.2,0.0,28459.2
9263,1000010902,20240117,797,1,287,-1,36000.0,7560.0,900.0,44460.0
9264,1000010903,20240211,645,2,3,3,48384.0,10160.64,0.0,58544.64
9265,1000010905,20240101,1290,1,674,-1,27000.0,5670.0,1200.0,33870.0
9266,1000010906,20240706,1404,2,2,2,26460.0,5556.6,0.0,32016.6
9267,1000010907,20250202,657,1,7,-1,54000.0,11340.0,1200.0,66540.0
9268,1000010908,20240509,858,2,1,1,10800.0,2268.0,0.0,13068.0
9269,1000010909,20241228,866,2,1,1,54300.0,11403.0,0.0,65703.0
9270,1000010910,20250617,300,1,1933,-1,66487.5,13962.38,900.0,81349.88
9271,1000010911,20250703,386,2,1,1,25260.0,5304.6,0.0,30564.6
9272,1000010912,20240610,450,1,2693,-1,66975.0,14064.75,1200.0,82239.75
9273,1000010913,20240624,128,1,166,-1,24150.0,5071.5,900.0,30121.5
9274,1000010914,20240827,1298,2,3,3,21600.0,4536.0,0.0,26136.0
9275,1000010916,20240522,681,1,727,-1,69000.0,14490.0,1200.0,84690.0
9276,1000010917,20240127,689,1,2994,-1,10800.0,2268.0,0.0,13068.0
9277,1000010918,20240531,40,1,201,-1,26460.0,5556.6,1200.0,33216.6
9278,1000010919,20240607,780,1,1435,-1,83025.0,17435.25,0.0,100460.25
9279,1000010920,20240609,1498,1,1675,-1,47250.0,9922.5,900.0,58072.5
9280,1000010921,20250515,1398,1,2129,-1,42750.0,8977.5,1200.0,52927.5
9281,1000010922,20250904,1164,2,2,2,43800.0,9198.0,0.0,52998.0
9282,1000010923,20240826,394,1,70,-1,24000.0,5040.0,1200.0,30240.0
9283,1000010924,20240421,1077,2,2,2,24300.0,5103.0,0.0,29403.0
9284,1000010925,20240515,1339,1,2994,-1,28500.0,5985.0,900.0,35385.0
9285,1000010927,20240313,541,2,3,3,27000.0,5670.0,0.0,32670.0
9286,1000010928,20241028,967,1,42,-1,16170.0,3395.7,900.0,20465.7
9287,1000010929,20250522,1405,2,2,2,89880.0,18874.8,0.0,108754.8
9288,1000010930,20250918,147,1,2023,-1,27000.0,5670.0,1200.0,33870.0
9289,1000010931,20250821,1093,2,3,3,31500.0,6615.0,0.0,38115.0
9290,1000010932,20241219,1452,1,1647,-1,33000.0,6930.0,900.0,40830.0
9291,1000010933,20240111,1409,2,2,2,12150.0,2551.5,0.0,14701.5
9292,1000010937,20241021,330,2,4,4,79087.5,16608.38,0.0,95695.88
9293,1000010939,20240226,428,1,16,-1,105487.5,22152.38,1200.0,128839.88
9294,1000010942,20241025,801,1,2887,-1,58995.0,12388.95,1500.0,72883.95
9295,1000010943,20240722,1032,2,4,4,10800.0,2268.0,0.0,13068.0
9296,1000010944,20250316,274,2,4,4,36600.0,7686.0,0.0,44286.0
9297,1000010945,20250517,1151,1,56,-1,30000.0,6300.0,0.0,36300.0
9298,1000010946,20241112,1125,1,1956,-1,21600.0,4536.0,900.0,27036.0
9299,1000010947,20240429,989,2,3,3,75525.0,15860.25,0.0,91385.25
9300,1000010949,20241204,1466,2,1,1,19440.0,4082.4,0.0,23522.4
9301,1000010951,20250327,1166,1,3147,-1,20520.0,4309.2,1500.0,26329.2
9302,1000010952,20250911,847,1,425,-1,62130.0,13047.3,900.0,76077.3
9303,1000010955,20250912,1107,1,300,-1,14700.0,3087.0,900.0,18687.0
9304,1000010956,20250326,308,1,910,-1,51219.0,10755.99,1200.0,63174.99
9305,1000010957,20240315,438,2,4,4,22800.0,4788.0,0.0,27588.0
9306,1000010958,20241015,503,2,2,2,13230.0,2778.3,0.0,16008.3
9307,1000010959,20241027,1453,1,215,-1,37620.0,7900.2,0.0,45520.2
9308,1000010961,20250119,1000,2,4,4,35640.0,7484.4,0.0,43124.4
9309,1000010962,20250713,354,1,3107,-1,26700.0,5607.0,1200.0,33507.0
9310,1000010963,20250723,885,1,1864,-1,35280.0,7408.8,900.0,43588.8
9311,1000010964,20250613,1233,1,3196,-1,30000.0,6300.0,900.0,37200.0
9312,1000010965,20250107,325,2,1,1,29160.0,6123.6,0.0,35283.6
9313,1000010966,20250728,412,1,3156,-1,28500.0,5985.0,900.0,35385.0
9314,1000010967,20240823,1236,2,1,1,63750.0,13387.5,0.0,77137.5
9315,1000010968,20241212,61,2,1,1,27000.0,5670.0,0.0,32670.0
9316,1000010969,20240728,747,2,3,3,71370.0,14987.7,0.0,86357.7
9317,1000010971,20241224,335,2,1,1,11760.0,2469.6,0.0,14229.6
9318,1000010972,20240214,285,2,2,2,45000.0,9450.0,0.0,54450.0
9319,1000010973,20250217,928,1,1082,-1,42180.0,8857.8,1200.0,52237.8
9320,1000010974,20240506,790,1,1632,-1,22800.0,4788.0,900.0,28488.0
9321,1000010975,20250128,1398,1,861,-1,12000.0,2520.0,900.0,15420.0
9322,1000010976,20250402,782,2,3,3,72324.0,15188.04,0.0,87512.04
9323,1000010977,20240715,1088,1,2573,-1,97650.0,20506.5,1200.0,119356.5
9324,1000010978,20240402,1171,2,1,1,11760.0,2469.6,0.0,14229.6
9325,1000010979,20240709,1178,1,1311,-1,23520.0,4939.2,1200.0,29659.2
9326,1000010980,20250202,1103,2,2,2,72075.0,15135.75,0.0,87210.75
9327,1000010981,20250204,28,1,1358,-1,44286.0,9300.06,1200.0,54786.06
9328,1000010982,20250610,1148,2,4,4,14250.0,2992.5,0.0,17242.5
9329,1000010983,20241113,1381,1,337,-1,28500.0,5985.0,900.0,35385.0
9330,1000010984,20240308,1132,1,1763,-1,51540.0,10823.4,0.0,62363.4
9331,1000010985,20240120,99,2,3,3,11760.0,2469.6,0.0,14229.6
9332,1000010986,20250324,380,1,2225,-1,85500.0,17955.0,900.0,104355.0
9333,1000010987,20240625,441,1,1898,-1,12825.0,2693.25,1200.0,16718.25
9334,1000010989,20240703,1095,2,2,2,12000.0,2520.0,0.0,14520.0
9335,1000010990,20250424,1139,1,2635,-1,29400.0,6174.0,900.0,36474.0
9336,1000010991,20241201,775,1,1368,-1,49230.0,10338.3,1200.0,60768.3
9337,1000010992,20240528,783,2,1,1,22800.0,4788.0,0.0,27588.0
9338,1000010993,20250216,115,1,2893,-1,66150.0,13891.5,0.0,80041.5
9339,1000010994,20250829,45,1,2556,-1,21600.0,4536.0,1500.0,27636.0
9340,1000010995,20241010,691,2,2,2,68400.0,14364.0,0.0,82764.0
9341,1000010996,20240104,353,1,1788,-1,24000.0,5040.0,900.0,29940.0
9342,1000010998,20250909,86,1,2633,-1,68490.0,14382.9,1500.0,84372.9
9343,1000010999,20241001,1214,1,758,-1,67350.0,14143.5,900.0,82393.5
9344,1000011000,20250624,487,1,2066,-1,13500.0,2835.0,1500.0,17835.0
9345,1000011001,20241108,1048,2,2,2,69690.0,14634.9,0.0,84324.9
9346,1000011002,20250226,1472,2,3,3,64125.0,13466.25,0.0,77591.25
9347,1000011003,20250902,693,2,4,4,15000.0,3150.0,0.0,18150.0
9348,1000011005,20250316,1219,1,2683,-1,72870.0,15302.7,0.0,88172.7
9349,1000011006,20240525,18,2,2,2,40500.0,8505.0,0.0,49005.0
9350,1000011007,20250424,11,1,2589,-1,24000.0,5040.0,1200.0,30240.0
9351,1000011008,20240220,1054,1,2773,-1,35280.0,7408.8,1200.0,43888.8
9352,1000011009,20250728,650,2,2,2,22800.0,4788.0,0.0,27588.0
9353,1000011010,20240207,1169,2,2,2,45000.0,9450.0,0.0,54450.0
9354,1000011011,20240609,811,1,2091,-1,10260.0,2154.6,1200.0,13614.6
9355,1000011012,20250811,844,1,1504,-1,35280.0,7408.8,1200.0,43888.8
9356,1000011013,20240410,62,2,3,3,10800.0,2268.0,0.0,13068.0
9357,1000011014,20241206,1099,1,462,-1,25650.0,5386.5,1200.0,32236.5
9358,1000011015,20250712,254,1,3189,-1,10584.0,2222.64,1200.0,14006.64
9359,1000011016,20250112,1467,1,1937,-1,52260.0,10974.6,1500.0,64734.6
9360,1000011018,20250520,1087,2,3,3,30000.0,6300.0,0.0,36300.0
9361,1000011019,20250128,695,1,3076,-1,12000.0,2520.0,900.0,15420.0
9362,1000011020,20250601,791,2,4,4,63000.0,13230.0,0.0,76230.0
9363,1000011021,20240902,16,1,2925,-1,26100.0,5481.0,1200.0,32781.0
9364,1000011022,20241010,919,2,1,1,21600.0,4536.0,0.0,26136.0
9365,1000011024,20240316,798,2,3,3,27000.0,5670.0,0.0,32670.0
9366,1000011025,20250723,878,2,1,1,56742.0,11915.82,0.0,68657.82
9367,1000011026,20240623,6,2,3,3,15000.0,3150.0,0.0,18150.0
9368,1000011028,20240209,644,1,2601,-1,70500.0,14805.0,900.0,86205.0
9369,1000011029,20240903,967,1,60,-1,23520.0,4939.2,1200.0,29659.2
9370,1000011031,20250830,1146,1,83,-1,22140.0,4649.4,1500.0,28289.4
9371,1000011032,20240106,227,1,2447,-1,56820.0,11932.2,1200.0,69952.2
9372,1000011033,20241022,1378,1,535,-1,28500.0,5985.0,900.0,35385.0
9373,1000011035,20240723,393,1,2825,-1,11400.0,2394.0,1500.0,15294.0
9374,1000011036,20250817,489,2,2,2,48936.0,10276.56,0.0,59212.56
9375,1000011037,20250908,831,2,2,2,29925.0,6284.25,0.0,36209.25
9376,1000011038,20240905,951,1,840,-1,64125.0,13466.25,1200.0,78791.25
9377,1000011039,20240824,150,1,3180,-1,32400.0,6804.0,1200.0,40404.0
9378,1000011040,20241031,1306,2,3,3,12000.0,2520.0,0.0,14520.0
9379,1000011041,20241203,849,2,3,3,10800.0,2268.0,0.0,13068.0
9380,1000011042,20240924,165,1,2909,-1,29925.0,6284.25,0.0,36209.25
9381,1000011043,20250120,1090,2,1,1,86805.0,18229.05,0.0,105034.05
9382,1000011044,20240517,63,1,1820,-1,51168.0,10745.28,0.0,61913.28
9383,1000011045,20240123,47,2,1,1,40500.0,8505.0,0.0,49005.0
9384,1000011046,20240402,197,1,786,-1,14700.0,3087.0,1500.0,19287.0
9385,1000011047,20250210,951,1,476,-1,14700.0,3087.0,900.0,18687.0
9386,1000011048,20241125,384,1,2881,-1,44100.0,9261.0,1500.0,54861.0
9387,1000011049,20241006,359,1,2820,-1,12150.0,2551.5,1200.0,15901.5
9388,1000011050,20240819,505,2,1,1,32400.0,6804.0,0.0,39204.0
9389,1000011051,20250105,296,1,888,-1,76650.0,16096.5,1200.0,93946.5
9390,1000011052,20250821,32,1,2525,-1,23520.0,4939.2,900.0,29359.2
9391,1000011053,20250101,459,2,2,2,32400.0,6804.0,0.0,39204.0
9392,1000011054,20240203,468,1,309,-1,81810.0,17180.1,900.0,99890.1
9393,1000011055,20240531,1204,2,2,2,22800.0,4788.0,0.0,27588.0
9394,1000011057,20240417,835,1,2570,-1,13200.0,2772.0,900.0,16872.0
9395,1000011058,20250715,828,2,4,4,25650.0,5386.5,0.0,31036.5
9396,1000011059,20241231,1175,1,2246,-1,30000.0,6300.0,1200.0,37500.0
9397,1000011061,20240802,1319,2,3,3,10800.0,2268.0,0.0,13068.0
9398,1000011062,20250715,78,2,2,2,28500.0,5985.0,0.0,34485.0
9399,1000011063,20240721,1439,1,1150,-1,47250.0,9922.5,900.0,58072.5
9400,1000011064,20240701,1405,1,2444,-1,11760.0,2469.6,900.0,15129.6
9401,1000011065,20250131,255,1,2111,-1,73500.0,15435.0,900.0,89835.0
9402,1000011066,20250804,251,1,1889,-1,24300.0,5103.0,900.0,30303.0
9403,1000011067,20241215,849,1,2079,-1,51300.0,10773.0,1200.0,63273.0
9404,1000011068,20250601,1380,1,529,-1,45000.0,9450.0,1200.0,55650.0
9405,1000011070,20240305,1129,1,2032,-1,14250.0,2992.5,0.0,17242.5
9406,1000011071,20250926,27,2,1,1,31500.0,6615.0,0.0,38115.0
9407,1000011073,20250309,965,2,4,4,30780.0,6463.8,0.0,37243.8
9408,1000011074,20240827,804,1,2414,-1,13500.0,2835.0,1500.0,17835.0
9409,1000011075,20240720,1107,2,4,4,34200.0,7182.0,0.0,41382.0
9410,1000011076,20240516,1186,1,2799,-1,64500.0,13545.0,900.0,78945.0
9411,1000011077,20240401,186,2,3,3,24000.0,5040.0,0.0,29040.0
9412,1000011078,20250318,778,1,2465,-1,24000.0,5040.0,0.0,29040.0
9413,1000011079,20240303,31,1,1539,-1,29400.0,6174.0,900.0,36474.0
9414,1000011080,20250618,207,1,2517,-1,23940.0,5027.4,1200.0,30167.4
9415,1000011081,20250212,1010,1,1836,-1,21600.0,4536.0,900.0,27036.0
9416,1000011082,20240619,1178,1,2765,-1,50610.0,10628.1,1200.0,62438.1
9417,1000011084,20250411,1202,1,1908,-1,76950.0,16159.5,1200.0,94309.5
9418,1000011086,20250101,299,1,272,-1,10800.0,2268.0,1200.0,14268.0
9419,1000011088,20241107,800,2,2,2,45000.0,9450.0,0.0,54450.0
9420,1000011089,20240331,304,2,2,2,30780.0,6463.8,0.0,37243.8
9421,1000011090,20240104,1268,2,2,2,14250.0,2992.5,0.0,17242.5
9422,1000011091,20250823,1135,2,1,1,30870.0,6482.7,0.0,37352.7
9423,1000011092,20240226,915,1,412,-1,13500.0,2835.0,900.0,17235.0
9424,1000011093,20241211,1400,2,2,2,45000.0,9450.0,0.0,54450.0
9425,1000011094,20241226,1342,2,4,4,24000.0,5040.0,0.0,29040.0
9426,1000011095,20250824,464,1,281,-1,20520.0,4309.2,900.0,25729.2
9427,1000011096,20241009,556,1,2916,-1,11760.0,2469.6,0.0,14229.6
9428,1000011097,20250823,999,2,3,3,12000.0,2520.0,0.0,14520.0
9429,1000011098,20240131,1011,1,210,-1,27000.0,5670.0,1200.0,33870.0
9430,1000011099,20250426,1314,2,3,3,15000.0,3150.0,0.0,18150.0
9431,1000011100,20241113,1387,1,2754,-1,23520.0,4939.2,1200.0,29659.2
9432,1000011101,20250524,849,1,453,-1,12936.0,2716.56,1500.0,17152.56
9433,1000011102,20241224,183,1,1741,-1,37800.0,7938.0,1500.0,47238.0
9434,1000011103,20240323,589,2,3,3,57720.0,12121.2,0.0,69841.2
9435,1000011105,20241215,1051,1,2190,-1,22200.0,4662.0,900.0,27762.0
9436,1000011106,20240819,1093,1,1673,-1,24000.0,5040.0,0.0,29040.0
9437,1000011107,20240529,687,2,3,3,21600.0,4536.0,0.0,26136.0
9438,1000011108,20241103,1456,1,1387,-1,10800.0,2268.0,900.0,13968.0
9439,1000011109,20250529,862,1,1170,-1,44100.0,9261.0,0.0,53361.0
9440,1000011110,20240701,1127,2,1,1,23520.0,4939.2,0.0,28459.2
9441,1000011112,20250118,855,1,1790,-1,27000.0,5670.0,1500.0,34170.0
9442,1000011113,20250603,252,2,2,2,12936.0,2716.56,0.0,15652.56
9443,1000011114,20240912,465,1,2594,-1,14700.0,3087.0,1200.0,18987.0
9444,1000011115,20250823,1073,2,1,1,28500.0,5985.0,0.0,34485.0
9445,1000011116,20241218,865,2,1,1,75240.0,15800.4,0.0,91040.4
9446,1000011117,20250330,482,2,4,4,102750.0,21577.5,0.0,124327.5
9447,1000011119,20240620,353,1,3180,-1,44100.0,9261.0,1200.0,54561.0
9448,1000011120,20250224,171,1,313,-1,50715.0,10650.15,1500.0,62865.15
9449,1000011121,20250807,281,2,3,3,42750.0,8977.5,0.0,51727.5
9450,1000011122,20250809,1067,1,2467,-1,42750.0,8977.5,1500.0,53227.5
9451,1000011123,20240511,1376,1,1508,-1,54720.0,11491.2,900.0,67111.2
9452,1000011124,20240401,231,1,2624,-1,10584.0,2222.64,900.0,13706.64
9453,1000011125,20240921,17,1,3175,-1,21600.0,4536.0,0.0,26136.0
9454,1000011127,20240225,486,2,2,2,44100.0,9261.0,0.0,53361.0
9455,1000011128,20250411,1184,1,3127,-1,87672.0,18411.12,1500.0,107583.12
9456,1000011129,20241217,843,1,1002,-1,50250.0,10552.5,1200.0,62002.5
9457,1000011130,20240502,1383,1,2206,-1,38808.0,8149.68,900.0,47857.68
9458,1000011132,20240307,1346,1,65,-1,40500.0,8505.0,900.0,49905.0
9459,1000011133,20250412,652,2,1,1,11340.0,2381.4,0.0,13721.4
9460,1000011134,20250503,294,1,3037,-1,40500.0,8505.0,0.0,49005.0
9461,1000011135,20240130,1187,1,920,-1,40500.0,8505.0,1200.0,50205.0
9462,1000011136,20250207,1487,2,2,2,16170.0,3395.7,0.0,19565.7
9463,1000011137,20241228,512,1,1156,-1,24000.0,5040.0,1200.0,30240.0
9464,1000011138,20250906,897,1,1300,-1,63888.0,13416.48,1200.0,78504.48
9465,1000011139,20250625,700,1,2836,-1,24300.0,5103.0,900.0,30303.0
9466,1000011140,20250727,552,1,2744,-1,81096.0,17030.16,1200.0,99326.16
9467,1000011141,20250513,984,1,1096,-1,44550.0,9355.5,1500.0,55405.5
9468,1000011142,20250626,684,2,4,4,45000.0,9450.0,0.0,54450.0
9469,1000011143,20241127,874,2,3,3,12150.0,2551.5,0.0,14701.5
9470,1000011144,20250919,1459,2,4,4,70200.0,14742.0,0.0,84942.0
9471,1000011147,20241020,554,1,1380,-1,36000.0,7560.0,900.0,44460.0
9472,1000011148,20240807,558,2,4,4,35700.0,7497.0,0.0,43197.0
9473,1000011149,20240813,134,1,3000,-1,12825.0,2693.25,900.0,16418.25
9474,1000011150,20250313,1239,1,151,-1,13230.0,2778.3,900.0,16908.3
9475,1000011152,20250912,783,2,3,3,48780.0,10243.8,0.0,59023.8
9476,1000011153,20240125,280,2,3,3,34020.0,7144.2,0.0,41164.2
9477,1000011154,20240802,590,2,2,2,9720.0,2041.2,0.0,11761.2
9478,1000011155,20250815,895,2,3,3,28350.0,5953.5,0.0,34303.5
9479,1000011156,20241008,104,1,842,-1,9720.0,2041.2,1200.0,12961.2
9480,1000011157,20240109,358,1,998,-1,47025.0,9875.25,1200.0,58100.25
9481,1000011158,20241025,564,1,921,-1,29400.0,6174.0,1200.0,36774.0
9482,1000011159,20250506,1025,2,1,1,32400.0,6804.0,0.0,39204.0
9483,1000011160,20240804,789,2,1,1,24696.0,5186.16,0.0,29882.16
9484,1000011162,20240205,222,1,1397,-1,45960.0,9651.6,1200.0,56811.6
9485,1000011163,20240317,1366,1,2841,-1,24300.0,5103.0,1200.0,30603.0
9486,1000011164,20250220,1026,1,712,-1,11760.0,2469.6,0.0,14229.6
9487,1000011166,20241002,5,1,1547,-1,14250.0,2992.5,900.0,18142.5
9488,1000011167,20240526,1321,2,1,1,30870.0,6482.7,0.0,37352.7
9489,1000011169,20240809,1137,2,4,4,29400.0,6174.0,0.0,35574.0
9490,1000011170,20250808,494,2,2,2,51525.0,10820.25,0.0,62345.25
9491,1000011171,20250819,939,1,577,-1,28500.0,5985.0,900.0,35385.0
9492,1000011172,20241212,385,1,540,-1,16170.0,3395.7,1200.0,20765.7
9493,1000011173,20241009,634,1,2208,-1,24000.0,5040.0,900.0,29940.0
9494,1000011174,20240908,406,2,4,4,22800.0,4788.0,0.0,27588.0
9495,1000011175,20250220,774,1,25,-1,49812.0,10460.52,900.0,61172.52
9496,1000011177,20241026,507,1,579,-1,23940.0,5027.4,1200.0,30167.4
9497,1000011179,20240829,194,1,470,-1,60480.0,12700.8,1500.0,74680.8
9498,1000011180,20250313,700,1,2394,-1,15000.0,3150.0,1200.0,19350.0
9499,1000011182,20250404,760,1,898,-1,42525.0,8930.25,1500.0,52955.25
9500,1000011183,20241011,1398,1,684,-1,21600.0,4536.0,1200.0,27336.0
9501,1000011185,20250122,897,2,4,4,13500.0,2835.0,0.0,16335.0
9502,1000011186,20250815,1326,1,758,-1,34200.0,7182.0,0.0,41382.0
9503,1000011187,20240127,1043,1,71,-1,13500.0,2835.0,1200.0,17535.0
9504,1000011188,20241212,713,2,2,2,44700.0,9387.0,0.0,54087.0
9505,1000011189,20250503,1337,1,166,-1,24000.0,5040.0,0.0,29040.0
9506,1000011190,20240801,1129,2,3,3,35910.0,7541.1,0.0,43451.1
9507,1000011193,20250103,248,2,4,4,34020.0,7144.2,0.0,41164.2
9508,1000011194,20240323,82,1,1790,-1,11400.0,2394.0,900.0,14694.0
9509,1000011195,20250425,110,1,1672,-1,74850.0,15718.5,1500.0,92068.5
9510,1000011197,20240608,1105,1,621,-1,42750.0,8977.5,1500.0,53227.5
9511,1000011198,20241020,829,2,1,1,14850.0,3118.5,0.0,17968.5
9512,1000011199,20250215,1060,1,2263,-1,32400.0,6804.0,1500.0,40704.0
9513,1000011200,20240723,1063,1,2414,-1,46305.0,9724.05,1200.0,57229.05
9514,1000011201,20250207,453,2,4,4,21600.0,4536.0,0.0,26136.0
9515,1000011202,20241204,259,2,4,4,14700.0,3087.0,0.0,17787.0
9516,1000011203,20240909,132,2,2,2,31752.0,6667.92,0.0,38419.92
9517,1000011204,20250422,1141,1,1454,-1,27000.0,5670.0,0.0,32670.0
9518,1000011205,20250214,72,2,4,4,10800.0,2268.0,0.0,13068.0
9519,1000011206,20241010,1195,1,2794,-1,40500.0,8505.0,1500.0,50505.0
9520,1000011207,20250119,1166,2,2,2,13500.0,2835.0,0.0,16335.0
9521,1000011208,20250327,170,2,2,2,23520.0,4939.2,0.0,28459.2
9522,1000011209,20250726,9,1,2571,-1,14175.0,2976.75,1200.0,18351.75
9523,1000011210,20250324,1210,1,1081,-1,91125.0,19136.25,0.0,110261.25
9524,1000011211,20250522,1182,1,1708,-1,39600.0,8316.0,1200.0,49116.0
9525,1000011213,20250627,1315,1,776,-1,21600.0,4536.0,1200.0,27336.0
9526,1000011214,20240912,822,1,93,-1,10260.0,2154.6,1200.0,13614.6
9527,1000011215,20241215,1312,1,667,-1,58800.0,12348.0,900.0,72048.0
9528,1000011216,20250522,473,1,2066,-1,59520.0,12499.2,900.0,72919.2
9529,1000011217,20250316,817,2,2,2,30870.0,6482.7,0.0,37352.7
9530,1000011218,20240206,790,1,1755,-1,24000.0,5040.0,0.0,29040.0
9531,1000011220,20240928,1168,1,2677,-1,71550.0,15025.5,900.0,87475.5
9532,1000011221,20241109,713,1,100,-1,81900.0,17199.0,1200.0,100299.0
9533,1000011222,20250118,265,2,3,3,44887.5,9426.38,0.0,54313.88
9534,1000011223,20240228,1243,1,2517,-1,42750.0,8977.5,900.0,52627.5
9535,1000011224,20250203,1053,1,1652,-1,35910.0,7541.1,900.0,44351.1
9536,1000011225,20250112,1364,1,2401,-1,62700.0,13167.0,1500.0,77367.0
9537,1000011226,20250524,1436,1,2547,-1,65550.0,13765.5,900.0,80215.5
9538,1000011227,20240608,34,2,4,4,45000.0,9450.0,0.0,54450.0
9539,1000011228,20250516,353,2,4,4,95748.0,20107.08,0.0,115855.08
9540,1000011229,20250601,1009,2,3,3,24000.0,5040.0,0.0,29040.0
9541,1000011230,20240621,295,2,3,3,34200.0,7182.0,0.0,41382.0
9542,1000011231,20250727,1354,2,4,4,49410.0,10376.1,0.0,59786.1
9543,1000011233,20250816,1453,2,1,1,9720.0,2041.2,0.0,11761.2
9544,1000011234,20240126,879,1,2469,-1,30870.0,6482.7,1200.0,38552.7
9545,1000011235,20250813,304,2,3,3,38808.0,8149.68,0.0,46957.68
9546,1000011237,20240705,735,2,1,1,89880.0,18874.8,0.0,108754.8
9547,1000011238,20250804,1425,1,2949,-1,12936.0,2716.56,1200.0,16852.56
9548,1000011239,20240821,433,2,2,2,41100.0,8631.0,0.0,49731.0
9549,1000011241,20250612,624,2,4,4,99600.0,20916.0,0.0,120516.0
9550,1000011242,20240113,1309,2,4,4,12600.0,2646.0,0.0,15246.0
9551,1000011244,20250706,1187,2,2,2,13500.0,2835.0,0.0,16335.0
9552,1000011245,20250804,357,1,60,-1,11400.0,2394.0,900.0,14694.0
9553,1000011246,20240603,1131,1,2975,-1,23880.0,5014.8,1200.0,30094.8
9554,1000011247,20240208,478,1,3192,-1,71250.0,14962.5,900.0,87112.5
9555,1000011248,20240229,10,1,2173,-1,64800.0,13608.0,900.0,79308.0
9556,1000011249,20250827,804,1,869,-1,44550.0,9355.5,900.0,54805.5
9557,1000011250,20250304,1074,1,432,-1,15000.0,3150.0,1500.0,19650.0
9558,1000011251,20250320,776,1,2738,-1,74025.0,15545.25,900.0,90470.25
9559,1000011252,20250523,1118,2,2,2,29925.0,6284.25,0.0,36209.25
9560,1000011253,20250525,218,1,1613,-1,74340.0,15611.4,1200.0,91151.4
9561,1000011254,20250921,498,2,3,3,59280.0,12448.8,0.0,71728.8
9562,1000011255,20250713,989,2,4,4,40500.0,8505.0,0.0,49005.0
9563,1000011256,20250417,542,2,2,2,64440.0,13532.4,0.0,77972.4
9564,1000011257,20250629,1024,2,4,4,22800.0,4788.0,0.0,27588.0
9565,1000011258,20250104,1210,2,2,2,11340.0,2381.4,0.0,13721.4
9566,1000011259,20240531,68,1,290,-1,22680.0,4762.8,900.0,28342.8
9567,1000011260,20240220,605,1,1642,-1,35280.0,7408.8,0.0,42688.8
9568,1000011261,20240415,599,2,4,4,45900.0,9639.0,0.0,55539.0
9569,1000011262,20250614,1193,2,3,3,35280.0,7408.8,0.0,42688.8
9570,1000011264,20250304,332,2,2,2,39690.0,8334.9,0.0,48024.9
9571,1000011265,20240807,860,1,2927,-1,59175.0,12426.75,900.0,72501.75
9572,1000011266,20250115,1028,2,3,3,59130.0,12417.3,0.0,71547.3
9573,1000011267,20250311,677,1,521,-1,32400.0,6804.0,1200.0,40404.0
9574,1000011268,20240409,804,2,2,2,14175.0,2976.75,0.0,17151.75
9575,1000011269,20250401,1101,2,1,1,27000.0,5670.0,0.0,32670.0
9576,1000011270,20240621,1085,1,3184,-1,84750.0,17797.5,1200.0,103747.5
9577,1000011271,20250514,625,1,1174,-1,28500.0,5985.0,1200.0,35685.0
9578,1000011272,20241229,88,1,493,-1,36450.0,7654.5,1500.0,45604.5
9579,1000011273,20250905,509,1,2307,-1,15750.0,3307.5,1200.0,20257.5
9580,1000011274,20240911,1065,2,3,3,70380.0,14779.8,0.0,85159.8
9581,1000011275,20240429,1073,2,4,4,27000.0,5670.0,0.0,32670.0
9582,1000011276,20240604,945,2,1,1,40500.0,8505.0,0.0,49005.0
9583,1000011277,20250107,601,2,4,4,15675.0,3291.75,0.0,18966.75
9584,1000011278,20250408,1237,1,193,-1,69300.0,14553.0,1500.0,85353.0
9585,1000011280,20250322,1016,2,4,4,39300.0,8253.0,0.0,47553.0
9586,1000011281,20240310,338,2,1,1,30870.0,6482.7,0.0,37352.7
9587,1000011282,20250604,1011,2,3,3,34020.0,7144.2,0.0,41164.2
9588,1000011283,20250403,440,1,2883,-1,44100.0,9261.0,1200.0,54561.0
9589,1000011284,20250331,176,1,2931,-1,49200.0,10332.0,1500.0,61032.0
9590,1000011286,20250411,986,2,3,3,47250.0,9922.5,0.0,57172.5
9591,1000011288,20240603,1204,1,406,-1,34560.0,7257.6,900.0,42717.6
9592,1000011289,20250111,1388,2,2,2,51600.0,10836.0,0.0,62436.0
9593,1000011290,20240917,778,1,77,-1,21600.0,4536.0,900.0,27036.0
9594,1000011291,20240131,715,2,3,3,23520.0,4939.2,0.0,28459.2
9595,1000011292,20240112,203,2,1,1,13500.0,2835.0,0.0,16335.0
9596,1000011293,20240718,928,2,2,2,15000.0,3150.0,0.0,18150.0
9597,1000011294,20250217,750,1,2583,-1,62280.0,13078.8,900.0,76258.8
9598,1000011295,20241223,253,1,2105,-1,23760.0,4989.6,1200.0,29949.6
9599,1000011296,20240504,441,2,2,2,53865.0,11311.65,0.0,65176.65
9600,1000011297,20240728,1401,1,2339,-1,44100.0,9261.0,900.0,54261.0
9601,1000011299,20250817,56,1,2927,-1,39690.0,8334.9,1500.0,49524.9
9602,1000011301,20250514,385,2,1,1,14250.0,2992.5,0.0,17242.5
9603,1000011304,20240529,744,1,800,-1,30870.0,6482.7,900.0,38252.7
9604,1000011305,20240421,625,1,1414,-1,12000.0,2520.0,900.0,15420.0
9605,1000011306,20250226,1177,1,2392,-1,15000.0,3150.0,0.0,18150.0
9606,1000011307,20250412,590,2,3,3,45000.0,9450.0,0.0,54450.0
9607,1000011308,20240101,1200,1,454,-1,14962.5,3142.12,1500.0,19604.62
9608,1000011309,20240620,554,1,1211,-1,53040.0,11138.4,0.0,64178.4
9609,1000011310,20241123,546,1,1623,-1,30870.0,6482.7,1500.0,38852.7
9610,1000011311,20240811,895,2,3,3,67680.0,14212.8,0.0,81892.8
9611,1000011313,20250910,960,1,2273,-1,56400.0,11844.0,1500.0,69744.0
9612,1000011314,20250708,46,1,685,-1,72090.0,15138.9,900.0,88128.9
9613,1000011315,20250212,519,1,2680,-1,25650.0,5386.5,900.0,31936.5
9614,1000011317,20241115,452,2,3,3,21600.0,4536.0,0.0,26136.0
9615,1000011320,20240202,184,1,1789,-1,30000.0,6300.0,1200.0,37500.0
9616,1000011321,20250124,661,1,709,-1,45000.0,9450.0,900.0,55350.0
9617,1000011322,20250921,296,1,356,-1,87637.5,18403.88,1200.0,107241.38
9618,1000011324,20250403,264,1,316,-1,23760.0,4989.6,1200.0,29949.6
9619,1000011325,20240630,394,2,1,1,23520.0,4939.2,0.0,28459.2
9620,1000011326,20250711,1339,1,3147,-1,96072.0,20175.12,1200.0,117447.12
9621,1000011327,20240306,1351,2,1,1,15000.0,3150.0,0.0,18150.0
9622,1000011328,20240918,288,2,4,4,60900.0,12789.0,0.0,73689.0
9623,1000011329,20250709,438,1,1747,-1,13500.0,2835.0,1200.0,17535.0
9624,1000011330,20240202,890,2,3,3,27000.0,5670.0,0.0,32670.0
9625,1000011331,20240519,1257,1,1146,-1,14175.0,2976.75,0.0,17151.75
9626,1000011332,20250613,1210,2,2,2,30870.0,6482.7,0.0,37352.7
9627,1000011333,20250701,1037,1,437,-1,24936.0,5236.56,900.0,31072.56
9628,1000011334,20240223,90,2,1,1,70305.0,14764.05,0.0,85069.05
9629,1000011335,20250803,214,1,1040,-1,35280.0,7408.8,1200.0,43888.8
9630,1000011336,20240305,866,1,1273,-1,13200.0,2772.0,900.0,16872.0
9631,1000011337,20250102,1215,2,4,4,32400.0,6804.0,0.0,39204.0
9632,1000011338,20240720,181,2,2,2,44550.0,9355.5,0.0,53905.5
9633,1000011340,20240217,1460,1,1095,-1,11760.0,2469.6,900.0,15129.6
9634,1000011341,20240902,176,1,2855,-1,30870.0,6482.7,1500.0,38852.7
9635,1000011342,20241024,299,1,1237,-1,31350.0,6583.5,0.0,37933.5
9636,1000011343,20240215,211,1,349,-1,40500.0,8505.0,0.0,49005.0
9637,1000011344,20250412,1116,2,2,2,38475.0,8079.75,0.0,46554.75
9638,1000011345,20240915,93,1,2572,-1,38700.0,8127.0,0.0,46827.0
9639,1000011346,20250303,9,2,4,4,25380.0,5329.8,0.0,30709.8
9640,1000011347,20250109,423,2,1,1,85500.0,17955.0,0.0,103455.0
9641,1000011348,20250224,686,2,2,2,14250.0,2992.5,0.0,17242.5
9642,1000011349,20240412,732,2,3,3,39600.0,8316.0,0.0,47916.0
9643,1000011350,20241226,882,2,4,4,35280.0,7408.8,0.0,42688.8
9644,1000011351,20240205,412,1,922,-1,33000.0,6930.0,1500.0,41430.0
9645,1000011352,20240424,253,1,467,-1,23520.0,4939.2,1500.0,29959.2
9646,1000011353,20250309,1018,1,1031,-1,46305.0,9724.05,0.0,56029.05
9647,1000011354,20250411,11,1,60,-1,41250.0,8662.5,900.0,50812.5
9648,1000011355,20240923,1385,1,1447,-1,9720.0,2041.2,1200.0,12961.2
9649,1000011357,20250424,576,1,176,-1,73272.0,15387.12,0.0,88659.12
9650,1000011358,20240908,34,2,3,3,32400.0,6804.0,0.0,39204.0
9651,1000011359,20240708,737,1,211,-1,25050.0,5260.5,1500.0,31810.5
9652,1000011360,20250214,637,2,3,3,25872.0,5433.12,0.0,31305.12
9653,1000011361,20240505,1248,2,1,1,27000.0,5670.0,0.0,32670.0
9654,1000011362,20240103,874,1,1134,-1,40500.0,8505.0,1500.0,50505.0
9655,1000011363,20240731,1375,2,1,1,71925.0,15104.25,0.0,87029.25
9656,1000011364,20240312,922,2,4,4,14175.0,2976.75,0.0,17151.75
9657,1000011365,20241120,921,1,1420,-1,80010.0,16802.1,0.0,96812.1
9658,1000011366,20240920,1439,2,1,1,32400.0,6804.0,0.0,39204.0
9659,1000011367,20240604,327,1,2623,-1,32400.0,6804.0,900.0,40104.0
9660,1000011368,20240219,475,2,2,2,23520.0,4939.2,0.0,28459.2
9661,1000011369,20241222,900,1,1139,-1,56400.0,11844.0,900.0,69144.0
9662,1000011370,20241225,1009,2,2,2,27000.0,5670.0,0.0,32670.0
9663,1000011371,20250526,862,2,1,1,25872.0,5433.12,0.0,31305.12
9664,1000011373,20250117,497,2,2,2,30000.0,6300.0,0.0,36300.0
9665,1000011374,20250622,854,1,659,-1,42750.0,8977.5,1500.0,53227.5
9666,1000011375,20240728,1350,1,3131,-1,43092.0,9049.32,900.0,53041.32
9667,1000011376,20240818,400,2,3,3,11760.0,2469.6,0.0,14229.6
9668,1000011377,20241214,528,2,1,1,70560.0,14817.6,0.0,85377.6
9669,1000011379,20250923,1237,2,2,2,44100.0,9261.0,0.0,53361.0
9670,1000011380,20250514,1164,1,665,-1,29925.0,6284.25,1500.0,37709.25
9671,1000011381,20250423,256,1,767,-1,11340.0,2381.4,900.0,14621.4
9672,1000011382,20240729,63,1,624,-1,52308.0,10984.68,900.0,64192.68
9673,1000011383,20241212,2,2,4,4,24000.0,5040.0,0.0,29040.0
9674,1000011389,20240912,1027,1,2414,-1,11970.0,2513.7,1200.0,15683.7
9675,1000011390,20240518,673,2,3,3,44887.5,9426.38,0.0,54313.88
9676,1000011391,20241004,1017,1,100,-1,35850.0,7528.5,900.0,44278.5
9677,1000011392,20240217,1459,1,1185,-1,12348.0,2593.08,1200.0,16141.08
9678,1000011393,20241203,860,1,2875,-1,91200.0,19152.0,1500.0,111852.0
9679,1000011394,20250830,8,2,2,2,85113.0,17873.73,0.0,102986.73
9680,1000011396,20250207,547,2,2,2,10800.0,2268.0,0.0,13068.0
9681,1000011398,20250928,383,2,4,4,35280.0,7408.8,0.0,42688.8
9682,1000011399,20240321,87,1,1738,-1,27000.0,5670.0,900.0,33570.0
9683,1000011400,20240915,972,1,1370,-1,59310.0,12455.1,900.0,72665.1
9684,1000011401,20250122,10,2,1,1,72900.0,15309.0,0.0,88209.0
9685,1000011402,20240730,833,2,2,2,30000.0,6300.0,0.0,36300.0
9686,1000011403,20240516,66,2,3,3,29400.0,6174.0,0.0,35574.0
9687,1000011404,20240219,982,1,279,-1,28500.0,5985.0,0.0,34485.0
9688,1000011405,20250727,876,1,2227,-1,12000.0,2520.0,900.0,15420.0
9689,1000011406,20240820,904,2,3,3,22680.0,4762.8,0.0,27442.8
9690,1000011407,20250806,1010,1,3175,-1,13500.0,2835.0,1200.0,17535.0
9691,1000011408,20250814,755,1,939,-1,56100.0,11781.0,900.0,68781.0
9692,1000011409,20240411,1256,2,4,4,32400.0,6804.0,0.0,39204.0
9693,1000011410,20250805,593,2,3,3,55950.0,11749.5,0.0,67699.5
9694,1000011411,20240808,1457,1,470,-1,32400.0,6804.0,900.0,40104.0
9695,1000011412,20240402,1334,1,7,-1,12600.0,2646.0,1200.0,16446.0
9696,1000011413,20250515,526,1,672,-1,55500.0,11655.0,1200.0,68355.0
9697,1000011414,20250516,317,1,2115,-1,84690.0,17784.9,0.0,102474.9
9698,1000011415,20250320,1190,1,883,-1,23760.0,4989.6,900.0,29649.6
9699,1000011416,20250208,589,1,363,-1,82350.0,17293.5,0.0,99643.5
9700,1000011417,20250407,481,2,3,3,34200.0,7182.0,0.0,41382.0
9701,1000011418,20240218,652,2,4,4,11970.0,2513.7,0.0,14483.7
9702,1000011419,20241007,23,1,1247,-1,20520.0,4309.2,900.0,25729.2
9703,1000011420,20241015,1369,1,2637,-1,26460.0,5556.6,1200.0,33216.6
9704,1000011421,20240523,534,1,397,-1,13500.0,2835.0,1200.0,17535.0
9705,1000011422,20250626,603,1,3054,-1,25200.0,5292.0,900.0,31392.0
9706,1000011423,20240926,1279,1,1168,-1,35280.0,7408.8,1200.0,43888.8
9707,1000011424,20250203,1451,1,3082,-1,11400.0,2394.0,1500.0,15294.0
9708,1000011425,20250530,847,1,210,-1,76500.0,16065.0,1200.0,93765.0
9709,1000011426,20250428,972,1,1446,-1,75150.0,15781.5,0.0,90931.5
9710,1000011427,20241218,349,1,943,-1,10584.0,2222.64,1500.0,14306.64
9711,1000011428,20241203,1254,2,2,2,48258.0,10134.18,0.0,58392.18
9712,1000011429,20241011,893,1,230,-1,56880.0,11944.8,900.0,69724.8
9713,1000011431,20240608,378,2,1,1,14700.0,3087.0,0.0,17787.0
9714,1000011432,20250828,615,1,1298,-1,12348.0,2593.08,900.0,15841.08
9715,1000011433,20240915,346,2,3,3,40500.0,8505.0,0.0,49005.0
9716,1000011434,20250902,807,1,1188,-1,33000.0,6930.0,900.0,40830.0
9717,1000011435,20250821,14,1,644,-1,44250.0,9292.5,1200.0,54742.5
9718,1000011436,20240913,1294,1,1009,-1,58800.0,12348.0,1200.0,72348.0
9719,1000011437,20250910,1462,1,2490,-1,29400.0,6174.0,0.0,35574.0
9720,1000011438,20241209,669,2,3,3,14962.5,3142.12,0.0,18104.62
9721,1000011439,20240910,420,2,2,2,32400.0,6804.0,0.0,39204.0
9722,1000011441,20250410,1235,2,4,4,37044.0,7779.24,0.0,44823.24
9723,1000011442,20240922,1244,1,571,-1,32400.0,6804.0,900.0,40104.0
9724,1000011443,20250722,320,1,2981,-1,85050.0,17860.5,900.0,103810.5
9725,1000011445,20250314,486,1,2286,-1,30000.0,6300.0,0.0,36300.0
9726,1000011446,20240725,789,1,3006,-1,12000.0,2520.0,0.0,14520.0
9727,1000011447,20250526,147,2,4,4,76500.0,16065.0,0.0,92565.0
9728,1000011448,20250813,82,2,4,4,21600.0,4536.0,0.0,26136.0
9729,1000011449,20240329,566,2,4,4,52470.0,11018.7,0.0,63488.7
9730,1000011450,20240105,1471,2,4,4,68670.0,14420.7,0.0,83090.7
9731,1000011452,20250508,792,1,1019,-1,15435.0,3241.35,1200.0,19876.35
9732,1000011453,20240513,1447,1,3127,-1,40500.0,8505.0,900.0,49905.0
9733,1000011454,20240915,1214,2,3,3,11880.0,2494.8,0.0,14374.8
9734,1000011455,20250628,973,2,3,3,22800.0,4788.0,0.0,27588.0
9735,1000011456,20250721,1169,2,1,1,40500.0,8505.0,0.0,49005.0
9736,1000011457,20240308,843,1,213,-1,28350.0,5953.5,900.0,35203.5
9737,1000011458,20250908,1393,1,1849,-1,25872.0,5433.12,1500.0,32805.12
9738,1000011459,20240120,800,2,2,2,52500.0,11025.0,0.0,63525.0
9739,1000011460,20250610,1084,2,4,4,22680.0,4762.8,0.0,27442.8
9740,1000011461,20240924,793,2,2,2,21600.0,4536.0,0.0,26136.0
9741,1000011463,20250618,525,1,2527,-1,26400.0,5544.0,0.0,31944.0
9742,1000011464,20241203,1004,2,3,3,24000.0,5040.0,0.0,29040.0
9743,1000011465,20240430,1138,1,709,-1,23940.0,5027.4,1200.0,30167.4
9744,1000011466,20250504,1420,1,1900,-1,44100.0,9261.0,900.0,54261.0
9745,1000011467,20240803,603,1,2133,-1,28500.0,5985.0,1500.0,35985.0
9746,1000011468,20240909,170,2,4,4,74790.0,15705.9,0.0,90495.9
9747,1000011470,20250913,1128,1,712,-1,60225.0,12647.25,1500.0,74372.25
9748,1000011471,20241013,561,1,3057,-1,15675.0,3291.75,0.0,18966.75
9749,1000011472,20250102,1179,1,1539,-1,46305.0,9724.05,1200.0,57229.05
9750,1000011473,20240930,461,1,2871,-1,14850.0,3118.5,1500.0,19468.5
9751,1000011474,20240208,1276,1,1604,-1,53400.0,11214.0,900.0,65514.0
9752,1000011475,20240820,1306,2,2,2,45000.0,9450.0,0.0,54450.0
9753,1000011476,20240827,94,1,2161,-1,32400.0,6804.0,1200.0,40404.0
9754,1000011477,20240527,331,1,2483,-1,27630.0,5802.3,1500.0,34932.3
9755,1000011478,20240801,667,1,1090,-1,66060.0,13872.6,0.0,79932.6
9756,1000011479,20241109,353,2,4,4,34200.0,7182.0,0.0,41382.0
9757,1000011480,20250917,501,1,1477,-1,14700.0,3087.0,1500.0,19287.0
9758,1000011483,20240601,726,1,1804,-1,47025.0,9875.25,0.0,56900.25
9759,1000011484,20250129,92,1,1946,-1,56250.0,11812.5,1200.0,69262.5
9760,1000011485,20240915,157,2,4,4,23760.0,4989.6,0.0,28749.6
9761,1000011486,20240510,498,2,2,2,45000.0,9450.0,0.0,54450.0
9762,1000011487,20240622,508,1,151,-1,23520.0,4939.2,1200.0,29659.2
9763,1000011488,20240520,254,2,4,4,52380.0,10999.8,0.0,63379.8
9764,1000011489,20240914,659,2,2,2,49455.0,10385.55,0.0,59840.55
9765,1000011490,20240326,947,1,2451,-1,32340.0,6791.4,1200.0,40331.4
9766,1000011491,20250908,430,1,362,-1,40500.0,8505.0,1500.0,50505.0
9767,1000011492,20241030,837,1,1215,-1,63780.0,13393.8,1200.0,78373.8
9768,1000011494,20241118,1033,1,2830,-1,10260.0,2154.6,0.0,12414.6
9769,1000011495,20241213,893,1,100,-1,12000.0,2520.0,0.0,14520.0
9770,1000011496,20250819,863,1,1300,-1,24000.0,5040.0,1200.0,30240.0
9771,1000011498,20240316,230,1,1816,-1,32040.0,6728.4,900.0,39668.4
9772,1000011499,20240116,928,1,542,-1,36168.0,7595.28,1200.0,44963.28
9773,1000011500,20250305,42,1,218,-1,89760.0,18849.6,900.0,109509.6
9774,1000011501,20240528,14,2,1,1,79200.0,16632.0,0.0,95832.0
9775,1000011502,20240902,294,2,3,3,23760.0,4989.6,0.0,28749.6
9776,1000011503,20241224,24,1,1569,-1,34200.0,7182.0,900.0,42282.0
9777,1000011505,20241008,837,1,1786,-1,44100.0,9261.0,1200.0,54561.0
9778,1000011507,20250402,150,1,2840,-1,36450.0,7654.5,1200.0,45304.5
9779,1000011508,20240516,909,1,1262,-1,13500.0,2835.0,1200.0,17535.0
9780,1000011509,20250202,966,1,654,-1,31200.0,6552.0,1200.0,38952.0
9781,1000011510,20240808,199,1,2287,-1,101700.0,21357.0,1500.0,124557.0
9782,1000011511,20250307,177,1,1427,-1,47025.0,9875.25,1200.0,58100.25
9783,1000011512,20240708,82,1,35,-1,20520.0,4309.2,900.0,25729.2
9784,1000011513,20250118,141,2,2,2,31752.0,6667.92,0.0,38419.92
9785,1000011514,20240809,916,1,1013,-1,74280.0,15598.8,0.0,89878.8
9786,1000011515,20250714,1357,2,1,1,30000.0,6300.0,0.0,36300.0
9787,1000011516,20250330,658,1,467,-1,84600.0,17766.0,900.0,103266.0
9788,1000011517,20250118,234,2,1,1,33000.0,6930.0,0.0,39930.0
9789,1000011518,20250223,162,1,569,-1,46305.0,9724.05,900.0,56929.05
9790,1000011519,20250208,647,1,2533,-1,12600.0,2646.0,1200.0,16446.0
9791,1000011520,20240517,284,1,113,-1,43410.0,9116.1,1500.0,54026.1
9792,1000011521,20250605,8,1,815,-1,11400.0,2394.0,1200.0,14994.0
9793,1000011522,20250202,1260,1,2289,-1,35640.0,7484.4,1200.0,44324.4
9794,1000011523,20240602,1435,2,2,2,35880.0,7534.8,0.0,43414.8
9795,1000011524,20250226,131,1,2930,-1,44550.0,9355.5,1200.0,55105.5
9796,1000011525,20240320,10,1,314,-1,45000.0,9450.0,1200.0,55650.0
9797,1000011526,20241025,736,1,2343,-1,23520.0,4939.2,1200.0,29659.2
9798,1000011527,20241021,915,2,3,3,12540.0,2633.4,0.0,15173.4
9799,1000011528,20240722,75,1,1765,-1,14175.0,2976.75,0.0,17151.75
9800,1000011529,20240605,69,2,1,1,28098.0,5900.58,0.0,33998.58
9801,1000011530,20241011,325,2,3,3,66690.0,14004.9,0.0,80694.9
9802,1000011532,20241227,321,1,2243,-1,15750.0,3307.5,1500.0,20557.5
9803,1000011533,20240103,1016,1,1818,-1,31500.0,6615.0,900.0,39015.0
9804,1000011535,20240802,1426,1,2973,-1,36000.0,7560.0,1200.0,44760.0
9805,1000011536,20240516,972,2,2,2,61980.0,13015.8,0.0,74995.8
9806,1000011537,20241024,577,1,619,-1,22800.0,4788.0,900.0,28488.0
9807,1000011538,20240225,311,2,3,3,34200.0,7182.0,0.0,41382.0
9808,1000011539,20250206,619,2,1,1,84900.0,17829.0,0.0,102729.0
9809,1000011540,20241225,301,1,529,-1,14250.0,2992.5,1200.0,18442.5
9810,1000011541,20240809,1178,1,901,-1,27000.0,5670.0,900.0,33570.0
9811,1000011542,20240130,854,2,4,4,81480.0,17110.8,0.0,98590.8
9812,1000011543,20241002,622,2,3,3,36000.0,7560.0,0.0,43560.0
9813,1000011544,20240414,768,1,3140,-1,13500.0,2835.0,1200.0,17535.0
9814,1000011545,20240221,719,1,527,-1,40500.0,8505.0,900.0,49905.0
9815,1000011546,20240320,651,2,4,4,22560.0,4737.6,0.0,27297.6
9816,1000011547,20241121,476,2,1,1,47250.0,9922.5,0.0,57172.5
9817,1000011549,20250725,1250,2,4,4,56880.0,11944.8,0.0,68824.8
9818,1000011551,20250115,580,1,2630,-1,38808.0,8149.68,900.0,47857.68
9819,1000011552,20240912,581,1,2482,-1,24300.0,5103.0,900.0,30303.0
9820,1000011553,20241215,1406,1,1686,-1,72300.0,15183.0,1200.0,88683.0
9821,1000011554,20241227,476,2,1,1,29400.0,6174.0,0.0,35574.0
9822,1000011555,20241118,1476,2,4,4,35760.0,7509.6,0.0,43269.6
9823,1000011556,20240506,53,1,2230,-1,13500.0,2835.0,1200.0,17535.0
9824,1000011557,20250116,86,2,2,2,37500.0,7875.0,0.0,45375.0
9825,1000011559,20250413,1016,1,2244,-1,43500.0,9135.0,1500.0,54135.0
9826,1000011560,20241104,514,1,750,-1,113715.0,23880.15,900.0,138495.15
9827,1000011561,20250415,272,1,3134,-1,55134.0,11578.14,900.0,67612.14
9828,1000011563,20250204,485,1,2431,-1,21600.0,4536.0,1200.0,27336.0
9829,1000011564,20240817,447,2,2,2,45000.0,9450.0,0.0,54450.0
9830,1000011566,20250912,1092,1,2240,-1,32400.0,6804.0,0.0,39204.0
9831,1000011567,20250804,819,1,3062,-1,34200.0,7182.0,0.0,41382.0
9832,1000011568,20241126,1449,2,4,4,61200.0,12852.0,0.0,74052.0
9833,1000011570,20240104,1478,2,2,2,45000.0,9450.0,0.0,54450.0
9834,1000011571,20250623,527,2,4,4,22800.0,4788.0,0.0,27588.0
9835,1000011573,20250319,36,2,2,2,28050.0,5890.5,0.0,33940.5
9836,1000011574,20241107,169,1,233,-1,44100.0,9261.0,0.0,53361.0
9837,1000011575,20250113,915,1,512,-1,11970.0,2513.7,0.0,14483.7
9838,1000011577,20250307,626,2,4,4,14700.0,3087.0,0.0,17787.0
9839,1000011578,20240802,1250,2,2,2,52800.0,11088.0,0.0,63888.0
9840,1000011579,20250712,44,1,1310,-1,36450.0,7654.5,1200.0,45304.5
9841,1000011580,20240807,112,1,2029,-1,32400.0,6804.0,1200.0,40404.0
9842,1000011581,20241220,141,1,517,-1,23520.0,4939.2,1200.0,29659.2
9843,1000011582,20250109,330,2,2,2,16170.0,3395.7,0.0,19565.7
9844,1000011583,20250411,1384,1,2344,-1,46305.0,9724.05,1200.0,57229.05
9845,1000011584,20240913,1086,1,1611,-1,15435.0,3241.35,0.0,18676.35
9846,1000011585,20250521,581,1,1961,-1,13500.0,2835.0,900.0,17235.0
9847,1000011586,20250202,1033,1,1684,-1,32400.0,6804.0,900.0,40104.0
9848,1000011587,20240728,1384,1,2673,-1,104490.0,21942.9,1500.0,127932.9
9849,1000011588,20240507,910,2,4,4,42300.0,8883.0,0.0,51183.0
9850,1000011589,20240622,548,1,2008,-1,35280.0,7408.8,0.0,42688.8
9851,1000011590,20250729,57,2,2,2,11970.0,2513.7,0.0,14483.7
9852,1000011591,20240203,483,1,464,-1,22800.0,4788.0,900.0,28488.0
9853,1000011592,20250701,1267,1,2594,-1,29160.0,6123.6,0.0,35283.6
9854,1000011593,20250723,1214,1,2896,-1,42000.0,8820.0,0.0,50820.0
9855,1000011595,20240407,151,2,2,2,14250.0,2992.5,0.0,17242.5
9856,1000011596,20250204,1110,2,3,3,55512.0,11657.52,0.0,67169.52
9857,1000011598,20240224,1422,1,1714,-1,44688.0,9384.48,0.0,54072.48
9858,1000011599,20250327,959,1,2492,-1,24300.0,5103.0,0.0,29403.0
9859,1000011600,20240122,1184,1,736,-1,34020.0,7144.2,0.0,41164.2
9860,1000011601,20240903,1204,2,4,4,27000.0,5670.0,0.0,32670.0
9861,1000011602,20250701,1296,1,2436,-1,25650.0,5386.5,1500.0,32536.5
9862,1000011603,20250927,160,1,1833,-1,42750.0,8977.5,1500.0,53227.5
9863,1000011605,20240111,366,2,3,3,47250.0,9922.5,0.0,57172.5
9864,1000011606,20250707,707,1,3083,-1,37044.0,7779.24,1200.0,46023.24
9865,1000011607,20250714,326,2,3,3,27000.0,5670.0,0.0,32670.0
9866,1000011608,20240524,976,1,1658,-1,49650.0,10426.5,900.0,60976.5
9867,1000011609,20240130,1276,1,246,-1,23640.0,4964.4,900.0,29504.4
9868,1000011611,20250921,928,2,1,1,23520.0,4939.2,0.0,28459.2
9869,1000011612,20240113,334,1,1297,-1,12348.0,2593.08,900.0,15841.08
9870,1000011613,20250316,1095,1,236,-1,23940.0,5027.4,900.0,29867.4
9871,1000011615,20250209,1141,2,2,2,12000.0,2520.0,0.0,14520.0
9872,1000011617,20240618,148,1,438,-1,56250.0,11812.5,1200.0,69262.5
9873,1000011618,20250912,592,1,2363,-1,12825.0,2693.25,1200.0,16718.25
9874,1000011619,20250705,944,2,3,3,12825.0,2693.25,0.0,15518.25
9875,1000011620,20240502,435,2,1,1,16500.0,3465.0,0.0,19965.0
9876,1000011622,20250811,1121,1,2135,-1,42525.0,8930.25,1200.0,52655.25
9877,1000011623,20240312,536,1,2990,-1,36000.0,7560.0,0.0,43560.0
9878,1000011624,20240111,770,1,2796,-1,46305.0,9724.05,1200.0,57229.05
9879,1000011625,20241002,325,2,1,1,46710.0,9809.1,0.0,56519.1
9880,1000011626,20240921,1496,1,2081,-1,11760.0,2469.6,1200.0,15429.6
9881,1000011627,20241020,1127,1,270,-1,58350.0,12253.5,1500.0,72103.5
9882,1000011628,20240303,356,1,470,-1,32400.0,6804.0,1500.0,40704.0
9883,1000011629,20250712,1429,2,3,3,15000.0,3150.0,0.0,18150.0
9884,1000011630,20240618,158,1,1453,-1,21168.0,4445.28,1200.0,26813.28
9885,1000011631,20250616,984,1,1234,-1,44550.0,9355.5,900.0,54805.5
9886,1000011632,20250115,330,2,2,2,22800.0,4788.0,0.0,27588.0
9887,1000011633,20250222,67,2,1,1,13500.0,2835.0,0.0,16335.0
9888,1000011634,20241009,808,1,3019,-1,12000.0,2520.0,1200.0,15720.0
9889,1000011637,20240105,1234,1,1427,-1,39840.0,8366.4,900.0,49106.4
9890,1000011638,20241003,1161,1,1097,-1,12000.0,2520.0,0.0,14520.0
9891,1000011641,20240314,1470,2,4,4,13500.0,2835.0,0.0,16335.0
9892,1000011642,20250922,848,1,469,-1,35280.0,7408.8,1200.0,43888.8
9893,1000011644,20241015,980,2,4,4,22800.0,4788.0,0.0,27588.0
9894,1000011645,20250226,1032,1,1468,-1,35850.0,7528.5,900.0,44278.5
9895,1000011646,20240609,160,2,3,3,27000.0,5670.0,0.0,32670.0
9896,1000011647,20241207,327,1,2542,-1,44100.0,9261.0,1200.0,54561.0
9897,1000011648,20240215,1002,1,1251,-1,24696.0,5186.16,0.0,29882.16
9898,1000011649,20250709,1198,1,26,-1,12348.0,2593.08,1200.0,16141.08
9899,1000011650,20250426,221,1,1339,-1,53700.0,11277.0,1200.0,66177.0
9900,1000011651,20240915,1373,1,1071,-1,30000.0,6300.0,1500.0,37800.0
9901,1000011653,20240127,237,1,2372,-1,42240.0,8870.4,1200.0,52310.4
9902,1000011654,20240215,744,2,4,4,32400.0,6804.0,0.0,39204.0
9903,1000011655,20250724,311,1,2144,-1,30000.0,6300.0,1200.0,37500.0
9904,1000011656,20250611,214,1,2916,-1,48600.0,10206.0,0.0,58806.0
9905,1000011657,20240414,137,1,291,-1,11760.0,2469.6,1200.0,15429.6
9906,1000011658,20240103,437,1,1886,-1,80670.0,16940.7,1500.0,99110.7
9907,1000011659,20240619,362,2,4,4,11880.0,2494.8,0.0,14374.8
9908,1000011660,20240812,604,1,744,-1,36000.0,7560.0,900.0,44460.0
9909,1000011661,20240715,1165,1,1500,-1,14700.0,3087.0,900.0,18687.0
9910,1000011662,20240622,856,2,2,2,11760.0,2469.6,0.0,14229.6
9911,1000011663,20250324,256,2,4,4,34200.0,7182.0,0.0,41382.0
9912,1000011664,20240417,493,1,2937,-1,23520.0,4939.2,1200.0,29659.2
9913,1000011665,20240805,121,2,3,3,49500.0,10395.0,0.0,59895.0
9914,1000011666,20240820,86,1,2918,-1,23520.0,4939.2,900.0,29359.2
9915,1000011667,20250413,236,1,1220,-1,28500.0,5985.0,1200.0,35685.0
9916,1000011669,20241010,1397,1,2037,-1,30000.0,6300.0,900.0,37200.0
9917,1000011670,20240123,7,1,1017,-1,29925.0,6284.25,1500.0,37709.25
9918,1000011671,20240601,1258,2,1,1,85500.0,17955.0,0.0,103455.0
9919,1000011672,20240603,1430,2,3,3,40500.0,8505.0,0.0,49005.0
9920,1000011673,20241128,970,1,1199,-1,15000.0,3150.0,1200.0,19350.0
9921,1000011674,20250722,134,2,3,3,42000.0,8820.0,0.0,50820.0
9922,1000011675,20250507,1245,2,4,4,22680.0,4762.8,0.0,27442.8
9923,1000011676,20250730,646,2,2,2,36000.0,7560.0,0.0,43560.0
9924,1000011677,20241220,1285,2,1,1,29400.0,6174.0,0.0,35574.0
9925,1000011678,20240205,1124,1,429,-1,35280.0,7408.8,1500.0,44188.8
9926,1000011679,20240606,854,1,3186,-1,31752.0,6667.92,900.0,39319.92
9927,1000011680,20250410,223,2,3,3,44250.0,9292.5,0.0,53542.5
9928,1000011681,20240420,460,1,2449,-1,29400.0,6174.0,900.0,36474.0
9929,1000011682,20250613,1122,2,2,2,45000.0,9450.0,0.0,54450.0
9930,1000011683,20250827,1201,2,3,3,36000.0,7560.0,0.0,43560.0
9931,1000011684,20250426,1425,1,2578,-1,30870.0,6482.7,900.0,38252.7
9932,1000011685,20240104,1129,2,3,3,11880.0,2494.8,0.0,14374.8
9933,1000011686,20250910,889,1,2047,-1,29400.0,6174.0,1500.0,37074.0
9934,1000011687,20240209,1400,1,318,-1,12000.0,2520.0,900.0,15420.0
9935,1000011688,20240701,719,1,2765,-1,24300.0,5103.0,900.0,30303.0
9936,1000011689,20240116,598,2,4,4,23520.0,4939.2,0.0,28459.2
9937,1000011690,20241104,575,1,2517,-1,15000.0,3150.0,900.0,19050.0
9938,1000011691,20250901,1429,2,4,4,37800.0,7938.0,0.0,45738.0
9939,1000011694,20250822,800,1,184,-1,43110.0,9053.1,1200.0,53363.1
9940,1000011695,20250610,61,1,1524,-1,12000.0,2520.0,1200.0,15720.0
9941,1000011696,20240615,428,1,3126,-1,34200.0,7182.0,1200.0,42582.0
9942,1000011697,20240609,921,1,1083,-1,30000.0,6300.0,1200.0,37500.0
9943,1000011698,20241015,1244,1,1118,-1,30000.0,6300.0,1500.0,37800.0
9944,1000011699,20250211,1434,1,1390,-1,60252.0,12652.92,1200.0,74104.92
9945,1000011700,20240808,1327,1,2359,-1,15675.0,3291.75,1200.0,20166.75
9946,1000011701,20240901,912,1,1891,-1,21600.0,4536.0,1500.0,27636.0
9947,1000011702,20241007,723,1,878,-1,21600.0,4536.0,1500.0,27636.0
9948,1000011703,20240520,1435,2,2,2,48450.0,10174.5,0.0,58624.5
9949,1000011704,20240910,691,2,1,1,11760.0,2469.6,0.0,14229.6
9950,1000011705,20240326,369,2,3,3,14250.0,2992.5,0.0,17242.5
9951,1000011706,20241110,1028,1,1640,-1,13500.0,2835.0,900.0,17235.0
9952,1000011707,20240122,1001,1,2034,-1,41160.0,8643.6,900.0,50703.6
9953,1000011708,20240815,1040,2,2,2,20520.0,4309.2,0.0,24829.2
9954,1000011709,20240921,1067,1,1280,-1,23520.0,4939.2,900.0,29359.2
9955,1000011710,20240411,311,1,1391,-1,30000.0,6300.0,1500.0,37800.0
9956,1000011711,20250211,627,1,1910,-1,21600.0,4536.0,900.0,27036.0
9957,1000011712,20250724,639,2,4,4,30000.0,6300.0,0.0,36300.0
9958,1000011714,20240623,1252,1,314,-1,45225.0,9497.25,0.0,54722.25
9959,1000011715,20250207,314,2,3,3,16500.0,3465.0,0.0,19965.0
9960,1000011716,20240415,1180,1,2088,-1,44160.0,9273.6,1200.0,54633.6
9961,1000011718,20250106,1310,2,4,4,11760.0,2469.6,0.0,14229.6
9962,1000011719,20250830,367,1,2458,-1,60780.0,12763.8,900.0,74443.8
9963,1000011720,20250414,1252,1,1709,-1,23520.0,4939.2,900.0,29359.2
9964,1000011721,20240210,607,1,154,-1,45000.0,9450.0,1500.0,55950.0
9965,1000011723,20240204,842,2,2,2,15000.0,3150.0,0.0,18150.0
9966,1000011724,20250525,1461,1,1621,-1,39658.5,8328.28,1200.0,49186.78
9967,1000011725,20240303,208,1,522,-1,32400.0,6804.0,1200.0,40404.0
9968,1000011726,20240611,1268,2,3,3,11400.0,2394.0,0.0,13794.0
9969,1000011727,20240507,234,2,3,3,48510.0,10187.1,0.0,58697.1
9970,1000011728,20240817,427,1,918,-1,26460.0,5556.6,1500.0,33516.6
9971,1000011729,20241209,964,1,600,-1,23520.0,4939.2,1200.0,29659.2
9972,1000011730,20240929,802,1,3119,-1,57210.0,12014.1,1500.0,70724.1
9973,1000011732,20241208,204,2,3,3,21600.0,4536.0,0.0,26136.0
9974,1000011733,20241219,524,1,2393,-1,13500.0,2835.0,1200.0,17535.0
9975,1000011734,20250222,31,1,2249,-1,14250.0,2992.5,0.0,17242.5
9976,1000011735,20240927,834,2,1,1,29400.0,6174.0,0.0,35574.0
9977,1000011737,20241109,439,2,4,4,13500.0,2835.0,0.0,16335.0
9978,1000011738,20240628,1279,2,1,1,42750.0,8977.5,0.0,51727.5
9979,1000011739,20240918,1268,1,1263,-1,12540.0,2633.4,1500.0,16673.4
9980,1000011740,20240316,775,1,1835,-1,11340.0,2381.4,1500.0,15221.4
9981,1000011741,20240523,172,2,4,4,10800.0,2268.0,0.0,13068.0
9982,1000011742,20250312,834,2,2,2,12000.0,2520.0,0.0,14520.0
9983,1000011743,20240721,1094,2,4,4,66600.0,13986.0,0.0,80586.0
9984,1000011744,20250126,1091,1,906,-1,41850.0,8788.5,1200.0,51838.5
9985,1000011745,20240331,1086,2,4,4,47040.0,9878.4,0.0,56918.4
9986,1000011746,20240307,1352,1,720,-1,14250.0,2992.5,1200.0,18442.5
9987,1000011747,20240618,554,1,1502,-1,32400.0,6804.0,900.0,40104.0
9988,1000011748,20240724,1424,1,2426,-1,13230.0,2778.3,900.0,16908.3
9989,1000011749,20240516,304,1,2337,-1,15750.0,3307.5,1200.0,20257.5
9990,1000011750,20241212,1071,1,691,-1,32400.0,6804.0,900.0,40104.0
9991,1000011754,20250811,540,1,1575,-1,57900.0,12159.0,1500.0,71559.0
9992,1000011755,20241004,654,1,3197,-1,14250.0,2992.5,1500.0,18742.5
9993,1000011756,20241123,774,2,4,4,12000.0,2520.0,0.0,14520.0
9994,1000011757,20240314,302,1,2654,-1,21600.0,4536.0,1200.0,27336.0
9995,1000011758,20250720,1071,1,84,-1,40200.0,8442.0,900.0,49542.0
9996,1000011759,20240801,6,1,980,-1,40500.0,8505.0,1200.0,50205.0
9997,1000011760,20240728,1443,1,2499,-1,44400.0,9324.0,1200.0,54924.0
9998,1000011761,20240820,49,2,1,1,44550.0,9355.5,0.0,53905.5
9999,1000011762,20241013,1039,1,263,-1,40500.0,8505.0,900.0,49905.0
10000,1000011763,20240412,1090,1,870,-1,31752.0,6667.92,1200.0,39619.92
10001,1000011764,20250328,353,1,1154,-1,29925.0,6284.25,1500.0,37709.25
10002,1000011765,20240607,1295,2,2,2,21600.0,4536.0,0.0,26136.0
10003,1000011766,20250717,239,2,1,1,34200.0,7182.0,0.0,41382.0
10004,1000011767,20241111,269,2,1,1,68520.0,14389.2,0.0,82909.2
10005,1000011768,20240912,872,1,1508,-1,11400.0,2394.0,1200.0,14994.0
10006,1000011770,20241209,127,2,1,1,40500.0,8505.0,0.0,49005.0
10007,1000011771,20240611,1315,2,2,2,21600.0,4536.0,0.0,26136.0
10008,1000011773,20250503,838,1,730,-1,23970.0,5033.7,900.0,29903.7
10009,1000011774,20250130,92,2,1,1,22608.0,4747.68,0.0,27355.68
10010,1000011775,20240929,556,2,2,2,11760.0,2469.6,0.0,14229.6
10011,1000011776,20240907,1316,1,1721,-1,47025.0,9875.25,1200.0,58100.25
10012,1000011777,20240425,524,1,561,-1,11970.0,2513.7,900.0,15383.7
10013,1000011779,20241124,419,1,2482,-1,40500.0,8505.0,900.0,49905.0
10014,1000011780,20240103,1323,1,1511,-1,26400.0,5544.0,1200.0,33144.0
10015,1000011781,20240926,274,1,1691,-1,35280.0,7408.8,900.0,43588.8
10016,1000011782,20240104,124,1,1416,-1,13500.0,2835.0,900.0,17235.0
10017,1000011783,20240109,918,1,2049,-1,22800.0,4788.0,900.0,28488.0
10018,1000011784,20250511,638,1,1314,-1,14250.0,2992.5,900.0,18142.5
10019,1000011785,20250209,896,1,2728,-1,11760.0,2469.6,900.0,15129.6
10020,1000011786,20240902,1035,1,627,-1,34020.0,7144.2,0.0,41164.2
10021,1000011787,20250914,99,2,1,1,45000.0,9450.0,0.0,54450.0
10022,1000011788,20241012,227,2,3,3,52470.0,11018.7,0.0,63488.7
10023,1000011789,20240601,4,1,2835,-1,46800.0,9828.0,900.0,57528.0
10024,1000011790,20250716,405,1,1909,-1,30000.0,6300.0,1200.0,37500.0
10025,1000011791,20250506,661,1,1778,-1,11760.0,2469.6,0.0,14229.6
10026,1000011792,20250315,144,1,1558,-1,29400.0,6174.0,0.0,35574.0
10027,1000011793,20250808,1053,2,1,1,12600.0,2646.0,0.0,15246.0
10028,1000011794,20241010,415,2,3,3,74242.5,15590.92,0.0,89833.42
10029,1000011795,20250106,960,2,1,1,27000.0,5670.0,0.0,32670.0
10030,1000011796,20240301,67,2,4,4,44100.0,9261.0,0.0,53361.0
10031,1000011797,20240504,267,1,2249,-1,70776.0,14862.96,900.0,86538.96
10032,1000011798,20240125,666,2,1,1,38808.0,8149.68,0.0,46957.68
10033,1000011799,20241221,360,2,4,4,40380.0,8479.8,0.0,48859.8
10034,1000011800,20250605,393,2,3,3,32400.0,6804.0,0.0,39204.0
10035,1000011801,20250704,786,1,1384,-1,14250.0,2992.5,900.0,18142.5
10036,1000011802,20240426,22,2,4,4,28500.0,5985.0,0.0,34485.0
10037,1000011803,20250523,1297,2,1,1,11400.0,2394.0,0.0,13794.0
10038,1000011804,20240117,29,1,971,-1,23760.0,4989.6,1200.0,29949.6
10039,1000011805,20240415,1112,2,1,1,12000.0,2520.0,0.0,14520.0
10040,1000011806,20240617,990,2,2,2,11400.0,2394.0,0.0,13794.0
10041,1000011807,20240620,42,1,1827,-1,15675.0,3291.75,900.0,19866.75
10042,1000011808,20250529,1413,1,2895,-1,99720.0,20941.2,1200.0,121861.2
10043,1000011809,20240903,1186,1,1385,-1,11970.0,2513.7,1200.0,15683.7
10044,1000011810,20250911,1396,1,1030,-1,34200.0,7182.0,1200.0,42582.0
10045,1000011813,20250930,176,2,1,1,12150.0,2551.5,0.0,14701.5
10046,1000011814,20240821,543,2,4,4,36000.0,7560.0,0.0,43560.0
10047,1000011815,20240110,1156,1,1870,-1,21600.0,4536.0,900.0,27036.0
10048,1000011816,20240314,708,2,4,4,21600.0,4536.0,0.0,26136.0
10049,1000011817,20241122,757,1,642,-1,30000.0,6300.0,1500.0,37800.0
10050,1000011818,20250506,136,1,376,-1,10800.0,2268.0,1200.0,14268.0
10051,1000011819,20240331,287,1,2737,-1,34104.0,7161.84,900.0,42165.84
10052,1000011821,20241015,973,1,147,-1,34200.0,7182.0,0.0,41382.0
10053,1000011822,20240912,768,1,2541,-1,27900.0,5859.0,900.0,34659.0
10054,1000011823,20250216,539,1,1312,-1,57540.0,12083.4,900.0,70523.4
10055,1000011824,20240620,627,2,2,2,12000.0,2520.0,0.0,14520.0
10056,1000011826,20250629,1130,2,4,4,21600.0,4536.0,0.0,26136.0
10057,1000011828,20240310,666,1,1731,-1,81243.0,17061.03,0.0,98304.03
10058,1000011829,20240705,820,1,1121,-1,60390.0,12681.9,1200.0,74271.9
10059,1000011830,20250609,932,1,2092,-1,29400.0,6174.0,900.0,36474.0
10060,1000011831,20250804,753,1,1777,-1,21600.0,4536.0,1500.0,27636.0
10061,1000011832,20240905,459,1,2881,-1,64008.0,13441.68,1200.0,78649.68
10062,1000011833,20241118,1467,1,101,-1,74700.0,15687.0,1200.0,91587.0
10063,1000011834,20240415,1096,2,2,2,37800.0,7938.0,0.0,45738.0
10064,1000011836,20240227,113,1,1880,-1,27000.0,5670.0,1200.0,33870.0
10065,1000011837,20250609,3,2,2,2,20520.0,4309.2,0.0,24829.2
10066,1000011838,20250202,850,2,4,4,22680.0,4762.8,0.0,27442.8
10067,1000011839,20241202,1304,2,1,1,32400.0,6804.0,0.0,39204.0
10068,1000011840,20250809,220,2,2,2,25872.0,5433.12,0.0,31305.12
10069,1000011842,20250812,227,1,1036,-1,40800.0,8568.0,900.0,50268.0
10070,1000011843,20250415,837,1,2058,-1,12000.0,2520.0,1200.0,15720.0
10071,1000011844,20240326,994,1,3073,-1,27150.0,5701.5,1200.0,34051.5
10072,1000011845,20241211,934,2,4,4,14700.0,3087.0,0.0,17787.0
10073,1000011846,20250311,587,1,2811,-1,12150.0,2551.5,0.0,14701.5
10074,1000011847,20250903,954,2,3,3,45000.0,9450.0,0.0,54450.0
10075,1000011848,20240828,1169,1,686,-1,42750.0,8977.5,1500.0,53227.5
10076,1000011849,20240305,303,1,1889,-1,42750.0,8977.5,900.0,52627.5
10077,1000011850,20241109,783,1,2717,-1,13500.0,2835.0,1200.0,17535.0
10078,1000011851,20240208,949,1,1851,-1,42750.0,8977.5,900.0,52627.5
10079,1000011852,20250802,1377,1,1645,-1,45000.0,9450.0,900.0,55350.0
10080,1000011853,20241221,871,1,372,-1,12936.0,2716.56,1200.0,16852.56
10081,1000011854,20240601,628,2,4,4,13500.0,2835.0,0.0,16335.0
10082,1000011855,20240302,352,2,1,1,29160.0,6123.6,0.0,35283.6
10083,1000011856,20240708,357,2,3,3,21600.0,4536.0,0.0,26136.0
10084,1000011857,20250127,185,1,1366,-1,14700.0,3087.0,1200.0,18987.0
10085,1000011858,20240626,51,2,2,2,10800.0,2268.0,0.0,13068.0
10086,1000011859,20240326,848,1,1513,-1,25650.0,5386.5,900.0,31936.5
10087,1000011860,20240402,875,2,1,1,19440.0,4082.4,0.0,23522.4
10088,1000011861,20240706,247,2,3,3,14700.0,3087.0,0.0,17787.0
10089,1000011862,20250108,813,1,1775,-1,28500.0,5985.0,1200.0,35685.0
10090,1000011863,20250308,1484,1,1434,-1,52290.0,10980.9,1200.0,64470.9
10091,1000011864,20240118,383,1,2707,-1,47250.0,9922.5,1500.0,58672.5
10092,1000011865,20241130,630,1,305,-1,32400.0,6804.0,900.0,40104.0
10093,1000011867,20250217,3,2,4,4,21600.0,4536.0,0.0,26136.0
10094,1000011868,20250526,441,1,1305,-1,13500.0,2835.0,0.0,16335.0
10095,1000011869,20240105,1091,1,1403,-1,23160.0,4863.6,900.0,28923.6
10096,1000011870,20250830,412,2,2,2,40500.0,8505.0,0.0,49005.0
10097,1000011871,20250904,574,1,1436,-1,42750.0,8977.5,900.0,52627.5
10098,1000011872,20250527,243,1,2683,-1,15750.0,3307.5,1500.0,20557.5
10099,1000011873,20250829,95,2,1,1,12000.0,2520.0,0.0,14520.0
10100,1000011874,20250324,545,1,2273,-1,40500.0,8505.0,900.0,49905.0
10101,1000011875,20250502,940,2,2,2,28500.0,5985.0,0.0,34485.0
10102,1000011876,20241216,1318,2,3,3,76725.0,16112.25,0.0,92837.25
10103,1000011877,20240419,922,1,1623,-1,27112.5,5693.62,900.0,33706.12
10104,1000011878,20241209,649,2,1,1,28500.0,5985.0,0.0,34485.0
10105,1000011879,20250907,283,1,2451,-1,19440.0,4082.4,1200.0,24722.4
10106,1000011880,20250521,878,1,3001,-1,29400.0,6174.0,1200.0,36774.0
10107,1000011881,20240523,109,2,2,2,29400.0,6174.0,0.0,35574.0
10108,1000011882,20240219,1490,1,1502,-1,29400.0,6174.0,900.0,36474.0
10109,1000011883,20250314,673,2,1,1,27000.0,5670.0,0.0,32670.0
10110,1000011884,20240505,570,2,1,1,71160.0,14943.6,0.0,86103.6
10111,1000011885,20250212,366,1,1228,-1,42750.0,8977.5,1500.0,53227.5
10112,1000011886,20240710,530,2,2,2,40500.0,8505.0,0.0,49005.0
10113,1000011887,20240705,1336,1,2602,-1,34200.0,7182.0,900.0,42282.0
10114,1000011888,20250114,19,1,2877,-1,44100.0,9261.0,900.0,54261.0
10115,1000011889,20250908,152,1,1014,-1,11760.0,2469.6,1200.0,15429.6
10116,1000011890,20250528,358,1,2772,-1,11760.0,2469.6,900.0,15129.6
10117,1000011891,20250826,1133,2,4,4,49500.0,10395.0,0.0,59895.0
10118,1000011892,20250228,1079,1,2836,-1,10800.0,2268.0,1500.0,14568.0
10119,1000011893,20240331,779,1,113,-1,26400.0,5544.0,0.0,31944.0
10120,1000011894,20250731,840,1,2307,-1,35910.0,7541.1,900.0,44351.1
10121,1000011895,20250309,971,2,4,4,35280.0,7408.8,0.0,42688.8
10122,1000011896,20240604,137,1,1159,-1,42750.0,8977.5,1500.0,53227.5
10123,1000011897,20241105,1031,2,3,3,57285.0,12029.85,0.0,69314.85
10124,1000011900,20241227,714,1,911,-1,50736.0,10654.56,1200.0,62590.56
10125,1000011901,20240810,682,2,1,1,15750.0,3307.5,0.0,19057.5
10126,1000011902,20250503,478,2,1,1,34200.0,7182.0,0.0,41382.0
10127,1000011903,20240107,808,1,699,-1,72450.0,15214.5,900.0,88564.5
10128,1000011904,20240306,779,1,3104,-1,14250.0,2992.5,0.0,17242.5
10129,1000011905,20240730,217,1,913,-1,23520.0,4939.2,900.0,29359.2
10130,1000011906,20250804,629,1,1681,-1,47880.0,10054.8,900.0,58834.8
10131,1000011907,20250411,999,1,2450,-1,12150.0,2551.5,900.0,15601.5
10132,1000011908,20241024,660,1,969,-1,29400.0,6174.0,1200.0,36774.0
10133,1000011909,20241201,1468,1,3028,-1,76140.0,15989.4,1200.0,93329.4
10134,1000011910,20250722,1118,2,4,4,75150.0,15781.5,0.0,90931.5
10135,1000011911,20250214,652,1,1494,-1,16170.0,3395.7,0.0,19565.7
10136,1000011912,20250525,970,1,284,-1,21600.0,4536.0,1200.0,27336.0
10137,1000011913,20250325,810,1,2489,-1,74520.0,15649.2,1200.0,91369.2
10138,1000011914,20250112,663,1,664,-1,45000.0,9450.0,1200.0,55650.0
10139,1000011915,20240411,150,1,2802,-1,11340.0,2381.4,0.0,13721.4
10140,1000011916,20240518,1347,1,2898,-1,23970.0,5033.7,900.0,29903.7
10141,1000011917,20250831,643,1,1722,-1,11760.0,2469.6,900.0,15129.6
10142,1000011918,20240908,645,1,2610,-1,34800.0,7308.0,900.0,43008.0
10143,1000011920,20240928,1412,2,1,1,52479.0,11020.59,0.0,63499.59
10144,1000011921,20240728,1305,1,2193,-1,13500.0,2835.0,1200.0,17535.0
10145,1000011922,20250420,413,2,2,2,45000.0,9450.0,0.0,54450.0
10146,1000011923,20250109,473,1,2113,-1,35280.0,7408.8,1500.0,44188.8
10147,1000011924,20240305,333,1,220,-1,32400.0,6804.0,1200.0,40404.0
10148,1000011925,20250305,868,1,263,-1,29400.0,6174.0,900.0,36474.0
10149,1000011926,20240322,298,1,698,-1,47040.0,9878.4,900.0,57818.4
10150,1000011927,20240220,13,2,1,1,34320.0,7207.2,0.0,41527.2
10151,1000011928,20241216,362,1,2864,-1,61350.0,12883.5,900.0,75133.5
10152,1000011929,20240515,993,1,3147,-1,15435.0,3241.35,0.0,18676.35
10153,1000011930,20240323,442,2,4,4,14962.5,3142.12,0.0,18104.62
10154,1000011933,20240427,263,1,2448,-1,25260.0,5304.6,1200.0,31764.6
10155,1000011934,20250717,614,2,4,4,39900.0,8379.0,0.0,48279.0
10156,1000011935,20240523,732,2,3,3,12600.0,2646.0,0.0,15246.0
10157,1000011936,20241007,1125,1,995,-1,60270.0,12656.7,1200.0,74126.7
10158,1000011937,20240508,444,1,343,-1,24300.0,5103.0,900.0,30303.0
10159,1000011938,20240518,949,2,1,1,29400.0,6174.0,0.0,35574.0
10160,1000011939,20250617,1305,1,3169,-1,36450.0,7654.5,900.0,45004.5
10161,1000011941,20250807,518,1,1815,-1,13500.0,2835.0,1500.0,17835.0
10162,1000011942,20240708,476,1,1156,-1,31350.0,6583.5,1500.0,39433.5
10163,1000011943,20241118,1344,2,2,2,9720.0,2041.2,0.0,11761.2
10164,1000011944,20250511,248,1,1314,-1,55272.0,11607.12,1200.0,68079.12
10165,1000011945,20250319,1433,2,4,4,27000.0,5670.0,0.0,32670.0
10166,1000011947,20240827,355,2,3,3,57300.0,12033.0,0.0,69333.0
10167,1000011948,20240113,1465,2,1,1,47700.0,10017.0,0.0,57717.0
10168,1000011949,20250808,91,2,4,4,60000.0,12600.0,0.0,72600.0
10169,1000011950,20241112,10,2,2,2,53820.0,11302.2,0.0,65122.2
10170,1000011951,20241015,368,1,671,-1,15000.0,3150.0,1200.0,19350.0
10171,1000011952,20250722,599,1,599,-1,40500.0,8505.0,0.0,49005.0
10172,1000011953,20250731,308,2,3,3,34200.0,7182.0,0.0,41382.0
10173,1000011954,20240303,848,1,3160,-1,30780.0,6463.8,1200.0,38443.8
10174,1000011956,20250212,272,1,560,-1,57900.0,12159.0,900.0,70959.0
10175,1000011957,20240810,123,2,4,4,10584.0,2222.64,0.0,12806.64
10176,1000011958,20250209,580,1,512,-1,90510.0,19007.1,1500.0,111017.1
10177,1000011959,20250129,222,2,2,2,32400.0,6804.0,0.0,39204.0
10178,1000011961,20250728,1477,2,2,2,12540.0,2633.4,0.0,15173.4
10179,1000011962,20240529,27,1,1809,-1,30000.0,6300.0,1200.0,37500.0
10180,1000011963,20240102,607,2,1,1,47280.0,9928.8,0.0,57208.8
10181,1000011964,20250514,994,2,1,1,37620.0,7900.2,0.0,45520.2
10182,1000011965,20250104,1272,1,1103,-1,21600.0,4536.0,900.0,27036.0
10183,1000011966,20250226,371,2,2,2,37044.0,7779.24,0.0,44823.24
10184,1000011967,20241022,690,1,1337,-1,11760.0,2469.6,1200.0,15429.6
10185,1000011968,20250514,256,1,808,-1,27000.0,5670.0,900.0,33570.0
10186,1000011969,20250519,1110,1,835,-1,28500.0,5985.0,1200.0,35685.0
10187,1000011970,20250918,951,1,2353,-1,37800.0,7938.0,1200.0,46938.0
10188,1000011971,20250713,631,1,45,-1,10800.0,2268.0,900.0,13968.0
10189,1000011972,20250722,1217,2,1,1,78750.0,16537.5,0.0,95287.5
10190,1000011974,20250425,1230,1,1912,-1,25200.0,5292.0,1200.0,31692.0
10191,1000011976,20250330,397,2,3,3,15675.0,3291.75,0.0,18966.75
10192,1000011977,20250114,626,1,2383,-1,55500.0,11655.0,1500.0,68655.0
10193,1000011979,20240104,741,2,1,1,35400.0,7434.0,0.0,42834.0
10194,1000011980,20240923,972,1,2138,-1,43500.0,9135.0,0.0,52635.0
10195,1000011982,20240219,760,1,1205,-1,43650.0,9166.5,1200.0,54016.5
10196,1000011983,20240423,35,1,253,-1,38520.0,8089.2,900.0,47509.2
10197,1000011984,20240529,1308,2,1,1,30780.0,6463.8,0.0,37243.8
10198,1000011985,20240905,1174,1,2565,-1,92520.0,19429.2,1200.0,113149.2
10199,1000011986,20250320,1269,2,4,4,54510.0,11447.1,0.0,65957.1
10200,1000011987,20240719,1147,2,4,4,28500.0,5985.0,0.0,34485.0
10201,1000011990,20240313,1270,1,1816,-1,29160.0,6123.6,1200.0,36483.6
10202,1000011991,20250131,1055,2,4,4,13500.0,2835.0,0.0,16335.0
10203,1000011992,20250222,1288,1,2560,-1,39600.0,8316.0,1200.0,49116.0
10204,1000011993,20240927,765,1,475,-1,49530.0,10401.3,900.0,60831.3
10205,1000011994,20240721,1392,2,1,1,15000.0,3150.0,0.0,18150.0
10206,1000011995,20250611,1341,2,4,4,27000.0,5670.0,0.0,32670.0
10207,1000011996,20240903,425,1,3169,-1,21168.0,4445.28,0.0,25613.28
10208,1000011998,20250720,75,2,3,3,14250.0,2992.5,0.0,17242.5
10209,1000011999,20250820,1423,1,1140,-1,55476.0,11649.96,1200.0,68325.96
